{	"header" : {		"description" : "소상공인시장진흥공단 상권정보 업종중분류 코드"		,"columns" : ["상권업종대분류코드","상권업종대분류코드명","상권업종중분류코드","상권업종중분류코드명","데이터기준일자"]		,"resultCode" : "00"		,"resultMsg" : "NORMAL SERVICE"	},	"body" : {			"items" : [				{				"indsLclsCd" : "A"				,"indsLclsNm" : "1차산업"				,"indsMclsCd" : "A09"				,"indsMclsNm" : "광업"				,"stdrDt" : "2015-12-17"				}				,{				"indsLclsCd" : "A"				,"indsLclsNm" : "1차산업"				,"indsMclsCd" : "A01"				,"indsMclsNm" : "농업/축산"				,"stdrDt" : "2015-12-17"				}				,{				"indsLclsCd" : "A"				,"indsLclsNm" : "1차산업"				,"indsMclsCd" : "A03"				,"indsMclsNm" : "농업관련서비스"				,"stdrDt" : "2015-12-17"				}				,{				"indsLclsCd" : "A"				,"indsLclsNm" : "1차산업"				,"indsMclsCd" : "A07"				,"indsMclsNm" : "양식업"				,"stdrDt" : "2015-12-17"				}				,{				"indsLclsCd" : "A"				,"indsLclsNm" : "1차산업"				,"indsMclsCd" : "A06"				,"indsMclsNm" : "어업"				,"stdrDt" : "2015-12-17"				}				,{				"indsLclsCd" : "A"				,"indsLclsNm" : "1차산업"				,"indsMclsCd" : "A05"				,"indsMclsNm" : "임업"				,"stdrDt" : "2015-12-17"				}				,{				"indsLclsCd" : "A"				,"indsLclsNm" : "1차산업"				,"indsMclsCd" : "A02"				,"indsMclsNm" : "조경"				,"stdrDt" : "2015-12-17"				}				,{				"indsLclsCd" : "A"				,"indsLclsNm" : "1차산업"				,"indsMclsCd" : "A04"				,"indsMclsNm" : "축산/수렵서비스"				,"stdrDt" : "2015-12-17"				}			]	}}