{	"header" : {		"description" : "소상공인시장진흥공단 상권정보 업종소분류 코드"		,"columns" : ["상권업종대분류코드","상권업종대분류코드명","상권업종중분류코드","상권업종중분류코드명","상권업종소분류코드","상권업종소분류코드명","데이터기준일자"]		,"resultCode" : "00"		,"resultMsg" : "NORMAL SERVICE"	},	"body" : {			"items" : [				{				"indsLclsCd" : "A"				,"indsLclsNm" : "1차산업"				,"indsMclsCd" : "A01"				,"indsMclsNm" : "농업/축산"				,"indsSclsCd" : "A01G01"				,"indsSclsNm" : "가축사육"				,"stdrDt" : "2015-12-17"				}				,{				"indsLclsCd" : "A"				,"indsLclsNm" : "1차산업"				,"indsMclsCd" : "A01"				,"indsMclsNm" : "농업/축산"				,"indsSclsCd" : "A01A99"				,"indsSclsNm" : "곡물/작물생산-기타"				,"stdrDt" : "2015-12-17"				}				,{				"indsLclsCd" : "A"				,"indsLclsNm" : "1차산업"				,"indsMclsCd" : "A01"				,"indsMclsNm" : "농업/축산"				,"indsSclsCd" : "A01A00"				,"indsSclsNm" : "곡물/작물생산-종합"				,"stdrDt" : "2015-12-17"				}				,{				"indsLclsCd" : "A"				,"indsLclsNm" : "1차산업"				,"indsMclsCd" : "A01"				,"indsMclsNm" : "농업/축산"				,"indsSclsCd" : "A01A01"				,"indsSclsNm" : "곡물재배"				,"stdrDt" : "2015-12-17"				}				,{				"indsLclsCd" : "A"				,"indsLclsNm" : "1차산업"				,"indsMclsCd" : "A01"				,"indsMclsNm" : "농업/축산"				,"indsSclsCd" : "A01C99"				,"indsSclsNm" : "과실/음료/향신작물생산-기타"				,"stdrDt" : "2015-12-17"				}				,{				"indsLclsCd" : "A"				,"indsLclsNm" : "1차산업"				,"indsMclsCd" : "A01"				,"indsMclsNm" : "농업/축산"				,"indsSclsCd" : "A01C00"				,"indsSclsNm" : "과실/음료/향신작물생산-종합"				,"stdrDt" : "2015-12-17"				}				,{				"indsLclsCd" : "A"				,"indsLclsNm" : "1차산업"				,"indsMclsCd" : "A01"				,"indsMclsNm" : "농업/축산"				,"indsSclsCd" : "A01C01"				,"indsSclsNm" : "과실작물재배"				,"stdrDt" : "2015-12-17"				}				,{				"indsLclsCd" : "A"				,"indsLclsNm" : "1차산업"				,"indsMclsCd" : "A01"				,"indsMclsNm" : "농업/축산"				,"indsSclsCd" : "A01E01"				,"indsSclsNm" : "낙농업"				,"stdrDt" : "2015-12-17"				}				,{				"indsLclsCd" : "A"				,"indsLclsNm" : "1차산업"				,"indsMclsCd" : "A01"				,"indsMclsNm" : "농업/축산"				,"indsSclsCd" : "A01E03"				,"indsSclsNm" : "말사육"				,"stdrDt" : "2015-12-17"				}				,{				"indsLclsCd" : "A"				,"indsLclsNm" : "1차산업"				,"indsMclsCd" : "A01"				,"indsMclsNm" : "농업/축산"				,"indsSclsCd" : "A01D01"				,"indsSclsNm" : "버섯재배"				,"stdrDt" : "2015-12-17"				}				,{				"indsLclsCd" : "A"				,"indsLclsNm" : "1차산업"				,"indsMclsCd" : "A01"				,"indsMclsNm" : "농업/축산"				,"indsSclsCd" : "A01G00"				,"indsSclsNm" : "복합영농"				,"stdrDt" : "2015-12-17"				}				,{				"indsLclsCd" : "A"				,"indsLclsNm" : "1차산업"				,"indsMclsCd" : "A01"				,"indsMclsNm" : "농업/축산"				,"indsSclsCd" : "A01F07"				,"indsSclsNm" : "부화장"				,"stdrDt" : "2015-12-17"				}				,{				"indsLclsCd" : "A"				,"indsLclsNm" : "1차산업"				,"indsMclsCd" : "A01"				,"indsMclsNm" : "농업/축산"				,"indsSclsCd" : "A01F02"				,"indsSclsNm" : "사슴목장"				,"stdrDt" : "2015-12-17"				}				,{				"indsLclsCd" : "A"				,"indsLclsNm" : "1차산업"				,"indsMclsCd" : "A01"				,"indsMclsNm" : "농업/축산"				,"indsSclsCd" : "A01C04"				,"indsSclsNm" : "선과장"				,"stdrDt" : "2015-12-17"				}				,{				"indsLclsCd" : "A"				,"indsLclsNm" : "1차산업"				,"indsMclsCd" : "A01"				,"indsMclsNm" : "농업/축산"				,"indsSclsCd" : "A01E99"				,"indsSclsNm" : "소/말/양사육-기타"				,"stdrDt" : "2015-12-17"				}				,{				"indsLclsCd" : "A"				,"indsLclsNm" : "1차산업"				,"indsMclsCd" : "A01"				,"indsMclsNm" : "농업/축산"				,"indsSclsCd" : "A01E00"				,"indsSclsNm" : "소/말/양사육-종합"				,"stdrDt" : "2015-12-17"				}				,{				"indsLclsCd" : "A"				,"indsLclsNm" : "1차산업"				,"indsMclsCd" : "A01"				,"indsMclsNm" : "농업/축산"				,"indsSclsCd" : "A01D03"				,"indsSclsNm" : "수경재배"				,"stdrDt" : "2015-12-17"				}				,{				"indsLclsCd" : "A"				,"indsLclsNm" : "1차산업"				,"indsMclsCd" : "A01"				,"indsMclsNm" : "농업/축산"				,"indsSclsCd" : "A01B03"				,"indsSclsNm" : "수박생산"				,"stdrDt" : "2015-12-17"				}				,{				"indsLclsCd" : "A"				,"indsLclsNm" : "1차산업"				,"indsMclsCd" : "A01"				,"indsMclsNm" : "농업/축산"				,"indsSclsCd" : "A01D99"				,"indsSclsNm" : "시설작물생산-기타"				,"stdrDt" : "2015-12-17"				}				,{				"indsLclsCd" : "A"				,"indsLclsNm" : "1차산업"				,"indsMclsCd" : "A01"				,"indsMclsNm" : "농업/축산"				,"indsSclsCd" : "A01D00"				,"indsSclsNm" : "시설작물생산-종합"				,"stdrDt" : "2015-12-17"				}				,{				"indsLclsCd" : "A"				,"indsLclsNm" : "1차산업"				,"indsMclsCd" : "A01"				,"indsMclsNm" : "농업/축산"				,"indsSclsCd" : "A01A02"				,"indsSclsNm" : "약용식물재배"				,"stdrDt" : "2015-12-17"				}				,{				"indsLclsCd" : "A"				,"indsLclsNm" : "1차산업"				,"indsMclsCd" : "A01"				,"indsMclsNm" : "농업/축산"				,"indsSclsCd" : "A01F04"				,"indsSclsNm" : "양계"				,"stdrDt" : "2015-12-17"				}				,{				"indsLclsCd" : "A"				,"indsLclsNm" : "1차산업"				,"indsMclsCd" : "A01"				,"indsMclsNm" : "농업/축산"				,"indsSclsCd" : "A01F01"				,"indsSclsNm" : "양돈"				,"stdrDt" : "2015-12-17"				}				,{				"indsLclsCd" : "A"				,"indsLclsNm" : "1차산업"				,"indsMclsCd" : "A01"				,"indsMclsNm" : "농업/축산"				,"indsSclsCd" : "A01F05"				,"indsSclsNm" : "양봉"				,"stdrDt" : "2015-12-17"				}				,{				"indsLclsCd" : "A"				,"indsLclsNm" : "1차산업"				,"indsMclsCd" : "A01"				,"indsMclsNm" : "농업/축산"				,"indsSclsCd" : "A01E04"				,"indsSclsNm" : "양사육"				,"stdrDt" : "2015-12-17"				}				,{				"indsLclsCd" : "A"				,"indsLclsNm" : "1차산업"				,"indsMclsCd" : "A01"				,"indsMclsNm" : "농업/축산"				,"indsSclsCd" : "A01F03"				,"indsSclsNm" : "양잠"				,"stdrDt" : "2015-12-17"				}				,{				"indsLclsCd" : "A"				,"indsLclsNm" : "1차산업"				,"indsMclsCd" : "A01"				,"indsMclsNm" : "농업/축산"				,"indsSclsCd" : "A01E02"				,"indsSclsNm" : "육우사육"				,"stdrDt" : "2015-12-17"				}				,{				"indsLclsCd" : "A"				,"indsLclsNm" : "1차산업"				,"indsMclsCd" : "A01"				,"indsMclsNm" : "농업/축산"				,"indsSclsCd" : "A01C02"				,"indsSclsNm" : "음료작물재배"				,"stdrDt" : "2015-12-17"				}				,{				"indsLclsCd" : "A"				,"indsLclsNm" : "1차산업"				,"indsMclsCd" : "A01"				,"indsMclsNm" : "농업/축산"				,"indsSclsCd" : "A01F09"				,"indsSclsNm" : "조류사육"				,"stdrDt" : "2015-12-17"				}				,{				"indsLclsCd" : "A"				,"indsLclsNm" : "1차산업"				,"indsMclsCd" : "A01"				,"indsMclsNm" : "농업/축산"				,"indsSclsCd" : "A01B02"				,"indsSclsNm" : "종묘생산"				,"stdrDt" : "2015-12-17"				}				,{				"indsLclsCd" : "A"				,"indsLclsNm" : "1차산업"				,"indsMclsCd" : "A01"				,"indsMclsNm" : "농업/축산"				,"indsSclsCd" : "A01B04"				,"indsSclsNm" : "참외생산"				,"stdrDt" : "2015-12-17"				}				,{				"indsLclsCd" : "A"				,"indsLclsNm" : "1차산업"				,"indsMclsCd" : "A01"				,"indsMclsNm" : "농업/축산"				,"indsSclsCd" : "A01B00"				,"indsSclsNm" : "채소/화훼작물/종묘생산-종합"				,"stdrDt" : "2015-12-17"				}				,{				"indsLclsCd" : "A"				,"indsLclsNm" : "1차산업"				,"indsMclsCd" : "A01"				,"indsMclsNm" : "농업/축산"				,"indsSclsCd" : "A01B01"				,"indsSclsNm" : "채소재배"				,"stdrDt" : "2015-12-17"				}				,{				"indsLclsCd" : "A"				,"indsLclsNm" : "1차산업"				,"indsMclsCd" : "A01"				,"indsMclsNm" : "농업/축산"				,"indsSclsCd" : "A01D02"				,"indsSclsNm" : "콩나물재배"				,"stdrDt" : "2015-12-17"				}				,{				"indsLclsCd" : "A"				,"indsLclsNm" : "1차산업"				,"indsMclsCd" : "A01"				,"indsMclsNm" : "농업/축산"				,"indsSclsCd" : "A01F06"				,"indsSclsNm" : "특수동물사육"				,"stdrDt" : "2015-12-17"				}				,{				"indsLclsCd" : "A"				,"indsLclsNm" : "1차산업"				,"indsMclsCd" : "A01"				,"indsMclsNm" : "농업/축산"				,"indsSclsCd" : "A01A03"				,"indsSclsNm" : "특용작물재배"				,"stdrDt" : "2015-12-17"				}				,{				"indsLclsCd" : "A"				,"indsLclsNm" : "1차산업"				,"indsMclsCd" : "A01"				,"indsMclsNm" : "농업/축산"				,"indsSclsCd" : "A01C03"				,"indsSclsNm" : "향신작물재배"				,"stdrDt" : "2015-12-17"				}			]	}}