{	"header" : {		"description" : "소상공인시장진흥공단 상권정보 업종소분류 코드"		,"columns" : ["상권업종대분류코드","상권업종대분류코드명","상권업종중분류코드","상권업종중분류코드명","상권업종소분류코드","상권업종소분류코드명","데이터기준일자"]		,"resultCode" : "00"		,"resultMsg" : "NORMAL SERVICE"	},	"body" : {			"items" : [				{				"indsLclsCd" : "A"				,"indsLclsNm" : "1차산업"				,"indsMclsCd" : "A02"				,"indsMclsNm" : "조경"				,"indsSclsCd" : "A02A01"				,"indsSclsNm" : "원예서비스"				,"stdrDt" : "2015-12-17"				}				,{				"indsLclsCd" : "A"				,"indsLclsNm" : "1차산업"				,"indsMclsCd" : "A02"				,"indsMclsNm" : "조경"				,"indsSclsCd" : "A02A04"				,"indsSclsNm" : "정원관리"				,"stdrDt" : "2015-12-17"				}				,{				"indsLclsCd" : "A"				,"indsLclsNm" : "1차산업"				,"indsMclsCd" : "A02"				,"indsMclsNm" : "조경"				,"indsSclsCd" : "A02A99"				,"indsSclsNm" : "조경/관련서비스-기타"				,"stdrDt" : "2015-12-17"				}				,{				"indsLclsCd" : "A"				,"indsLclsNm" : "1차산업"				,"indsMclsCd" : "A02"				,"indsMclsNm" : "조경"				,"indsSclsCd" : "A02A00"				,"indsSclsNm" : "조경/관련서비스-종합"				,"stdrDt" : "2015-12-17"				}				,{				"indsLclsCd" : "A"				,"indsLclsNm" : "1차산업"				,"indsMclsCd" : "A02"				,"indsMclsNm" : "조경"				,"indsSclsCd" : "A02A02"				,"indsSclsNm" : "조경상담"				,"stdrDt" : "2015-12-17"				}				,{				"indsLclsCd" : "A"				,"indsLclsNm" : "1차산업"				,"indsMclsCd" : "A02"				,"indsMclsNm" : "조경"				,"indsSclsCd" : "A02A03"				,"indsSclsNm" : "조경설계"				,"stdrDt" : "2015-12-17"				}			]	}}