{	"header" : {		"description" : "소상공인시장진흥공단 상권정보 업종소분류 코드"		,"columns" : ["상권업종대분류코드","상권업종대분류코드명","상권업종중분류코드","상권업종중분류코드명","상권업종소분류코드","상권업종소분류코드명","데이터기준일자"]		,"resultCode" : "00"		,"resultMsg" : "NORMAL SERVICE"	},	"body" : {			"items" : [				{				"indsLclsCd" : "A"				,"indsLclsNm" : "1차산업"				,"indsMclsCd" : "A03"				,"indsMclsNm" : "농업관련서비스"				,"indsSclsCd" : "A03A02"				,"indsSclsNm" : "양수장운영"				,"stdrDt" : "2015-12-17"				}				,{				"indsLclsCd" : "A"				,"indsLclsNm" : "1차산업"				,"indsMclsCd" : "A03"				,"indsMclsNm" : "농업관련서비스"				,"indsSclsCd" : "A03A03"				,"indsSclsNm" : "위탁영농"				,"stdrDt" : "2015-12-17"				}				,{				"indsLclsCd" : "A"				,"indsLclsNm" : "1차산업"				,"indsMclsCd" : "A03"				,"indsMclsNm" : "농업관련서비스"				,"indsSclsCd" : "A03A99"				,"indsSclsNm" : "작물생산관련서비스-기타"				,"stdrDt" : "2015-12-17"				}				,{				"indsLclsCd" : "A"				,"indsLclsNm" : "1차산업"				,"indsMclsCd" : "A03"				,"indsMclsNm" : "농업관련서비스"				,"indsSclsCd" : "A03A00"				,"indsSclsNm" : "작물생산관련서비스-종합"				,"stdrDt" : "2015-12-17"				}				,{				"indsLclsCd" : "A"				,"indsLclsNm" : "1차산업"				,"indsMclsCd" : "A03"				,"indsMclsNm" : "농업관련서비스"				,"indsSclsCd" : "A03A01"				,"indsSclsNm" : "저수지운영"				,"stdrDt" : "2015-12-17"				}			]	}}