{	"header" : {		"description" : "소상공인시장진흥공단 상권정보 업종소분류 코드"		,"columns" : ["상권업종대분류코드","상권업종대분류코드명","상권업종중분류코드","상권업종중분류코드명","상권업종소분류코드","상권업종소분류코드명","데이터기준일자"]		,"resultCode" : "00"		,"resultMsg" : "NORMAL SERVICE"	},	"body" : {			"items" : [				{				"indsLclsCd" : "A"				,"indsLclsNm" : "1차산업"				,"indsMclsCd" : "A04"				,"indsMclsNm" : "축산/수렵서비스"				,"indsSclsCd" : "A04A03"				,"indsSclsNm" : "가금감별"				,"stdrDt" : "2015-12-17"				}				,{				"indsLclsCd" : "A"				,"indsLclsNm" : "1차산업"				,"indsMclsCd" : "A04"				,"indsMclsNm" : "축산/수렵서비스"				,"indsSclsCd" : "A04A01"				,"indsSclsNm" : "가축인공수정소"				,"stdrDt" : "2015-12-17"				}				,{				"indsLclsCd" : "A"				,"indsLclsNm" : "1차산업"				,"indsMclsCd" : "A04"				,"indsMclsNm" : "축산/수렵서비스"				,"indsSclsCd" : "A04A04"				,"indsSclsNm" : "개훈련소"				,"stdrDt" : "2015-12-17"				}				,{				"indsLclsCd" : "A"				,"indsLclsNm" : "1차산업"				,"indsMclsCd" : "A04"				,"indsMclsNm" : "축산/수렵서비스"				,"indsSclsCd" : "A04B01"				,"indsSclsNm" : "수렵"				,"stdrDt" : "2015-12-17"				}				,{				"indsLclsCd" : "A"				,"indsLclsNm" : "1차산업"				,"indsMclsCd" : "A04"				,"indsMclsNm" : "축산/수렵서비스"				,"indsSclsCd" : "A04B99"				,"indsSclsNm" : "수렵/관련서비스-기타"				,"stdrDt" : "2015-12-17"				}				,{				"indsLclsCd" : "A"				,"indsLclsNm" : "1차산업"				,"indsMclsCd" : "A04"				,"indsMclsNm" : "축산/수렵서비스"				,"indsSclsCd" : "A04B00"				,"indsSclsNm" : "수렵/관련서비스-종합"				,"stdrDt" : "2015-12-17"				}				,{				"indsLclsCd" : "A"				,"indsLclsNm" : "1차산업"				,"indsMclsCd" : "A04"				,"indsMclsNm" : "축산/수렵서비스"				,"indsSclsCd" : "A04A99"				,"indsSclsNm" : "축산관련서비스-기타"				,"stdrDt" : "2015-12-17"				}				,{				"indsLclsCd" : "A"				,"indsLclsNm" : "1차산업"				,"indsMclsCd" : "A04"				,"indsMclsNm" : "축산/수렵서비스"				,"indsSclsCd" : "A04A00"				,"indsSclsNm" : "축산관련서비스-종합"				,"stdrDt" : "2015-12-17"				}				,{				"indsLclsCd" : "A"				,"indsLclsNm" : "1차산업"				,"indsMclsCd" : "A04"				,"indsMclsNm" : "축산/수렵서비스"				,"indsSclsCd" : "A04A02"				,"indsSclsNm" : "품종개발서비스"				,"stdrDt" : "2015-12-17"				}			]	}}