{	"header" : {		"description" : "소상공인시장진흥공단 상권정보 업종소분류 코드"		,"columns" : ["상권업종대분류코드","상권업종대분류코드명","상권업종중분류코드","상권업종중분류코드명","상권업종소분류코드","상권업종소분류코드명","데이터기준일자"]		,"resultCode" : "00"		,"resultMsg" : "NORMAL SERVICE"	},	"body" : {			"items" : [				{				"indsLclsCd" : "A"				,"indsLclsNm" : "1차산업"				,"indsMclsCd" : "A05"				,"indsMclsNm" : "임업"				,"indsSclsCd" : "A05A02"				,"indsSclsNm" : "관상수재배"				,"stdrDt" : "2015-12-17"				}				,{				"indsLclsCd" : "A"				,"indsLclsNm" : "1차산업"				,"indsMclsCd" : "A05"				,"indsMclsNm" : "임업"				,"indsSclsCd" : "A05B02"				,"indsSclsNm" : "목재생산"				,"stdrDt" : "2015-12-17"				}				,{				"indsLclsCd" : "A"				,"indsLclsNm" : "1차산업"				,"indsMclsCd" : "A05"				,"indsMclsNm" : "임업"				,"indsSclsCd" : "A05A01"				,"indsSclsNm" : "묘목재배"				,"stdrDt" : "2015-12-17"				}				,{				"indsLclsCd" : "A"				,"indsLclsNm" : "1차산업"				,"indsMclsCd" : "A05"				,"indsMclsNm" : "임업"				,"indsSclsCd" : "A05B01"				,"indsSclsNm" : "벌목"				,"stdrDt" : "2015-12-17"				}				,{				"indsLclsCd" : "A"				,"indsLclsNm" : "1차산업"				,"indsMclsCd" : "A05"				,"indsMclsNm" : "임업"				,"indsSclsCd" : "A05B99"				,"indsSclsNm" : "벌목업-기타"				,"stdrDt" : "2015-12-17"				}				,{				"indsLclsCd" : "A"				,"indsLclsNm" : "1차산업"				,"indsMclsCd" : "A05"				,"indsMclsNm" : "임업"				,"indsSclsCd" : "A05B00"				,"indsSclsNm" : "벌목업-종합"				,"stdrDt" : "2015-12-17"				}				,{				"indsLclsCd" : "A"				,"indsLclsNm" : "1차산업"				,"indsMclsCd" : "A05"				,"indsMclsNm" : "임업"				,"indsSclsCd" : "A05C01"				,"indsSclsNm" : "산림병충해방지서비스"				,"stdrDt" : "2015-12-17"				}				,{				"indsLclsCd" : "A"				,"indsLclsNm" : "1차산업"				,"indsMclsCd" : "A05"				,"indsMclsNm" : "임업"				,"indsSclsCd" : "A05A99"				,"indsSclsNm" : "영림업-기타"				,"stdrDt" : "2015-12-17"				}				,{				"indsLclsCd" : "A"				,"indsLclsNm" : "1차산업"				,"indsMclsCd" : "A05"				,"indsMclsNm" : "임업"				,"indsSclsCd" : "A05A00"				,"indsSclsNm" : "영림업-종합"				,"stdrDt" : "2015-12-17"				}				,{				"indsLclsCd" : "A"				,"indsLclsNm" : "1차산업"				,"indsMclsCd" : "A05"				,"indsMclsNm" : "임업"				,"indsSclsCd" : "A05B03"				,"indsSclsNm" : "원목생산"				,"stdrDt" : "2015-12-17"				}				,{				"indsLclsCd" : "A"				,"indsLclsNm" : "1차산업"				,"indsMclsCd" : "A05"				,"indsMclsNm" : "임업"				,"indsSclsCd" : "A05C99"				,"indsSclsNm" : "임업관련서비스-기타"				,"stdrDt" : "2015-12-17"				}				,{				"indsLclsCd" : "A"				,"indsLclsNm" : "1차산업"				,"indsMclsCd" : "A05"				,"indsMclsNm" : "임업"				,"indsSclsCd" : "A05C00"				,"indsSclsNm" : "임업관련서비스-종합"				,"stdrDt" : "2015-12-17"				}			]	}}