{	"header" : {		"description" : "소상공인시장진흥공단 상권정보 업종소분류 코드"		,"columns" : ["상권업종대분류코드","상권업종대분류코드명","상권업종중분류코드","상권업종중분류코드명","상권업종소분류코드","상권업종소분류코드명","데이터기준일자"]		,"resultCode" : "00"		,"resultMsg" : "NORMAL SERVICE"	},	"body" : {			"items" : [				{				"indsLclsCd" : "A"				,"indsLclsNm" : "1차산업"				,"indsMclsCd" : "A06"				,"indsMclsNm" : "어업"				,"indsSclsCd" : "A06A01"				,"indsSclsNm" : "근해어업"				,"stdrDt" : "2015-12-17"				}				,{				"indsLclsCd" : "A"				,"indsLclsNm" : "1차산업"				,"indsMclsCd" : "A06"				,"indsMclsNm" : "어업"				,"indsSclsCd" : "A06B00"				,"indsSclsNm" : "내수면어업"				,"stdrDt" : "2015-12-17"				}				,{				"indsLclsCd" : "A"				,"indsLclsNm" : "1차산업"				,"indsMclsCd" : "A06"				,"indsMclsNm" : "어업"				,"indsSclsCd" : "A06B99"				,"indsSclsNm" : "어업관련서비스"				,"stdrDt" : "2015-12-17"				}				,{				"indsLclsCd" : "A"				,"indsLclsNm" : "1차산업"				,"indsMclsCd" : "A06"				,"indsMclsNm" : "어업"				,"indsSclsCd" : "A06A02"				,"indsSclsNm" : "연안어업"				,"stdrDt" : "2015-12-17"				}				,{				"indsLclsCd" : "A"				,"indsLclsNm" : "1차산업"				,"indsMclsCd" : "A06"				,"indsMclsNm" : "어업"				,"indsSclsCd" : "A06A03"				,"indsSclsNm" : "원양어업"				,"stdrDt" : "2015-12-17"				}				,{				"indsLclsCd" : "A"				,"indsLclsNm" : "1차산업"				,"indsMclsCd" : "A06"				,"indsMclsNm" : "어업"				,"indsSclsCd" : "A06A99"				,"indsSclsNm" : "해면어업-기타"				,"stdrDt" : "2015-12-17"				}				,{				"indsLclsCd" : "A"				,"indsLclsNm" : "1차산업"				,"indsMclsCd" : "A06"				,"indsMclsNm" : "어업"				,"indsSclsCd" : "A06A00"				,"indsSclsNm" : "해면어업-종합"				,"stdrDt" : "2015-12-17"				}			]	}}