{	"header" : {		"description" : "소상공인시장진흥공단 상권정보 업종소분류 코드"		,"columns" : ["상권업종대분류코드","상권업종대분류코드명","상권업종중분류코드","상권업종중분류코드명","상권업종소분류코드","상권업종소분류코드명","데이터기준일자"]		,"resultCode" : "00"		,"resultMsg" : "NORMAL SERVICE"	},	"body" : {			"items" : [				{				"indsLclsCd" : "A"				,"indsLclsNm" : "1차산업"				,"indsMclsCd" : "A07"				,"indsMclsNm" : "양식업"				,"indsSclsCd" : "A07A01"				,"indsSclsNm" : "내수면양식"				,"stdrDt" : "2015-12-17"				}				,{				"indsLclsCd" : "A"				,"indsLclsNm" : "1차산업"				,"indsMclsCd" : "A07"				,"indsMclsNm" : "양식업"				,"indsSclsCd" : "A07A99"				,"indsSclsNm" : "양식업-기타"				,"stdrDt" : "2015-12-17"				}				,{				"indsLclsCd" : "A"				,"indsLclsNm" : "1차산업"				,"indsMclsCd" : "A07"				,"indsMclsNm" : "양식업"				,"indsSclsCd" : "A07A05"				,"indsSclsNm" : "양식업-전복"				,"stdrDt" : "2015-12-17"				}				,{				"indsLclsCd" : "A"				,"indsLclsNm" : "1차산업"				,"indsMclsCd" : "A07"				,"indsMclsNm" : "양식업"				,"indsSclsCd" : "A07A00"				,"indsSclsNm" : "양식업-종합"				,"stdrDt" : "2015-12-17"				}				,{				"indsLclsCd" : "A"				,"indsLclsNm" : "1차산업"				,"indsMclsCd" : "A07"				,"indsMclsNm" : "양식업"				,"indsSclsCd" : "A07A03"				,"indsSclsNm" : "양어장"				,"stdrDt" : "2015-12-17"				}				,{				"indsLclsCd" : "A"				,"indsLclsNm" : "1차산업"				,"indsMclsCd" : "A07"				,"indsMclsNm" : "양식업"				,"indsSclsCd" : "A07A04"				,"indsSclsNm" : "어족부화"				,"stdrDt" : "2015-12-17"				}				,{				"indsLclsCd" : "A"				,"indsLclsNm" : "1차산업"				,"indsMclsCd" : "A07"				,"indsMclsNm" : "양식업"				,"indsSclsCd" : "A07A02"				,"indsSclsNm" : "해면양식"				,"stdrDt" : "2015-12-17"				}			]	}}