{	"header" : {		"description" : "소상공인시장진흥공단 상권정보 업종소분류 코드"		,"columns" : ["상권업종대분류코드","상권업종대분류코드명","상권업종중분류코드","상권업종중분류코드명","상권업종소분류코드","상권업종소분류코드명","데이터기준일자"]		,"resultCode" : "00"		,"resultMsg" : "NORMAL SERVICE"	},	"body" : {			"items" : [				{				"indsLclsCd" : "A"				,"indsLclsNm" : "1차산업"				,"indsMclsCd" : "A09"				,"indsMclsNm" : "광업"				,"indsSclsCd" : "A09B00"				,"indsSclsNm" : "갈탄광업"				,"stdrDt" : "2015-12-17"				}				,{				"indsLclsCd" : "A"				,"indsLclsNm" : "1차산업"				,"indsMclsCd" : "A09"				,"indsMclsNm" : "광업"				,"indsSclsCd" : "A09F01"				,"indsSclsNm" : "골재채취"				,"stdrDt" : "2015-12-17"				}				,{				"indsLclsCd" : "A"				,"indsLclsNm" : "1차산업"				,"indsMclsCd" : "A09"				,"indsMclsNm" : "광업"				,"indsSclsCd" : "A09F03"				,"indsSclsNm" : "공업용모래채취"				,"stdrDt" : "2015-12-17"				}				,{				"indsLclsCd" : "A"				,"indsLclsNm" : "1차산업"				,"indsMclsCd" : "A09"				,"indsMclsNm" : "광업"				,"indsSclsCd" : "A09K08"				,"indsSclsNm" : "광업권임대"				,"stdrDt" : "2015-12-17"				}				,{				"indsLclsCd" : "A"				,"indsLclsNm" : "1차산업"				,"indsMclsCd" : "A09"				,"indsMclsNm" : "광업"				,"indsSclsCd" : "A09K02"				,"indsSclsNm" : "규석광업"				,"stdrDt" : "2015-12-17"				}				,{				"indsLclsCd" : "A"				,"indsLclsNm" : "1차산업"				,"indsMclsCd" : "A09"				,"indsMclsNm" : "광업"				,"indsSclsCd" : "A09K01"				,"indsSclsNm" : "규조토광업"				,"stdrDt" : "2015-12-17"				}				,{				"indsLclsCd" : "A"				,"indsLclsNm" : "1차산업"				,"indsMclsCd" : "A09"				,"indsMclsNm" : "광업"				,"indsSclsCd" : "A09E03"				,"indsSclsNm" : "금/은광업"				,"stdrDt" : "2015-12-17"				}				,{				"indsLclsCd" : "A"				,"indsLclsNm" : "1차산업"				,"indsMclsCd" : "A09"				,"indsMclsNm" : "광업"				,"indsSclsCd" : "A09E02"				,"indsSclsNm" : "동광업"				,"stdrDt" : "2015-12-17"				}				,{				"indsLclsCd" : "A"				,"indsLclsNm" : "1차산업"				,"indsMclsCd" : "A09"				,"indsMclsNm" : "광업"				,"indsSclsCd" : "A09E04"				,"indsSclsNm" : "망간광업"				,"stdrDt" : "2015-12-17"				}				,{				"indsLclsCd" : "A"				,"indsLclsNm" : "1차산업"				,"indsMclsCd" : "A09"				,"indsMclsNm" : "광업"				,"indsSclsCd" : "A09A01"				,"indsSclsNm" : "무석탄광업"				,"stdrDt" : "2015-12-17"				}				,{				"indsLclsCd" : "A"				,"indsLclsNm" : "1차산업"				,"indsMclsCd" : "A09"				,"indsMclsNm" : "광업"				,"indsSclsCd" : "A09A00"				,"indsSclsNm" : "무연탄광업"				,"stdrDt" : "2015-12-17"				}				,{				"indsLclsCd" : "A"				,"indsLclsNm" : "1차산업"				,"indsMclsCd" : "A09"				,"indsMclsNm" : "광업"				,"indsSclsCd" : "A09E99"				,"indsSclsNm" : "비철금속광업-기타"				,"stdrDt" : "2015-12-17"				}				,{				"indsLclsCd" : "A"				,"indsLclsNm" : "1차산업"				,"indsMclsCd" : "A09"				,"indsMclsNm" : "광업"				,"indsSclsCd" : "A09E00"				,"indsSclsNm" : "비철금속광업-종합"				,"stdrDt" : "2015-12-17"				}				,{				"indsLclsCd" : "A"				,"indsLclsNm" : "1차산업"				,"indsMclsCd" : "A09"				,"indsMclsNm" : "광업"				,"indsSclsCd" : "A09K07"				,"indsSclsNm" : "석고광업"				,"stdrDt" : "2015-12-17"				}				,{				"indsLclsCd" : "A"				,"indsLclsNm" : "1차산업"				,"indsMclsCd" : "A09"				,"indsMclsNm" : "광업"				,"indsSclsCd" : "A09K06"				,"indsSclsNm" : "석면광업"				,"stdrDt" : "2015-12-17"				}				,{				"indsLclsCd" : "A"				,"indsLclsNm" : "1차산업"				,"indsMclsCd" : "A09"				,"indsMclsNm" : "광업"				,"indsSclsCd" : "A09K03"				,"indsSclsNm" : "석회석광업"				,"stdrDt" : "2015-12-17"				}				,{				"indsLclsCd" : "A"				,"indsLclsNm" : "1차산업"				,"indsMclsCd" : "A09"				,"indsMclsNm" : "광업"				,"indsSclsCd" : "A09J99"				,"indsSclsNm" : "소금채취-기타"				,"stdrDt" : "2015-12-17"				}				,{				"indsLclsCd" : "A"				,"indsLclsNm" : "1차산업"				,"indsMclsCd" : "A09"				,"indsMclsNm" : "광업"				,"indsSclsCd" : "A09J00"				,"indsSclsNm" : "소금채취-종합"				,"stdrDt" : "2015-12-17"				}				,{				"indsLclsCd" : "A"				,"indsLclsNm" : "1차산업"				,"indsMclsCd" : "A09"				,"indsMclsNm" : "광업"				,"indsSclsCd" : "A09F02"				,"indsSclsNm" : "쇄석채취"				,"stdrDt" : "2015-12-17"				}				,{				"indsLclsCd" : "A"				,"indsLclsNm" : "1차산업"				,"indsMclsCd" : "A09"				,"indsMclsNm" : "광업"				,"indsSclsCd" : "A09E05"				,"indsSclsNm" : "아연광업"				,"stdrDt" : "2015-12-17"				}				,{				"indsLclsCd" : "A"				,"indsLclsNm" : "1차산업"				,"indsMclsCd" : "A09"				,"indsMclsNm" : "광업"				,"indsSclsCd" : "A09H00"				,"indsSclsNm" : "우라늄/토륨광업"				,"stdrDt" : "2015-12-17"				}				,{				"indsLclsCd" : "A"				,"indsLclsNm" : "1차산업"				,"indsMclsCd" : "A09"				,"indsMclsNm" : "광업"				,"indsSclsCd" : "A09G00"				,"indsSclsNm" : "원유/천연가스채취"				,"stdrDt" : "2015-12-17"				}				,{				"indsLclsCd" : "A"				,"indsLclsNm" : "1차산업"				,"indsMclsCd" : "A09"				,"indsMclsNm" : "광업"				,"indsSclsCd" : "A09E06"				,"indsSclsNm" : "중석광업"				,"stdrDt" : "2015-12-17"				}				,{				"indsLclsCd" : "A"				,"indsLclsNm" : "1차산업"				,"indsMclsCd" : "A09"				,"indsMclsNm" : "광업"				,"indsSclsCd" : "A09F04"				,"indsSclsNm" : "채석"				,"stdrDt" : "2015-12-17"				}				,{				"indsLclsCd" : "A"				,"indsLclsNm" : "1차산업"				,"indsMclsCd" : "A09"				,"indsMclsNm" : "광업"				,"indsSclsCd" : "A09J02"				,"indsSclsNm" : "천일염"				,"stdrDt" : "2015-12-17"				}				,{				"indsLclsCd" : "A"				,"indsLclsNm" : "1차산업"				,"indsMclsCd" : "A09"				,"indsMclsNm" : "광업"				,"indsSclsCd" : "A09D00"				,"indsSclsNm" : "철광업"				,"stdrDt" : "2015-12-17"				}				,{				"indsLclsCd" : "A"				,"indsLclsNm" : "1차산업"				,"indsMclsCd" : "A09"				,"indsMclsNm" : "광업"				,"indsSclsCd" : "A09E01"				,"indsSclsNm" : "텅스텐광업"				,"stdrDt" : "2015-12-17"				}				,{				"indsLclsCd" : "A"				,"indsLclsNm" : "1차산업"				,"indsMclsCd" : "A09"				,"indsMclsNm" : "광업"				,"indsSclsCd" : "A09F99"				,"indsSclsNm" : "토사석채취-기타"				,"stdrDt" : "2015-12-17"				}				,{				"indsLclsCd" : "A"				,"indsLclsNm" : "1차산업"				,"indsMclsCd" : "A09"				,"indsMclsNm" : "광업"				,"indsSclsCd" : "A09F00"				,"indsSclsNm" : "토사석채취-종합"				,"stdrDt" : "2015-12-17"				}				,{				"indsLclsCd" : "A"				,"indsLclsNm" : "1차산업"				,"indsMclsCd" : "A09"				,"indsMclsNm" : "광업"				,"indsSclsCd" : "A09C00"				,"indsSclsNm" : "토탄광업"				,"stdrDt" : "2015-12-17"				}				,{				"indsLclsCd" : "A"				,"indsLclsNm" : "1차산업"				,"indsMclsCd" : "A09"				,"indsMclsNm" : "광업"				,"indsSclsCd" : "A09J01"				,"indsSclsNm" : "화염"				,"stdrDt" : "2015-12-17"				}				,{				"indsLclsCd" : "A"				,"indsLclsNm" : "1차산업"				,"indsMclsCd" : "A09"				,"indsMclsNm" : "광업"				,"indsSclsCd" : "A09I00"				,"indsSclsNm" : "화학/비료원료용광업"				,"stdrDt" : "2015-12-17"				}				,{				"indsLclsCd" : "A"				,"indsLclsNm" : "1차산업"				,"indsMclsCd" : "A09"				,"indsMclsNm" : "광업"				,"indsSclsCd" : "A09K05"				,"indsSclsNm" : "활석광업"				,"stdrDt" : "2015-12-17"				}				,{				"indsLclsCd" : "A"				,"indsLclsNm" : "1차산업"				,"indsMclsCd" : "A09"				,"indsMclsNm" : "광업"				,"indsSclsCd" : "A09K04"				,"indsSclsNm" : "흑연광업"				,"stdrDt" : "2015-12-17"				}			]	}}