{	"header" : {		"description" : "소상공인시장진흥공단 상권정보 업종중분류 코드"		,"columns" : ["상권업종대분류코드","상권업종대분류코드명","상권업종중분류코드","상권업종중분류코드명","데이터기준일자"]		,"resultCode" : "00"		,"resultMsg" : "NORMAL SERVICE"	},	"body" : {			"items" : [				{				"indsLclsCd" : "A1"				,"indsLclsNm" : "농업, 임업, 어업"				,"indsMclsCd" : "A105"				,"indsMclsNm" : "수렵"				,"stdrDt" : "2023-02-28"				}				,{				"indsLclsCd" : "A1"				,"indsLclsNm" : "농업, 임업, 어업"				,"indsMclsCd" : "A108"				,"indsMclsNm" : "양식업"				,"stdrDt" : "2023-02-28"				}				,{				"indsLclsCd" : "A1"				,"indsLclsNm" : "농업, 임업, 어업"				,"indsMclsCd" : "A107"				,"indsMclsNm" : "어업"				,"stdrDt" : "2023-02-28"				}				,{				"indsLclsCd" : "A1"				,"indsLclsNm" : "농업, 임업, 어업"				,"indsMclsCd" : "A106"				,"indsMclsNm" : "임업"				,"stdrDt" : "2023-02-28"				}				,{				"indsLclsCd" : "A1"				,"indsLclsNm" : "농업, 임업, 어업"				,"indsMclsCd" : "A101"				,"indsMclsNm" : "작물재배"				,"stdrDt" : "2023-02-28"				}				,{				"indsLclsCd" : "A1"				,"indsLclsNm" : "농업, 임업, 어업"				,"indsMclsCd" : "A104"				,"indsMclsNm" : "작물재배, 축산"				,"stdrDt" : "2023-02-28"				}				,{				"indsLclsCd" : "A1"				,"indsLclsNm" : "농업, 임업, 어업"				,"indsMclsCd" : "A103"				,"indsMclsNm" : "작불재배, 복합농업"				,"stdrDt" : "2023-02-28"				}				,{				"indsLclsCd" : "A1"				,"indsLclsNm" : "농업, 임업, 어업"				,"indsMclsCd" : "A102"				,"indsMclsNm" : "축산"				,"stdrDt" : "2023-02-28"				}			]	}}