{	"header" : {		"description" : "소상공인시장진흥공단 상권정보 업종소분류 코드"		,"columns" : ["상권업종대분류코드","상권업종대분류코드명","상권업종중분류코드","상권업종중분류코드명","상권업종소분류코드","상권업종소분류코드명","데이터기준일자"]		,"resultCode" : "00"		,"resultMsg" : "NORMAL SERVICE"	},	"body" : {			"items" : [				{				"indsLclsCd" : "A1"				,"indsLclsNm" : "농업, 임업, 어업"				,"indsMclsCd" : "A101"				,"indsMclsNm" : "작물재배"				,"indsSclsCd" : "A10101"				,"indsSclsNm" : "곡물 및 기타 식량작물 재배업"				,"stdrDt" : "2023-02-28"				}				,{				"indsLclsCd" : "A1"				,"indsLclsNm" : "농업, 임업, 어업"				,"indsMclsCd" : "A101"				,"indsMclsNm" : "작물재배"				,"indsSclsCd" : "A10105"				,"indsSclsNm" : "과실작물 재배업"				,"stdrDt" : "2023-02-28"				}				,{				"indsLclsCd" : "A1"				,"indsLclsNm" : "농업, 임업, 어업"				,"indsMclsCd" : "A101"				,"indsMclsNm" : "작물재배"				,"indsSclsCd" : "A10199"				,"indsSclsNm" : "기타 시설작물 재배업"				,"stdrDt" : "2023-02-28"				}				,{				"indsLclsCd" : "A1"				,"indsLclsNm" : "농업, 임업, 어업"				,"indsMclsCd" : "A101"				,"indsMclsNm" : "작물재배"				,"indsSclsCd" : "A10107"				,"indsSclsNm" : "기타 작물 재배업"				,"stdrDt" : "2023-02-28"				}				,{				"indsLclsCd" : "A1"				,"indsLclsNm" : "농업, 임업, 어업"				,"indsMclsCd" : "A101"				,"indsMclsNm" : "작물재배"				,"indsSclsCd" : "A10106"				,"indsSclsNm" : "음료용 및 향신용 작물 재배업"				,"stdrDt" : "2023-02-28"				}				,{				"indsLclsCd" : "A1"				,"indsLclsNm" : "농업, 임업, 어업"				,"indsMclsCd" : "A101"				,"indsMclsNm" : "작물재배"				,"indsSclsCd" : "A10104"				,"indsSclsNm" : "종자 및 묘목 생산업"				,"stdrDt" : "2023-02-28"				}				,{				"indsLclsCd" : "A1"				,"indsLclsNm" : "농업, 임업, 어업"				,"indsMclsCd" : "A101"				,"indsMclsNm" : "작물재배"				,"indsSclsCd" : "A10109"				,"indsSclsNm" : "채소, 화훼 및 과실작물 시설 재배업"				,"stdrDt" : "2023-02-28"				}				,{				"indsLclsCd" : "A1"				,"indsLclsNm" : "농업, 임업, 어업"				,"indsMclsCd" : "A101"				,"indsMclsNm" : "작물재배"				,"indsSclsCd" : "A10102"				,"indsSclsNm" : "채소작물 재배업"				,"stdrDt" : "2023-02-28"				}				,{				"indsLclsCd" : "A1"				,"indsLclsNm" : "농업, 임업, 어업"				,"indsMclsCd" : "A101"				,"indsMclsNm" : "작물재배"				,"indsSclsCd" : "A10108"				,"indsSclsNm" : "콩나물 재배업"				,"stdrDt" : "2023-02-28"				}				,{				"indsLclsCd" : "A1"				,"indsLclsNm" : "농업, 임업, 어업"				,"indsMclsCd" : "A101"				,"indsMclsNm" : "작물재배"				,"indsSclsCd" : "A10103"				,"indsSclsNm" : "화훼작물 재배업"				,"stdrDt" : "2023-02-28"				}			]	}}