{	"header" : {		"description" : "소상공인시장진흥공단 상권정보 업종소분류 코드"		,"columns" : ["상권업종대분류코드","상권업종대분류코드명","상권업종중분류코드","상권업종중분류코드명","상권업종소분류코드","상권업종소분류코드명","데이터기준일자"]		,"resultCode" : "00"		,"resultMsg" : "NORMAL SERVICE"	},	"body" : {			"items" : [				{				"indsLclsCd" : "A1"				,"indsLclsNm" : "농업, 임업, 어업"				,"indsMclsCd" : "A102"				,"indsMclsNm" : "축산"				,"indsSclsCd" : "A10299"				,"indsSclsNm" : "그 외 기타 축산업"				,"stdrDt" : "2023-02-28"				}				,{				"indsLclsCd" : "A1"				,"indsLclsNm" : "농업, 임업, 어업"				,"indsMclsCd" : "A102"				,"indsMclsNm" : "축산"				,"indsSclsCd" : "A10205"				,"indsSclsNm" : "기타 가금류 및 조류 사육업"				,"stdrDt" : "2023-02-28"				}				,{				"indsLclsCd" : "A1"				,"indsLclsNm" : "농업, 임업, 어업"				,"indsMclsCd" : "A102"				,"indsMclsNm" : "축산"				,"indsSclsCd" : "A10206"				,"indsSclsNm" : "말 및 양 사육업"				,"stdrDt" : "2023-02-28"				}				,{				"indsLclsCd" : "A1"				,"indsLclsNm" : "농업, 임업, 어업"				,"indsMclsCd" : "A102"				,"indsMclsNm" : "축산"				,"indsSclsCd" : "A10204"				,"indsSclsNm" : "양계업"				,"stdrDt" : "2023-02-28"				}				,{				"indsLclsCd" : "A1"				,"indsLclsNm" : "농업, 임업, 어업"				,"indsMclsCd" : "A102"				,"indsMclsNm" : "축산"				,"indsSclsCd" : "A10203"				,"indsSclsNm" : "양돈업"				,"stdrDt" : "2023-02-28"				}				,{				"indsLclsCd" : "A1"				,"indsLclsNm" : "농업, 임업, 어업"				,"indsMclsCd" : "A102"				,"indsMclsNm" : "축산"				,"indsSclsCd" : "A10202"				,"indsSclsNm" : "육우 사육업"				,"stdrDt" : "2023-02-28"				}				,{				"indsLclsCd" : "A1"				,"indsLclsNm" : "농업, 임업, 어업"				,"indsMclsCd" : "A102"				,"indsMclsNm" : "축산"				,"indsSclsCd" : "A10201"				,"indsSclsNm" : "젖소 사육업"				,"stdrDt" : "2023-02-28"				}			]	}}