{	"header" : {		"description" : "소상공인시장진흥공단 상권정보 업종소분류 코드"		,"columns" : ["상권업종대분류코드","상권업종대분류코드명","상권업종중분류코드","상권업종중분류코드명","상권업종소분류코드","상권업종소분류코드명","데이터기준일자"]		,"resultCode" : "00"		,"resultMsg" : "NORMAL SERVICE"	},	"body" : {			"items" : [				{				"indsLclsCd" : "A1"				,"indsLclsNm" : "농업, 임업, 어업"				,"indsMclsCd" : "A103"				,"indsMclsNm" : "작불재배, 복합농업"				,"indsSclsCd" : "A10301"				,"indsSclsNm" : "작물재배 및 축산 복합농업"				,"stdrDt" : "2023-02-28"				}			]	}}