{	"header" : {		"description" : "소상공인시장진흥공단 상권정보 업종소분류 코드"		,"columns" : ["상권업종대분류코드","상권업종대분류코드명","상권업종중분류코드","상권업종중분류코드명","상권업종소분류코드","상권업종소분류코드명","데이터기준일자"]		,"resultCode" : "00"		,"resultMsg" : "NORMAL SERVICE"	},	"body" : {			"items" : [				{				"indsLclsCd" : "A1"				,"indsLclsNm" : "농업, 임업, 어업"				,"indsMclsCd" : "A104"				,"indsMclsNm" : "작물재배, 축산"				,"indsSclsCd" : "A10402"				,"indsSclsNm" : "농산물 건조, 선별 및 기타 수확 후 서비스업"				,"stdrDt" : "2023-02-28"				}				,{				"indsLclsCd" : "A1"				,"indsLclsNm" : "농업, 임업, 어업"				,"indsMclsCd" : "A104"				,"indsMclsNm" : "작물재배, 축산"				,"indsSclsCd" : "A10401"				,"indsSclsNm" : "작물재배 지원 서비스업"				,"stdrDt" : "2023-02-28"				}				,{				"indsLclsCd" : "A1"				,"indsLclsNm" : "농업, 임업, 어업"				,"indsMclsCd" : "A104"				,"indsMclsNm" : "작물재배, 축산"				,"indsSclsCd" : "A10403"				,"indsSclsNm" : "축산 관련 서비스업"				,"stdrDt" : "2023-02-28"				}			]	}}