{	"header" : {		"description" : "소상공인시장진흥공단 상권정보 업종소분류 코드"		,"columns" : ["상권업종대분류코드","상권업종대분류코드명","상권업종중분류코드","상권업종중분류코드명","상권업종소분류코드","상권업종소분류코드명","데이터기준일자"]		,"resultCode" : "00"		,"resultMsg" : "NORMAL SERVICE"	},	"body" : {			"items" : [				{				"indsLclsCd" : "A1"				,"indsLclsNm" : "농업, 임업, 어업"				,"indsMclsCd" : "A106"				,"indsMclsNm" : "임업"				,"indsSclsCd" : "A10603"				,"indsSclsNm" : "벌목업"				,"stdrDt" : "2023-02-28"				}				,{				"indsLclsCd" : "A1"				,"indsLclsNm" : "농업, 임업, 어업"				,"indsMclsCd" : "A106"				,"indsMclsNm" : "임업"				,"indsSclsCd" : "A10602"				,"indsSclsNm" : "육림업"				,"stdrDt" : "2023-02-28"				}				,{				"indsLclsCd" : "A1"				,"indsLclsNm" : "농업, 임업, 어업"				,"indsMclsCd" : "A106"				,"indsMclsNm" : "임업"				,"indsSclsCd" : "A10604"				,"indsSclsNm" : "임산물 채취업"				,"stdrDt" : "2023-02-28"				}				,{				"indsLclsCd" : "A1"				,"indsLclsNm" : "농업, 임업, 어업"				,"indsMclsCd" : "A106"				,"indsMclsNm" : "임업"				,"indsSclsCd" : "A10605"				,"indsSclsNm" : "임업 관련 서비스업"				,"stdrDt" : "2023-02-28"				}				,{				"indsLclsCd" : "A1"				,"indsLclsNm" : "농업, 임업, 어업"				,"indsMclsCd" : "A106"				,"indsMclsNm" : "임업"				,"indsSclsCd" : "A10601"				,"indsSclsNm" : "임업용 종묘 생산업"				,"stdrDt" : "2023-02-28"				}			]	}}