{	"header" : {		"description" : "소상공인시장진흥공단 상권정보 업종소분류 코드"		,"columns" : ["상권업종대분류코드","상권업종대분류코드명","상권업종중분류코드","상권업종중분류코드명","상권업종소분류코드","상권업종소분류코드명","데이터기준일자"]		,"resultCode" : "00"		,"resultMsg" : "NORMAL SERVICE"	},	"body" : {			"items" : [				{				"indsLclsCd" : "A1"				,"indsLclsNm" : "농업, 임업, 어업"				,"indsMclsCd" : "A107"				,"indsMclsNm" : "어업"				,"indsSclsCd" : "A10703"				,"indsSclsNm" : "내수면 어업"				,"stdrDt" : "2023-02-28"				}				,{				"indsLclsCd" : "A1"				,"indsLclsNm" : "농업, 임업, 어업"				,"indsMclsCd" : "A107"				,"indsMclsNm" : "어업"				,"indsSclsCd" : "A10702"				,"indsSclsNm" : "연근해 어업"				,"stdrDt" : "2023-02-28"				}				,{				"indsLclsCd" : "A1"				,"indsLclsNm" : "농업, 임업, 어업"				,"indsMclsCd" : "A107"				,"indsMclsNm" : "어업"				,"indsSclsCd" : "A10701"				,"indsSclsNm" : "원양 어업"				,"stdrDt" : "2023-02-28"				}			]	}}