{	"header" : {		"description" : "소상공인시장진흥공단 상권정보 업종소분류 코드"		,"columns" : ["상권업종대분류코드","상권업종대분류코드명","상권업종중분류코드","상권업종중분류코드명","상권업종소분류코드","상권업종소분류코드명","데이터기준일자"]		,"resultCode" : "00"		,"resultMsg" : "NORMAL SERVICE"	},	"body" : {			"items" : [				{				"indsLclsCd" : "A1"				,"indsLclsNm" : "농업, 임업, 어업"				,"indsMclsCd" : "A108"				,"indsMclsNm" : "양식업"				,"indsSclsCd" : "A10802"				,"indsSclsNm" : "내수면 양식 어업"				,"stdrDt" : "2023-02-28"				}				,{				"indsLclsCd" : "A1"				,"indsLclsNm" : "농업, 임업, 어업"				,"indsMclsCd" : "A108"				,"indsMclsNm" : "양식업"				,"indsSclsCd" : "A10803"				,"indsSclsNm" : "수산물 부화 및 수산 종자 생산업"				,"stdrDt" : "2023-02-28"				}				,{				"indsLclsCd" : "A1"				,"indsLclsNm" : "농업, 임업, 어업"				,"indsMclsCd" : "A108"				,"indsMclsNm" : "양식업"				,"indsSclsCd" : "A10804"				,"indsSclsNm" : "어업 관련 서비스업"				,"stdrDt" : "2023-02-28"				}				,{				"indsLclsCd" : "A1"				,"indsLclsNm" : "농업, 임업, 어업"				,"indsMclsCd" : "A108"				,"indsMclsNm" : "양식업"				,"indsSclsCd" : "A10801"				,"indsSclsNm" : "해수면 양식 어업"				,"stdrDt" : "2023-02-28"				}			]	}}