{	"header" : {		"description" : "소상공인시장진흥공단 상권정보 업종소분류 코드"		,"columns" : ["상권업종대분류코드","상권업종대분류코드명","상권업종중분류코드","상권업종중분류코드명","상권업종소분류코드","상권업종소분류코드명","데이터기준일자"]		,"resultCode" : "00"		,"resultMsg" : "NORMAL SERVICE"	},	"body" : {			"items" : [				{				"indsLclsCd" : "B"				,"indsLclsNm" : "제조"				,"indsMclsCd" : "B01"				,"indsMclsNm" : "식품가공/제조"				,"indsSclsCd" : "B01B03"				,"indsSclsNm" : "가금도살"				,"stdrDt" : "2015-12-17"				}				,{				"indsLclsCd" : "B"				,"indsLclsNm" : "제조"				,"indsMclsCd" : "B01"				,"indsMclsNm" : "식품가공/제조"				,"indsSclsCd" : "B01B91"				,"indsSclsNm" : "건강식품제조"				,"stdrDt" : "2015-12-17"				}				,{				"indsLclsCd" : "B"				,"indsLclsNm" : "제조"				,"indsMclsCd" : "B01"				,"indsMclsNm" : "식품가공/제조"				,"indsSclsCd" : "B01B46"				,"indsSclsNm" : "곡물가공-기타"				,"stdrDt" : "2015-12-17"				}				,{				"indsLclsCd" : "B"				,"indsLclsNm" : "제조"				,"indsMclsCd" : "B01"				,"indsMclsNm" : "식품가공/제조"				,"indsSclsCd" : "B01B39"				,"indsSclsNm" : "곡물가공-종합"				,"stdrDt" : "2015-12-17"				}				,{				"indsLclsCd" : "B"				,"indsLclsNm" : "제조"				,"indsMclsCd" : "B01"				,"indsMclsNm" : "식품가공/제조"				,"indsSclsCd" : "B01B42"				,"indsSclsNm" : "곡물가루제조"				,"stdrDt" : "2015-12-17"				}				,{				"indsLclsCd" : "B"				,"indsLclsNm" : "제조"				,"indsMclsCd" : "B01"				,"indsMclsNm" : "식품가공/제조"				,"indsSclsCd" : "B01B24"				,"indsSclsNm" : "과실/채소가공/저장처리-기타"				,"stdrDt" : "2015-12-17"				}				,{				"indsLclsCd" : "B"				,"indsLclsNm" : "제조"				,"indsMclsCd" : "B01"				,"indsMclsNm" : "식품가공/제조"				,"indsSclsCd" : "B01B19"				,"indsSclsNm" : "과실/채소가공/저장처리-종합"				,"stdrDt" : "2015-12-17"				}				,{				"indsLclsCd" : "B"				,"indsLclsNm" : "제조"				,"indsMclsCd" : "B01"				,"indsMclsNm" : "식품가공/제조"				,"indsSclsCd" : "B01C05"				,"indsSclsNm" : "과실주제조"				,"stdrDt" : "2015-12-17"				}				,{				"indsLclsCd" : "B"				,"indsLclsNm" : "제조"				,"indsMclsCd" : "B01"				,"indsMclsNm" : "식품가공/제조"				,"indsSclsCd" : "B01C12"				,"indsSclsNm" : "과실쥬스제조"				,"stdrDt" : "2015-12-17"				}				,{				"indsLclsCd" : "B"				,"indsLclsNm" : "제조"				,"indsMclsCd" : "B01"				,"indsMclsNm" : "식품가공/제조"				,"indsSclsCd" : "B01B20"				,"indsSclsNm" : "과실통조림제조"				,"stdrDt" : "2015-12-17"				}				,{				"indsLclsCd" : "B"				,"indsLclsNm" : "제조"				,"indsMclsCd" : "B01"				,"indsMclsNm" : "식품가공/제조"				,"indsSclsCd" : "B01B54"				,"indsSclsNm" : "과자제조"				,"stdrDt" : "2015-12-17"				}				,{				"indsLclsCd" : "B"				,"indsLclsNm" : "제조"				,"indsMclsCd" : "B01"				,"indsMclsNm" : "식품가공/제조"				,"indsSclsCd" : "B01B73"				,"indsSclsNm" : "국수/유사식품제조-기타"				,"stdrDt" : "2015-12-17"				}				,{				"indsLclsCd" : "B"				,"indsLclsNm" : "제조"				,"indsMclsCd" : "B01"				,"indsMclsNm" : "식품가공/제조"				,"indsSclsCd" : "B01B68"				,"indsSclsNm" : "국수/유사식품제조-종합"				,"stdrDt" : "2015-12-17"				}				,{				"indsLclsCd" : "B"				,"indsLclsNm" : "제조"				,"indsMclsCd" : "B01"				,"indsMclsNm" : "식품가공/제조"				,"indsSclsCd" : "B01B69"				,"indsSclsNm" : "국수제조"				,"stdrDt" : "2015-12-17"				}				,{				"indsLclsCd" : "B"				,"indsLclsNm" : "제조"				,"indsMclsCd" : "B01"				,"indsMclsNm" : "식품가공/제조"				,"indsSclsCd" : "B01B16"				,"indsSclsNm" : "김가공"				,"stdrDt" : "2015-12-17"				}				,{				"indsLclsCd" : "B"				,"indsLclsNm" : "제조"				,"indsMclsCd" : "B01"				,"indsMclsNm" : "식품가공/제조"				,"indsSclsCd" : "B01B21"				,"indsSclsNm" : "김치제조"				,"stdrDt" : "2015-12-17"				}				,{				"indsLclsCd" : "B"				,"indsLclsNm" : "제조"				,"indsMclsCd" : "B01"				,"indsMclsNm" : "식품가공/제조"				,"indsSclsCd" : "B01B38"				,"indsSclsNm" : "낙농품제조-기타"				,"stdrDt" : "2015-12-17"				}				,{				"indsLclsCd" : "B"				,"indsLclsNm" : "제조"				,"indsMclsCd" : "B01"				,"indsMclsNm" : "식품가공/제조"				,"indsSclsCd" : "B01B30"				,"indsSclsNm" : "낙농품제조-종합"				,"stdrDt" : "2015-12-17"				}				,{				"indsLclsCd" : "B"				,"indsLclsNm" : "제조"				,"indsMclsCd" : "B01"				,"indsMclsNm" : "식품가공/제조"				,"indsSclsCd" : "B01B79"				,"indsSclsNm" : "누룩제조"				,"stdrDt" : "2015-12-17"				}				,{				"indsLclsCd" : "B"				,"indsLclsNm" : "제조"				,"indsMclsCd" : "B01"				,"indsMclsNm" : "식품가공/제조"				,"indsSclsCd" : "B01B22"				,"indsSclsNm" : "단무지제조"				,"stdrDt" : "2015-12-17"				}				,{				"indsLclsCd" : "B"				,"indsLclsNm" : "제조"				,"indsMclsCd" : "B01"				,"indsMclsNm" : "식품가공/제조"				,"indsSclsCd" : "B01C18"				,"indsSclsNm" : "담배제조"				,"stdrDt" : "2015-12-17"				}				,{				"indsLclsCd" : "B"				,"indsLclsNm" : "제조"				,"indsMclsCd" : "B01"				,"indsMclsNm" : "식품가공/제조"				,"indsSclsCd" : "B01B49"				,"indsSclsNm" : "당류제조"				,"stdrDt" : "2015-12-17"				}				,{				"indsLclsCd" : "B"				,"indsLclsNm" : "제조"				,"indsMclsCd" : "B01"				,"indsMclsNm" : "식품가공/제조"				,"indsSclsCd" : "B01B70"				,"indsSclsNm" : "당면제조"				,"stdrDt" : "2015-12-17"				}				,{				"indsLclsCd" : "B"				,"indsLclsNm" : "제조"				,"indsMclsCd" : "B01"				,"indsMclsNm" : "식품가공/제조"				,"indsSclsCd" : "B01B07"				,"indsSclsNm" : "도계장"				,"stdrDt" : "2015-12-17"				}				,{				"indsLclsCd" : "B"				,"indsLclsNm" : "제조"				,"indsMclsCd" : "B01"				,"indsMclsNm" : "식품가공/제조"				,"indsSclsCd" : "B01B44"				,"indsSclsNm" : "도시락제조"				,"stdrDt" : "2015-12-17"				}				,{				"indsLclsCd" : "B"				,"indsLclsNm" : "제조"				,"indsMclsCd" : "B01"				,"indsMclsNm" : "식품가공/제조"				,"indsSclsCd" : "B01B40"				,"indsSclsNm" : "도정업"				,"stdrDt" : "2015-12-17"				}				,{				"indsLclsCd" : "B"				,"indsLclsNm" : "제조"				,"indsMclsCd" : "B01"				,"indsMclsNm" : "식품가공/제조"				,"indsSclsCd" : "B01B02"				,"indsSclsNm" : "도축업"				,"stdrDt" : "2015-12-17"				}				,{				"indsLclsCd" : "B"				,"indsLclsNm" : "제조"				,"indsMclsCd" : "B01"				,"indsMclsNm" : "식품가공/제조"				,"indsSclsCd" : "B01B26"				,"indsSclsNm" : "동물성유지제조"				,"stdrDt" : "2015-12-17"				}				,{				"indsLclsCd" : "B"				,"indsLclsNm" : "제조"				,"indsMclsCd" : "B01"				,"indsMclsNm" : "식품가공/제조"				,"indsSclsCd" : "B01B29"				,"indsSclsNm" : "동식물성유지제조-기타"				,"stdrDt" : "2015-12-17"				}				,{				"indsLclsCd" : "B"				,"indsLclsNm" : "제조"				,"indsMclsCd" : "B01"				,"indsMclsNm" : "식품가공/제조"				,"indsSclsCd" : "B01B25"				,"indsSclsNm" : "동식물성유지제조-종합"				,"stdrDt" : "2015-12-17"				}				,{				"indsLclsCd" : "B"				,"indsLclsNm" : "제조"				,"indsMclsCd" : "B01"				,"indsMclsNm" : "식품가공/제조"				,"indsSclsCd" : "B01B88"				,"indsSclsNm" : "두부제조"				,"stdrDt" : "2015-12-17"				}				,{				"indsLclsCd" : "B"				,"indsLclsNm" : "제조"				,"indsMclsCd" : "B01"				,"indsMclsNm" : "식품가공/제조"				,"indsSclsCd" : "B01C15"				,"indsSclsNm" : "두유제조"				,"stdrDt" : "2015-12-17"				}				,{				"indsLclsCd" : "B"				,"indsLclsNm" : "제조"				,"indsMclsCd" : "B01"				,"indsMclsNm" : "식품가공/제조"				,"indsSclsCd" : "B01B62"				,"indsSclsNm" : "드롭스제조"				,"stdrDt" : "2015-12-17"				}				,{				"indsLclsCd" : "B"				,"indsLclsNm" : "제조"				,"indsMclsCd" : "B01"				,"indsMclsNm" : "식품가공/제조"				,"indsSclsCd" : "B01B72"				,"indsSclsNm" : "라면제조"				,"stdrDt" : "2015-12-17"				}				,{				"indsLclsCd" : "B"				,"indsLclsNm" : "제조"				,"indsMclsCd" : "B01"				,"indsMclsNm" : "식품가공/제조"				,"indsSclsCd" : "B01B71"				,"indsSclsNm" : "마카로니제조"				,"stdrDt" : "2015-12-17"				}				,{				"indsLclsCd" : "B"				,"indsLclsNm" : "제조"				,"indsMclsCd" : "B01"				,"indsMclsNm" : "식품가공/제조"				,"indsSclsCd" : "B01B90"				,"indsSclsNm" : "맥아엑스제조"				,"stdrDt" : "2015-12-17"				}				,{				"indsLclsCd" : "B"				,"indsLclsNm" : "제조"				,"indsMclsCd" : "B01"				,"indsMclsNm" : "식품가공/제조"				,"indsSclsCd" : "B01C08"				,"indsSclsNm" : "맥아제조"				,"stdrDt" : "2015-12-17"				}				,{				"indsLclsCd" : "B"				,"indsLclsNm" : "제조"				,"indsMclsCd" : "B01"				,"indsMclsNm" : "식품가공/제조"				,"indsSclsCd" : "B01C09"				,"indsSclsNm" : "맥주제조"				,"stdrDt" : "2015-12-17"				}				,{				"indsLclsCd" : "B"				,"indsLclsNm" : "제조"				,"indsMclsCd" : "B01"				,"indsMclsNm" : "식품가공/제조"				,"indsSclsCd" : "B01B87"				,"indsSclsNm" : "묵제조"				,"stdrDt" : "2015-12-17"				}				,{				"indsLclsCd" : "B"				,"indsLclsNm" : "제조"				,"indsMclsCd" : "B01"				,"indsMclsNm" : "식품가공/제조"				,"indsSclsCd" : "B01B23"				,"indsSclsNm" : "발효식품제조"				,"stdrDt" : "2015-12-17"				}				,{				"indsLclsCd" : "B"				,"indsLclsNm" : "제조"				,"indsMclsCd" : "B01"				,"indsMclsNm" : "식품가공/제조"				,"indsSclsCd" : "B01B76"				,"indsSclsNm" : "발효조미료제조"				,"stdrDt" : "2015-12-17"				}				,{				"indsLclsCd" : "B"				,"indsLclsNm" : "제조"				,"indsMclsCd" : "B01"				,"indsMclsNm" : "식품가공/제조"				,"indsSclsCd" : "B01B37"				,"indsSclsNm" : "버터/치즈제조"				,"stdrDt" : "2015-12-17"				}				,{				"indsLclsCd" : "B"				,"indsLclsNm" : "제조"				,"indsMclsCd" : "B01"				,"indsMclsNm" : "식품가공/제조"				,"indsSclsCd" : "B01B32"				,"indsSclsNm" : "분유제조"				,"stdrDt" : "2015-12-17"				}				,{				"indsLclsCd" : "B"				,"indsLclsNm" : "제조"				,"indsMclsCd" : "B01"				,"indsMclsNm" : "식품가공/제조"				,"indsSclsCd" : "B01B36"				,"indsSclsNm" : "빙과류제조"				,"stdrDt" : "2015-12-17"				}				,{				"indsLclsCd" : "B"				,"indsLclsNm" : "제조"				,"indsMclsCd" : "B01"				,"indsMclsNm" : "식품가공/제조"				,"indsSclsCd" : "B01B55"				,"indsSclsNm" : "빵/과자제조-기타"				,"stdrDt" : "2015-12-17"				}				,{				"indsLclsCd" : "B"				,"indsLclsNm" : "제조"				,"indsMclsCd" : "B01"				,"indsMclsNm" : "식품가공/제조"				,"indsSclsCd" : "B01B53"				,"indsSclsNm" : "빵/과자제조-종합"				,"stdrDt" : "2015-12-17"				}				,{				"indsLclsCd" : "B"				,"indsLclsNm" : "제조"				,"indsMclsCd" : "B01"				,"indsMclsNm" : "식품가공/제조"				,"indsSclsCd" : "B01B51"				,"indsSclsNm" : "사료제조"				,"stdrDt" : "2015-12-17"				}				,{				"indsLclsCd" : "B"				,"indsLclsNm" : "제조"				,"indsMclsCd" : "B01"				,"indsMclsNm" : "식품가공/제조"				,"indsSclsCd" : "B01C14"				,"indsSclsNm" : "생수제조"				,"stdrDt" : "2015-12-17"				}				,{				"indsLclsCd" : "B"				,"indsLclsNm" : "제조"				,"indsMclsCd" : "B01"				,"indsMclsNm" : "식품가공/제조"				,"indsSclsCd" : "B01B33"				,"indsSclsNm" : "생크림제조"				,"stdrDt" : "2015-12-17"				}				,{				"indsLclsCd" : "B"				,"indsLclsNm" : "제조"				,"indsMclsCd" : "B01"				,"indsMclsNm" : "식품가공/제조"				,"indsSclsCd" : "B01B61"				,"indsSclsNm" : "설탕과자제조"				,"stdrDt" : "2015-12-17"				}				,{				"indsLclsCd" : "B"				,"indsLclsNm" : "제조"				,"indsMclsCd" : "B01"				,"indsMclsNm" : "식품가공/제조"				,"indsSclsCd" : "B01B57"				,"indsSclsNm" : "설탕제조"				,"stdrDt" : "2015-12-17"				}				,{				"indsLclsCd" : "B"				,"indsLclsNm" : "제조"				,"indsMclsCd" : "B01"				,"indsMclsNm" : "식품가공/제조"				,"indsSclsCd" : "B01B59"				,"indsSclsNm" : "설탕제조-기타"				,"stdrDt" : "2015-12-17"				}				,{				"indsLclsCd" : "B"				,"indsLclsNm" : "제조"				,"indsMclsCd" : "B01"				,"indsMclsNm" : "식품가공/제조"				,"indsSclsCd" : "B01B56"				,"indsSclsNm" : "설탕제조-종합"				,"stdrDt" : "2015-12-17"				}				,{				"indsLclsCd" : "B"				,"indsLclsNm" : "제조"				,"indsMclsCd" : "B01"				,"indsMclsNm" : "식품가공/제조"				,"indsSclsCd" : "B01C03"				,"indsSclsNm" : "소주제조"				,"stdrDt" : "2015-12-17"				}				,{				"indsLclsCd" : "B"				,"indsLclsNm" : "제조"				,"indsMclsCd" : "B01"				,"indsMclsNm" : "식품가공/제조"				,"indsSclsCd" : "B01B10"				,"indsSclsNm" : "수산물가공"				,"stdrDt" : "2015-12-17"				}				,{				"indsLclsCd" : "B"				,"indsLclsNm" : "제조"				,"indsMclsCd" : "B01"				,"indsMclsNm" : "식품가공/제조"				,"indsSclsCd" : "B01B18"				,"indsSclsNm" : "수산물가공/저장처리-기타"				,"stdrDt" : "2015-12-17"				}				,{				"indsLclsCd" : "B"				,"indsLclsNm" : "제조"				,"indsMclsCd" : "B01"				,"indsMclsNm" : "식품가공/제조"				,"indsSclsCd" : "B01B09"				,"indsSclsNm" : "수산물가공/저장처리-종합"				,"stdrDt" : "2015-12-17"				}				,{				"indsLclsCd" : "B"				,"indsLclsNm" : "제조"				,"indsMclsCd" : "B01"				,"indsMclsNm" : "식품가공/제조"				,"indsSclsCd" : "B01B11"				,"indsSclsNm" : "수산물건조"				,"stdrDt" : "2015-12-17"				}				,{				"indsLclsCd" : "B"				,"indsLclsNm" : "제조"				,"indsMclsCd" : "B01"				,"indsMclsNm" : "식품가공/제조"				,"indsSclsCd" : "B01B12"				,"indsSclsNm" : "수산물냉동"				,"stdrDt" : "2015-12-17"				}				,{				"indsLclsCd" : "B"				,"indsLclsNm" : "제조"				,"indsMclsCd" : "B01"				,"indsMclsNm" : "식품가공/제조"				,"indsSclsCd" : "B01B13"				,"indsSclsNm" : "수산물염장"				,"stdrDt" : "2015-12-17"				}				,{				"indsLclsCd" : "B"				,"indsLclsNm" : "제조"				,"indsMclsCd" : "B01"				,"indsMclsNm" : "식품가공/제조"				,"indsSclsCd" : "B01B17"				,"indsSclsNm" : "수산물통조림제조"				,"stdrDt" : "2015-12-17"				}				,{				"indsLclsCd" : "B"				,"indsLclsNm" : "제조"				,"indsMclsCd" : "B01"				,"indsMclsNm" : "식품가공/제조"				,"indsSclsCd" : "B01B85"				,"indsSclsNm" : "수프제조"				,"stdrDt" : "2015-12-17"				}				,{				"indsLclsCd" : "B"				,"indsLclsNm" : "제조"				,"indsMclsCd" : "B01"				,"indsMclsNm" : "식품가공/제조"				,"indsSclsCd" : "B01B27"				,"indsSclsNm" : "식물성유지제조"				,"stdrDt" : "2015-12-17"				}				,{				"indsLclsCd" : "B"				,"indsLclsNm" : "제조"				,"indsMclsCd" : "B01"				,"indsMclsNm" : "식품가공/제조"				,"indsSclsCd" : "B01B28"				,"indsSclsNm" : "식용유제조"				,"stdrDt" : "2015-12-17"				}				,{				"indsLclsCd" : "B"				,"indsLclsNm" : "제조"				,"indsMclsCd" : "B01"				,"indsMclsNm" : "식품가공/제조"				,"indsSclsCd" : "B01B81"				,"indsSclsNm" : "식초제조"				,"stdrDt" : "2015-12-17"				}				,{				"indsLclsCd" : "B"				,"indsLclsNm" : "제조"				,"indsMclsCd" : "B01"				,"indsMclsNm" : "식품가공/제조"				,"indsSclsCd" : "B01B80"				,"indsSclsNm" : "식품첨가물제조"				,"stdrDt" : "2015-12-17"				}				,{				"indsLclsCd" : "B"				,"indsLclsNm" : "제조"				,"indsMclsCd" : "B01"				,"indsMclsNm" : "식품가공/제조"				,"indsSclsCd" : "B01B35"				,"indsSclsNm" : "아이스크림제조"				,"stdrDt" : "2015-12-17"				}				,{				"indsLclsCd" : "B"				,"indsLclsNm" : "제조"				,"indsMclsCd" : "B01"				,"indsMclsNm" : "식품가공/제조"				,"indsSclsCd" : "B01B93"				,"indsSclsNm" : "애완동물식품제조"				,"stdrDt" : "2015-12-17"				}				,{				"indsLclsCd" : "B"				,"indsLclsNm" : "제조"				,"indsMclsCd" : "B01"				,"indsMclsNm" : "식품가공/제조"				,"indsSclsCd" : "B01C04"				,"indsSclsNm" : "양주제조"				,"stdrDt" : "2015-12-17"				}				,{				"indsLclsCd" : "B"				,"indsLclsNm" : "제조"				,"indsMclsCd" : "B01"				,"indsMclsNm" : "식품가공/제조"				,"indsSclsCd" : "B01B15"				,"indsSclsNm" : "어육연제품제조"				,"stdrDt" : "2015-12-17"				}				,{				"indsLclsCd" : "B"				,"indsLclsNm" : "제조"				,"indsMclsCd" : "B01"				,"indsMclsNm" : "식품가공/제조"				,"indsSclsCd" : "B01C17"				,"indsSclsNm" : "얼음제조"				,"stdrDt" : "2015-12-17"				}				,{				"indsLclsCd" : "B"				,"indsLclsNm" : "제조"				,"indsMclsCd" : "B01"				,"indsMclsNm" : "식품가공/제조"				,"indsSclsCd" : "B01B31"				,"indsSclsNm" : "우유제조"				,"stdrDt" : "2015-12-17"				}				,{				"indsLclsCd" : "B"				,"indsLclsNm" : "제조"				,"indsMclsCd" : "B01"				,"indsMclsNm" : "식품가공/제조"				,"indsSclsCd" : "B01B58"				,"indsSclsNm" : "원당제조"				,"stdrDt" : "2015-12-17"				}				,{				"indsLclsCd" : "B"				,"indsLclsNm" : "제조"				,"indsMclsCd" : "B01"				,"indsMclsNm" : "식품가공/제조"				,"indsSclsCd" : "B01B86"				,"indsSclsNm" : "유부제조"				,"stdrDt" : "2015-12-17"				}				,{				"indsLclsCd" : "B"				,"indsLclsNm" : "제조"				,"indsMclsCd" : "B01"				,"indsMclsNm" : "식품가공/제조"				,"indsSclsCd" : "B01B34"				,"indsSclsNm" : "유산균음료제조"				,"stdrDt" : "2015-12-17"				}				,{				"indsLclsCd" : "B"				,"indsLclsNm" : "제조"				,"indsMclsCd" : "B01"				,"indsMclsNm" : "식품가공/제조"				,"indsSclsCd" : "B01B04"				,"indsSclsNm" : "육류가공"				,"stdrDt" : "2015-12-17"				}				,{				"indsLclsCd" : "B"				,"indsLclsNm" : "제조"				,"indsMclsCd" : "B01"				,"indsMclsNm" : "식품가공/제조"				,"indsSclsCd" : "B01B08"				,"indsSclsNm" : "육류가공/저장처리-기타"				,"stdrDt" : "2015-12-17"				}				,{				"indsLclsCd" : "B"				,"indsLclsNm" : "제조"				,"indsMclsCd" : "B01"				,"indsMclsNm" : "식품가공/제조"				,"indsSclsCd" : "B01B01"				,"indsSclsNm" : "육류가공/저장처리-종합"				,"stdrDt" : "2015-12-17"				}				,{				"indsLclsCd" : "B"				,"indsLclsNm" : "제조"				,"indsMclsCd" : "B01"				,"indsMclsNm" : "식품가공/제조"				,"indsSclsCd" : "B01B06"				,"indsSclsNm" : "육류통조림제조"				,"stdrDt" : "2015-12-17"				}				,{				"indsLclsCd" : "B"				,"indsLclsNm" : "제조"				,"indsMclsCd" : "B01"				,"indsMclsNm" : "식품가공/제조"				,"indsSclsCd" : "B01C16"				,"indsSclsNm" : "음료제조-기타"				,"stdrDt" : "2015-12-17"				}				,{				"indsLclsCd" : "B"				,"indsLclsNm" : "제조"				,"indsMclsCd" : "B01"				,"indsMclsNm" : "식품가공/제조"				,"indsSclsCd" : "B01C11"				,"indsSclsNm" : "음료제조-종합"				,"stdrDt" : "2015-12-17"				}				,{				"indsLclsCd" : "B"				,"indsLclsNm" : "제조"				,"indsMclsCd" : "B01"				,"indsMclsNm" : "식품가공/제조"				,"indsSclsCd" : "B01B89"				,"indsSclsNm" : "인삼식품제조"				,"stdrDt" : "2015-12-17"				}				,{				"indsLclsCd" : "B"				,"indsLclsNm" : "제조"				,"indsMclsCd" : "B01"				,"indsMclsNm" : "식품가공/제조"				,"indsSclsCd" : "B01B78"				,"indsSclsNm" : "장류제조"				,"stdrDt" : "2015-12-17"				}				,{				"indsLclsCd" : "B"				,"indsLclsNm" : "제조"				,"indsMclsCd" : "B01"				,"indsMclsNm" : "식품가공/제조"				,"indsSclsCd" : "B01B50"				,"indsSclsNm" : "전분/당류제조-기타"				,"stdrDt" : "2015-12-17"				}				,{				"indsLclsCd" : "B"				,"indsLclsNm" : "제조"				,"indsMclsCd" : "B01"				,"indsMclsNm" : "식품가공/제조"				,"indsSclsCd" : "B01B47"				,"indsSclsNm" : "전분/당류제조-종합"				,"stdrDt" : "2015-12-17"				}				,{				"indsLclsCd" : "B"				,"indsLclsNm" : "제조"				,"indsMclsCd" : "B01"				,"indsMclsNm" : "식품가공/제조"				,"indsSclsCd" : "B01B48"				,"indsSclsNm" : "전분제조"				,"stdrDt" : "2015-12-17"				}				,{				"indsLclsCd" : "B"				,"indsLclsNm" : "제조"				,"indsMclsCd" : "B01"				,"indsMclsNm" : "식품가공/제조"				,"indsSclsCd" : "B01B14"				,"indsSclsNm" : "젓갈류제조"				,"stdrDt" : "2015-12-17"				}				,{				"indsLclsCd" : "B"				,"indsLclsNm" : "제조"				,"indsMclsCd" : "B01"				,"indsMclsNm" : "식품가공/제조"				,"indsSclsCd" : "B01B41"				,"indsSclsNm" : "제분업"				,"stdrDt" : "2015-12-17"				}				,{				"indsLclsCd" : "B"				,"indsLclsNm" : "제조"				,"indsMclsCd" : "B01"				,"indsMclsNm" : "식품가공/제조"				,"indsSclsCd" : "B01B82"				,"indsSclsNm" : "조미료/식품첨가물제조-기타"				,"stdrDt" : "2015-12-17"				}				,{				"indsLclsCd" : "B"				,"indsLclsNm" : "제조"				,"indsMclsCd" : "B01"				,"indsMclsNm" : "식품가공/제조"				,"indsSclsCd" : "B01B74"				,"indsSclsNm" : "조미료/식품첨가물제조-종합"				,"stdrDt" : "2015-12-17"				}				,{				"indsLclsCd" : "B"				,"indsLclsNm" : "제조"				,"indsMclsCd" : "B01"				,"indsMclsNm" : "식품가공/제조"				,"indsSclsCd" : "B01B52"				,"indsSclsNm" : "종합식품제조"				,"stdrDt" : "2015-12-17"				}				,{				"indsLclsCd" : "B"				,"indsLclsNm" : "제조"				,"indsMclsCd" : "B01"				,"indsMclsNm" : "식품가공/제조"				,"indsSclsCd" : "B01C10"				,"indsSclsNm" : "주류제조-기타"				,"stdrDt" : "2015-12-17"				}				,{				"indsLclsCd" : "B"				,"indsLclsNm" : "제조"				,"indsMclsCd" : "B01"				,"indsMclsNm" : "식품가공/제조"				,"indsSclsCd" : "B01C01"				,"indsSclsNm" : "주류제조-종합"				,"stdrDt" : "2015-12-17"				}				,{				"indsLclsCd" : "B"				,"indsLclsNm" : "제조"				,"indsMclsCd" : "B01"				,"indsMclsNm" : "식품가공/제조"				,"indsSclsCd" : "B01C02"				,"indsSclsNm" : "주정제조"				,"stdrDt" : "2015-12-17"				}				,{				"indsLclsCd" : "B"				,"indsLclsNm" : "제조"				,"indsMclsCd" : "B01"				,"indsMclsNm" : "식품가공/제조"				,"indsSclsCd" : "B01B43"				,"indsSclsNm" : "죽류제조"				,"stdrDt" : "2015-12-17"				}				,{				"indsLclsCd" : "B"				,"indsLclsNm" : "제조"				,"indsMclsCd" : "B01"				,"indsMclsNm" : "식품가공/제조"				,"indsSclsCd" : "B01B84"				,"indsSclsNm" : "차류가공"				,"stdrDt" : "2015-12-17"				}				,{				"indsLclsCd" : "B"				,"indsLclsNm" : "제조"				,"indsMclsCd" : "B01"				,"indsMclsNm" : "식품가공/제조"				,"indsSclsCd" : "B01B75"				,"indsSclsNm" : "천연조미료제조"				,"stdrDt" : "2015-12-17"				}				,{				"indsLclsCd" : "B"				,"indsLclsNm" : "제조"				,"indsMclsCd" : "B01"				,"indsMclsNm" : "식품가공/제조"				,"indsSclsCd" : "B01C07"				,"indsSclsNm" : "청주제조"				,"stdrDt" : "2015-12-17"				}				,{				"indsLclsCd" : "B"				,"indsLclsNm" : "제조"				,"indsMclsCd" : "B01"				,"indsMclsNm" : "식품가공/제조"				,"indsSclsCd" : "B01B66"				,"indsSclsNm" : "초콜릿과자제조"				,"stdrDt" : "2015-12-17"				}				,{				"indsLclsCd" : "B"				,"indsLclsNm" : "제조"				,"indsMclsCd" : "B01"				,"indsMclsNm" : "식품가공/제조"				,"indsSclsCd" : "B01B64"				,"indsSclsNm" : "추잉껌제조"				,"stdrDt" : "2015-12-17"				}				,{				"indsLclsCd" : "B"				,"indsLclsNm" : "제조"				,"indsMclsCd" : "B01"				,"indsMclsNm" : "식품가공/제조"				,"indsSclsCd" : "B01B65"				,"indsSclsNm" : "캐러멜과자제조"				,"stdrDt" : "2015-12-17"				}				,{				"indsLclsCd" : "B"				,"indsLclsNm" : "제조"				,"indsMclsCd" : "B01"				,"indsMclsNm" : "식품가공/제조"				,"indsSclsCd" : "B01B83"				,"indsSclsNm" : "커피가공"				,"stdrDt" : "2015-12-17"				}				,{				"indsLclsCd" : "B"				,"indsLclsNm" : "제조"				,"indsMclsCd" : "B01"				,"indsMclsNm" : "식품가공/제조"				,"indsSclsCd" : "B01B67"				,"indsSclsNm" : "코코아제품/설탕과자제조-기타"				,"stdrDt" : "2015-12-17"				}				,{				"indsLclsCd" : "B"				,"indsLclsNm" : "제조"				,"indsMclsCd" : "B01"				,"indsMclsNm" : "식품가공/제조"				,"indsSclsCd" : "B01B60"				,"indsSclsNm" : "코코아제품/설탕과자제조-종합"				,"stdrDt" : "2015-12-17"				}				,{				"indsLclsCd" : "B"				,"indsLclsNm" : "제조"				,"indsMclsCd" : "B01"				,"indsMclsNm" : "식품가공/제조"				,"indsSclsCd" : "B01B63"				,"indsSclsNm" : "코코아제품제조"				,"stdrDt" : "2015-12-17"				}				,{				"indsLclsCd" : "B"				,"indsLclsNm" : "제조"				,"indsMclsCd" : "B01"				,"indsMclsNm" : "식품가공/제조"				,"indsSclsCd" : "B01B45"				,"indsSclsNm" : "콘플레이크제조"				,"stdrDt" : "2015-12-17"				}				,{				"indsLclsCd" : "B"				,"indsLclsNm" : "제조"				,"indsMclsCd" : "B01"				,"indsMclsNm" : "식품가공/제조"				,"indsSclsCd" : "B01C06"				,"indsSclsNm" : "탁주/약주제조"				,"stdrDt" : "2015-12-17"				}				,{				"indsLclsCd" : "B"				,"indsLclsNm" : "제조"				,"indsMclsCd" : "B01"				,"indsMclsNm" : "식품가공/제조"				,"indsSclsCd" : "B01C13"				,"indsSclsNm" : "탄산음료제조"				,"stdrDt" : "2015-12-17"				}				,{				"indsLclsCd" : "B"				,"indsLclsNm" : "제조"				,"indsMclsCd" : "B01"				,"indsMclsNm" : "식품가공/제조"				,"indsSclsCd" : "B01B92"				,"indsSclsNm" : "해조류가공"				,"stdrDt" : "2015-12-17"				}				,{				"indsLclsCd" : "B"				,"indsLclsNm" : "제조"				,"indsMclsCd" : "B01"				,"indsMclsNm" : "식품가공/제조"				,"indsSclsCd" : "B01B05"				,"indsSclsNm" : "햄/소시지제조"				,"stdrDt" : "2015-12-17"				}				,{				"indsLclsCd" : "B"				,"indsLclsNm" : "제조"				,"indsMclsCd" : "B01"				,"indsMclsNm" : "식품가공/제조"				,"indsSclsCd" : "B01B77"				,"indsSclsNm" : "혼합조미료제조"				,"stdrDt" : "2015-12-17"				}			]	}}