{	"header" : {		"description" : "소상공인시장진흥공단 상권정보 업종소분류 코드"		,"columns" : ["상권업종대분류코드","상권업종대분류코드명","상권업종중분류코드","상권업종중분류코드명","상권업종소분류코드","상권업종소분류코드명","데이터기준일자"]		,"resultCode" : "00"		,"resultMsg" : "NORMAL SERVICE"	},	"body" : {			"items" : [				{				"indsLclsCd" : "B"				,"indsLclsNm" : "제조"				,"indsMclsCd" : "B02"				,"indsMclsNm" : "섬유/직물제조"				,"indsSclsCd" : "B02B52"				,"indsSclsNm" : "고무사제조"				,"stdrDt" : "2015-12-17"				}				,{				"indsLclsCd" : "B"				,"indsLclsNm" : "제조"				,"indsMclsCd" : "B02"				,"indsMclsNm" : "섬유/직물제조"				,"indsSclsCd" : "B02B51"				,"indsSclsNm" : "금속사제조"				,"stdrDt" : "2015-12-17"				}				,{				"indsLclsCd" : "B"				,"indsLclsNm" : "제조"				,"indsMclsCd" : "B02"				,"indsMclsNm" : "섬유/직물제조"				,"indsSclsCd" : "B02B41"				,"indsSclsNm" : "기저귀제조"				,"stdrDt" : "2015-12-17"				}				,{				"indsLclsCd" : "B"				,"indsLclsNm" : "제조"				,"indsMclsCd" : "B02"				,"indsMclsNm" : "섬유/직물제조"				,"indsSclsCd" : "B02B09"				,"indsSclsNm" : "기타직물제품제조"				,"stdrDt" : "2015-12-17"				}				,{				"indsLclsCd" : "B"				,"indsLclsNm" : "제조"				,"indsMclsCd" : "B02"				,"indsMclsNm" : "섬유/직물제조"				,"indsSclsCd" : "B02B18"				,"indsSclsNm" : "끈/로프제조-기타"				,"stdrDt" : "2015-12-17"				}				,{				"indsLclsCd" : "B"				,"indsLclsNm" : "제조"				,"indsMclsCd" : "B02"				,"indsMclsNm" : "섬유/직물제조"				,"indsSclsCd" : "B02B14"				,"indsSclsNm" : "끈/로프제조-종합"				,"stdrDt" : "2015-12-17"				}				,{				"indsLclsCd" : "B"				,"indsLclsNm" : "제조"				,"indsMclsCd" : "B02"				,"indsMclsNm" : "섬유/직물제조"				,"indsSclsCd" : "B02B21"				,"indsSclsNm" : "끈가공품제조"				,"stdrDt" : "2015-12-17"				}				,{				"indsLclsCd" : "B"				,"indsLclsNm" : "제조"				,"indsMclsCd" : "B02"				,"indsMclsNm" : "섬유/직물제조"				,"indsSclsCd" : "B02B16"				,"indsSclsNm" : "끈제조"				,"stdrDt" : "2015-12-17"				}				,{				"indsLclsCd" : "B"				,"indsLclsNm" : "제조"				,"indsMclsCd" : "B02"				,"indsMclsNm" : "섬유/직물제조"				,"indsSclsCd" : "B02B25"				,"indsSclsNm" : "내의편조"				,"stdrDt" : "2015-12-17"				}				,{				"indsLclsCd" : "B"				,"indsLclsNm" : "제조"				,"indsMclsCd" : "B02"				,"indsMclsNm" : "섬유/직물제조"				,"indsSclsCd" : "B02B56"				,"indsSclsNm" : "도포직물제조"				,"stdrDt" : "2015-12-17"				}				,{				"indsLclsCd" : "B"				,"indsLclsNm" : "제조"				,"indsMclsCd" : "B02"				,"indsMclsNm" : "섬유/직물제조"				,"indsSclsCd" : "B02B33"				,"indsSclsNm" : "레이스제조"				,"stdrDt" : "2015-12-17"				}				,{				"indsLclsCd" : "B"				,"indsLclsNm" : "제조"				,"indsMclsCd" : "B02"				,"indsMclsNm" : "섬유/직물제조"				,"indsSclsCd" : "B02B17"				,"indsSclsNm" : "로프제조"				,"stdrDt" : "2015-12-17"				}				,{				"indsLclsCd" : "B"				,"indsLclsNm" : "제조"				,"indsMclsCd" : "B02"				,"indsMclsNm" : "섬유/직물제조"				,"indsSclsCd" : "B02B20"				,"indsSclsNm" : "망제조"				,"stdrDt" : "2015-12-17"				}				,{				"indsLclsCd" : "B"				,"indsLclsNm" : "제조"				,"indsMclsCd" : "B02"				,"indsMclsNm" : "섬유/직물제조"				,"indsSclsCd" : "B02B58"				,"indsSclsNm" : "봉제"				,"stdrDt" : "2015-12-17"				}				,{				"indsLclsCd" : "B"				,"indsLclsNm" : "제조"				,"indsMclsCd" : "B02"				,"indsMclsNm" : "섬유/직물제조"				,"indsSclsCd" : "B02B46"				,"indsSclsNm" : "부직포제조"				,"stdrDt" : "2015-12-17"				}				,{				"indsLclsCd" : "B"				,"indsLclsNm" : "제조"				,"indsMclsCd" : "B02"				,"indsMclsNm" : "섬유/직물제조"				,"indsSclsCd" : "B02B37"				,"indsSclsNm" : "사무용리본제조"				,"stdrDt" : "2015-12-17"				}				,{				"indsLclsCd" : "B"				,"indsLclsNm" : "제조"				,"indsMclsCd" : "B02"				,"indsMclsNm" : "섬유/직물제조"				,"indsSclsCd" : "B02B59"				,"indsSclsNm" : "상표제조"				,"stdrDt" : "2015-12-17"				}				,{				"indsLclsCd" : "B"				,"indsLclsNm" : "제조"				,"indsMclsCd" : "B02"				,"indsMclsNm" : "섬유/직물제조"				,"indsSclsCd" : "B02B42"				,"indsSclsNm" : "생리대제조"				,"stdrDt" : "2015-12-17"				}				,{				"indsLclsCd" : "B"				,"indsLclsNm" : "제조"				,"indsMclsCd" : "B02"				,"indsMclsNm" : "섬유/직물제조"				,"indsSclsCd" : "B02B15"				,"indsSclsNm" : "선구/어구제조"				,"stdrDt" : "2015-12-17"				}				,{				"indsLclsCd" : "B"				,"indsLclsNm" : "제조"				,"indsMclsCd" : "B02"				,"indsMclsNm" : "섬유/직물제조"				,"indsSclsCd" : "B02B60"				,"indsSclsNm" : "섬유벨트제조"				,"stdrDt" : "2015-12-17"				}				,{				"indsLclsCd" : "B"				,"indsLclsNm" : "제조"				,"indsMclsCd" : "B02"				,"indsMclsNm" : "섬유/직물제조"				,"indsSclsCd" : "B02B30"				,"indsSclsNm" : "세폭직물제조"				,"stdrDt" : "2015-12-17"				}				,{				"indsLclsCd" : "B"				,"indsLclsNm" : "제조"				,"indsMclsCd" : "B02"				,"indsMclsNm" : "섬유/직물제조"				,"indsSclsCd" : "B02B40"				,"indsSclsNm" : "수건제조"				,"stdrDt" : "2015-12-17"				}				,{				"indsLclsCd" : "B"				,"indsLclsNm" : "제조"				,"indsMclsCd" : "B02"				,"indsMclsNm" : "섬유/직물제조"				,"indsSclsCd" : "B02B28"				,"indsSclsNm" : "스웨터편조"				,"stdrDt" : "2015-12-17"				}				,{				"indsLclsCd" : "B"				,"indsLclsNm" : "제조"				,"indsMclsCd" : "B02"				,"indsMclsNm" : "섬유/직물제조"				,"indsSclsCd" : "B02B24"				,"indsSclsNm" : "양말편조"				,"stdrDt" : "2015-12-17"				}				,{				"indsLclsCd" : "B"				,"indsLclsNm" : "제조"				,"indsMclsCd" : "B02"				,"indsMclsNm" : "섬유/직물제조"				,"indsSclsCd" : "B02B12"				,"indsSclsNm" : "양탄자제조"				,"stdrDt" : "2015-12-17"				}				,{				"indsLclsCd" : "B"				,"indsLclsNm" : "제조"				,"indsMclsCd" : "B02"				,"indsMclsNm" : "섬유/직물제조"				,"indsSclsCd" : "B02B19"				,"indsSclsNm" : "어망제조"				,"stdrDt" : "2015-12-17"				}				,{				"indsLclsCd" : "B"				,"indsLclsNm" : "제조"				,"indsMclsCd" : "B02"				,"indsMclsNm" : "섬유/직물제조"				,"indsSclsCd" : "B02B26"				,"indsSclsNm" : "외의편조"				,"stdrDt" : "2015-12-17"				}				,{				"indsLclsCd" : "B"				,"indsLclsNm" : "제조"				,"indsMclsCd" : "B02"				,"indsMclsNm" : "섬유/직물제조"				,"indsSclsCd" : "B02B23"				,"indsSclsNm" : "원단편조"				,"stdrDt" : "2015-12-17"				}				,{				"indsLclsCd" : "B"				,"indsLclsNm" : "제조"				,"indsMclsCd" : "B02"				,"indsMclsNm" : "섬유/직물제조"				,"indsSclsCd" : "B02B43"				,"indsSclsNm" : "위생용섬유제품제조-기타"				,"stdrDt" : "2015-12-17"				}				,{				"indsLclsCd" : "B"				,"indsLclsNm" : "제조"				,"indsMclsCd" : "B02"				,"indsMclsNm" : "섬유/직물제조"				,"indsSclsCd" : "B02B39"				,"indsSclsNm" : "위생용섬유제품제조-종합"				,"stdrDt" : "2015-12-17"				}				,{				"indsLclsCd" : "B"				,"indsLclsNm" : "제조"				,"indsMclsCd" : "B02"				,"indsMclsNm" : "섬유/직물제조"				,"indsSclsCd" : "B02B13"				,"indsSclsNm" : "융단/마루덮개제조-기타"				,"stdrDt" : "2015-12-17"				}				,{				"indsLclsCd" : "B"				,"indsLclsNm" : "제조"				,"indsMclsCd" : "B02"				,"indsMclsNm" : "섬유/직물제조"				,"indsSclsCd" : "B02B10"				,"indsSclsNm" : "융단/마루덮개제조-종합"				,"stdrDt" : "2015-12-17"				}				,{				"indsLclsCd" : "B"				,"indsLclsNm" : "제조"				,"indsMclsCd" : "B02"				,"indsMclsNm" : "섬유/직물제조"				,"indsSclsCd" : "B02B03"				,"indsSclsNm" : "자수제품제조"				,"stdrDt" : "2015-12-17"				}				,{				"indsLclsCd" : "B"				,"indsLclsNm" : "제조"				,"indsMclsCd" : "B02"				,"indsMclsNm" : "섬유/직물제조"				,"indsSclsCd" : "B02B36"				,"indsSclsNm" : "자수포제조"				,"stdrDt" : "2015-12-17"				}				,{				"indsLclsCd" : "B"				,"indsLclsNm" : "제조"				,"indsMclsCd" : "B02"				,"indsMclsNm" : "섬유/직물제조"				,"indsSclsCd" : "B02B27"				,"indsSclsNm" : "장갑편조"				,"stdrDt" : "2015-12-17"				}				,{				"indsLclsCd" : "B"				,"indsLclsNm" : "제조"				,"indsMclsCd" : "B02"				,"indsMclsNm" : "섬유/직물제조"				,"indsSclsCd" : "B02B35"				,"indsSclsNm" : "장식리본제조"				,"stdrDt" : "2015-12-17"				}				,{				"indsLclsCd" : "B"				,"indsLclsNm" : "제조"				,"indsMclsCd" : "B02"				,"indsMclsNm" : "섬유/직물제조"				,"indsSclsCd" : "B02B38"				,"indsSclsNm" : "장식포/장식용섬유제품제조-기타"				,"stdrDt" : "2015-12-17"				}				,{				"indsLclsCd" : "B"				,"indsLclsNm" : "제조"				,"indsMclsCd" : "B02"				,"indsMclsNm" : "섬유/직물제조"				,"indsSclsCd" : "B02B32"				,"indsSclsNm" : "장식포/장식용섬유제품제조-종합"				,"stdrDt" : "2015-12-17"				}				,{				"indsLclsCd" : "B"				,"indsLclsNm" : "제조"				,"indsMclsCd" : "B02"				,"indsMclsNm" : "섬유/직물제조"				,"indsSclsCd" : "B02B34"				,"indsSclsNm" : "장식포제조"				,"stdrDt" : "2015-12-17"				}				,{				"indsLclsCd" : "B"				,"indsLclsNm" : "제조"				,"indsMclsCd" : "B02"				,"indsMclsNm" : "섬유/직물제조"				,"indsSclsCd" : "B02B57"				,"indsSclsNm" : "적층/도포직물제조-기타"				,"stdrDt" : "2015-12-17"				}				,{				"indsLclsCd" : "B"				,"indsLclsNm" : "제조"				,"indsMclsCd" : "B02"				,"indsMclsNm" : "섬유/직물제조"				,"indsSclsCd" : "B02B54"				,"indsSclsNm" : "적층/도포직물제조-종합"				,"stdrDt" : "2015-12-17"				}				,{				"indsLclsCd" : "B"				,"indsLclsNm" : "제조"				,"indsMclsCd" : "B02"				,"indsMclsNm" : "섬유/직물제조"				,"indsSclsCd" : "B02B55"				,"indsSclsNm" : "적층직물제조"				,"stdrDt" : "2015-12-17"				}				,{				"indsLclsCd" : "B"				,"indsLclsNm" : "제조"				,"indsMclsCd" : "B02"				,"indsMclsNm" : "섬유/직물제조"				,"indsSclsCd" : "B02B31"				,"indsSclsNm" : "제면"				,"stdrDt" : "2015-12-17"				}				,{				"indsLclsCd" : "B"				,"indsLclsNm" : "제조"				,"indsMclsCd" : "B02"				,"indsMclsNm" : "섬유/직물제조"				,"indsSclsCd" : "B02B05"				,"indsSclsNm" : "천막제조"				,"stdrDt" : "2015-12-17"				}				,{				"indsLclsCd" : "B"				,"indsLclsNm" : "제조"				,"indsMclsCd" : "B02"				,"indsMclsNm" : "섬유/직물제조"				,"indsSclsCd" : "B02B02"				,"indsSclsNm" : "침구제조"				,"stdrDt" : "2015-12-17"				}				,{				"indsLclsCd" : "B"				,"indsLclsNm" : "제조"				,"indsMclsCd" : "B02"				,"indsMclsNm" : "섬유/직물제조"				,"indsSclsCd" : "B02B11"				,"indsSclsNm" : "카페트제조"				,"stdrDt" : "2015-12-17"				}				,{				"indsLclsCd" : "B"				,"indsLclsNm" : "제조"				,"indsMclsCd" : "B02"				,"indsMclsNm" : "섬유/직물제조"				,"indsSclsCd" : "B02B07"				,"indsSclsNm" : "캔버스제품제조-기타"				,"stdrDt" : "2015-12-17"				}				,{				"indsLclsCd" : "B"				,"indsLclsNm" : "제조"				,"indsMclsCd" : "B02"				,"indsMclsNm" : "섬유/직물제조"				,"indsSclsCd" : "B02B04"				,"indsSclsNm" : "캔버스제품제조-종합"				,"stdrDt" : "2015-12-17"				}				,{				"indsLclsCd" : "B"				,"indsLclsNm" : "제조"				,"indsMclsCd" : "B02"				,"indsMclsNm" : "섬유/직물제조"				,"indsSclsCd" : "B02B08"				,"indsSclsNm" : "커튼제조"				,"stdrDt" : "2015-12-17"				}				,{				"indsLclsCd" : "B"				,"indsLclsNm" : "제조"				,"indsMclsCd" : "B02"				,"indsMclsNm" : "섬유/직물제조"				,"indsSclsCd" : "B02B50"				,"indsSclsNm" : "코드직물제조"				,"stdrDt" : "2015-12-17"				}				,{				"indsLclsCd" : "B"				,"indsLclsNm" : "제조"				,"indsMclsCd" : "B02"				,"indsMclsNm" : "섬유/직물제조"				,"indsSclsCd" : "B02B06"				,"indsSclsNm" : "텐트제조"				,"stdrDt" : "2015-12-17"				}				,{				"indsLclsCd" : "B"				,"indsLclsNm" : "제조"				,"indsMclsCd" : "B02"				,"indsMclsNm" : "섬유/직물제조"				,"indsSclsCd" : "B02B53"				,"indsSclsNm" : "특수사/코드직물제조-기타"				,"stdrDt" : "2015-12-17"				}				,{				"indsLclsCd" : "B"				,"indsLclsNm" : "제조"				,"indsMclsCd" : "B02"				,"indsMclsNm" : "섬유/직물제조"				,"indsSclsCd" : "B02B48"				,"indsSclsNm" : "특수사/코드직물제조-종합"				,"stdrDt" : "2015-12-17"				}				,{				"indsLclsCd" : "B"				,"indsLclsNm" : "제조"				,"indsMclsCd" : "B02"				,"indsMclsNm" : "섬유/직물제조"				,"indsSclsCd" : "B02B49"				,"indsSclsNm" : "특수사제조"				,"stdrDt" : "2015-12-17"				}				,{				"indsLclsCd" : "B"				,"indsLclsNm" : "제조"				,"indsMclsCd" : "B02"				,"indsMclsNm" : "섬유/직물제조"				,"indsSclsCd" : "B02B47"				,"indsSclsNm" : "펠트/부직포제조-기타"				,"stdrDt" : "2015-12-17"				}				,{				"indsLclsCd" : "B"				,"indsLclsNm" : "제조"				,"indsMclsCd" : "B02"				,"indsMclsNm" : "섬유/직물제조"				,"indsSclsCd" : "B02B44"				,"indsSclsNm" : "펠트/부직포제조-종합"				,"stdrDt" : "2015-12-17"				}				,{				"indsLclsCd" : "B"				,"indsLclsNm" : "제조"				,"indsMclsCd" : "B02"				,"indsMclsNm" : "섬유/직물제조"				,"indsSclsCd" : "B02B45"				,"indsSclsNm" : "펠트제조"				,"stdrDt" : "2015-12-17"				}				,{				"indsLclsCd" : "B"				,"indsLclsNm" : "제조"				,"indsMclsCd" : "B02"				,"indsMclsNm" : "섬유/직물제조"				,"indsSclsCd" : "B02B29"				,"indsSclsNm" : "편조업-기타"				,"stdrDt" : "2015-12-17"				}				,{				"indsLclsCd" : "B"				,"indsLclsNm" : "제조"				,"indsMclsCd" : "B02"				,"indsMclsNm" : "섬유/직물제조"				,"indsSclsCd" : "B02B22"				,"indsSclsNm" : "편조업-종합"				,"stdrDt" : "2015-12-17"				}				,{				"indsLclsCd" : "B"				,"indsLclsNm" : "제조"				,"indsMclsCd" : "B02"				,"indsMclsNm" : "섬유/직물제조"				,"indsSclsCd" : "B02B01"				,"indsSclsNm" : "포대제조"				,"stdrDt" : "2015-12-17"				}			]	}}