{	"header" : {		"description" : "소상공인시장진흥공단 상권정보 업종소분류 코드"		,"columns" : ["상권업종대분류코드","상권업종대분류코드명","상권업종중분류코드","상권업종중분류코드명","상권업종소분류코드","상권업종소분류코드명","데이터기준일자"]		,"resultCode" : "00"		,"resultMsg" : "NORMAL SERVICE"	},	"body" : {			"items" : [				{				"indsLclsCd" : "B"				,"indsLclsNm" : "제조"				,"indsMclsCd" : "B03"				,"indsMclsNm" : "의복제조"				,"indsSclsCd" : "B03B13"				,"indsSclsNm" : "가죽의복제조"				,"stdrDt" : "2015-12-17"				}				,{				"indsLclsCd" : "B"				,"indsLclsNm" : "제조"				,"indsMclsCd" : "B03"				,"indsMclsNm" : "의복제조"				,"indsSclsCd" : "B03B01"				,"indsSclsNm" : "기성양복제조"				,"stdrDt" : "2015-12-17"				}				,{				"indsLclsCd" : "B"				,"indsLclsNm" : "제조"				,"indsMclsCd" : "B03"				,"indsMclsNm" : "의복제조"				,"indsSclsCd" : "B03B02"				,"indsSclsNm" : "기성양장제조"				,"stdrDt" : "2015-12-17"				}				,{				"indsLclsCd" : "B"				,"indsLclsNm" : "제조"				,"indsMclsCd" : "B03"				,"indsMclsNm" : "의복제조"				,"indsSclsCd" : "B03B12"				,"indsSclsNm" : "내의제조"				,"stdrDt" : "2015-12-17"				}				,{				"indsLclsCd" : "B"				,"indsLclsNm" : "제조"				,"indsMclsCd" : "B03"				,"indsMclsNm" : "의복제조"				,"indsSclsCd" : "B03B18"				,"indsSclsNm" : "넥타이제조"				,"stdrDt" : "2015-12-17"				}				,{				"indsLclsCd" : "B"				,"indsLclsNm" : "제조"				,"indsMclsCd" : "B03"				,"indsMclsNm" : "의복제조"				,"indsSclsCd" : "B03B14"				,"indsSclsNm" : "모자제조"				,"stdrDt" : "2015-12-17"				}				,{				"indsLclsCd" : "B"				,"indsLclsNm" : "제조"				,"indsMclsCd" : "B03"				,"indsMclsNm" : "의복제조"				,"indsSclsCd" : "B03B20"				,"indsSclsNm" : "방수복제조"				,"stdrDt" : "2015-12-17"				}				,{				"indsLclsCd" : "B"				,"indsLclsNm" : "제조"				,"indsMclsCd" : "B03"				,"indsMclsNm" : "의복제조"				,"indsSclsCd" : "B03B11"				,"indsSclsNm" : "셔츠/작업복/평상복제조-기타"				,"stdrDt" : "2015-12-17"				}				,{				"indsLclsCd" : "B"				,"indsLclsNm" : "제조"				,"indsMclsCd" : "B03"				,"indsMclsNm" : "의복제조"				,"indsSclsCd" : "B03B07"				,"indsSclsNm" : "셔츠/작업복/평상복제조-종합"				,"stdrDt" : "2015-12-17"				}				,{				"indsLclsCd" : "B"				,"indsLclsNm" : "제조"				,"indsMclsCd" : "B03"				,"indsMclsNm" : "의복제조"				,"indsSclsCd" : "B03B06"				,"indsSclsNm" : "소아용외의제조-기타"				,"stdrDt" : "2015-12-17"				}				,{				"indsLclsCd" : "B"				,"indsLclsNm" : "제조"				,"indsMclsCd" : "B03"				,"indsMclsNm" : "의복제조"				,"indsSclsCd" : "B03B03"				,"indsSclsNm" : "소아용외의제조-종합"				,"stdrDt" : "2015-12-17"				}				,{				"indsLclsCd" : "B"				,"indsLclsNm" : "제조"				,"indsMclsCd" : "B03"				,"indsMclsNm" : "의복제조"				,"indsSclsCd" : "B03B19"				,"indsSclsNm" : "손수건제조"				,"stdrDt" : "2015-12-17"				}				,{				"indsLclsCd" : "B"				,"indsLclsNm" : "제조"				,"indsMclsCd" : "B03"				,"indsMclsNm" : "의복제조"				,"indsSclsCd" : "B03B17"				,"indsSclsNm" : "스카프제조"				,"stdrDt" : "2015-12-17"				}				,{				"indsLclsCd" : "B"				,"indsLclsNm" : "제조"				,"indsMclsCd" : "B03"				,"indsMclsNm" : "의복제조"				,"indsSclsCd" : "B03B04"				,"indsSclsNm" : "아동복제조"				,"stdrDt" : "2015-12-17"				}				,{				"indsLclsCd" : "B"				,"indsLclsNm" : "제조"				,"indsMclsCd" : "B03"				,"indsMclsNm" : "의복제조"				,"indsSclsCd" : "B03B08"				,"indsSclsNm" : "와이셔츠제조"				,"stdrDt" : "2015-12-17"				}				,{				"indsLclsCd" : "B"				,"indsLclsNm" : "제조"				,"indsMclsCd" : "B03"				,"indsMclsNm" : "의복제조"				,"indsSclsCd" : "B03B21"				,"indsSclsNm" : "운동복제조"				,"stdrDt" : "2015-12-17"				}				,{				"indsLclsCd" : "B"				,"indsLclsNm" : "제조"				,"indsMclsCd" : "B03"				,"indsMclsNm" : "의복제조"				,"indsSclsCd" : "B03B05"				,"indsSclsNm" : "유아복제조"				,"stdrDt" : "2015-12-17"				}				,{				"indsLclsCd" : "B"				,"indsLclsNm" : "제조"				,"indsMclsCd" : "B03"				,"indsMclsNm" : "의복제조"				,"indsSclsCd" : "B03B16"				,"indsSclsNm" : "의류제조-종합"				,"stdrDt" : "2015-12-17"				}				,{				"indsLclsCd" : "B"				,"indsLclsNm" : "제조"				,"indsMclsCd" : "B03"				,"indsMclsNm" : "의복제조"				,"indsSclsCd" : "B03B09"				,"indsSclsNm" : "작업복제조"				,"stdrDt" : "2015-12-17"				}				,{				"indsLclsCd" : "B"				,"indsLclsNm" : "제조"				,"indsMclsCd" : "B03"				,"indsMclsNm" : "의복제조"				,"indsSclsCd" : "B03B15"				,"indsSclsNm" : "장갑제조"				,"stdrDt" : "2015-12-17"				}				,{				"indsLclsCd" : "B"				,"indsLclsNm" : "제조"				,"indsMclsCd" : "B03"				,"indsMclsNm" : "의복제조"				,"indsSclsCd" : "B03B10"				,"indsSclsNm" : "평상복제조"				,"stdrDt" : "2015-12-17"				}			]	}}