{	"header" : {		"description" : "소상공인시장진흥공단 상권정보 업종소분류 코드"		,"columns" : ["상권업종대분류코드","상권업종대분류코드명","상권업종중분류코드","상권업종중분류코드명","상권업종소분류코드","상권업종소분류코드명","데이터기준일자"]		,"resultCode" : "00"		,"resultMsg" : "NORMAL SERVICE"	},	"body" : {			"items" : [				{				"indsLclsCd" : "B"				,"indsLclsNm" : "제조"				,"indsMclsCd" : "B04"				,"indsMclsNm" : "가방/가죽제품제조"				,"indsSclsCd" : "B04B11"				,"indsSclsNm" : "가방/핸드백/마구류제조-기타"				,"stdrDt" : "2015-12-17"				}				,{				"indsLclsCd" : "B"				,"indsLclsNm" : "제조"				,"indsMclsCd" : "B04"				,"indsMclsNm" : "가방/가죽제품제조"				,"indsSclsCd" : "B04B04"				,"indsSclsNm" : "가방/핸드백/마구류제조-종합"				,"stdrDt" : "2015-12-17"				}				,{				"indsLclsCd" : "B"				,"indsLclsNm" : "제조"				,"indsMclsCd" : "B04"				,"indsMclsNm" : "가방/가죽제품제조"				,"indsSclsCd" : "B04B05"				,"indsSclsNm" : "가방제조"				,"stdrDt" : "2015-12-17"				}				,{				"indsLclsCd" : "B"				,"indsLclsNm" : "제조"				,"indsMclsCd" : "B04"				,"indsMclsNm" : "가방/가죽제품제조"				,"indsSclsCd" : "B04B02"				,"indsSclsNm" : "가죽장갑제조"				,"stdrDt" : "2015-12-17"				}				,{				"indsLclsCd" : "B"				,"indsLclsNm" : "제조"				,"indsMclsCd" : "B04"				,"indsMclsNm" : "가방/가죽제품제조"				,"indsSclsCd" : "B04B03"				,"indsSclsNm" : "가죽제품제조-기타"				,"stdrDt" : "2015-12-17"				}				,{				"indsLclsCd" : "B"				,"indsLclsNm" : "제조"				,"indsMclsCd" : "B04"				,"indsMclsNm" : "가방/가죽제품제조"				,"indsSclsCd" : "B04B01"				,"indsSclsNm" : "가죽제품제조-종합"				,"stdrDt" : "2015-12-17"				}				,{				"indsLclsCd" : "B"				,"indsLclsNm" : "제조"				,"indsMclsCd" : "B04"				,"indsMclsNm" : "가방/가죽제품제조"				,"indsSclsCd" : "B04B08"				,"indsSclsNm" : "마구류제조"				,"stdrDt" : "2015-12-17"				}				,{				"indsLclsCd" : "B"				,"indsLclsNm" : "제조"				,"indsMclsCd" : "B04"				,"indsMclsNm" : "가방/가죽제품제조"				,"indsSclsCd" : "B04B10"				,"indsSclsNm" : "벨트제조"				,"stdrDt" : "2015-12-17"				}				,{				"indsLclsCd" : "B"				,"indsLclsNm" : "제조"				,"indsMclsCd" : "B04"				,"indsMclsNm" : "가방/가죽제품제조"				,"indsSclsCd" : "B04B06"				,"indsSclsNm" : "지갑제조"				,"stdrDt" : "2015-12-17"				}				,{				"indsLclsCd" : "B"				,"indsLclsNm" : "제조"				,"indsMclsCd" : "B04"				,"indsMclsNm" : "가방/가죽제품제조"				,"indsSclsCd" : "B04B07"				,"indsSclsNm" : "케이스제조"				,"stdrDt" : "2015-12-17"				}				,{				"indsLclsCd" : "B"				,"indsLclsNm" : "제조"				,"indsMclsCd" : "B04"				,"indsMclsNm" : "가방/가죽제품제조"				,"indsSclsCd" : "B04B09"				,"indsSclsNm" : "핸드백제조"				,"stdrDt" : "2015-12-17"				}			]	}}