{	"header" : {		"description" : "소상공인시장진흥공단 상권정보 업종소분류 코드"		,"columns" : ["상권업종대분류코드","상권업종대분류코드명","상권업종중분류코드","상권업종중분류코드명","상권업종소분류코드","상권업종소분류코드명","데이터기준일자"]		,"resultCode" : "00"		,"resultMsg" : "NORMAL SERVICE"	},	"body" : {			"items" : [				{				"indsLclsCd" : "B"				,"indsLclsNm" : "제조"				,"indsMclsCd" : "B05"				,"indsMclsNm" : "신발제조"				,"indsSclsCd" : "B05B04"				,"indsSclsNm" : "고무신발제조"				,"stdrDt" : "2015-12-17"				}				,{				"indsLclsCd" : "B"				,"indsLclsNm" : "제조"				,"indsMclsCd" : "B05"				,"indsMclsNm" : "신발제조"				,"indsSclsCd" : "B05B03"				,"indsSclsNm" : "기성구두제조"				,"stdrDt" : "2015-12-17"				}				,{				"indsLclsCd" : "B"				,"indsLclsNm" : "제조"				,"indsMclsCd" : "B05"				,"indsMclsNm" : "신발제조"				,"indsSclsCd" : "B05B06"				,"indsSclsNm" : "신발제조-기타"				,"stdrDt" : "2015-12-17"				}				,{				"indsLclsCd" : "B"				,"indsLclsNm" : "제조"				,"indsMclsCd" : "B05"				,"indsMclsNm" : "신발제조"				,"indsSclsCd" : "B05B01"				,"indsSclsNm" : "신발제조-종합"				,"stdrDt" : "2015-12-17"				}				,{				"indsLclsCd" : "B"				,"indsLclsNm" : "제조"				,"indsMclsCd" : "B05"				,"indsMclsNm" : "신발제조"				,"indsSclsCd" : "B05B02"				,"indsSclsNm" : "운동화제조"				,"stdrDt" : "2015-12-17"				}				,{				"indsLclsCd" : "B"				,"indsLclsNm" : "제조"				,"indsMclsCd" : "B05"				,"indsMclsNm" : "신발제조"				,"indsSclsCd" : "B05B05"				,"indsSclsNm" : "캐주얼화제조"				,"stdrDt" : "2015-12-17"				}			]	}}