{	"header" : {		"description" : "소상공인시장진흥공단 상권정보 업종소분류 코드"		,"columns" : ["상권업종대분류코드","상권업종대분류코드명","상권업종중분류코드","상권업종중분류코드명","상권업종소분류코드","상권업종소분류코드명","데이터기준일자"]		,"resultCode" : "00"		,"resultMsg" : "NORMAL SERVICE"	},	"body" : {			"items" : [				{				"indsLclsCd" : "B"				,"indsLclsNm" : "제조"				,"indsMclsCd" : "B06"				,"indsMclsNm" : "모피제조"				,"indsSclsCd" : "B06B02"				,"indsSclsNm" : "모피의복제조"				,"stdrDt" : "2015-12-17"				}				,{				"indsLclsCd" : "B"				,"indsLclsNm" : "제조"				,"indsMclsCd" : "B06"				,"indsMclsNm" : "모피제조"				,"indsSclsCd" : "B06B03"				,"indsSclsNm" : "모피제품제조-기타"				,"stdrDt" : "2015-12-17"				}				,{				"indsLclsCd" : "B"				,"indsLclsNm" : "제조"				,"indsMclsCd" : "B06"				,"indsMclsNm" : "모피제조"				,"indsSclsCd" : "B06B01"				,"indsSclsNm" : "모피제품제조-종합"				,"stdrDt" : "2015-12-17"				}			]	}}