{	"header" : {		"description" : "소상공인시장진흥공단 상권정보 업종소분류 코드"		,"columns" : ["상권업종대분류코드","상권업종대분류코드명","상권업종중분류코드","상권업종중분류코드명","상권업종소분류코드","상권업종소분류코드명","데이터기준일자"]		,"resultCode" : "00"		,"resultMsg" : "NORMAL SERVICE"	},	"body" : {			"items" : [				{				"indsLclsCd" : "B"				,"indsLclsNm" : "제조"				,"indsMclsCd" : "B07"				,"indsMclsNm" : "목재/가구제조"				,"indsSclsCd" : "B07B37"				,"indsSclsNm" : "가구제조-가죽"				,"stdrDt" : "2015-12-17"				}				,{				"indsLclsCd" : "B"				,"indsLclsNm" : "제조"				,"indsMclsCd" : "B07"				,"indsMclsNm" : "목재/가구제조"				,"indsSclsCd" : "B07B27"				,"indsSclsNm" : "가구제조-금속"				,"stdrDt" : "2015-12-17"				}				,{				"indsLclsCd" : "B"				,"indsLclsNm" : "제조"				,"indsMclsCd" : "B07"				,"indsMclsNm" : "목재/가구제조"				,"indsSclsCd" : "B07B29"				,"indsSclsNm" : "가구제조-나전칠기"				,"stdrDt" : "2015-12-17"				}				,{				"indsLclsCd" : "B"				,"indsLclsNm" : "제조"				,"indsMclsCd" : "B07"				,"indsMclsNm" : "목재/가구제조"				,"indsSclsCd" : "B07B33"				,"indsSclsNm" : "가구제조-내장가구"				,"stdrDt" : "2015-12-17"				}				,{				"indsLclsCd" : "B"				,"indsLclsNm" : "제조"				,"indsMclsCd" : "B07"				,"indsMclsNm" : "목재/가구제조"				,"indsSclsCd" : "B07B35"				,"indsSclsNm" : "가구제조-등가구"				,"stdrDt" : "2015-12-17"				}				,{				"indsLclsCd" : "B"				,"indsLclsNm" : "제조"				,"indsMclsCd" : "B07"				,"indsMclsNm" : "목재/가구제조"				,"indsSclsCd" : "B07B28"				,"indsSclsNm" : "가구제조-목재"				,"stdrDt" : "2015-12-17"				}				,{				"indsLclsCd" : "B"				,"indsLclsNm" : "제조"				,"indsMclsCd" : "B07"				,"indsMclsNm" : "목재/가구제조"				,"indsSclsCd" : "B07B32"				,"indsSclsNm" : "가구제조-물침대"				,"stdrDt" : "2015-12-17"				}				,{				"indsLclsCd" : "B"				,"indsLclsNm" : "제조"				,"indsMclsCd" : "B07"				,"indsMclsNm" : "목재/가구제조"				,"indsSclsCd" : "B07B38"				,"indsSclsNm" : "가구제조-유리"				,"stdrDt" : "2015-12-17"				}				,{				"indsLclsCd" : "B"				,"indsLclsNm" : "제조"				,"indsMclsCd" : "B07"				,"indsMclsNm" : "목재/가구제조"				,"indsSclsCd" : "B07B39"				,"indsSclsNm" : "가구제조-의자/탁자"				,"stdrDt" : "2015-12-17"				}				,{				"indsLclsCd" : "B"				,"indsLclsNm" : "제조"				,"indsMclsCd" : "B07"				,"indsMclsNm" : "목재/가구제조"				,"indsSclsCd" : "B07B40"				,"indsSclsNm" : "가구제조-주방가구"				,"stdrDt" : "2015-12-17"				}				,{				"indsLclsCd" : "B"				,"indsLclsNm" : "제조"				,"indsMclsCd" : "B07"				,"indsMclsNm" : "목재/가구제조"				,"indsSclsCd" : "B07B31"				,"indsSclsNm" : "가구제조-침대"				,"stdrDt" : "2015-12-17"				}				,{				"indsLclsCd" : "B"				,"indsLclsNm" : "제조"				,"indsMclsCd" : "B07"				,"indsMclsNm" : "목재/가구제조"				,"indsSclsCd" : "B07B36"				,"indsSclsNm" : "가구제조-플라스틱"				,"stdrDt" : "2015-12-17"				}				,{				"indsLclsCd" : "B"				,"indsLclsNm" : "제조"				,"indsMclsCd" : "B07"				,"indsMclsNm" : "목재/가구제조"				,"indsSclsCd" : "B07B05"				,"indsSclsNm" : "강화/재생목재제조"				,"stdrDt" : "2015-12-17"				}				,{				"indsLclsCd" : "B"				,"indsLclsNm" : "제조"				,"indsMclsCd" : "B07"				,"indsMclsNm" : "목재/가구제조"				,"indsSclsCd" : "B07B12"				,"indsSclsNm" : "건축용목제품제조-기타"				,"stdrDt" : "2015-12-17"				}				,{				"indsLclsCd" : "B"				,"indsLclsNm" : "제조"				,"indsMclsCd" : "B07"				,"indsMclsNm" : "목재/가구제조"				,"indsSclsCd" : "B07B07"				,"indsSclsNm" : "건축용목제품제조-종합"				,"stdrDt" : "2015-12-17"				}				,{				"indsLclsCd" : "B"				,"indsLclsNm" : "제조"				,"indsMclsCd" : "B07"				,"indsMclsNm" : "목재/가구제조"				,"indsSclsCd" : "B07B08"				,"indsSclsNm" : "건축용패널제조"				,"stdrDt" : "2015-12-17"				}				,{				"indsLclsCd" : "B"				,"indsLclsNm" : "제조"				,"indsMclsCd" : "B07"				,"indsMclsNm" : "목재/가구제조"				,"indsSclsCd" : "B07B26"				,"indsSclsNm" : "나무/콜크제품제조-기타"				,"stdrDt" : "2015-12-17"				}				,{				"indsLclsCd" : "B"				,"indsLclsNm" : "제조"				,"indsMclsCd" : "B07"				,"indsMclsNm" : "목재/가구제조"				,"indsSclsCd" : "B07B17"				,"indsSclsNm" : "나무/콜크제품제조-종합"				,"stdrDt" : "2015-12-17"				}				,{				"indsLclsCd" : "B"				,"indsLclsNm" : "제조"				,"indsMclsCd" : "B07"				,"indsMclsNm" : "목재/가구제조"				,"indsSclsCd" : "B07B11"				,"indsSclsNm" : "나무문제조"				,"stdrDt" : "2015-12-17"				}				,{				"indsLclsCd" : "B"				,"indsLclsNm" : "제조"				,"indsMclsCd" : "B07"				,"indsMclsNm" : "목재/가구제조"				,"indsSclsCd" : "B07B06"				,"indsSclsNm" : "단판/합판/나무판제조-기타"				,"stdrDt" : "2015-12-17"				}				,{				"indsLclsCd" : "B"				,"indsLclsNm" : "제조"				,"indsMclsCd" : "B07"				,"indsMclsNm" : "목재/가구제조"				,"indsSclsCd" : "B07B01"				,"indsSclsNm" : "단판/합판/나무판제조-종합"				,"stdrDt" : "2015-12-17"				}				,{				"indsLclsCd" : "B"				,"indsLclsNm" : "제조"				,"indsMclsCd" : "B07"				,"indsMclsNm" : "목재/가구제조"				,"indsSclsCd" : "B07B03"				,"indsSclsNm" : "단판제조"				,"stdrDt" : "2015-12-17"				}				,{				"indsLclsCd" : "B"				,"indsLclsNm" : "제조"				,"indsMclsCd" : "B07"				,"indsMclsNm" : "목재/가구제조"				,"indsSclsCd" : "B07B41"				,"indsSclsNm" : "도서관용품제조"				,"stdrDt" : "2015-12-17"				}				,{				"indsLclsCd" : "B"				,"indsLclsNm" : "제조"				,"indsMclsCd" : "B07"				,"indsMclsNm" : "목재/가구제조"				,"indsSclsCd" : "B07B19"				,"indsSclsNm" : "돗자리제조"				,"stdrDt" : "2015-12-17"				}				,{				"indsLclsCd" : "B"				,"indsLclsNm" : "제조"				,"indsMclsCd" : "B07"				,"indsMclsNm" : "목재/가구제조"				,"indsSclsCd" : "B07B20"				,"indsSclsNm" : "면봉/이쑤시개제조"				,"stdrDt" : "2015-12-17"				}				,{				"indsLclsCd" : "B"				,"indsLclsNm" : "제조"				,"indsMclsCd" : "B07"				,"indsMclsNm" : "목재/가구제조"				,"indsSclsCd" : "B07B42"				,"indsSclsNm" : "목공소"				,"stdrDt" : "2015-12-17"				}				,{				"indsLclsCd" : "B"				,"indsLclsNm" : "제조"				,"indsMclsCd" : "B07"				,"indsMclsNm" : "목재/가구제조"				,"indsSclsCd" : "B07B25"				,"indsSclsNm" : "목공예품제조"				,"stdrDt" : "2015-12-17"				}				,{				"indsLclsCd" : "B"				,"indsLclsNm" : "제조"				,"indsMclsCd" : "B07"				,"indsMclsNm" : "목재/가구제조"				,"indsSclsCd" : "B07B15"				,"indsSclsNm" : "목상자제조"				,"stdrDt" : "2015-12-17"				}				,{				"indsLclsCd" : "B"				,"indsLclsNm" : "제조"				,"indsMclsCd" : "B07"				,"indsMclsNm" : "목재/가구제조"				,"indsSclsCd" : "B07B09"				,"indsSclsNm" : "목재용건구제조"				,"stdrDt" : "2015-12-17"				}				,{				"indsLclsCd" : "B"				,"indsLclsNm" : "제조"				,"indsMclsCd" : "B07"				,"indsMclsNm" : "목재/가구제조"				,"indsSclsCd" : "B07B16"				,"indsSclsNm" : "목재용기제조-기타"				,"stdrDt" : "2015-12-17"				}				,{				"indsLclsCd" : "B"				,"indsLclsNm" : "제조"				,"indsMclsCd" : "B07"				,"indsMclsNm" : "목재/가구제조"				,"indsSclsCd" : "B07B13"				,"indsSclsNm" : "목재용기제조-종합"				,"stdrDt" : "2015-12-17"				}				,{				"indsLclsCd" : "B"				,"indsLclsNm" : "제조"				,"indsMclsCd" : "B07"				,"indsMclsNm" : "목재/가구제조"				,"indsSclsCd" : "B07B10"				,"indsSclsNm" : "목형제조"				,"stdrDt" : "2015-12-17"				}				,{				"indsLclsCd" : "B"				,"indsLclsNm" : "제조"				,"indsMclsCd" : "B07"				,"indsMclsNm" : "목재/가구제조"				,"indsSclsCd" : "B07C02"				,"indsSclsNm" : "무늬목제조"				,"stdrDt" : "2015-12-17"				}				,{				"indsLclsCd" : "B"				,"indsLclsNm" : "제조"				,"indsMclsCd" : "B07"				,"indsMclsNm" : "목재/가구제조"				,"indsSclsCd" : "B07B02"				,"indsSclsNm" : "박판제조"				,"stdrDt" : "2015-12-17"				}				,{				"indsLclsCd" : "B"				,"indsLclsNm" : "제조"				,"indsMclsCd" : "B07"				,"indsMclsNm" : "목재/가구제조"				,"indsSclsCd" : "B07B23"				,"indsSclsNm" : "부채/합죽선제조"				,"stdrDt" : "2015-12-17"				}				,{				"indsLclsCd" : "B"				,"indsLclsNm" : "제조"				,"indsMclsCd" : "B07"				,"indsMclsNm" : "목재/가구제조"				,"indsSclsCd" : "B07B21"				,"indsSclsNm" : "새끼/가마니제조"				,"stdrDt" : "2015-12-17"				}				,{				"indsLclsCd" : "B"				,"indsLclsNm" : "제조"				,"indsMclsCd" : "B07"				,"indsMclsNm" : "목재/가구제조"				,"indsSclsCd" : "B07B22"				,"indsSclsNm" : "소독저제조"				,"stdrDt" : "2015-12-17"				}				,{				"indsLclsCd" : "B"				,"indsLclsNm" : "제조"				,"indsMclsCd" : "B07"				,"indsMclsNm" : "목재/가구제조"				,"indsSclsCd" : "B07B14"				,"indsSclsNm" : "쌀통제조"				,"stdrDt" : "2015-12-17"				}				,{				"indsLclsCd" : "B"				,"indsLclsNm" : "제조"				,"indsMclsCd" : "B07"				,"indsMclsNm" : "목재/가구제조"				,"indsSclsCd" : "B07C06"				,"indsSclsNm" : "제재/목재가공-기타"				,"stdrDt" : "2015-12-17"				}				,{				"indsLclsCd" : "B"				,"indsLclsNm" : "제조"				,"indsMclsCd" : "B07"				,"indsMclsNm" : "목재/가구제조"				,"indsSclsCd" : "B07C01"				,"indsSclsNm" : "제재/목재가공-종합"				,"stdrDt" : "2015-12-17"				}				,{				"indsLclsCd" : "B"				,"indsLclsNm" : "제조"				,"indsMclsCd" : "B07"				,"indsMclsNm" : "목재/가구제조"				,"indsSclsCd" : "B07C03"				,"indsSclsNm" : "제재소"				,"stdrDt" : "2015-12-17"				}				,{				"indsLclsCd" : "B"				,"indsLclsNm" : "제조"				,"indsMclsCd" : "B07"				,"indsMclsNm" : "목재/가구제조"				,"indsSclsCd" : "B07B43"				,"indsSclsNm" : "조립식칸막이제조"				,"stdrDt" : "2015-12-17"				}				,{				"indsLclsCd" : "B"				,"indsLclsNm" : "제조"				,"indsMclsCd" : "B07"				,"indsMclsNm" : "목재/가구제조"				,"indsSclsCd" : "B07B24"				,"indsSclsNm" : "죽공예품제조"				,"stdrDt" : "2015-12-17"				}				,{				"indsLclsCd" : "B"				,"indsLclsNm" : "제조"				,"indsMclsCd" : "B07"				,"indsMclsNm" : "목재/가구제조"				,"indsSclsCd" : "B07C04"				,"indsSclsNm" : "죽재제조"				,"stdrDt" : "2015-12-17"				}				,{				"indsLclsCd" : "B"				,"indsLclsNm" : "제조"				,"indsMclsCd" : "B07"				,"indsMclsNm" : "목재/가구제조"				,"indsSclsCd" : "B07B34"				,"indsSclsNm" : "침대/내장가구제조-기타"				,"stdrDt" : "2015-12-17"				}				,{				"indsLclsCd" : "B"				,"indsLclsNm" : "제조"				,"indsMclsCd" : "B07"				,"indsMclsNm" : "목재/가구제조"				,"indsSclsCd" : "B07B30"				,"indsSclsNm" : "침대/내장가구제조-종합"				,"stdrDt" : "2015-12-17"				}				,{				"indsLclsCd" : "B"				,"indsLclsNm" : "제조"				,"indsMclsCd" : "B07"				,"indsMclsNm" : "목재/가구제조"				,"indsSclsCd" : "B07B18"				,"indsSclsNm" : "콜크제조"				,"stdrDt" : "2015-12-17"				}				,{				"indsLclsCd" : "B"				,"indsLclsNm" : "제조"				,"indsMclsCd" : "B07"				,"indsMclsNm" : "목재/가구제조"				,"indsSclsCd" : "B07B04"				,"indsSclsNm" : "합판제조"				,"stdrDt" : "2015-12-17"				}				,{				"indsLclsCd" : "B"				,"indsLclsNm" : "제조"				,"indsMclsCd" : "B07"				,"indsMclsNm" : "목재/가구제조"				,"indsSclsCd" : "B07C05"				,"indsSclsNm" : "후로딩보드제조"				,"stdrDt" : "2015-12-17"				}			]	}}