{	"header" : {		"description" : "소상공인시장진흥공단 상권정보 업종소분류 코드"		,"columns" : ["상권업종대분류코드","상권업종대분류코드명","상권업종중분류코드","상권업종중분류코드명","상권업종소분류코드","상권업종소분류코드명","데이터기준일자"]		,"resultCode" : "00"		,"resultMsg" : "NORMAL SERVICE"	},	"body" : {			"items" : [				{				"indsLclsCd" : "B"				,"indsLclsNm" : "제조"				,"indsMclsCd" : "B08"				,"indsMclsNm" : "종이류제조"				,"indsSclsCd" : "B08C09"				,"indsSclsNm" : "가공지제조"				,"stdrDt" : "2015-12-17"				}				,{				"indsLclsCd" : "B"				,"indsLclsNm" : "제조"				,"indsMclsCd" : "B08"				,"indsMclsNm" : "종이류제조"				,"indsSclsCd" : "B08B23"				,"indsSclsNm" : "갈포벽지제조"				,"stdrDt" : "2015-12-17"				}				,{				"indsLclsCd" : "B"				,"indsLclsNm" : "제조"				,"indsMclsCd" : "B08"				,"indsMclsNm" : "종이류제조"				,"indsSclsCd" : "B08B02"				,"indsSclsNm" : "골판지상자제조"				,"stdrDt" : "2015-12-17"				}				,{				"indsLclsCd" : "B"				,"indsLclsNm" : "제조"				,"indsMclsCd" : "B08"				,"indsMclsNm" : "종이류제조"				,"indsSclsCd" : "B08B03"				,"indsSclsNm" : "골판지제조-기타"				,"stdrDt" : "2015-12-17"				}				,{				"indsLclsCd" : "B"				,"indsLclsNm" : "제조"				,"indsMclsCd" : "B08"				,"indsMclsNm" : "종이류제조"				,"indsSclsCd" : "B08B01"				,"indsSclsNm" : "골판지제조-종합"				,"stdrDt" : "2015-12-17"				}				,{				"indsLclsCd" : "B"				,"indsLclsNm" : "제조"				,"indsMclsCd" : "B08"				,"indsMclsNm" : "종이류제조"				,"indsSclsCd" : "B08B17"				,"indsSclsNm" : "기타골판지/종이용기제조"				,"stdrDt" : "2015-12-17"				}				,{				"indsLclsCd" : "B"				,"indsLclsNm" : "제조"				,"indsMclsCd" : "B08"				,"indsMclsNm" : "종이류제조"				,"indsSclsCd" : "B08B30"				,"indsSclsNm" : "기타종이/판지제품제조"				,"stdrDt" : "2015-12-17"				}				,{				"indsLclsCd" : "B"				,"indsLclsNm" : "제조"				,"indsMclsCd" : "B08"				,"indsMclsNm" : "종이류제조"				,"indsSclsCd" : "B08B25"				,"indsSclsNm" : "벽지/장판지제조-기타"				,"stdrDt" : "2015-12-17"				}				,{				"indsLclsCd" : "B"				,"indsLclsNm" : "제조"				,"indsMclsCd" : "B08"				,"indsMclsNm" : "종이류제조"				,"indsSclsCd" : "B08B21"				,"indsSclsNm" : "벽지/장판지제조-종합"				,"stdrDt" : "2015-12-17"				}				,{				"indsLclsCd" : "B"				,"indsLclsNm" : "제조"				,"indsMclsCd" : "B08"				,"indsMclsNm" : "종이류제조"				,"indsSclsCd" : "B08B22"				,"indsSclsNm" : "벽지제조"				,"stdrDt" : "2015-12-17"				}				,{				"indsLclsCd" : "B"				,"indsLclsNm" : "제조"				,"indsMclsCd" : "B08"				,"indsMclsNm" : "종이류제조"				,"indsSclsCd" : "B08B06"				,"indsSclsNm" : "쇼핑백제조"				,"stdrDt" : "2015-12-17"				}				,{				"indsLclsCd" : "B"				,"indsLclsNm" : "제조"				,"indsMclsCd" : "B08"				,"indsMclsNm" : "종이류제조"				,"indsSclsCd" : "B08C05"				,"indsSclsNm" : "신문용지제조"				,"stdrDt" : "2015-12-17"				}				,{				"indsLclsCd" : "B"				,"indsLclsNm" : "제조"				,"indsMclsCd" : "B08"				,"indsMclsNm" : "종이류제조"				,"indsSclsCd" : "B08B11"				,"indsSclsNm" : "위생용종이용기제조-기타"				,"stdrDt" : "2015-12-17"				}				,{				"indsLclsCd" : "B"				,"indsLclsNm" : "제조"				,"indsMclsCd" : "B08"				,"indsMclsNm" : "종이류제조"				,"indsSclsCd" : "B08B09"				,"indsSclsNm" : "위생용종이용기제조-종합"				,"stdrDt" : "2015-12-17"				}				,{				"indsLclsCd" : "B"				,"indsLclsNm" : "제조"				,"indsMclsCd" : "B08"				,"indsMclsNm" : "종이류제조"				,"indsSclsCd" : "B08B20"				,"indsSclsNm" : "위생지제조-기타"				,"stdrDt" : "2015-12-17"				}				,{				"indsLclsCd" : "B"				,"indsLclsNm" : "제조"				,"indsMclsCd" : "B08"				,"indsMclsNm" : "종이류제조"				,"indsSclsCd" : "B08B18"				,"indsSclsNm" : "위생지제조-종합"				,"stdrDt" : "2015-12-17"				}				,{				"indsLclsCd" : "B"				,"indsLclsNm" : "제조"				,"indsMclsCd" : "B08"				,"indsMclsNm" : "종이류제조"				,"indsSclsCd" : "B08C06"				,"indsSclsNm" : "인쇄/필기용지제조"				,"stdrDt" : "2015-12-17"				}				,{				"indsLclsCd" : "B"				,"indsLclsNm" : "제조"				,"indsMclsCd" : "B08"				,"indsMclsNm" : "종이류제조"				,"indsSclsCd" : "B08B31"				,"indsSclsNm" : "자동기록기계용종이제품제조-기타"				,"stdrDt" : "2015-12-17"				}				,{				"indsLclsCd" : "B"				,"indsLclsNm" : "제조"				,"indsMclsCd" : "B08"				,"indsMclsNm" : "종이류제조"				,"indsSclsCd" : "B08B27"				,"indsSclsNm" : "자동기록기계용종이제품제조-종합"				,"stdrDt" : "2015-12-17"				}				,{				"indsLclsCd" : "B"				,"indsLclsNm" : "제조"				,"indsMclsCd" : "B08"				,"indsMclsNm" : "종이류제조"				,"indsSclsCd" : "B08B24"				,"indsSclsNm" : "장판지제조"				,"stdrDt" : "2015-12-17"				}				,{				"indsLclsCd" : "B"				,"indsLclsNm" : "제조"				,"indsMclsCd" : "B08"				,"indsMclsNm" : "종이류제조"				,"indsSclsCd" : "B08B08"				,"indsSclsNm" : "종이가방/포대제조-기타"				,"stdrDt" : "2015-12-17"				}				,{				"indsLclsCd" : "B"				,"indsLclsNm" : "제조"				,"indsMclsCd" : "B08"				,"indsMclsNm" : "종이류제조"				,"indsSclsCd" : "B08B04"				,"indsSclsNm" : "종이가방/포대제조-종합"				,"stdrDt" : "2015-12-17"				}				,{				"indsLclsCd" : "B"				,"indsLclsNm" : "제조"				,"indsMclsCd" : "B08"				,"indsMclsNm" : "종이류제조"				,"indsSclsCd" : "B08B05"				,"indsSclsNm" : "종이가방제조"				,"stdrDt" : "2015-12-17"				}				,{				"indsLclsCd" : "B"				,"indsLclsNm" : "제조"				,"indsMclsCd" : "B08"				,"indsMclsNm" : "종이류제조"				,"indsSclsCd" : "B08B32"				,"indsSclsNm" : "종이라벨제조"				,"stdrDt" : "2015-12-17"				}				,{				"indsLclsCd" : "B"				,"indsLclsNm" : "제조"				,"indsMclsCd" : "B08"				,"indsMclsNm" : "종이류제조"				,"indsSclsCd" : "B08B13"				,"indsSclsNm" : "종이상자제조"				,"stdrDt" : "2015-12-17"				}				,{				"indsLclsCd" : "B"				,"indsLclsNm" : "제조"				,"indsMclsCd" : "B08"				,"indsMclsNm" : "종이류제조"				,"indsSclsCd" : "B08C03"				,"indsSclsNm" : "종이제조"				,"stdrDt" : "2015-12-17"				}				,{				"indsLclsCd" : "B"				,"indsLclsNm" : "제조"				,"indsMclsCd" : "B08"				,"indsMclsNm" : "종이류제조"				,"indsSclsCd" : "B08B10"				,"indsSclsNm" : "종이컵제조"				,"stdrDt" : "2015-12-17"				}				,{				"indsLclsCd" : "B"				,"indsLclsNm" : "제조"				,"indsMclsCd" : "B08"				,"indsMclsNm" : "종이류제조"				,"indsSclsCd" : "B08B07"				,"indsSclsNm" : "종이포대제조"				,"stdrDt" : "2015-12-17"				}				,{				"indsLclsCd" : "B"				,"indsLclsNm" : "제조"				,"indsMclsCd" : "B08"				,"indsMclsNm" : "종이류제조"				,"indsSclsCd" : "B08B14"				,"indsSclsNm" : "지관제조"				,"stdrDt" : "2015-12-17"				}				,{				"indsLclsCd" : "B"				,"indsLclsNm" : "제조"				,"indsMclsCd" : "B08"				,"indsMclsNm" : "종이류제조"				,"indsSclsCd" : "B08B29"				,"indsSclsNm" : "천공카드제조"				,"stdrDt" : "2015-12-17"				}				,{				"indsLclsCd" : "B"				,"indsLclsNm" : "제조"				,"indsMclsCd" : "B08"				,"indsMclsNm" : "종이류제조"				,"indsSclsCd" : "B08B28"				,"indsSclsNm" : "컴퓨터용지제조"				,"stdrDt" : "2015-12-17"				}				,{				"indsLclsCd" : "B"				,"indsLclsNm" : "제조"				,"indsMclsCd" : "B08"				,"indsMclsNm" : "종이류제조"				,"indsSclsCd" : "B08C07"				,"indsSclsNm" : "크라프트지제조"				,"stdrDt" : "2015-12-17"				}				,{				"indsLclsCd" : "B"				,"indsLclsNm" : "제조"				,"indsMclsCd" : "B08"				,"indsMclsNm" : "종이류제조"				,"indsSclsCd" : "B08C08"				,"indsSclsNm" : "판지제조"				,"stdrDt" : "2015-12-17"				}				,{				"indsLclsCd" : "B"				,"indsLclsNm" : "제조"				,"indsMclsCd" : "B08"				,"indsMclsNm" : "종이류제조"				,"indsSclsCd" : "B08C10"				,"indsSclsNm" : "펄프/종이/판지제조-기타"				,"stdrDt" : "2015-12-17"				}				,{				"indsLclsCd" : "B"				,"indsLclsNm" : "제조"				,"indsMclsCd" : "B08"				,"indsMclsNm" : "종이류제조"				,"indsSclsCd" : "B08C01"				,"indsSclsNm" : "펄프/종이/판지제조-종합"				,"stdrDt" : "2015-12-17"				}				,{				"indsLclsCd" : "B"				,"indsLclsNm" : "제조"				,"indsMclsCd" : "B08"				,"indsMclsNm" : "종이류제조"				,"indsSclsCd" : "B08B26"				,"indsSclsNm" : "펄프성형제품제조"				,"stdrDt" : "2015-12-17"				}				,{				"indsLclsCd" : "B"				,"indsLclsNm" : "제조"				,"indsMclsCd" : "B08"				,"indsMclsNm" : "종이류제조"				,"indsSclsCd" : "B08C02"				,"indsSclsNm" : "펄프제조"				,"stdrDt" : "2015-12-17"				}				,{				"indsLclsCd" : "B"				,"indsLclsNm" : "제조"				,"indsMclsCd" : "B08"				,"indsMclsNm" : "종이류제조"				,"indsSclsCd" : "B08B16"				,"indsSclsNm" : "포장용판지상자제조-기타"				,"stdrDt" : "2015-12-17"				}				,{				"indsLclsCd" : "B"				,"indsLclsNm" : "제조"				,"indsMclsCd" : "B08"				,"indsMclsNm" : "종이류제조"				,"indsSclsCd" : "B08B12"				,"indsSclsNm" : "포장용판지상자제조-종합"				,"stdrDt" : "2015-12-17"				}				,{				"indsLclsCd" : "B"				,"indsLclsNm" : "제조"				,"indsMclsCd" : "B08"				,"indsMclsNm" : "종이류제조"				,"indsSclsCd" : "B08B15"				,"indsSclsNm" : "포장지제조"				,"stdrDt" : "2015-12-17"				}				,{				"indsLclsCd" : "B"				,"indsLclsNm" : "제조"				,"indsMclsCd" : "B08"				,"indsMclsNm" : "종이류제조"				,"indsSclsCd" : "B08C04"				,"indsSclsNm" : "한지제조"				,"stdrDt" : "2015-12-17"				}				,{				"indsLclsCd" : "B"				,"indsLclsNm" : "제조"				,"indsMclsCd" : "B08"				,"indsMclsNm" : "종이류제조"				,"indsSclsCd" : "B08B19"				,"indsSclsNm" : "화장지제조"				,"stdrDt" : "2015-12-17"				}			]	}}