{	"header" : {		"description" : "소상공인시장진흥공단 상권정보 업종소분류 코드"		,"columns" : ["상권업종대분류코드","상권업종대분류코드명","상권업종중분류코드","상권업종중분류코드명","상권업종소분류코드","상권업종소분류코드명","데이터기준일자"]		,"resultCode" : "00"		,"resultMsg" : "NORMAL SERVICE"	},	"body" : {			"items" : [				{				"indsLclsCd" : "B"				,"indsLclsNm" : "제조"				,"indsMclsCd" : "B09"				,"indsMclsNm" : "인쇄"				,"indsSclsCd" : "B09B26"				,"indsSclsNm" : "바코드제작"				,"stdrDt" : "2015-12-17"				}				,{				"indsLclsCd" : "B"				,"indsLclsNm" : "제조"				,"indsMclsCd" : "B09"				,"indsMclsNm" : "인쇄"				,"indsSclsCd" : "B09B18"				,"indsSclsNm" : "상업인쇄-기타"				,"stdrDt" : "2015-12-17"				}				,{				"indsLclsCd" : "B"				,"indsLclsNm" : "제조"				,"indsMclsCd" : "B09"				,"indsMclsNm" : "인쇄"				,"indsSclsCd" : "B09B01"				,"indsSclsNm" : "상업인쇄-종합"				,"stdrDt" : "2015-12-17"				}				,{				"indsLclsCd" : "B"				,"indsLclsNm" : "제조"				,"indsMclsCd" : "B09"				,"indsMclsNm" : "인쇄"				,"indsSclsCd" : "B09B03"				,"indsSclsNm" : "인쇄-경"				,"stdrDt" : "2015-12-17"				}				,{				"indsLclsCd" : "B"				,"indsLclsNm" : "제조"				,"indsMclsCd" : "B09"				,"indsMclsNm" : "인쇄"				,"indsSclsCd" : "B09B04"				,"indsSclsNm" : "인쇄-공판"				,"stdrDt" : "2015-12-17"				}				,{				"indsLclsCd" : "B"				,"indsLclsNm" : "제조"				,"indsMclsCd" : "B09"				,"indsMclsNm" : "인쇄"				,"indsSclsCd" : "B09B05"				,"indsSclsNm" : "인쇄-그라비어"				,"stdrDt" : "2015-12-17"				}				,{				"indsLclsCd" : "B"				,"indsLclsNm" : "제조"				,"indsMclsCd" : "B09"				,"indsMclsNm" : "인쇄"				,"indsSclsCd" : "B09B13"				,"indsSclsNm" : "인쇄-금박"				,"stdrDt" : "2015-12-17"				}				,{				"indsLclsCd" : "B"				,"indsLclsNm" : "제조"				,"indsMclsCd" : "B09"				,"indsMclsNm" : "인쇄"				,"indsSclsCd" : "B09B15"				,"indsSclsNm" : "인쇄-부식"				,"stdrDt" : "2015-12-17"				}				,{				"indsLclsCd" : "B"				,"indsLclsNm" : "제조"				,"indsMclsCd" : "B09"				,"indsMclsNm" : "인쇄"				,"indsSclsCd" : "B09B22"				,"indsSclsNm" : "인쇄-사진식자"				,"stdrDt" : "2015-12-17"				}				,{				"indsLclsCd" : "B"				,"indsLclsNm" : "제조"				,"indsMclsCd" : "B09"				,"indsMclsNm" : "인쇄"				,"indsSclsCd" : "B09B06"				,"indsSclsNm" : "인쇄-스크린"				,"stdrDt" : "2015-12-17"				}				,{				"indsLclsCd" : "B"				,"indsLclsNm" : "제조"				,"indsMclsCd" : "B09"				,"indsMclsNm" : "인쇄"				,"indsSclsCd" : "B09B12"				,"indsSclsNm" : "인쇄-스티커"				,"stdrDt" : "2015-12-17"				}				,{				"indsLclsCd" : "B"				,"indsLclsNm" : "제조"				,"indsMclsCd" : "B09"				,"indsMclsNm" : "인쇄"				,"indsSclsCd" : "B09B17"				,"indsSclsNm" : "인쇄-실사출력"				,"stdrDt" : "2015-12-17"				}				,{				"indsLclsCd" : "B"				,"indsLclsNm" : "제조"				,"indsMclsCd" : "B09"				,"indsMclsNm" : "인쇄"				,"indsSclsCd" : "B09B07"				,"indsSclsNm" : "인쇄-오프셋"				,"stdrDt" : "2015-12-17"				}				,{				"indsLclsCd" : "B"				,"indsLclsNm" : "제조"				,"indsMclsCd" : "B09"				,"indsMclsNm" : "인쇄"				,"indsSclsCd" : "B09B24"				,"indsSclsNm" : "인쇄-요철판제조"				,"stdrDt" : "2015-12-17"				}				,{				"indsLclsCd" : "B"				,"indsLclsNm" : "제조"				,"indsMclsCd" : "B09"				,"indsMclsNm" : "인쇄"				,"indsSclsCd" : "B09B25"				,"indsSclsNm" : "인쇄-원색분해"				,"stdrDt" : "2015-12-17"				}				,{				"indsLclsCd" : "B"				,"indsLclsNm" : "제조"				,"indsMclsCd" : "B09"				,"indsMclsNm" : "인쇄"				,"indsSclsCd" : "B09B02"				,"indsSclsNm" : "인쇄-일반"				,"stdrDt" : "2015-12-17"				}				,{				"indsLclsCd" : "B"				,"indsLclsNm" : "제조"				,"indsMclsCd" : "B09"				,"indsMclsNm" : "인쇄"				,"indsSclsCd" : "B09B11"				,"indsSclsNm" : "인쇄-전사지"				,"stdrDt" : "2015-12-17"				}				,{				"indsLclsCd" : "B"				,"indsLclsNm" : "제조"				,"indsMclsCd" : "B09"				,"indsMclsNm" : "인쇄"				,"indsSclsCd" : "B09B21"				,"indsSclsNm" : "인쇄-전산식자"				,"stdrDt" : "2015-12-17"				}				,{				"indsLclsCd" : "B"				,"indsLclsNm" : "제조"				,"indsMclsCd" : "B09"				,"indsMclsNm" : "인쇄"				,"indsSclsCd" : "B09B23"				,"indsSclsNm" : "인쇄-전자조판"				,"stdrDt" : "2015-12-17"				}				,{				"indsLclsCd" : "B"				,"indsLclsNm" : "제조"				,"indsMclsCd" : "B09"				,"indsMclsNm" : "인쇄"				,"indsSclsCd" : "B09B20"				,"indsSclsNm" : "인쇄-제판/조판"				,"stdrDt" : "2015-12-17"				}				,{				"indsLclsCd" : "B"				,"indsLclsNm" : "제조"				,"indsMclsCd" : "B09"				,"indsMclsNm" : "인쇄"				,"indsSclsCd" : "B09B09"				,"indsSclsNm" : "인쇄-카드"				,"stdrDt" : "2015-12-17"				}				,{				"indsLclsCd" : "B"				,"indsLclsNm" : "제조"				,"indsMclsCd" : "B09"				,"indsMclsNm" : "인쇄"				,"indsSclsCd" : "B09B14"				,"indsSclsNm" : "인쇄-캘린더"				,"stdrDt" : "2015-12-17"				}				,{				"indsLclsCd" : "B"				,"indsLclsNm" : "제조"				,"indsMclsCd" : "B09"				,"indsMclsNm" : "인쇄"				,"indsSclsCd" : "B09B08"				,"indsSclsNm" : "인쇄-특수"				,"stdrDt" : "2015-12-17"				}				,{				"indsLclsCd" : "B"				,"indsLclsNm" : "제조"				,"indsMclsCd" : "B09"				,"indsMclsNm" : "인쇄"				,"indsSclsCd" : "B09B10"				,"indsSclsNm" : "인쇄-프린트"				,"stdrDt" : "2015-12-17"				}				,{				"indsLclsCd" : "B"				,"indsLclsNm" : "제조"				,"indsMclsCd" : "B09"				,"indsMclsNm" : "인쇄"				,"indsSclsCd" : "B09B16"				,"indsSclsNm" : "인쇄-활자"				,"stdrDt" : "2015-12-17"				}				,{				"indsLclsCd" : "B"				,"indsLclsNm" : "제조"				,"indsMclsCd" : "B09"				,"indsMclsNm" : "인쇄"				,"indsSclsCd" : "B09B27"				,"indsSclsNm" : "인쇄관련서비스-기타"				,"stdrDt" : "2015-12-17"				}				,{				"indsLclsCd" : "B"				,"indsLclsNm" : "제조"				,"indsMclsCd" : "B09"				,"indsMclsNm" : "인쇄"				,"indsSclsCd" : "B09B19"				,"indsSclsNm" : "인쇄관련서비스-종합"				,"stdrDt" : "2015-12-17"				}			]	}}