{	"header" : {		"description" : "소상공인시장진흥공단 상권정보 업종중분류 코드"		,"columns" : ["상권업종대분류코드","상권업종대분류코드명","상권업종중분류코드","상권업종중분류코드명","데이터기준일자"]		,"resultCode" : "00"		,"resultMsg" : "NORMAL SERVICE"	},	"body" : {			"items" : [				{				"indsLclsCd" : "B1"				,"indsLclsNm" : "광업"				,"indsMclsCd" : "B106"				,"indsMclsNm" : "기타 비금속"				,"stdrDt" : "2023-02-28"				}				,{				"indsLclsCd" : "B1"				,"indsLclsNm" : "광업"				,"indsMclsCd" : "B104"				,"indsMclsNm" : "비철금속"				,"stdrDt" : "2023-02-28"				}				,{				"indsLclsCd" : "B1"				,"indsLclsNm" : "광업"				,"indsMclsCd" : "B101"				,"indsMclsNm" : "석탄 광업"				,"stdrDt" : "2023-02-28"				}				,{				"indsLclsCd" : "B1"				,"indsLclsNm" : "광업"				,"indsMclsCd" : "B102"				,"indsMclsNm" : "원유, 가스 채굴"				,"stdrDt" : "2023-02-28"				}				,{				"indsLclsCd" : "B1"				,"indsLclsNm" : "광업"				,"indsMclsCd" : "B107"				,"indsMclsNm" : "지원 서비스"				,"stdrDt" : "2023-02-28"				}				,{				"indsLclsCd" : "B1"				,"indsLclsNm" : "광업"				,"indsMclsCd" : "B103"				,"indsMclsNm" : "철"				,"stdrDt" : "2023-02-28"				}				,{				"indsLclsCd" : "B1"				,"indsLclsNm" : "광업"				,"indsMclsCd" : "B105"				,"indsMclsNm" : "토사석"				,"stdrDt" : "2023-02-28"				}			]	}}