{	"header" : {		"description" : "소상공인시장진흥공단 상권정보 업종소분류 코드"		,"columns" : ["상권업종대분류코드","상권업종대분류코드명","상권업종중분류코드","상권업종중분류코드명","상권업종소분류코드","상권업종소분류코드명","데이터기준일자"]		,"resultCode" : "00"		,"resultMsg" : "NORMAL SERVICE"	},	"body" : {			"items" : [				{				"indsLclsCd" : "B"				,"indsLclsNm" : "제조"				,"indsMclsCd" : "B10"				,"indsMclsNm" : "화합물/화학제품제조"				,"indsSclsCd" : "B10B48"				,"indsSclsNm" : "CD제조"				,"stdrDt" : "2015-12-17"				}				,{				"indsLclsCd" : "B"				,"indsLclsNm" : "제조"				,"indsMclsCd" : "B10"				,"indsMclsNm" : "화합물/화학제품제조"				,"indsSclsCd" : "B10B62"				,"indsSclsNm" : "PP평판시트제조"				,"stdrDt" : "2015-12-17"				}				,{				"indsLclsCd" : "B"				,"indsLclsNm" : "제조"				,"indsMclsCd" : "B10"				,"indsMclsNm" : "화합물/화학제품제조"				,"indsSclsCd" : "B10B61"				,"indsSclsNm" : "가방제조용PP제조"				,"stdrDt" : "2015-12-17"				}				,{				"indsLclsCd" : "B"				,"indsLclsNm" : "제조"				,"indsMclsCd" : "B10"				,"indsMclsNm" : "화합물/화학제품제조"				,"indsSclsCd" : "B10B60"				,"indsSclsNm" : "가성소다제조"				,"stdrDt" : "2015-12-17"				}				,{				"indsLclsCd" : "B"				,"indsLclsNm" : "제조"				,"indsMclsCd" : "B10"				,"indsMclsNm" : "화합물/화학제품제조"				,"indsSclsCd" : "B10B56"				,"indsSclsNm" : "감광재료제조-기타"				,"stdrDt" : "2015-12-17"				}				,{				"indsLclsCd" : "B"				,"indsLclsNm" : "제조"				,"indsMclsCd" : "B10"				,"indsMclsNm" : "화합물/화학제품제조"				,"indsSclsCd" : "B10B51"				,"indsSclsNm" : "감광재료제조-종합"				,"stdrDt" : "2015-12-17"				}				,{				"indsLclsCd" : "B"				,"indsLclsNm" : "제조"				,"indsMclsCd" : "B10"				,"indsMclsNm" : "화합물/화학제품제조"				,"indsSclsCd" : "B10B22"				,"indsSclsNm" : "계면활성제제조"				,"stdrDt" : "2015-12-17"				}				,{				"indsLclsCd" : "B"				,"indsLclsNm" : "제조"				,"indsMclsCd" : "B10"				,"indsMclsNm" : "화합물/화학제품제조"				,"indsSclsCd" : "B10B69"				,"indsSclsNm" : "공해방지-폐수처리약품제조"				,"stdrDt" : "2015-12-17"				}				,{				"indsLclsCd" : "B"				,"indsLclsNm" : "제조"				,"indsMclsCd" : "B10"				,"indsMclsNm" : "화합물/화학제품제조"				,"indsSclsCd" : "B10B32"				,"indsSclsNm" : "구두약제조"				,"stdrDt" : "2015-12-17"				}				,{				"indsLclsCd" : "B"				,"indsLclsNm" : "제조"				,"indsMclsCd" : "B10"				,"indsMclsNm" : "화합물/화학제품제조"				,"indsSclsCd" : "B10B21"				,"indsSclsNm" : "기타도료/인쇄잉크/관련제품제조"				,"stdrDt" : "2015-12-17"				}				,{				"indsLclsCd" : "B"				,"indsLclsNm" : "제조"				,"indsMclsCd" : "B10"				,"indsMclsNm" : "화합물/화학제품제조"				,"indsSclsCd" : "B10B05"				,"indsSclsNm" : "나프탈렌제조"				,"stdrDt" : "2015-12-17"				}				,{				"indsLclsCd" : "B"				,"indsLclsNm" : "제조"				,"indsMclsCd" : "B10"				,"indsMclsNm" : "화합물/화학제품제조"				,"indsSclsCd" : "B10B08"				,"indsSclsNm" : "농약제조"				,"stdrDt" : "2015-12-17"				}				,{				"indsLclsCd" : "B"				,"indsLclsNm" : "제조"				,"indsMclsCd" : "B10"				,"indsMclsNm" : "화합물/화학제품제조"				,"indsSclsCd" : "B10B10"				,"indsSclsNm" : "도료제조"				,"stdrDt" : "2015-12-17"				}				,{				"indsLclsCd" : "B"				,"indsLclsNm" : "제조"				,"indsMclsCd" : "B10"				,"indsMclsNm" : "화합물/화학제품제조"				,"indsSclsCd" : "B10B12"				,"indsSclsNm" : "도료제조-기타"				,"stdrDt" : "2015-12-17"				}				,{				"indsLclsCd" : "B"				,"indsLclsNm" : "제조"				,"indsMclsCd" : "B10"				,"indsMclsNm" : "화합물/화학제품제조"				,"indsSclsCd" : "B10B09"				,"indsSclsNm" : "도료제조-종합"				,"stdrDt" : "2015-12-17"				}				,{				"indsLclsCd" : "B"				,"indsLclsNm" : "제조"				,"indsMclsCd" : "B10"				,"indsMclsNm" : "화합물/화학제품제조"				,"indsSclsCd" : "B10B47"				,"indsSclsNm" : "마그네틱디스크제조"				,"stdrDt" : "2015-12-17"				}				,{				"indsLclsCd" : "B"				,"indsLclsNm" : "제조"				,"indsMclsCd" : "B10"				,"indsMclsNm" : "화합물/화학제품제조"				,"indsSclsCd" : "B10B49"				,"indsSclsNm" : "마그네틱테이프제조"				,"stdrDt" : "2015-12-17"				}				,{				"indsLclsCd" : "B"				,"indsLclsNm" : "제조"				,"indsMclsCd" : "B10"				,"indsMclsNm" : "화합물/화학제품제조"				,"indsSclsCd" : "B10B55"				,"indsSclsNm" : "마이크로필름제조"				,"stdrDt" : "2015-12-17"				}				,{				"indsLclsCd" : "B"				,"indsLclsNm" : "제조"				,"indsMclsCd" : "B10"				,"indsMclsNm" : "화합물/화학제품제조"				,"indsSclsCd" : "B10B17"				,"indsSclsNm" : "물감제조"				,"stdrDt" : "2015-12-17"				}				,{				"indsLclsCd" : "B"				,"indsLclsNm" : "제조"				,"indsMclsCd" : "B10"				,"indsMclsNm" : "화합물/화학제품제조"				,"indsSclsCd" : "B10B63"				,"indsSclsNm" : "방수제제조"				,"stdrDt" : "2015-12-17"				}				,{				"indsLclsCd" : "B"				,"indsLclsNm" : "제조"				,"indsMclsCd" : "B10"				,"indsMclsNm" : "화합물/화학제품제조"				,"indsSclsCd" : "B10B64"				,"indsSclsNm" : "방습제제조"				,"stdrDt" : "2015-12-17"				}				,{				"indsLclsCd" : "B"				,"indsLclsNm" : "제조"				,"indsMclsCd" : "B10"				,"indsMclsNm" : "화합물/화학제품제조"				,"indsSclsCd" : "B10B65"				,"indsSclsNm" : "방염제제조"				,"stdrDt" : "2015-12-17"				}				,{				"indsLclsCd" : "B"				,"indsLclsNm" : "제조"				,"indsMclsCd" : "B10"				,"indsMclsNm" : "화합물/화학제품제조"				,"indsSclsCd" : "B10B66"				,"indsSclsNm" : "방청제제조"				,"stdrDt" : "2015-12-17"				}				,{				"indsLclsCd" : "B"				,"indsLclsNm" : "제조"				,"indsMclsCd" : "B10"				,"indsMclsNm" : "화합물/화학제품제조"				,"indsSclsCd" : "B10B06"				,"indsSclsNm" : "방충제제조"				,"stdrDt" : "2015-12-17"				}				,{				"indsLclsCd" : "B"				,"indsLclsNm" : "제조"				,"indsMclsCd" : "B10"				,"indsMclsNm" : "화합물/화학제품제조"				,"indsSclsCd" : "B10B42"				,"indsSclsNm" : "방향유제조"				,"stdrDt" : "2015-12-17"				}				,{				"indsLclsCd" : "B"				,"indsLclsNm" : "제조"				,"indsMclsCd" : "B10"				,"indsMclsNm" : "화합물/화학제품제조"				,"indsSclsCd" : "B10B35"				,"indsSclsNm" : "방향제제조"				,"stdrDt" : "2015-12-17"				}				,{				"indsLclsCd" : "B"				,"indsLclsNm" : "제조"				,"indsMclsCd" : "B10"				,"indsMclsNm" : "화합물/화학제품제조"				,"indsSclsCd" : "B10B33"				,"indsSclsNm" : "보석세정제제조"				,"stdrDt" : "2015-12-17"				}				,{				"indsLclsCd" : "B"				,"indsLclsNm" : "제조"				,"indsMclsCd" : "B10"				,"indsMclsNm" : "화합물/화학제품제조"				,"indsSclsCd" : "B10B50"				,"indsSclsNm" : "비감광성기록매체제조-기타"				,"stdrDt" : "2015-12-17"				}				,{				"indsLclsCd" : "B"				,"indsLclsNm" : "제조"				,"indsMclsCd" : "B10"				,"indsMclsNm" : "화합물/화학제품제조"				,"indsSclsCd" : "B10B46"				,"indsSclsNm" : "비감광성기록매체제조-종합"				,"stdrDt" : "2015-12-17"				}				,{				"indsLclsCd" : "B"				,"indsLclsNm" : "제조"				,"indsMclsCd" : "B10"				,"indsMclsNm" : "화합물/화학제품제조"				,"indsSclsCd" : "B10B39"				,"indsSclsNm" : "비닐제품제조"				,"stdrDt" : "2015-12-17"				}				,{				"indsLclsCd" : "B"				,"indsLclsNm" : "제조"				,"indsMclsCd" : "B10"				,"indsMclsNm" : "화합물/화학제품제조"				,"indsSclsCd" : "B10B53"				,"indsSclsNm" : "사진필름제조"				,"stdrDt" : "2015-12-17"				}				,{				"indsLclsCd" : "B"				,"indsLclsNm" : "제조"				,"indsMclsCd" : "B10"				,"indsMclsNm" : "화합물/화학제품제조"				,"indsSclsCd" : "B10B07"				,"indsSclsNm" : "살균/살충제제조-기타"				,"stdrDt" : "2015-12-17"				}				,{				"indsLclsCd" : "B"				,"indsLclsNm" : "제조"				,"indsMclsCd" : "B10"				,"indsMclsNm" : "화합물/화학제품제조"				,"indsSclsCd" : "B10B01"				,"indsSclsNm" : "살균/살충제제조-종합"				,"stdrDt" : "2015-12-17"				}				,{				"indsLclsCd" : "B"				,"indsLclsNm" : "제조"				,"indsMclsCd" : "B10"				,"indsMclsNm" : "화합물/화학제품제조"				,"indsSclsCd" : "B10B02"				,"indsSclsNm" : "살균제제조"				,"stdrDt" : "2015-12-17"				}				,{				"indsLclsCd" : "B"				,"indsLclsNm" : "제조"				,"indsMclsCd" : "B10"				,"indsMclsNm" : "화합물/화학제품제조"				,"indsSclsCd" : "B10B03"				,"indsSclsNm" : "살충제제조"				,"stdrDt" : "2015-12-17"				}				,{				"indsLclsCd" : "B"				,"indsLclsNm" : "제조"				,"indsMclsCd" : "B10"				,"indsMclsNm" : "화합물/화학제품제조"				,"indsSclsCd" : "B10B25"				,"indsSclsNm" : "샴푸제조"				,"stdrDt" : "2015-12-17"				}				,{				"indsLclsCd" : "B"				,"indsLclsNm" : "제조"				,"indsMclsCd" : "B10"				,"indsMclsNm" : "화합물/화학제품제조"				,"indsSclsCd" : "B10B24"				,"indsSclsNm" : "세제제조"				,"stdrDt" : "2015-12-17"				}				,{				"indsLclsCd" : "B"				,"indsLclsNm" : "제조"				,"indsMclsCd" : "B10"				,"indsMclsNm" : "화합물/화학제품제조"				,"indsSclsCd" : "B10B27"				,"indsSclsNm" : "세제제조-기타"				,"stdrDt" : "2015-12-17"				}				,{				"indsLclsCd" : "B"				,"indsLclsNm" : "제조"				,"indsMclsCd" : "B10"				,"indsMclsNm" : "화합물/화학제품제조"				,"indsSclsCd" : "B10B23"				,"indsSclsNm" : "세제제조-종합"				,"stdrDt" : "2015-12-17"				}				,{				"indsLclsCd" : "B"				,"indsLclsNm" : "제조"				,"indsMclsCd" : "B10"				,"indsMclsNm" : "화합물/화학제품제조"				,"indsSclsCd" : "B10B26"				,"indsSclsNm" : "세척제제조"				,"stdrDt" : "2015-12-17"				}				,{				"indsLclsCd" : "B"				,"indsLclsNm" : "제조"				,"indsMclsCd" : "B10"				,"indsMclsNm" : "화합물/화학제품제조"				,"indsSclsCd" : "B10B04"				,"indsSclsNm" : "소독제제조"				,"stdrDt" : "2015-12-17"				}				,{				"indsLclsCd" : "B"				,"indsLclsNm" : "제조"				,"indsMclsCd" : "B10"				,"indsMclsNm" : "화합물/화학제품제조"				,"indsSclsCd" : "B10B59"				,"indsSclsNm" : "시약제조"				,"stdrDt" : "2015-12-17"				}				,{				"indsLclsCd" : "B"				,"indsLclsNm" : "제조"				,"indsMclsCd" : "B10"				,"indsMclsNm" : "화합물/화학제품제조"				,"indsSclsCd" : "B10B68"				,"indsSclsNm" : "식염수제조"				,"stdrDt" : "2015-12-17"				}				,{				"indsLclsCd" : "B"				,"indsLclsNm" : "제조"				,"indsMclsCd" : "B10"				,"indsMclsNm" : "화합물/화학제품제조"				,"indsSclsCd" : "B10B15"				,"indsSclsNm" : "안료제조"				,"stdrDt" : "2015-12-17"				}				,{				"indsLclsCd" : "B"				,"indsLclsNm" : "제조"				,"indsMclsCd" : "B10"				,"indsMclsNm" : "화합물/화학제품제조"				,"indsSclsCd" : "B10B20"				,"indsSclsNm" : "옻칠제조"				,"stdrDt" : "2015-12-17"				}				,{				"indsLclsCd" : "B"				,"indsLclsNm" : "제조"				,"indsMclsCd" : "B10"				,"indsMclsNm" : "화합물/화학제품제조"				,"indsSclsCd" : "B10B31"				,"indsSclsNm" : "왁스제조"				,"stdrDt" : "2015-12-17"				}				,{				"indsLclsCd" : "B"				,"indsLclsNm" : "제조"				,"indsMclsCd" : "B10"				,"indsMclsNm" : "화합물/화학제품제조"				,"indsSclsCd" : "B10B67"				,"indsSclsNm" : "위생/소독재료제조"				,"stdrDt" : "2015-12-17"				}				,{				"indsLclsCd" : "B"				,"indsLclsNm" : "제조"				,"indsMclsCd" : "B10"				,"indsMclsNm" : "화합물/화학제품제조"				,"indsSclsCd" : "B10B14"				,"indsSclsNm" : "유약제조"				,"stdrDt" : "2015-12-17"				}				,{				"indsLclsCd" : "B"				,"indsLclsNm" : "제조"				,"indsMclsCd" : "B10"				,"indsMclsNm" : "화합물/화학제품제조"				,"indsSclsCd" : "B10B16"				,"indsSclsNm" : "유약제조-기타"				,"stdrDt" : "2015-12-17"				}				,{				"indsLclsCd" : "B"				,"indsLclsNm" : "제조"				,"indsMclsCd" : "B10"				,"indsMclsNm" : "화합물/화학제품제조"				,"indsSclsCd" : "B10B13"				,"indsSclsNm" : "유약제조-종합"				,"stdrDt" : "2015-12-17"				}				,{				"indsLclsCd" : "B"				,"indsLclsNm" : "제조"				,"indsMclsCd" : "B10"				,"indsMclsNm" : "화합물/화학제품제조"				,"indsSclsCd" : "B10B19"				,"indsSclsNm" : "인쇄용카본제조"				,"stdrDt" : "2015-12-17"				}				,{				"indsLclsCd" : "B"				,"indsLclsNm" : "제조"				,"indsMclsCd" : "B10"				,"indsMclsNm" : "화합물/화학제품제조"				,"indsSclsCd" : "B10B54"				,"indsSclsNm" : "인쇄용필름제조"				,"stdrDt" : "2015-12-17"				}				,{				"indsLclsCd" : "B"				,"indsLclsNm" : "제조"				,"indsMclsCd" : "B10"				,"indsMclsNm" : "화합물/화학제품제조"				,"indsSclsCd" : "B10B18"				,"indsSclsNm" : "인쇄잉크제조"				,"stdrDt" : "2015-12-17"				}				,{				"indsLclsCd" : "B"				,"indsLclsNm" : "제조"				,"indsMclsCd" : "B10"				,"indsMclsNm" : "화합물/화학제품제조"				,"indsSclsCd" : "B10B52"				,"indsSclsNm" : "인화지제조"				,"stdrDt" : "2015-12-17"				}				,{				"indsLclsCd" : "B"				,"indsLclsNm" : "제조"				,"indsMclsCd" : "B10"				,"indsMclsNm" : "화합물/화학제품제조"				,"indsSclsCd" : "B10B43"				,"indsSclsNm" : "접착제제조"				,"stdrDt" : "2015-12-17"				}				,{				"indsLclsCd" : "B"				,"indsLclsNm" : "제조"				,"indsMclsCd" : "B10"				,"indsMclsNm" : "화합물/화학제품제조"				,"indsSclsCd" : "B10B44"				,"indsSclsNm" : "접착테이프제조"				,"stdrDt" : "2015-12-17"				}				,{				"indsLclsCd" : "B"				,"indsLclsNm" : "제조"				,"indsMclsCd" : "B10"				,"indsMclsNm" : "화합물/화학제품제조"				,"indsSclsCd" : "B10B58"				,"indsSclsNm" : "정제염제조"				,"stdrDt" : "2015-12-17"				}				,{				"indsLclsCd" : "B"				,"indsLclsNm" : "제조"				,"indsMclsCd" : "B10"				,"indsMclsNm" : "화합물/화학제품제조"				,"indsSclsCd" : "B10B57"				,"indsSclsNm" : "조제윤활유제조"				,"stdrDt" : "2015-12-17"				}				,{				"indsLclsCd" : "B"				,"indsLclsNm" : "제조"				,"indsMclsCd" : "B10"				,"indsMclsNm" : "화합물/화학제품제조"				,"indsSclsCd" : "B10B28"				,"indsSclsNm" : "치약제조"				,"stdrDt" : "2015-12-17"				}				,{				"indsLclsCd" : "B"				,"indsLclsNm" : "제조"				,"indsMclsCd" : "B10"				,"indsMclsNm" : "화합물/화학제품제조"				,"indsSclsCd" : "B10B36"				,"indsSclsNm" : "탈취제제조"				,"stdrDt" : "2015-12-17"				}				,{				"indsLclsCd" : "B"				,"indsLclsNm" : "제조"				,"indsMclsCd" : "B10"				,"indsMclsNm" : "화합물/화학제품제조"				,"indsSclsCd" : "B10B11"				,"indsSclsNm" : "페인트제조"				,"stdrDt" : "2015-12-17"				}				,{				"indsLclsCd" : "B"				,"indsLclsNm" : "제조"				,"indsMclsCd" : "B10"				,"indsMclsNm" : "화합물/화학제품제조"				,"indsSclsCd" : "B10B34"				,"indsSclsNm" : "표면광택제제조-기타"				,"stdrDt" : "2015-12-17"				}				,{				"indsLclsCd" : "B"				,"indsLclsNm" : "제조"				,"indsMclsCd" : "B10"				,"indsMclsNm" : "화합물/화학제품제조"				,"indsSclsCd" : "B10B30"				,"indsSclsNm" : "표면광택제제조-종합"				,"stdrDt" : "2015-12-17"				}				,{				"indsLclsCd" : "B"				,"indsLclsNm" : "제조"				,"indsMclsCd" : "B10"				,"indsMclsNm" : "화합물/화학제품제조"				,"indsSclsCd" : "B10B41"				,"indsSclsNm" : "필기용잉크제조"				,"stdrDt" : "2015-12-17"				}				,{				"indsLclsCd" : "B"				,"indsLclsNm" : "제조"				,"indsMclsCd" : "B10"				,"indsMclsNm" : "화합물/화학제품제조"				,"indsSclsCd" : "B10B37"				,"indsSclsNm" : "향료제조"				,"stdrDt" : "2015-12-17"				}				,{				"indsLclsCd" : "B"				,"indsLclsNm" : "제조"				,"indsMclsCd" : "B10"				,"indsMclsNm" : "화합물/화학제품제조"				,"indsSclsCd" : "B10B45"				,"indsSclsNm" : "화약제조"				,"stdrDt" : "2015-12-17"				}				,{				"indsLclsCd" : "B"				,"indsLclsNm" : "제조"				,"indsMclsCd" : "B10"				,"indsMclsNm" : "화합물/화학제품제조"				,"indsSclsCd" : "B10B29"				,"indsSclsNm" : "화장품제조"				,"stdrDt" : "2015-12-17"				}				,{				"indsLclsCd" : "B"				,"indsLclsNm" : "제조"				,"indsMclsCd" : "B10"				,"indsMclsNm" : "화합물/화학제품제조"				,"indsSclsCd" : "B10B40"				,"indsSclsNm" : "화학섬유제품제조-기타"				,"stdrDt" : "2015-12-17"				}				,{				"indsLclsCd" : "B"				,"indsLclsNm" : "제조"				,"indsMclsCd" : "B10"				,"indsMclsNm" : "화합물/화학제품제조"				,"indsSclsCd" : "B10B38"				,"indsSclsNm" : "화학섬유제품제조-종합"				,"stdrDt" : "2015-12-17"				}			]	}}