{	"header" : {		"description" : "소상공인시장진흥공단 상권정보 업종소분류 코드"		,"columns" : ["상권업종대분류코드","상권업종대분류코드명","상권업종중분류코드","상권업종중분류코드명","상권업종소분류코드","상권업종소분류코드명","데이터기준일자"]		,"resultCode" : "00"		,"resultMsg" : "NORMAL SERVICE"	},	"body" : {			"items" : [				{				"indsLclsCd" : "B1"				,"indsLclsNm" : "광업"				,"indsMclsCd" : "B104"				,"indsMclsNm" : "비철금속"				,"indsSclsCd" : "B10401"				,"indsSclsNm" : "비철금속 광업"				,"stdrDt" : "2023-02-28"				}			]	}}