{	"header" : {		"description" : "소상공인시장진흥공단 상권정보 업종소분류 코드"		,"columns" : ["상권업종대분류코드","상권업종대분류코드명","상권업종중분류코드","상권업종중분류코드명","상권업종소분류코드","상권업종소분류코드명","데이터기준일자"]		,"resultCode" : "00"		,"resultMsg" : "NORMAL SERVICE"	},	"body" : {			"items" : [				{				"indsLclsCd" : "B1"				,"indsLclsNm" : "광업"				,"indsMclsCd" : "B105"				,"indsMclsNm" : "토사석"				,"indsSclsCd" : "B10502"				,"indsSclsNm" : "건설용 석재 채굴 및 쇄석 생산업"				,"stdrDt" : "2023-02-28"				}				,{				"indsLclsCd" : "B1"				,"indsLclsNm" : "광업"				,"indsMclsCd" : "B105"				,"indsMclsNm" : "토사석"				,"indsSclsCd" : "B10503"				,"indsSclsNm" : "모래 및 자갈 채취업"				,"stdrDt" : "2023-02-28"				}				,{				"indsLclsCd" : "B1"				,"indsLclsNm" : "광업"				,"indsMclsCd" : "B105"				,"indsMclsNm" : "토사석"				,"indsSclsCd" : "B10501"				,"indsSclsNm" : "석회석 및 점토 광업"				,"stdrDt" : "2023-02-28"				}			]	}}