{	"header" : {		"description" : "소상공인시장진흥공단 상권정보 업종소분류 코드"		,"columns" : ["상권업종대분류코드","상권업종대분류코드명","상권업종중분류코드","상권업종중분류코드명","상권업종소분류코드","상권업종소분류코드명","데이터기준일자"]		,"resultCode" : "00"		,"resultMsg" : "NORMAL SERVICE"	},	"body" : {			"items" : [				{				"indsLclsCd" : "B1"				,"indsLclsNm" : "광업"				,"indsMclsCd" : "B106"				,"indsMclsNm" : "기타 비금속"				,"indsSclsCd" : "B10699"				,"indsSclsNm" : "그 외 기타 비금속광물 광업"				,"stdrDt" : "2023-02-28"				}				,{				"indsLclsCd" : "B1"				,"indsLclsNm" : "광업"				,"indsMclsCd" : "B106"				,"indsMclsNm" : "기타 비금속"				,"indsSclsCd" : "B10602"				,"indsSclsNm" : "천일염 생산 및 암염 채취업"				,"stdrDt" : "2023-02-28"				}				,{				"indsLclsCd" : "B1"				,"indsLclsNm" : "광업"				,"indsMclsCd" : "B106"				,"indsMclsNm" : "기타 비금속"				,"indsSclsCd" : "B10601"				,"indsSclsNm" : "화학용 및 비료 원료용 광물 광업"				,"stdrDt" : "2023-02-28"				}			]	}}