{	"header" : {		"description" : "소상공인시장진흥공단 상권정보 업종소분류 코드"		,"columns" : ["상권업종대분류코드","상권업종대분류코드명","상권업종중분류코드","상권업종중분류코드명","상권업종소분류코드","상권업종소분류코드명","데이터기준일자"]		,"resultCode" : "00"		,"resultMsg" : "NORMAL SERVICE"	},	"body" : {			"items" : [				{				"indsLclsCd" : "B"				,"indsLclsNm" : "제조"				,"indsMclsCd" : "B11"				,"indsMclsNm" : "제약업"				,"indsSclsCd" : "B11B03"				,"indsSclsNm" : "동물약품제조"				,"stdrDt" : "2015-12-17"				}				,{				"indsLclsCd" : "B"				,"indsLclsNm" : "제조"				,"indsMclsCd" : "B11"				,"indsMclsNm" : "제약업"				,"indsSclsCd" : "B11B02"				,"indsSclsNm" : "의약품제조"				,"stdrDt" : "2015-12-17"				}				,{				"indsLclsCd" : "B"				,"indsLclsNm" : "제조"				,"indsMclsCd" : "B11"				,"indsMclsNm" : "제약업"				,"indsSclsCd" : "B11B04"				,"indsSclsNm" : "제약업-기타"				,"stdrDt" : "2015-12-17"				}				,{				"indsLclsCd" : "B"				,"indsLclsNm" : "제조"				,"indsMclsCd" : "B11"				,"indsMclsNm" : "제약업"				,"indsSclsCd" : "B11B01"				,"indsSclsNm" : "제약업-종합"				,"stdrDt" : "2015-12-17"				}			]	}}