{	"header" : {		"description" : "소상공인시장진흥공단 상권정보 업종소분류 코드"		,"columns" : ["상권업종대분류코드","상권업종대분류코드명","상권업종중분류코드","상권업종중분류코드명","상권업종소분류코드","상권업종소분류코드명","데이터기준일자"]		,"resultCode" : "00"		,"resultMsg" : "NORMAL SERVICE"	},	"body" : {			"items" : [				{				"indsLclsCd" : "B"				,"indsLclsNm" : "제조"				,"indsMclsCd" : "B12"				,"indsMclsNm" : "고무/플라스틱제품제조"				,"indsSclsCd" : "B12B22"				,"indsSclsNm" : "FRP제품"				,"stdrDt" : "2015-12-17"				}				,{				"indsLclsCd" : "B"				,"indsLclsNm" : "제조"				,"indsMclsCd" : "B12"				,"indsMclsNm" : "고무/플라스틱제품제조"				,"indsSclsCd" : "B12B06"				,"indsSclsNm" : "고무벨트제조"				,"stdrDt" : "2015-12-17"				}				,{				"indsLclsCd" : "B"				,"indsLclsNm" : "제조"				,"indsMclsCd" : "B12"				,"indsMclsNm" : "고무/플라스틱제품제조"				,"indsSclsCd" : "B12B12"				,"indsSclsNm" : "고무장갑제조"				,"stdrDt" : "2015-12-17"				}				,{				"indsLclsCd" : "B"				,"indsLclsNm" : "제조"				,"indsMclsCd" : "B12"				,"indsMclsNm" : "고무/플라스틱제품제조"				,"indsSclsCd" : "B12B09"				,"indsSclsNm" : "고무지우개제조"				,"stdrDt" : "2015-12-17"				}				,{				"indsLclsCd" : "B"				,"indsLclsNm" : "제조"				,"indsMclsCd" : "B12"				,"indsMclsNm" : "고무/플라스틱제품제조"				,"indsSclsCd" : "B12B03"				,"indsSclsNm" : "고무타이어/튜브제조-기타"				,"stdrDt" : "2015-12-17"				}				,{				"indsLclsCd" : "B"				,"indsLclsNm" : "제조"				,"indsMclsCd" : "B12"				,"indsMclsNm" : "고무/플라스틱제품제조"				,"indsSclsCd" : "B12B01"				,"indsSclsNm" : "고무타이어/튜브제조-종합"				,"stdrDt" : "2015-12-17"				}				,{				"indsLclsCd" : "B"				,"indsLclsNm" : "제조"				,"indsMclsCd" : "B12"				,"indsMclsNm" : "고무/플라스틱제품제조"				,"indsSclsCd" : "B12B08"				,"indsSclsNm" : "고무호스제조"				,"stdrDt" : "2015-12-17"				}				,{				"indsLclsCd" : "B"				,"indsLclsNm" : "제조"				,"indsMclsCd" : "B12"				,"indsMclsNm" : "고무/플라스틱제품제조"				,"indsSclsCd" : "B12B17"				,"indsSclsNm" : "비닐장판/벽지제조"				,"stdrDt" : "2015-12-17"				}				,{				"indsLclsCd" : "B"				,"indsLclsNm" : "제조"				,"indsMclsCd" : "B12"				,"indsMclsNm" : "고무/플라스틱제품제조"				,"indsSclsCd" : "B12B05"				,"indsSclsNm" : "산업용고무제품제조"				,"stdrDt" : "2015-12-17"				}				,{				"indsLclsCd" : "B"				,"indsLclsNm" : "제조"				,"indsMclsCd" : "B12"				,"indsMclsNm" : "고무/플라스틱제품제조"				,"indsSclsCd" : "B12B13"				,"indsSclsNm" : "수술용고무장갑제조"				,"stdrDt" : "2015-12-17"				}				,{				"indsLclsCd" : "B"				,"indsLclsNm" : "제조"				,"indsMclsCd" : "B12"				,"indsMclsNm" : "고무/플라스틱제품제조"				,"indsSclsCd" : "B12B18"				,"indsSclsNm" : "스티로폴제조"				,"stdrDt" : "2015-12-17"				}				,{				"indsLclsCd" : "B"				,"indsLclsNm" : "제조"				,"indsMclsCd" : "B12"				,"indsMclsNm" : "고무/플라스틱제품제조"				,"indsSclsCd" : "B12B11"				,"indsSclsNm" : "스폰지(제조)"				,"stdrDt" : "2015-12-17"				}				,{				"indsLclsCd" : "B"				,"indsLclsNm" : "제조"				,"indsMclsCd" : "B12"				,"indsMclsNm" : "고무/플라스틱제품제조"				,"indsSclsCd" : "B12B07"				,"indsSclsNm" : "실리콘제조"				,"stdrDt" : "2015-12-17"				}				,{				"indsLclsCd" : "B"				,"indsLclsNm" : "제조"				,"indsMclsCd" : "B12"				,"indsMclsNm" : "고무/플라스틱제품제조"				,"indsSclsCd" : "B12B16"				,"indsSclsNm" : "아크릴제조"				,"stdrDt" : "2015-12-17"				}				,{				"indsLclsCd" : "B"				,"indsLclsNm" : "제조"				,"indsMclsCd" : "B12"				,"indsMclsNm" : "고무/플라스틱제품제조"				,"indsSclsCd" : "B12B04"				,"indsSclsNm" : "위생용고무제품제조"				,"stdrDt" : "2015-12-17"				}				,{				"indsLclsCd" : "B"				,"indsLclsNm" : "제조"				,"indsMclsCd" : "B12"				,"indsMclsNm" : "고무/플라스틱제품제조"				,"indsSclsCd" : "B12B21"				,"indsSclsNm" : "이동식화장실제조"				,"stdrDt" : "2015-12-17"				}				,{				"indsLclsCd" : "B"				,"indsLclsNm" : "제조"				,"indsMclsCd" : "B12"				,"indsMclsNm" : "고무/플라스틱제품제조"				,"indsSclsCd" : "B12B24"				,"indsSclsNm" : "조립식벽돌제조"				,"stdrDt" : "2015-12-17"				}				,{				"indsLclsCd" : "B"				,"indsLclsNm" : "제조"				,"indsMclsCd" : "B12"				,"indsMclsNm" : "고무/플라스틱제품제조"				,"indsSclsCd" : "B12B10"				,"indsSclsNm" : "콘돔제조"				,"stdrDt" : "2015-12-17"				}				,{				"indsLclsCd" : "B"				,"indsLclsNm" : "제조"				,"indsMclsCd" : "B12"				,"indsMclsNm" : "고무/플라스틱제품제조"				,"indsSclsCd" : "B12B02"				,"indsSclsNm" : "타이어/튜브제조"				,"stdrDt" : "2015-12-17"				}				,{				"indsLclsCd" : "B"				,"indsLclsNm" : "제조"				,"indsMclsCd" : "B12"				,"indsMclsNm" : "고무/플라스틱제품제조"				,"indsSclsCd" : "B12B23"				,"indsSclsNm" : "플라스틱병제조"				,"stdrDt" : "2015-12-17"				}				,{				"indsLclsCd" : "B"				,"indsLclsNm" : "제조"				,"indsMclsCd" : "B12"				,"indsMclsNm" : "고무/플라스틱제품제조"				,"indsSclsCd" : "B12B19"				,"indsSclsNm" : "플라스틱용기제조"				,"stdrDt" : "2015-12-17"				}				,{				"indsLclsCd" : "B"				,"indsLclsNm" : "제조"				,"indsMclsCd" : "B12"				,"indsMclsNm" : "고무/플라스틱제품제조"				,"indsSclsCd" : "B12B25"				,"indsSclsNm" : "플라스틱제품제조-기타"				,"stdrDt" : "2015-12-17"				}				,{				"indsLclsCd" : "B"				,"indsLclsNm" : "제조"				,"indsMclsCd" : "B12"				,"indsMclsNm" : "고무/플라스틱제품제조"				,"indsSclsCd" : "B12B14"				,"indsSclsNm" : "플라스틱제품제조-종합"				,"stdrDt" : "2015-12-17"				}				,{				"indsLclsCd" : "B"				,"indsLclsNm" : "제조"				,"indsMclsCd" : "B12"				,"indsMclsNm" : "고무/플라스틱제품제조"				,"indsSclsCd" : "B12B20"				,"indsSclsNm" : "플라스틱파이프제조"				,"stdrDt" : "2015-12-17"				}				,{				"indsLclsCd" : "B"				,"indsLclsNm" : "제조"				,"indsMclsCd" : "B12"				,"indsMclsNm" : "고무/플라스틱제품제조"				,"indsSclsCd" : "B12B15"				,"indsSclsNm" : "플라스틱호스제조"				,"stdrDt" : "2015-12-17"				}			]	}}