{	"header" : {		"description" : "소상공인시장진흥공단 상권정보 업종소분류 코드"		,"columns" : ["상권업종대분류코드","상권업종대분류코드명","상권업종중분류코드","상권업종중분류코드명","상권업종소분류코드","상권업종소분류코드명","데이터기준일자"]		,"resultCode" : "00"		,"resultMsg" : "NORMAL SERVICE"	},	"body" : {			"items" : [				{				"indsLclsCd" : "B"				,"indsLclsNm" : "제조"				,"indsMclsCd" : "B13"				,"indsMclsNm" : "유리/도자기제조"				,"indsSclsCd" : "B13B15"				,"indsSclsNm" : "가정용도자기제조"				,"stdrDt" : "2015-12-17"				}				,{				"indsLclsCd" : "B"				,"indsLclsNm" : "제조"				,"indsMclsCd" : "B13"				,"indsMclsNm" : "유리/도자기제조"				,"indsSclsCd" : "B13B05"				,"indsSclsNm" : "거울제조"				,"stdrDt" : "2015-12-17"				}				,{				"indsLclsCd" : "B"				,"indsLclsNm" : "제조"				,"indsMclsCd" : "B13"				,"indsMclsNm" : "유리/도자기제조"				,"indsSclsCd" : "B13B04"				,"indsSclsNm" : "광학유리제조"				,"stdrDt" : "2015-12-17"				}				,{				"indsLclsCd" : "B"				,"indsLclsNm" : "제조"				,"indsMclsCd" : "B13"				,"indsMclsNm" : "유리/도자기제조"				,"indsSclsCd" : "B13B25"				,"indsSclsNm" : "기타도자기제조업"				,"stdrDt" : "2015-12-17"				}				,{				"indsLclsCd" : "B"				,"indsLclsNm" : "제조"				,"indsMclsCd" : "B13"				,"indsMclsNm" : "유리/도자기제조"				,"indsSclsCd" : "B13B22"				,"indsSclsNm" : "산업용도자기제조"				,"stdrDt" : "2015-12-17"				}				,{				"indsLclsCd" : "B"				,"indsLclsNm" : "제조"				,"indsMclsCd" : "B13"				,"indsMclsNm" : "유리/도자기제조"				,"indsSclsCd" : "B13B16"				,"indsSclsNm" : "위생용도자기제조"				,"stdrDt" : "2015-12-17"				}				,{				"indsLclsCd" : "B"				,"indsLclsNm" : "제조"				,"indsMclsCd" : "B13"				,"indsMclsNm" : "유리/도자기제조"				,"indsSclsCd" : "B13B09"				,"indsSclsNm" : "유리공예품제조"				,"stdrDt" : "2015-12-17"				}				,{				"indsLclsCd" : "B"				,"indsLclsNm" : "제조"				,"indsMclsCd" : "B13"				,"indsMclsNm" : "유리/도자기제조"				,"indsSclsCd" : "B13B11"				,"indsSclsNm" : "유리그릇제조"				,"stdrDt" : "2015-12-17"				}				,{				"indsLclsCd" : "B"				,"indsLclsNm" : "제조"				,"indsMclsCd" : "B13"				,"indsMclsNm" : "유리/도자기제조"				,"indsSclsCd" : "B13B10"				,"indsSclsNm" : "유리병제조"				,"stdrDt" : "2015-12-17"				}				,{				"indsLclsCd" : "B"				,"indsLclsNm" : "제조"				,"indsMclsCd" : "B13"				,"indsMclsNm" : "유리/도자기제조"				,"indsSclsCd" : "B13B08"				,"indsSclsNm" : "유리섬유제조"				,"stdrDt" : "2015-12-17"				}				,{				"indsLclsCd" : "B"				,"indsLclsNm" : "제조"				,"indsMclsCd" : "B13"				,"indsMclsNm" : "유리/도자기제조"				,"indsSclsCd" : "B13B06"				,"indsSclsNm" : "유리제조-기타"				,"stdrDt" : "2015-12-17"				}				,{				"indsLclsCd" : "B"				,"indsLclsNm" : "제조"				,"indsMclsCd" : "B13"				,"indsMclsNm" : "유리/도자기제조"				,"indsSclsCd" : "B13B01"				,"indsSclsNm" : "유리제조-종합"				,"stdrDt" : "2015-12-17"				}				,{				"indsLclsCd" : "B"				,"indsLclsNm" : "제조"				,"indsMclsCd" : "B13"				,"indsMclsNm" : "유리/도자기제조"				,"indsSclsCd" : "B13B13"				,"indsSclsNm" : "유리제품제조-기타"				,"stdrDt" : "2015-12-17"				}				,{				"indsLclsCd" : "B"				,"indsLclsNm" : "제조"				,"indsMclsCd" : "B13"				,"indsMclsNm" : "유리/도자기제조"				,"indsSclsCd" : "B13B07"				,"indsSclsNm" : "유리제품제조-종합"				,"stdrDt" : "2015-12-17"				}				,{				"indsLclsCd" : "B"				,"indsLclsNm" : "제조"				,"indsMclsCd" : "B13"				,"indsMclsNm" : "유리/도자기제조"				,"indsSclsCd" : "B13B23"				,"indsSclsNm" : "이화학/산업용도자기제조-기타"				,"stdrDt" : "2015-12-17"				}				,{				"indsLclsCd" : "B"				,"indsLclsNm" : "제조"				,"indsMclsCd" : "B13"				,"indsMclsNm" : "유리/도자기제조"				,"indsSclsCd" : "B13B20"				,"indsSclsNm" : "이화학/산업용도자기제조-종합"				,"stdrDt" : "2015-12-17"				}				,{				"indsLclsCd" : "B"				,"indsLclsNm" : "제조"				,"indsMclsCd" : "B13"				,"indsMclsNm" : "유리/도자기제조"				,"indsSclsCd" : "B13B21"				,"indsSclsNm" : "이화학용도자기제조"				,"stdrDt" : "2015-12-17"				}				,{				"indsLclsCd" : "B"				,"indsLclsNm" : "제조"				,"indsMclsCd" : "B13"				,"indsMclsNm" : "유리/도자기제조"				,"indsSclsCd" : "B13B24"				,"indsSclsNm" : "장식용도자기제조"				,"stdrDt" : "2015-12-17"				}				,{				"indsLclsCd" : "B"				,"indsLclsNm" : "제조"				,"indsMclsCd" : "B13"				,"indsMclsNm" : "유리/도자기제조"				,"indsSclsCd" : "B13B18"				,"indsSclsNm" : "전기애자제조"				,"stdrDt" : "2015-12-17"				}				,{				"indsLclsCd" : "B"				,"indsLclsNm" : "제조"				,"indsMclsCd" : "B13"				,"indsMclsNm" : "유리/도자기제조"				,"indsSclsCd" : "B13B19"				,"indsSclsNm" : "절연도기제조-기타"				,"stdrDt" : "2015-12-17"				}				,{				"indsLclsCd" : "B"				,"indsLclsNm" : "제조"				,"indsMclsCd" : "B13"				,"indsMclsNm" : "유리/도자기제조"				,"indsSclsCd" : "B13B17"				,"indsSclsNm" : "절연도기제조-종합"				,"stdrDt" : "2015-12-17"				}				,{				"indsLclsCd" : "B"				,"indsLclsNm" : "제조"				,"indsMclsCd" : "B13"				,"indsMclsNm" : "유리/도자기제조"				,"indsSclsCd" : "B13B12"				,"indsSclsNm" : "크리스털제조"				,"stdrDt" : "2015-12-17"				}				,{				"indsLclsCd" : "B"				,"indsLclsNm" : "제조"				,"indsMclsCd" : "B13"				,"indsMclsNm" : "유리/도자기제조"				,"indsSclsCd" : "B13B14"				,"indsSclsNm" : "토기제조"				,"stdrDt" : "2015-12-17"				}				,{				"indsLclsCd" : "B"				,"indsLclsNm" : "제조"				,"indsMclsCd" : "B13"				,"indsMclsNm" : "유리/도자기제조"				,"indsSclsCd" : "B13B03"				,"indsSclsNm" : "특수유리제조"				,"stdrDt" : "2015-12-17"				}				,{				"indsLclsCd" : "B"				,"indsLclsNm" : "제조"				,"indsMclsCd" : "B13"				,"indsMclsNm" : "유리/도자기제조"				,"indsSclsCd" : "B13B02"				,"indsSclsNm" : "판유리제조"				,"stdrDt" : "2015-12-17"				}			]	}}