{	"header" : {		"description" : "소상공인시장진흥공단 상권정보 업종소분류 코드"		,"columns" : ["상권업종대분류코드","상권업종대분류코드명","상권업종중분류코드","상권업종중분류코드명","상권업종소분류코드","상권업종소분류코드명","데이터기준일자"]		,"resultCode" : "00"		,"resultMsg" : "NORMAL SERVICE"	},	"body" : {			"items" : [				{				"indsLclsCd" : "B"				,"indsLclsNm" : "제조"				,"indsMclsCd" : "B14"				,"indsMclsNm" : "귀금속/장신구제조"				,"indsSclsCd" : "B14B06"				,"indsSclsNm" : "귀금속/장신구제조-기타"				,"stdrDt" : "2015-12-17"				}				,{				"indsLclsCd" : "B"				,"indsLclsNm" : "제조"				,"indsMclsCd" : "B14"				,"indsMclsNm" : "귀금속/장신구제조"				,"indsSclsCd" : "B14B01"				,"indsSclsNm" : "귀금속/장신구제조-종합"				,"stdrDt" : "2015-12-17"				}				,{				"indsLclsCd" : "B"				,"indsLclsNm" : "제조"				,"indsMclsCd" : "B14"				,"indsMclsNm" : "귀금속/장신구제조"				,"indsSclsCd" : "B14B03"				,"indsSclsNm" : "금은세공"				,"stdrDt" : "2015-12-17"				}				,{				"indsLclsCd" : "B"				,"indsLclsNm" : "제조"				,"indsMclsCd" : "B14"				,"indsMclsNm" : "귀금속/장신구제조"				,"indsSclsCd" : "B14B04"				,"indsSclsNm" : "보석가공"				,"stdrDt" : "2015-12-17"				}				,{				"indsLclsCd" : "B"				,"indsLclsNm" : "제조"				,"indsMclsCd" : "B14"				,"indsMclsNm" : "귀금속/장신구제조"				,"indsSclsCd" : "B14B05"				,"indsSclsNm" : "보석케이스제조"				,"stdrDt" : "2015-12-17"				}				,{				"indsLclsCd" : "B"				,"indsLclsNm" : "제조"				,"indsMclsCd" : "B14"				,"indsMclsNm" : "귀금속/장신구제조"				,"indsSclsCd" : "B14B02"				,"indsSclsNm" : "액세서리제조"				,"stdrDt" : "2015-12-17"				}			]	}}