{	"header" : {		"description" : "소상공인시장진흥공단 상권정보 업종소분류 코드"		,"columns" : ["상권업종대분류코드","상권업종대분류코드명","상권업종중분류코드","상권업종중분류코드명","상권업종소분류코드","상권업종소분류코드명","데이터기준일자"]		,"resultCode" : "00"		,"resultMsg" : "NORMAL SERVICE"	},	"body" : {			"items" : [				{				"indsLclsCd" : "B"				,"indsLclsNm" : "제조"				,"indsMclsCd" : "B15"				,"indsMclsNm" : "악기제조"				,"indsSclsCd" : "B15B03"				,"indsSclsNm" : "건반악기제조"				,"stdrDt" : "2015-12-17"				}				,{				"indsLclsCd" : "B"				,"indsLclsNm" : "제조"				,"indsMclsCd" : "B15"				,"indsMclsNm" : "악기제조"				,"indsSclsCd" : "B15B07"				,"indsSclsNm" : "국악기제조"				,"stdrDt" : "2015-12-17"				}				,{				"indsLclsCd" : "B"				,"indsLclsNm" : "제조"				,"indsMclsCd" : "B15"				,"indsMclsNm" : "악기제조"				,"indsSclsCd" : "B15B08"				,"indsSclsNm" : "악기제조-기타"				,"stdrDt" : "2015-12-17"				}				,{				"indsLclsCd" : "B"				,"indsLclsNm" : "제조"				,"indsMclsCd" : "B15"				,"indsMclsNm" : "악기제조"				,"indsSclsCd" : "B15B01"				,"indsSclsNm" : "악기제조-종합"				,"stdrDt" : "2015-12-17"				}				,{				"indsLclsCd" : "B"				,"indsLclsNm" : "제조"				,"indsMclsCd" : "B15"				,"indsMclsNm" : "악기제조"				,"indsSclsCd" : "B15B06"				,"indsSclsNm" : "전자악기제조"				,"stdrDt" : "2015-12-17"				}				,{				"indsLclsCd" : "B"				,"indsLclsNm" : "제조"				,"indsMclsCd" : "B15"				,"indsMclsNm" : "악기제조"				,"indsSclsCd" : "B15B05"				,"indsSclsNm" : "타악기제조"				,"stdrDt" : "2015-12-17"				}				,{				"indsLclsCd" : "B"				,"indsLclsNm" : "제조"				,"indsMclsCd" : "B15"				,"indsMclsNm" : "악기제조"				,"indsSclsCd" : "B15B02"				,"indsSclsNm" : "피아노제조"				,"stdrDt" : "2015-12-17"				}				,{				"indsLclsCd" : "B"				,"indsLclsNm" : "제조"				,"indsMclsCd" : "B15"				,"indsMclsNm" : "악기제조"				,"indsSclsCd" : "B15B04"				,"indsSclsNm" : "현악기제조"				,"stdrDt" : "2015-12-17"				}			]	}}