{	"header" : {		"description" : "소상공인시장진흥공단 상권정보 업종소분류 코드"		,"columns" : ["상권업종대분류코드","상권업종대분류코드명","상권업종중분류코드","상권업종중분류코드명","상권업종소분류코드","상권업종소분류코드명","데이터기준일자"]		,"resultCode" : "00"		,"resultMsg" : "NORMAL SERVICE"	},	"body" : {			"items" : [				{				"indsLclsCd" : "B"				,"indsLclsNm" : "제조"				,"indsMclsCd" : "B16"				,"indsMclsNm" : "운동용품제조"				,"indsSclsCd" : "B16B06"				,"indsSclsNm" : "골프용품제조"				,"stdrDt" : "2015-12-17"				}				,{				"indsLclsCd" : "B"				,"indsLclsNm" : "제조"				,"indsMclsCd" : "B16"				,"indsMclsNm" : "운동용품제조"				,"indsSclsCd" : "B16B08"				,"indsSclsNm" : "궁도기구제조"				,"stdrDt" : "2015-12-17"				}				,{				"indsLclsCd" : "B"				,"indsLclsNm" : "제조"				,"indsMclsCd" : "B16"				,"indsMclsNm" : "운동용품제조"				,"indsSclsCd" : "B16B07"				,"indsSclsNm" : "글러브제조"				,"stdrDt" : "2015-12-17"				}				,{				"indsLclsCd" : "B"				,"indsLclsNm" : "제조"				,"indsMclsCd" : "B16"				,"indsMclsNm" : "운동용품제조"				,"indsSclsCd" : "B16B09"				,"indsSclsNm" : "등산장비제조"				,"stdrDt" : "2015-12-17"				}				,{				"indsLclsCd" : "B"				,"indsLclsNm" : "제조"				,"indsMclsCd" : "B16"				,"indsMclsNm" : "운동용품제조"				,"indsSclsCd" : "B16B11"				,"indsSclsNm" : "레저용품제조"				,"stdrDt" : "2015-12-17"				}				,{				"indsLclsCd" : "B"				,"indsLclsNm" : "제조"				,"indsMclsCd" : "B16"				,"indsMclsNm" : "운동용품제조"				,"indsSclsCd" : "B16B03"				,"indsSclsNm" : "매트제조"				,"stdrDt" : "2015-12-17"				}				,{				"indsLclsCd" : "B"				,"indsLclsNm" : "제조"				,"indsMclsCd" : "B16"				,"indsMclsNm" : "운동용품제조"				,"indsSclsCd" : "B16B12"				,"indsSclsNm" : "수영용품제조"				,"stdrDt" : "2015-12-17"				}				,{				"indsLclsCd" : "B"				,"indsLclsNm" : "제조"				,"indsMclsCd" : "B16"				,"indsMclsNm" : "운동용품제조"				,"indsSclsCd" : "B16B10"				,"indsSclsNm" : "스키장비제조"				,"stdrDt" : "2015-12-17"				}				,{				"indsLclsCd" : "B"				,"indsLclsNm" : "제조"				,"indsMclsCd" : "B16"				,"indsMclsNm" : "운동용품제조"				,"indsSclsCd" : "B16B13"				,"indsSclsNm" : "운동/경기용구제조-기타"				,"stdrDt" : "2015-12-17"				}				,{				"indsLclsCd" : "B"				,"indsLclsNm" : "제조"				,"indsMclsCd" : "B16"				,"indsMclsNm" : "운동용품제조"				,"indsSclsCd" : "B16B01"				,"indsSclsNm" : "운동/경기용구제조-종합"				,"stdrDt" : "2015-12-17"				}				,{				"indsLclsCd" : "B"				,"indsLclsNm" : "제조"				,"indsMclsCd" : "B16"				,"indsMclsNm" : "운동용품제조"				,"indsSclsCd" : "B16B05"				,"indsSclsNm" : "탁구기구제조"				,"stdrDt" : "2015-12-17"				}				,{				"indsLclsCd" : "B"				,"indsLclsNm" : "제조"				,"indsMclsCd" : "B16"				,"indsMclsNm" : "운동용품제조"				,"indsSclsCd" : "B16B04"				,"indsSclsNm" : "테니스기구제조"				,"stdrDt" : "2015-12-17"				}				,{				"indsLclsCd" : "B"				,"indsLclsNm" : "제조"				,"indsMclsCd" : "B16"				,"indsMclsNm" : "운동용품제조"				,"indsSclsCd" : "B16B02"				,"indsSclsNm" : "헬스기구제조"				,"stdrDt" : "2015-12-17"				}			]	}}