{	"header" : {		"description" : "소상공인시장진흥공단 상권정보 업종소분류 코드"		,"columns" : ["상권업종대분류코드","상권업종대분류코드명","상권업종중분류코드","상권업종중분류코드명","상권업종소분류코드","상권업종소분류코드명","데이터기준일자"]		,"resultCode" : "00"		,"resultMsg" : "NORMAL SERVICE"	},	"body" : {			"items" : [				{				"indsLclsCd" : "B"				,"indsLclsNm" : "제조"				,"indsMclsCd" : "B17"				,"indsMclsNm" : "문구/잡화제조"				,"indsSclsCd" : "B17B15"				,"indsSclsNm" : "가구장식품제조"				,"stdrDt" : "2015-12-17"				}				,{				"indsLclsCd" : "B"				,"indsLclsNm" : "제조"				,"indsMclsCd" : "B17"				,"indsMclsNm" : "문구/잡화제조"				,"indsSclsCd" : "B17B12"				,"indsSclsNm" : "가발제조"				,"stdrDt" : "2015-12-17"				}				,{				"indsLclsCd" : "B"				,"indsLclsNm" : "제조"				,"indsMclsCd" : "B17"				,"indsMclsNm" : "문구/잡화제조"				,"indsSclsCd" : "B17B16"				,"indsSclsNm" : "가방장식품제조"				,"stdrDt" : "2015-12-17"				}				,{				"indsLclsCd" : "B"				,"indsLclsNm" : "제조"				,"indsMclsCd" : "B17"				,"indsMclsNm" : "문구/잡화제조"				,"indsSclsCd" : "B17B27"				,"indsSclsNm" : "간판프레임제작"				,"stdrDt" : "2015-12-17"				}				,{				"indsLclsCd" : "B"				,"indsLclsNm" : "제조"				,"indsMclsCd" : "B17"				,"indsMclsNm" : "문구/잡화제조"				,"indsSclsCd" : "B17B83"				,"indsSclsNm" : "공중전화카드제작"				,"stdrDt" : "2015-12-17"				}				,{				"indsLclsCd" : "B"				,"indsLclsNm" : "제조"				,"indsMclsCd" : "B17"				,"indsMclsNm" : "문구/잡화제조"				,"indsSclsCd" : "B17B28"				,"indsSclsNm" : "교통표지판제작"				,"stdrDt" : "2015-12-17"				}				,{				"indsLclsCd" : "B"				,"indsLclsNm" : "제조"				,"indsMclsCd" : "B17"				,"indsMclsNm" : "문구/잡화제조"				,"indsSclsCd" : "B17B17"				,"indsSclsNm" : "구두부속제조"				,"stdrDt" : "2015-12-17"				}				,{				"indsLclsCd" : "B"				,"indsLclsNm" : "제조"				,"indsMclsCd" : "B17"				,"indsMclsNm" : "문구/잡화제조"				,"indsSclsCd" : "B17B63"				,"indsSclsNm" : "단추/파스너제조-기타"				,"stdrDt" : "2015-12-17"				}				,{				"indsLclsCd" : "B"				,"indsLclsNm" : "제조"				,"indsMclsCd" : "B17"				,"indsMclsNm" : "문구/잡화제조"				,"indsSclsCd" : "B17B60"				,"indsSclsNm" : "단추/파스너제조-종합"				,"stdrDt" : "2015-12-17"				}				,{				"indsLclsCd" : "B"				,"indsLclsNm" : "제조"				,"indsMclsCd" : "B17"				,"indsMclsNm" : "문구/잡화제조"				,"indsSclsCd" : "B17B61"				,"indsSclsNm" : "단추제조"				,"stdrDt" : "2015-12-17"				}				,{				"indsLclsCd" : "B"				,"indsLclsNm" : "제조"				,"indsMclsCd" : "B17"				,"indsMclsNm" : "문구/잡화제조"				,"indsSclsCd" : "B17B71"				,"indsSclsNm" : "담배필터제조"				,"stdrDt" : "2015-12-17"				}				,{				"indsLclsCd" : "B"				,"indsLclsNm" : "제조"				,"indsMclsCd" : "B17"				,"indsMclsNm" : "문구/잡화제조"				,"indsSclsCd" : "B17B06"				,"indsSclsNm" : "당구재료제조"				,"stdrDt" : "2015-12-17"				}				,{				"indsLclsCd" : "B"				,"indsLclsNm" : "제조"				,"indsMclsCd" : "B17"				,"indsMclsNm" : "문구/잡화제조"				,"indsSclsCd" : "B17B75"				,"indsSclsNm" : "도장용기구제조"				,"stdrDt" : "2015-12-17"				}				,{				"indsLclsCd" : "B"				,"indsLclsNm" : "제조"				,"indsMclsCd" : "B17"				,"indsMclsNm" : "문구/잡화제조"				,"indsSclsCd" : "B17B74"				,"indsSclsNm" : "라이터/연소물/흡연품제조-기타"				,"stdrDt" : "2015-12-17"				}				,{				"indsLclsCd" : "B"				,"indsLclsNm" : "제조"				,"indsMclsCd" : "B17"				,"indsMclsNm" : "문구/잡화제조"				,"indsSclsCd" : "B17B70"				,"indsSclsNm" : "라이터/연소물/흡연품제조-종합"				,"stdrDt" : "2015-12-17"				}				,{				"indsLclsCd" : "B"				,"indsLclsNm" : "제조"				,"indsMclsCd" : "B17"				,"indsMclsNm" : "문구/잡화제조"				,"indsSclsCd" : "B17B72"				,"indsSclsNm" : "라이터제조"				,"stdrDt" : "2015-12-17"				}				,{				"indsLclsCd" : "B"				,"indsLclsNm" : "제조"				,"indsMclsCd" : "B17"				,"indsMclsNm" : "문구/잡화제조"				,"indsSclsCd" : "B17B80"				,"indsSclsNm" : "리놀륨제조"				,"stdrDt" : "2015-12-17"				}				,{				"indsLclsCd" : "B"				,"indsLclsNm" : "제조"				,"indsMclsCd" : "B17"				,"indsMclsNm" : "문구/잡화제조"				,"indsSclsCd" : "B17B25"				,"indsSclsNm" : "마네킹제조"				,"stdrDt" : "2015-12-17"				}				,{				"indsLclsCd" : "B"				,"indsLclsNm" : "제조"				,"indsMclsCd" : "B17"				,"indsMclsNm" : "문구/잡화제조"				,"indsSclsCd" : "B17B13"				,"indsSclsNm" : "모조장신품제조-기타"				,"stdrDt" : "2015-12-17"				}				,{				"indsLclsCd" : "B"				,"indsLclsNm" : "제조"				,"indsMclsCd" : "B17"				,"indsMclsNm" : "문구/잡화제조"				,"indsSclsCd" : "B17B10"				,"indsSclsNm" : "모조장신품제조-종합"				,"stdrDt" : "2015-12-17"				}				,{				"indsLclsCd" : "B"				,"indsLclsNm" : "제조"				,"indsMclsCd" : "B17"				,"indsMclsNm" : "문구/잡화제조"				,"indsSclsCd" : "B17B21"				,"indsSclsNm" : "모형건축물제조"				,"stdrDt" : "2015-12-17"				}				,{				"indsLclsCd" : "B"				,"indsLclsNm" : "제조"				,"indsMclsCd" : "B17"				,"indsMclsNm" : "문구/잡화제조"				,"indsSclsCd" : "B17B22"				,"indsSclsNm" : "모형과학교재제조"				,"stdrDt" : "2015-12-17"				}				,{				"indsLclsCd" : "B"				,"indsLclsNm" : "제조"				,"indsMclsCd" : "B17"				,"indsMclsNm" : "문구/잡화제조"				,"indsSclsCd" : "B17B23"				,"indsSclsNm" : "모형기계제조"				,"stdrDt" : "2015-12-17"				}				,{				"indsLclsCd" : "B"				,"indsLclsNm" : "제조"				,"indsMclsCd" : "B17"				,"indsMclsNm" : "문구/잡화제조"				,"indsSclsCd" : "B17B24"				,"indsSclsNm" : "모형음식제조"				,"stdrDt" : "2015-12-17"				}				,{				"indsLclsCd" : "B"				,"indsLclsNm" : "제조"				,"indsMclsCd" : "B17"				,"indsMclsNm" : "문구/잡화제조"				,"indsSclsCd" : "B17B26"				,"indsSclsNm" : "모형제조-기타"				,"stdrDt" : "2015-12-17"				}				,{				"indsLclsCd" : "B"				,"indsLclsNm" : "제조"				,"indsMclsCd" : "B17"				,"indsMclsNm" : "문구/잡화제조"				,"indsSclsCd" : "B17B20"				,"indsSclsNm" : "모형제조-종합"				,"stdrDt" : "2015-12-17"				}				,{				"indsLclsCd" : "B"				,"indsLclsNm" : "제조"				,"indsMclsCd" : "B17"				,"indsMclsNm" : "문구/잡화제조"				,"indsSclsCd" : "B17B55"				,"indsSclsNm" : "문구/회화용품제조-기타"				,"stdrDt" : "2015-12-17"				}				,{				"indsLclsCd" : "B"				,"indsLclsNm" : "제조"				,"indsMclsCd" : "B17"				,"indsMclsNm" : "문구/잡화제조"				,"indsSclsCd" : "B17B37"				,"indsSclsNm" : "문구/회화용품제조-종합"				,"stdrDt" : "2015-12-17"				}				,{				"indsLclsCd" : "B"				,"indsLclsNm" : "제조"				,"indsMclsCd" : "B17"				,"indsMclsNm" : "문구/잡화제조"				,"indsSclsCd" : "B17B38"				,"indsSclsNm" : "문구제조-그림물감"				,"stdrDt" : "2015-12-17"				}				,{				"indsLclsCd" : "B"				,"indsLclsNm" : "제조"				,"indsMclsCd" : "B17"				,"indsMclsNm" : "문구/잡화제조"				,"indsSclsCd" : "B17B39"				,"indsSclsNm" : "문구제조-노트"				,"stdrDt" : "2015-12-17"				}				,{				"indsLclsCd" : "B"				,"indsLclsNm" : "제조"				,"indsMclsCd" : "B17"				,"indsMclsNm" : "문구/잡화제조"				,"indsSclsCd" : "B17B40"				,"indsSclsNm" : "문구제조-만년필/볼펜"				,"stdrDt" : "2015-12-17"				}				,{				"indsLclsCd" : "B"				,"indsLclsNm" : "제조"				,"indsMclsCd" : "B17"				,"indsMclsNm" : "문구/잡화제조"				,"indsSclsCd" : "B17B41"				,"indsSclsNm" : "문구제조-바인더/파일"				,"stdrDt" : "2015-12-17"				}				,{				"indsLclsCd" : "B"				,"indsLclsNm" : "제조"				,"indsMclsCd" : "B17"				,"indsMclsNm" : "문구/잡화제조"				,"indsSclsCd" : "B17B42"				,"indsSclsNm" : "문구제조-분필"				,"stdrDt" : "2015-12-17"				}				,{				"indsLclsCd" : "B"				,"indsLclsNm" : "제조"				,"indsMclsCd" : "B17"				,"indsMclsNm" : "문구/잡화제조"				,"indsSclsCd" : "B17B43"				,"indsSclsNm" : "문구제조-색종이"				,"stdrDt" : "2015-12-17"				}				,{				"indsLclsCd" : "B"				,"indsLclsNm" : "제조"				,"indsMclsCd" : "B17"				,"indsMclsNm" : "문구/잡화제조"				,"indsSclsCd" : "B17B44"				,"indsSclsNm" : "문구제조-샤프"				,"stdrDt" : "2015-12-17"				}				,{				"indsLclsCd" : "B"				,"indsLclsNm" : "제조"				,"indsMclsCd" : "B17"				,"indsMclsNm" : "문구/잡화제조"				,"indsSclsCd" : "B17B45"				,"indsSclsNm" : "문구제조-서류함"				,"stdrDt" : "2015-12-17"				}				,{				"indsLclsCd" : "B"				,"indsLclsNm" : "제조"				,"indsMclsCd" : "B17"				,"indsMclsNm" : "문구/잡화제조"				,"indsSclsCd" : "B17B46"				,"indsSclsNm" : "문구제조-수첩"				,"stdrDt" : "2015-12-17"				}				,{				"indsLclsCd" : "B"				,"indsLclsNm" : "제조"				,"indsMclsCd" : "B17"				,"indsMclsNm" : "문구/잡화제조"				,"indsSclsCd" : "B17B47"				,"indsSclsNm" : "문구제조-앨범"				,"stdrDt" : "2015-12-17"				}				,{				"indsLclsCd" : "B"				,"indsLclsNm" : "제조"				,"indsMclsCd" : "B17"				,"indsMclsNm" : "문구/잡화제조"				,"indsSclsCd" : "B17B48"				,"indsSclsNm" : "문구제조-연필"				,"stdrDt" : "2015-12-17"				}				,{				"indsLclsCd" : "B"				,"indsLclsNm" : "제조"				,"indsMclsCd" : "B17"				,"indsMclsNm" : "문구/잡화제조"				,"indsSclsCd" : "B17B49"				,"indsSclsNm" : "문구제조-자"				,"stdrDt" : "2015-12-17"				}				,{				"indsLclsCd" : "B"				,"indsLclsNm" : "제조"				,"indsMclsCd" : "B17"				,"indsMclsNm" : "문구/잡화제조"				,"indsSclsCd" : "B17B50"				,"indsSclsNm" : "문구제조-주판"				,"stdrDt" : "2015-12-17"				}				,{				"indsLclsCd" : "B"				,"indsLclsNm" : "제조"				,"indsMclsCd" : "B17"				,"indsMclsNm" : "문구/잡화제조"				,"indsSclsCd" : "B17B51"				,"indsSclsNm" : "문구제조-지우개"				,"stdrDt" : "2015-12-17"				}				,{				"indsLclsCd" : "B"				,"indsLclsNm" : "제조"				,"indsMclsCd" : "B17"				,"indsMclsNm" : "문구/잡화제조"				,"indsSclsCd" : "B17B52"				,"indsSclsNm" : "문구제조-칠판"				,"stdrDt" : "2015-12-17"				}				,{				"indsLclsCd" : "B"				,"indsLclsNm" : "제조"				,"indsMclsCd" : "B17"				,"indsMclsNm" : "문구/잡화제조"				,"indsSclsCd" : "B17B53"				,"indsSclsNm" : "문구제조-탁상일지"				,"stdrDt" : "2015-12-17"				}				,{				"indsLclsCd" : "B"				,"indsLclsNm" : "제조"				,"indsMclsCd" : "B17"				,"indsMclsNm" : "문구/잡화제조"				,"indsSclsCd" : "B17B32"				,"indsSclsNm" : "민방위장비제조"				,"stdrDt" : "2015-12-17"				}				,{				"indsLclsCd" : "B"				,"indsLclsNm" : "제조"				,"indsMclsCd" : "B17"				,"indsMclsNm" : "문구/잡화제조"				,"indsSclsCd" : "B17B07"				,"indsSclsNm" : "바둑/장기용품제조"				,"stdrDt" : "2015-12-17"				}				,{				"indsLclsCd" : "B"				,"indsLclsNm" : "제조"				,"indsMclsCd" : "B17"				,"indsMclsNm" : "문구/잡화제조"				,"indsSclsCd" : "B17B79"				,"indsSclsNm" : "보온병제조"				,"stdrDt" : "2015-12-17"				}				,{				"indsLclsCd" : "B"				,"indsLclsNm" : "제조"				,"indsMclsCd" : "B17"				,"indsMclsNm" : "문구/잡화제조"				,"indsSclsCd" : "B17B54"				,"indsSclsNm" : "봉투제조"				,"stdrDt" : "2015-12-17"				}				,{				"indsLclsCd" : "B"				,"indsLclsNm" : "제조"				,"indsMclsCd" : "B17"				,"indsMclsNm" : "문구/잡화제조"				,"indsSclsCd" : "B17B85"				,"indsSclsNm" : "브라인드제조"				,"stdrDt" : "2015-12-17"				}				,{				"indsLclsCd" : "B"				,"indsLclsNm" : "제조"				,"indsMclsCd" : "B17"				,"indsMclsNm" : "문구/잡화제조"				,"indsSclsCd" : "B17B65"				,"indsSclsNm" : "브러쉬(제조)"				,"stdrDt" : "2015-12-17"				}				,{				"indsLclsCd" : "B"				,"indsLclsNm" : "제조"				,"indsMclsCd" : "B17"				,"indsMclsNm" : "문구/잡화제조"				,"indsSclsCd" : "B17B67"				,"indsSclsNm" : "비/걸레제조"				,"stdrDt" : "2015-12-17"				}				,{				"indsLclsCd" : "B"				,"indsLclsNm" : "제조"				,"indsMclsCd" : "B17"				,"indsMclsNm" : "문구/잡화제조"				,"indsSclsCd" : "B17B69"				,"indsSclsNm" : "비/솔제조-기타"				,"stdrDt" : "2015-12-17"				}				,{				"indsLclsCd" : "B"				,"indsLclsNm" : "제조"				,"indsMclsCd" : "B17"				,"indsMclsNm" : "문구/잡화제조"				,"indsSclsCd" : "B17B64"				,"indsSclsNm" : "비/솔제조-종합"				,"stdrDt" : "2015-12-17"				}				,{				"indsLclsCd" : "B"				,"indsLclsNm" : "제조"				,"indsMclsCd" : "B17"				,"indsMclsNm" : "문구/잡화제조"				,"indsSclsCd" : "B17B73"				,"indsSclsNm" : "성냥제조"				,"stdrDt" : "2015-12-17"				}				,{				"indsLclsCd" : "B"				,"indsLclsNm" : "제조"				,"indsMclsCd" : "B17"				,"indsMclsNm" : "문구/잡화제조"				,"indsSclsCd" : "B17B08"				,"indsSclsNm" : "시뮬레이터제조"				,"stdrDt" : "2015-12-17"				}				,{				"indsLclsCd" : "B"				,"indsLclsNm" : "제조"				,"indsMclsCd" : "B17"				,"indsMclsNm" : "문구/잡화제조"				,"indsSclsCd" : "B17B82"				,"indsSclsNm" : "신용카드제작"				,"stdrDt" : "2015-12-17"				}				,{				"indsLclsCd" : "B"				,"indsLclsNm" : "제조"				,"indsMclsCd" : "B17"				,"indsMclsNm" : "문구/잡화제조"				,"indsSclsCd" : "B17B76"				,"indsSclsNm" : "양초제조"				,"stdrDt" : "2015-12-17"				}				,{				"indsLclsCd" : "B"				,"indsLclsNm" : "제조"				,"indsMclsCd" : "B17"				,"indsMclsNm" : "문구/잡화제조"				,"indsSclsCd" : "B17B34"				,"indsSclsNm" : "얼음조각제조"				,"stdrDt" : "2015-12-17"				}				,{				"indsLclsCd" : "B"				,"indsLclsNm" : "제조"				,"indsMclsCd" : "B17"				,"indsMclsNm" : "문구/잡화제조"				,"indsSclsCd" : "B17B04"				,"indsSclsNm" : "오락기구제조"				,"stdrDt" : "2015-12-17"				}				,{				"indsLclsCd" : "B"				,"indsLclsNm" : "제조"				,"indsMclsCd" : "B17"				,"indsMclsNm" : "문구/잡화제조"				,"indsSclsCd" : "B17B78"				,"indsSclsNm" : "옷걸이제조"				,"stdrDt" : "2015-12-17"				}				,{				"indsLclsCd" : "B"				,"indsLclsNm" : "제조"				,"indsMclsCd" : "B17"				,"indsMclsNm" : "문구/잡화제조"				,"indsSclsCd" : "B17B57"				,"indsSclsNm" : "우산/양산제조"				,"stdrDt" : "2015-12-17"				}				,{				"indsLclsCd" : "B"				,"indsLclsNm" : "제조"				,"indsMclsCd" : "B17"				,"indsMclsNm" : "문구/잡화제조"				,"indsSclsCd" : "B17B59"				,"indsSclsNm" : "우산/지팡이제조-기타"				,"stdrDt" : "2015-12-17"				}				,{				"indsLclsCd" : "B"				,"indsLclsNm" : "제조"				,"indsMclsCd" : "B17"				,"indsMclsNm" : "문구/잡화제조"				,"indsSclsCd" : "B17B56"				,"indsSclsNm" : "우산/지팡이제조-종합"				,"stdrDt" : "2015-12-17"				}				,{				"indsLclsCd" : "B"				,"indsLclsNm" : "제조"				,"indsMclsCd" : "B17"				,"indsMclsNm" : "문구/잡화제조"				,"indsSclsCd" : "B17B87"				,"indsSclsNm" : "원적외선제품"				,"stdrDt" : "2015-12-17"				}				,{				"indsLclsCd" : "B"				,"indsLclsNm" : "제조"				,"indsMclsCd" : "B17"				,"indsMclsNm" : "문구/잡화제조"				,"indsSclsCd" : "B17B36"				,"indsSclsNm" : "유모차제조"				,"stdrDt" : "2015-12-17"				}				,{				"indsLclsCd" : "B"				,"indsLclsNm" : "제조"				,"indsMclsCd" : "B17"				,"indsMclsNm" : "문구/잡화제조"				,"indsSclsCd" : "B17B81"				,"indsSclsNm" : "유아용품제조"				,"stdrDt" : "2015-12-17"				}				,{				"indsLclsCd" : "B"				,"indsLclsNm" : "제조"				,"indsMclsCd" : "B17"				,"indsMclsNm" : "문구/잡화제조"				,"indsSclsCd" : "B17B09"				,"indsSclsNm" : "인형/장난감/오락용품제조-기타"				,"stdrDt" : "2015-12-17"				}				,{				"indsLclsCd" : "B"				,"indsLclsNm" : "제조"				,"indsMclsCd" : "B17"				,"indsMclsNm" : "문구/잡화제조"				,"indsSclsCd" : "B17B01"				,"indsSclsNm" : "인형/장난감/오락용품제조-종합"				,"stdrDt" : "2015-12-17"				}				,{				"indsLclsCd" : "B"				,"indsLclsNm" : "제조"				,"indsMclsCd" : "B17"				,"indsMclsNm" : "문구/잡화제조"				,"indsSclsCd" : "B17B02"				,"indsSclsNm" : "인형제조"				,"stdrDt" : "2015-12-17"				}				,{				"indsLclsCd" : "B"				,"indsLclsNm" : "제조"				,"indsMclsCd" : "B17"				,"indsMclsNm" : "문구/잡화제조"				,"indsSclsCd" : "B17B03"				,"indsSclsNm" : "장난감제조"				,"stdrDt" : "2015-12-17"				}				,{				"indsLclsCd" : "B"				,"indsLclsNm" : "제조"				,"indsMclsCd" : "B17"				,"indsMclsNm" : "문구/잡화제조"				,"indsSclsCd" : "B17B11"				,"indsSclsNm" : "장신구제조"				,"stdrDt" : "2015-12-17"				}				,{				"indsLclsCd" : "B"				,"indsLclsNm" : "제조"				,"indsMclsCd" : "B17"				,"indsMclsNm" : "문구/잡화제조"				,"indsSclsCd" : "B17B29"				,"indsSclsNm" : "전사처리업"				,"stdrDt" : "2015-12-17"				}				,{				"indsLclsCd" : "B"				,"indsLclsNm" : "제조"				,"indsMclsCd" : "B17"				,"indsMclsNm" : "문구/잡화제조"				,"indsSclsCd" : "B17B05"				,"indsSclsNm" : "전자오락기구제조"				,"stdrDt" : "2015-12-17"				}				,{				"indsLclsCd" : "B"				,"indsLclsNm" : "제조"				,"indsMclsCd" : "B17"				,"indsMclsNm" : "문구/잡화제조"				,"indsSclsCd" : "B17B33"				,"indsSclsNm" : "조각품제조"				,"stdrDt" : "2015-12-17"				}				,{				"indsLclsCd" : "B"				,"indsLclsNm" : "제조"				,"indsMclsCd" : "B17"				,"indsMclsNm" : "문구/잡화제조"				,"indsSclsCd" : "B17B19"				,"indsSclsNm" : "조화/장식품제조-기타"				,"stdrDt" : "2015-12-17"				}				,{				"indsLclsCd" : "B"				,"indsLclsNm" : "제조"				,"indsMclsCd" : "B17"				,"indsMclsNm" : "문구/잡화제조"				,"indsSclsCd" : "B17B14"				,"indsSclsNm" : "조화/장식품제조-종합"				,"stdrDt" : "2015-12-17"				}				,{				"indsLclsCd" : "B"				,"indsLclsNm" : "제조"				,"indsMclsCd" : "B17"				,"indsMclsNm" : "문구/잡화제조"				,"indsSclsCd" : "B17B18"				,"indsSclsNm" : "조화제조"				,"stdrDt" : "2015-12-17"				}				,{				"indsLclsCd" : "B"				,"indsLclsNm" : "제조"				,"indsMclsCd" : "B17"				,"indsMclsNm" : "문구/잡화제조"				,"indsSclsCd" : "B17B31"				,"indsSclsNm" : "종교용품제조"				,"stdrDt" : "2015-12-17"				}				,{				"indsLclsCd" : "B"				,"indsLclsNm" : "제조"				,"indsMclsCd" : "B17"				,"indsMclsNm" : "문구/잡화제조"				,"indsSclsCd" : "B17B58"				,"indsSclsNm" : "지팡이제조"				,"stdrDt" : "2015-12-17"				}				,{				"indsLclsCd" : "B"				,"indsLclsNm" : "제조"				,"indsMclsCd" : "B17"				,"indsMclsNm" : "문구/잡화제조"				,"indsSclsCd" : "B17B68"				,"indsSclsNm" : "청소용품제조"				,"stdrDt" : "2015-12-17"				}				,{				"indsLclsCd" : "B"				,"indsLclsNm" : "제조"				,"indsMclsCd" : "B17"				,"indsMclsNm" : "문구/잡화제조"				,"indsSclsCd" : "B17B35"				,"indsSclsNm" : "칠보공예제조"				,"stdrDt" : "2015-12-17"				}				,{				"indsLclsCd" : "B"				,"indsLclsNm" : "제조"				,"indsMclsCd" : "B17"				,"indsMclsNm" : "문구/잡화제조"				,"indsSclsCd" : "B17B66"				,"indsSclsNm" : "칫솔제조"				,"stdrDt" : "2015-12-17"				}				,{				"indsLclsCd" : "B"				,"indsLclsNm" : "제조"				,"indsMclsCd" : "B17"				,"indsMclsNm" : "문구/잡화제조"				,"indsSclsCd" : "B17B86"				,"indsSclsNm" : "칼제조"				,"stdrDt" : "2015-12-17"				}				,{				"indsLclsCd" : "B"				,"indsLclsNm" : "제조"				,"indsMclsCd" : "B17"				,"indsMclsNm" : "문구/잡화제조"				,"indsSclsCd" : "B17B62"				,"indsSclsNm" : "파스너제조"				,"stdrDt" : "2015-12-17"				}				,{				"indsLclsCd" : "B"				,"indsLclsNm" : "제조"				,"indsMclsCd" : "B17"				,"indsMclsNm" : "문구/잡화제조"				,"indsSclsCd" : "B17B84"				,"indsSclsNm" : "홀딩도어제작"				,"stdrDt" : "2015-12-17"				}				,{				"indsLclsCd" : "B"				,"indsLclsNm" : "제조"				,"indsMclsCd" : "B17"				,"indsMclsNm" : "문구/잡화제조"				,"indsSclsCd" : "B17B77"				,"indsSclsNm" : "휴지통제조"				,"stdrDt" : "2015-12-17"				}				,{				"indsLclsCd" : "B"				,"indsLclsNm" : "제조"				,"indsMclsCd" : "B17"				,"indsMclsNm" : "문구/잡화제조"				,"indsSclsCd" : "B17B30"				,"indsSclsNm" : "흥행장용품제조"				,"stdrDt" : "2015-12-17"				}			]	}}