{	"header" : {		"description" : "소상공인시장진흥공단 상권정보 업종소분류 코드"		,"columns" : ["상권업종대분류코드","상권업종대분류코드명","상권업종중분류코드","상권업종중분류코드명","상권업종소분류코드","상권업종소분류코드명","데이터기준일자"]		,"resultCode" : "00"		,"resultMsg" : "NORMAL SERVICE"	},	"body" : {			"items" : [				{				"indsLclsCd" : "B"				,"indsLclsNm" : "제조"				,"indsMclsCd" : "B18"				,"indsMclsNm" : "방적/방직/직물제조"				,"indsSclsCd" : "B18B05"				,"indsSclsNm" : "가연사제조"				,"stdrDt" : "2015-12-17"				}				,{				"indsLclsCd" : "B"				,"indsLclsNm" : "제조"				,"indsMclsCd" : "B18"				,"indsMclsNm" : "방적/방직/직물제조"				,"indsSclsCd" : "B18B44"				,"indsSclsNm" : "가죽제조-기타"				,"stdrDt" : "2015-12-17"				}				,{				"indsLclsCd" : "B"				,"indsLclsNm" : "제조"				,"indsMclsCd" : "B18"				,"indsMclsNm" : "방적/방직/직물제조"				,"indsSclsCd" : "B18B40"				,"indsSclsNm" : "가죽제조-종합"				,"stdrDt" : "2015-12-17"				}				,{				"indsLclsCd" : "B"				,"indsLclsNm" : "제조"				,"indsMclsCd" : "B18"				,"indsMclsNm" : "방적/방직/직물제조"				,"indsSclsCd" : "B18B13"				,"indsSclsNm" : "견방사제조"				,"stdrDt" : "2015-12-17"				}				,{				"indsLclsCd" : "B"				,"indsLclsNm" : "제조"				,"indsMclsCd" : "B18"				,"indsMclsNm" : "방적/방직/직물제조"				,"indsSclsCd" : "B18B16"				,"indsSclsNm" : "견직물제조"				,"stdrDt" : "2015-12-17"				}				,{				"indsLclsCd" : "B"				,"indsLclsNm" : "제조"				,"indsMclsCd" : "B18"				,"indsMclsNm" : "방적/방직/직물제조"				,"indsSclsCd" : "B18B28"				,"indsSclsNm" : "나염"				,"stdrDt" : "2015-12-17"				}				,{				"indsLclsCd" : "B"				,"indsLclsNm" : "제조"				,"indsMclsCd" : "B18"				,"indsMclsNm" : "방적/방직/직물제조"				,"indsSclsCd" : "B18B33"				,"indsSclsNm" : "나일론제조"				,"stdrDt" : "2015-12-17"				}				,{				"indsLclsCd" : "B"				,"indsLclsNm" : "제조"				,"indsMclsCd" : "B18"				,"indsMclsNm" : "방적/방직/직물제조"				,"indsSclsCd" : "B18B21"				,"indsSclsNm" : "마사제조"				,"stdrDt" : "2015-12-17"				}				,{				"indsLclsCd" : "B"				,"indsLclsNm" : "제조"				,"indsMclsCd" : "B18"				,"indsMclsNm" : "방적/방직/직물제조"				,"indsSclsCd" : "B18B17"				,"indsSclsNm" : "면모제조"				,"stdrDt" : "2015-12-17"				}				,{				"indsLclsCd" : "B"				,"indsLclsNm" : "제조"				,"indsMclsCd" : "B18"				,"indsMclsNm" : "방적/방직/직물제조"				,"indsSclsCd" : "B18B03"				,"indsSclsNm" : "면사가공"				,"stdrDt" : "2015-12-17"				}				,{				"indsLclsCd" : "B"				,"indsLclsNm" : "제조"				,"indsMclsCd" : "B18"				,"indsMclsNm" : "방적/방직/직물제조"				,"indsSclsCd" : "B18B02"				,"indsSclsNm" : "면사제조"				,"stdrDt" : "2015-12-17"				}				,{				"indsLclsCd" : "B"				,"indsLclsNm" : "제조"				,"indsMclsCd" : "B18"				,"indsMclsNm" : "방적/방직/직물제조"				,"indsSclsCd" : "B18B22"				,"indsSclsNm" : "면직물제조"				,"stdrDt" : "2015-12-17"				}				,{				"indsLclsCd" : "B"				,"indsLclsNm" : "제조"				,"indsMclsCd" : "B18"				,"indsMclsNm" : "방적/방직/직물제조"				,"indsSclsCd" : "B18B23"				,"indsSclsNm" : "모직물제조"				,"stdrDt" : "2015-12-17"				}				,{				"indsLclsCd" : "B"				,"indsLclsNm" : "제조"				,"indsMclsCd" : "B18"				,"indsMclsNm" : "방적/방직/직물제조"				,"indsSclsCd" : "B18B48"				,"indsSclsNm" : "모피제조-기타"				,"stdrDt" : "2015-12-17"				}				,{				"indsLclsCd" : "B"				,"indsLclsNm" : "제조"				,"indsMclsCd" : "B18"				,"indsMclsNm" : "방적/방직/직물제조"				,"indsSclsCd" : "B18B45"				,"indsSclsNm" : "모피제조-종합"				,"stdrDt" : "2015-12-17"				}				,{				"indsLclsCd" : "B"				,"indsLclsNm" : "제조"				,"indsMclsCd" : "B18"				,"indsMclsNm" : "방적/방직/직물제조"				,"indsSclsCd" : "B18B32"				,"indsSclsNm" : "비닐제조"				,"stdrDt" : "2015-12-17"				}				,{				"indsLclsCd" : "B"				,"indsLclsNm" : "제조"				,"indsMclsCd" : "B18"				,"indsMclsNm" : "방적/방직/직물제조"				,"indsSclsCd" : "B18B04"				,"indsSclsNm" : "생사제조"				,"stdrDt" : "2015-12-17"				}				,{				"indsLclsCd" : "B"				,"indsLclsNm" : "제조"				,"indsMclsCd" : "B18"				,"indsMclsNm" : "방적/방직/직물제조"				,"indsSclsCd" : "B18B30"				,"indsSclsNm" : "섬유표백,염색/가공-기타"				,"stdrDt" : "2015-12-17"				}				,{				"indsLclsCd" : "B"				,"indsLclsNm" : "제조"				,"indsMclsCd" : "B18"				,"indsMclsNm" : "방적/방직/직물제조"				,"indsSclsCd" : "B18B25"				,"indsSclsNm" : "섬유표백,염색/가공-종합"				,"stdrDt" : "2015-12-17"				}				,{				"indsLclsCd" : "B"				,"indsLclsNm" : "제조"				,"indsMclsCd" : "B18"				,"indsMclsNm" : "방적/방직/직물제조"				,"indsSclsCd" : "B18B26"				,"indsSclsNm" : "실염색"				,"stdrDt" : "2015-12-17"				}				,{				"indsLclsCd" : "B"				,"indsLclsNm" : "제조"				,"indsMclsCd" : "B18"				,"indsMclsNm" : "방적/방직/직물제조"				,"indsSclsCd" : "B18B12"				,"indsSclsNm" : "실제조"				,"stdrDt" : "2015-12-17"				}				,{				"indsLclsCd" : "B"				,"indsLclsNm" : "제조"				,"indsMclsCd" : "B18"				,"indsMclsNm" : "방적/방직/직물제조"				,"indsSclsCd" : "B18B36"				,"indsSclsNm" : "아크릴섬유제조"				,"stdrDt" : "2015-12-17"				}				,{				"indsLclsCd" : "B"				,"indsLclsNm" : "제조"				,"indsMclsCd" : "B18"				,"indsMclsNm" : "방적/방직/직물제조"				,"indsSclsCd" : "B18B11"				,"indsSclsNm" : "연사제조"				,"stdrDt" : "2015-12-17"				}				,{				"indsLclsCd" : "B"				,"indsLclsNm" : "제조"				,"indsMclsCd" : "B18"				,"indsMclsNm" : "방적/방직/직물제조"				,"indsSclsCd" : "B18B27"				,"indsSclsNm" : "염색"				,"stdrDt" : "2015-12-17"				}				,{				"indsLclsCd" : "B"				,"indsLclsNm" : "제조"				,"indsMclsCd" : "B18"				,"indsMclsNm" : "방적/방직/직물제조"				,"indsSclsCd" : "B18B20"				,"indsSclsNm" : "원단제조"				,"stdrDt" : "2015-12-17"				}				,{				"indsLclsCd" : "B"				,"indsLclsNm" : "제조"				,"indsMclsCd" : "B18"				,"indsMclsNm" : "방적/방직/직물제조"				,"indsSclsCd" : "B18B14"				,"indsSclsNm" : "유리직물제조"				,"stdrDt" : "2015-12-17"				}				,{				"indsLclsCd" : "B"				,"indsLclsNm" : "제조"				,"indsMclsCd" : "B18"				,"indsMclsNm" : "방적/방직/직물제조"				,"indsSclsCd" : "B18B43"				,"indsSclsNm" : "인조가죽제조"				,"stdrDt" : "2015-12-17"				}				,{				"indsLclsCd" : "B"				,"indsLclsNm" : "제조"				,"indsMclsCd" : "B18"				,"indsMclsNm" : "방적/방직/직물제조"				,"indsSclsCd" : "B18B47"				,"indsSclsNm" : "인조모피제조"				,"stdrDt" : "2015-12-17"				}				,{				"indsLclsCd" : "B"				,"indsLclsNm" : "제조"				,"indsMclsCd" : "B18"				,"indsMclsNm" : "방적/방직/직물제조"				,"indsSclsCd" : "B18B09"				,"indsSclsNm" : "인조섬유사제조"				,"stdrDt" : "2015-12-17"				}				,{				"indsLclsCd" : "B"				,"indsLclsNm" : "제조"				,"indsMclsCd" : "B18"				,"indsMclsNm" : "방적/방직/직물제조"				,"indsSclsCd" : "B18B18"				,"indsSclsNm" : "인조섬유제조"				,"stdrDt" : "2015-12-17"				}				,{				"indsLclsCd" : "B"				,"indsLclsNm" : "제조"				,"indsMclsCd" : "B18"				,"indsMclsNm" : "방적/방직/직물제조"				,"indsSclsCd" : "B18B06"				,"indsSclsNm" : "자수사제조"				,"stdrDt" : "2015-12-17"				}				,{				"indsLclsCd" : "B"				,"indsLclsNm" : "제조"				,"indsMclsCd" : "B18"				,"indsMclsNm" : "방적/방직/직물제조"				,"indsSclsCd" : "B18B07"				,"indsSclsNm" : "재봉사제조"				,"stdrDt" : "2015-12-17"				}				,{				"indsLclsCd" : "B"				,"indsLclsNm" : "제조"				,"indsMclsCd" : "B18"				,"indsMclsNm" : "방적/방직/직물제조"				,"indsSclsCd" : "B18B42"				,"indsSclsNm" : "재생가죽제조"				,"stdrDt" : "2015-12-17"				}				,{				"indsLclsCd" : "B"				,"indsLclsNm" : "제조"				,"indsMclsCd" : "B18"				,"indsMclsNm" : "방적/방직/직물제조"				,"indsSclsCd" : "B18B39"				,"indsSclsNm" : "재생섬유제조"				,"stdrDt" : "2015-12-17"				}				,{				"indsLclsCd" : "B"				,"indsLclsNm" : "제조"				,"indsMclsCd" : "B18"				,"indsMclsNm" : "방적/방직/직물제조"				,"indsSclsCd" : "B18B24"				,"indsSclsNm" : "제사/방적/직조업-기타"				,"stdrDt" : "2015-12-17"				}				,{				"indsLclsCd" : "B"				,"indsLclsNm" : "제조"				,"indsMclsCd" : "B18"				,"indsMclsNm" : "방적/방직/직물제조"				,"indsSclsCd" : "B18B01"				,"indsSclsNm" : "제사/방적/직조업-종합"				,"stdrDt" : "2015-12-17"				}				,{				"indsLclsCd" : "B"				,"indsLclsNm" : "제조"				,"indsMclsCd" : "B18"				,"indsMclsNm" : "방적/방직/직물제조"				,"indsSclsCd" : "B18B15"				,"indsSclsNm" : "직물가공제조"				,"stdrDt" : "2015-12-17"				}				,{				"indsLclsCd" : "B"				,"indsLclsNm" : "제조"				,"indsMclsCd" : "B18"				,"indsMclsNm" : "방적/방직/직물제조"				,"indsSclsCd" : "B18B41"				,"indsSclsNm" : "천연가죽제조"				,"stdrDt" : "2015-12-17"				}				,{				"indsLclsCd" : "B"				,"indsLclsNm" : "제조"				,"indsMclsCd" : "B18"				,"indsMclsNm" : "방적/방직/직물제조"				,"indsSclsCd" : "B18B46"				,"indsSclsNm" : "천연모피제조"				,"stdrDt" : "2015-12-17"				}				,{				"indsLclsCd" : "B"				,"indsLclsNm" : "제조"				,"indsMclsCd" : "B18"				,"indsMclsNm" : "방적/방직/직물제조"				,"indsSclsCd" : "B18B29"				,"indsSclsNm" : "탈색"				,"stdrDt" : "2015-12-17"				}				,{				"indsLclsCd" : "B"				,"indsLclsNm" : "제조"				,"indsMclsCd" : "B18"				,"indsMclsNm" : "방적/방직/직물제조"				,"indsSclsCd" : "B18B08"				,"indsSclsNm" : "편물사제조"				,"stdrDt" : "2015-12-17"				}				,{				"indsLclsCd" : "B"				,"indsLclsNm" : "제조"				,"indsMclsCd" : "B18"				,"indsMclsNm" : "방적/방직/직물제조"				,"indsSclsCd" : "B18B19"				,"indsSclsNm" : "편직제조"				,"stdrDt" : "2015-12-17"				}				,{				"indsLclsCd" : "B"				,"indsLclsNm" : "제조"				,"indsMclsCd" : "B18"				,"indsMclsNm" : "방적/방직/직물제조"				,"indsSclsCd" : "B18B34"				,"indsSclsNm" : "폴리에스터섬유제조"				,"stdrDt" : "2015-12-17"				}				,{				"indsLclsCd" : "B"				,"indsLclsNm" : "제조"				,"indsMclsCd" : "B18"				,"indsMclsNm" : "방적/방직/직물제조"				,"indsSclsCd" : "B18B35"				,"indsSclsNm" : "폴리에틸렌섬유제조"				,"stdrDt" : "2015-12-17"				}				,{				"indsLclsCd" : "B"				,"indsLclsNm" : "제조"				,"indsMclsCd" : "B18"				,"indsMclsNm" : "방적/방직/직물제조"				,"indsSclsCd" : "B18B37"				,"indsSclsNm" : "폴리프로필렌섬유제조"				,"stdrDt" : "2015-12-17"				}				,{				"indsLclsCd" : "B"				,"indsLclsNm" : "제조"				,"indsMclsCd" : "B18"				,"indsMclsNm" : "방적/방직/직물제조"				,"indsSclsCd" : "B18B38"				,"indsSclsNm" : "합성섬유제조-기타"				,"stdrDt" : "2015-12-17"				}				,{				"indsLclsCd" : "B"				,"indsLclsNm" : "제조"				,"indsMclsCd" : "B18"				,"indsMclsNm" : "방적/방직/직물제조"				,"indsSclsCd" : "B18B31"				,"indsSclsNm" : "합성섬유제조-종합"				,"stdrDt" : "2015-12-17"				}				,{				"indsLclsCd" : "B"				,"indsLclsNm" : "제조"				,"indsMclsCd" : "B18"				,"indsMclsNm" : "방적/방직/직물제조"				,"indsSclsCd" : "B18B10"				,"indsSclsNm" : "화학사제조"				,"stdrDt" : "2015-12-17"				}			]	}}