{	"header" : {		"description" : "소상공인시장진흥공단 상권정보 업종소분류 코드"		,"columns" : ["상권업종대분류코드","상권업종대분류코드명","상권업종중분류코드","상권업종중분류코드명","상권업종소분류코드","상권업종소분류코드명","데이터기준일자"]		,"resultCode" : "00"		,"resultMsg" : "NORMAL SERVICE"	},	"body" : {			"items" : [				{				"indsLclsCd" : "B"				,"indsLclsNm" : "제조"				,"indsMclsCd" : "B21"				,"indsMclsNm" : "석유화합물/연료제조"				,"indsSclsCd" : "B21B43"				,"indsSclsNm" : "PE/PP필름제조"				,"stdrDt" : "2015-12-17"				}				,{				"indsLclsCd" : "B"				,"indsLclsNm" : "제조"				,"indsMclsCd" : "B21"				,"indsMclsNm" : "석유화합물/연료제조"				,"indsSclsCd" : "B21B42"				,"indsSclsNm" : "PVC제조"				,"stdrDt" : "2015-12-17"				}				,{				"indsLclsCd" : "B"				,"indsLclsNm" : "제조"				,"indsMclsCd" : "B21"				,"indsMclsNm" : "석유화합물/연료제조"				,"indsSclsCd" : "B21B15"				,"indsSclsNm" : "검/나무화학물제조"				,"stdrDt" : "2015-12-17"				}				,{				"indsLclsCd" : "B"				,"indsLclsNm" : "제조"				,"indsMclsCd" : "B21"				,"indsMclsNm" : "석유화합물/연료제조"				,"indsSclsCd" : "B21B06"				,"indsSclsNm" : "그리스/윤활유제조"				,"stdrDt" : "2015-12-17"				}				,{				"indsLclsCd" : "B"				,"indsLclsNm" : "제조"				,"indsMclsCd" : "B21"				,"indsMclsNm" : "석유화합물/연료제조"				,"indsSclsCd" : "B21B18"				,"indsSclsNm" : "기초화합물제조-기타"				,"stdrDt" : "2015-12-17"				}				,{				"indsLclsCd" : "B"				,"indsLclsNm" : "제조"				,"indsMclsCd" : "B21"				,"indsMclsNm" : "석유화합물/연료제조"				,"indsSclsCd" : "B21B09"				,"indsSclsNm" : "기초화합물제조-종합"				,"stdrDt" : "2015-12-17"				}				,{				"indsLclsCd" : "B"				,"indsLclsNm" : "제조"				,"indsMclsCd" : "B21"				,"indsMclsNm" : "석유화합물/연료제조"				,"indsSclsCd" : "B21B26"				,"indsSclsNm" : "드라이아이스제조"				,"stdrDt" : "2015-12-17"				}				,{				"indsLclsCd" : "B"				,"indsLclsNm" : "제조"				,"indsMclsCd" : "B21"				,"indsMclsNm" : "석유화합물/연료제조"				,"indsSclsCd" : "B21B10"				,"indsSclsNm" : "무기화합물제조"				,"stdrDt" : "2015-12-17"				}				,{				"indsLclsCd" : "B"				,"indsLclsNm" : "제조"				,"indsMclsCd" : "B21"				,"indsMclsNm" : "석유화합물/연료제조"				,"indsSclsCd" : "B21B32"				,"indsSclsNm" : "복합비료제조"				,"stdrDt" : "2015-12-17"				}				,{				"indsLclsCd" : "B"				,"indsLclsNm" : "제조"				,"indsMclsCd" : "B21"				,"indsMclsNm" : "석유화합물/연료제조"				,"indsSclsCd" : "B21B34"				,"indsSclsNm" : "비료/질소화합물제조-기타"				,"stdrDt" : "2015-12-17"				}				,{				"indsLclsCd" : "B"				,"indsLclsNm" : "제조"				,"indsMclsCd" : "B21"				,"indsMclsNm" : "석유화합물/연료제조"				,"indsSclsCd" : "B21B28"				,"indsSclsNm" : "비료/질소화합물제조-종합"				,"stdrDt" : "2015-12-17"				}				,{				"indsLclsCd" : "B"				,"indsLclsNm" : "제조"				,"indsMclsCd" : "B21"				,"indsMclsNm" : "석유화합물/연료제조"				,"indsSclsCd" : "B21B20"				,"indsSclsNm" : "산소가스제조"				,"stdrDt" : "2015-12-17"				}				,{				"indsLclsCd" : "B"				,"indsLclsNm" : "제조"				,"indsMclsCd" : "B21"				,"indsMclsNm" : "석유화합물/연료제조"				,"indsSclsCd" : "B21B27"				,"indsSclsNm" : "산업용가스제조-기타"				,"stdrDt" : "2015-12-17"				}				,{				"indsLclsCd" : "B"				,"indsLclsNm" : "제조"				,"indsMclsCd" : "B21"				,"indsMclsNm" : "석유화합물/연료제조"				,"indsSclsCd" : "B21B19"				,"indsSclsNm" : "산업용가스제조-종합"				,"stdrDt" : "2015-12-17"				}				,{				"indsLclsCd" : "B"				,"indsLclsNm" : "제조"				,"indsMclsCd" : "B21"				,"indsMclsNm" : "석유화합물/연료제조"				,"indsSclsCd" : "B21B08"				,"indsSclsNm" : "석유정제재처리-기타"				,"stdrDt" : "2015-12-17"				}				,{				"indsLclsCd" : "B"				,"indsLclsNm" : "제조"				,"indsMclsCd" : "B21"				,"indsMclsNm" : "석유화합물/연료제조"				,"indsSclsCd" : "B21B05"				,"indsSclsNm" : "석유정제재처리-종합"				,"stdrDt" : "2015-12-17"				}				,{				"indsLclsCd" : "B"				,"indsLclsNm" : "제조"				,"indsMclsCd" : "B21"				,"indsMclsNm" : "석유화합물/연료제조"				,"indsSclsCd" : "B21B14"				,"indsSclsNm" : "석유화학계유기화합물제조"				,"stdrDt" : "2015-12-17"				}				,{				"indsLclsCd" : "B"				,"indsLclsNm" : "제조"				,"indsMclsCd" : "B21"				,"indsMclsNm" : "석유화합물/연료제조"				,"indsSclsCd" : "B21B45"				,"indsSclsNm" : "석유화학제품제조"				,"stdrDt" : "2015-12-17"				}				,{				"indsLclsCd" : "B"				,"indsLclsNm" : "제조"				,"indsMclsCd" : "B21"				,"indsMclsNm" : "석유화합물/연료제조"				,"indsSclsCd" : "B21B13"				,"indsSclsNm" : "석탄화학물제조"				,"stdrDt" : "2015-12-17"				}				,{				"indsLclsCd" : "B"				,"indsLclsNm" : "제조"				,"indsMclsCd" : "B21"				,"indsMclsNm" : "석유화합물/연료제조"				,"indsSclsCd" : "B21B46"				,"indsSclsNm" : "석탄화학제품제조"				,"stdrDt" : "2015-12-17"				}				,{				"indsLclsCd" : "B"				,"indsLclsNm" : "제조"				,"indsMclsCd" : "B21"				,"indsMclsNm" : "석유화합물/연료제조"				,"indsSclsCd" : "B21B21"				,"indsSclsNm" : "수소가스제조"				,"stdrDt" : "2015-12-17"				}				,{				"indsLclsCd" : "B"				,"indsLclsNm" : "제조"				,"indsMclsCd" : "B21"				,"indsMclsNm" : "석유화합물/연료제조"				,"indsSclsCd" : "B21B22"				,"indsSclsNm" : "아르곤가스제조"				,"stdrDt" : "2015-12-17"				}				,{				"indsLclsCd" : "B"				,"indsLclsNm" : "제조"				,"indsMclsCd" : "B21"				,"indsMclsNm" : "석유화합물/연료제조"				,"indsSclsCd" : "B21B23"				,"indsSclsNm" : "아세틸렌가스제조"				,"stdrDt" : "2015-12-17"				}				,{				"indsLclsCd" : "B"				,"indsLclsNm" : "제조"				,"indsMclsCd" : "B21"				,"indsMclsNm" : "석유화합물/연료제조"				,"indsSclsCd" : "B21B37"				,"indsSclsNm" : "애폭시수지제조"				,"stdrDt" : "2015-12-17"				}				,{				"indsLclsCd" : "B"				,"indsLclsNm" : "제조"				,"indsMclsCd" : "B21"				,"indsMclsNm" : "석유화합물/연료제조"				,"indsSclsCd" : "B21B12"				,"indsSclsNm" : "염료/착색제제조"				,"stdrDt" : "2015-12-17"				}				,{				"indsLclsCd" : "B"				,"indsLclsNm" : "제조"				,"indsMclsCd" : "B21"				,"indsMclsNm" : "석유화합물/연료제조"				,"indsSclsCd" : "B21B47"				,"indsSclsNm" : "우레탄제조"				,"stdrDt" : "2015-12-17"				}				,{				"indsLclsCd" : "B"				,"indsLclsNm" : "제조"				,"indsMclsCd" : "B21"				,"indsMclsNm" : "석유화합물/연료제조"				,"indsSclsCd" : "B21B04"				,"indsSclsNm" : "원유정제처리"				,"stdrDt" : "2015-12-17"				}				,{				"indsLclsCd" : "B"				,"indsLclsNm" : "제조"				,"indsMclsCd" : "B21"				,"indsMclsNm" : "석유화합물/연료제조"				,"indsSclsCd" : "B21B33"				,"indsSclsNm" : "유기질비료제조업"				,"stdrDt" : "2015-12-17"				}				,{				"indsLclsCd" : "B"				,"indsLclsNm" : "제조"				,"indsMclsCd" : "B21"				,"indsMclsNm" : "석유화합물/연료제조"				,"indsSclsCd" : "B21B11"				,"indsSclsNm" : "유연재/염료엑스제조"				,"stdrDt" : "2015-12-17"				}				,{				"indsLclsCd" : "B"				,"indsLclsNm" : "제조"				,"indsMclsCd" : "B21"				,"indsMclsNm" : "석유화합물/연료제조"				,"indsSclsCd" : "B21B30"				,"indsSclsNm" : "인산질비료제조"				,"stdrDt" : "2015-12-17"				}				,{				"indsLclsCd" : "B"				,"indsLclsNm" : "제조"				,"indsMclsCd" : "B21"				,"indsMclsNm" : "석유화합물/연료제조"				,"indsSclsCd" : "B21B48"				,"indsSclsNm" : "인조잔디제조"				,"stdrDt" : "2015-12-17"				}				,{				"indsLclsCd" : "B"				,"indsLclsNm" : "제조"				,"indsMclsCd" : "B21"				,"indsMclsNm" : "석유화합물/연료제조"				,"indsSclsCd" : "B21B52"				,"indsSclsNm" : "재생셀룰로오스제조"				,"stdrDt" : "2015-12-17"				}				,{				"indsLclsCd" : "B"				,"indsLclsNm" : "제조"				,"indsMclsCd" : "B21"				,"indsMclsNm" : "석유화합물/연료제조"				,"indsSclsCd" : "B21B29"				,"indsSclsNm" : "질소질비료제조"				,"stdrDt" : "2015-12-17"				}				,{				"indsLclsCd" : "B"				,"indsLclsNm" : "제조"				,"indsMclsCd" : "B21"				,"indsMclsNm" : "석유화합물/연료제조"				,"indsSclsCd" : "B21B24"				,"indsSclsNm" : "카바이드가스제조"				,"stdrDt" : "2015-12-17"				}				,{				"indsLclsCd" : "B"				,"indsLclsNm" : "제조"				,"indsMclsCd" : "B21"				,"indsMclsNm" : "석유화합물/연료제조"				,"indsSclsCd" : "B21B16"				,"indsSclsNm" : "카본제조"				,"stdrDt" : "2015-12-17"				}				,{				"indsLclsCd" : "B"				,"indsLclsNm" : "제조"				,"indsMclsCd" : "B21"				,"indsMclsNm" : "석유화합물/연료제조"				,"indsSclsCd" : "B21B49"				,"indsSclsNm" : "카프로락탐제조"				,"stdrDt" : "2015-12-17"				}				,{				"indsLclsCd" : "B"				,"indsLclsNm" : "제조"				,"indsMclsCd" : "B21"				,"indsMclsNm" : "석유화합물/연료제조"				,"indsSclsCd" : "B21B31"				,"indsSclsNm" : "칼리질비료제조"				,"stdrDt" : "2015-12-17"				}				,{				"indsLclsCd" : "B"				,"indsLclsNm" : "제조"				,"indsMclsCd" : "B21"				,"indsMclsNm" : "석유화합물/연료제조"				,"indsSclsCd" : "B21B02"				,"indsSclsNm" : "코크스연료제조"				,"stdrDt" : "2015-12-17"				}				,{				"indsLclsCd" : "B"				,"indsLclsNm" : "제조"				,"indsMclsCd" : "B21"				,"indsMclsNm" : "석유화합물/연료제조"				,"indsSclsCd" : "B21B03"				,"indsSclsNm" : "코크스제조-기타"				,"stdrDt" : "2015-12-17"				}				,{				"indsLclsCd" : "B"				,"indsLclsNm" : "제조"				,"indsMclsCd" : "B21"				,"indsMclsNm" : "석유화합물/연료제조"				,"indsSclsCd" : "B21B01"				,"indsSclsNm" : "코크스제조-종합"				,"stdrDt" : "2015-12-17"				}				,{				"indsLclsCd" : "B"				,"indsLclsNm" : "제조"				,"indsMclsCd" : "B21"				,"indsMclsNm" : "석유화합물/연료제조"				,"indsSclsCd" : "B21B25"				,"indsSclsNm" : "탄산가스제조"				,"stdrDt" : "2015-12-17"				}				,{				"indsLclsCd" : "B"				,"indsLclsNm" : "제조"				,"indsMclsCd" : "B21"				,"indsMclsNm" : "석유화합물/연료제조"				,"indsSclsCd" : "B21B39"				,"indsSclsNm" : "폴리에스테르수지제조"				,"stdrDt" : "2015-12-17"				}				,{				"indsLclsCd" : "B"				,"indsLclsNm" : "제조"				,"indsMclsCd" : "B21"				,"indsMclsNm" : "석유화합물/연료제조"				,"indsSclsCd" : "B21B40"				,"indsSclsNm" : "폴리에틸렌수지제조"				,"stdrDt" : "2015-12-17"				}				,{				"indsLclsCd" : "B"				,"indsLclsNm" : "제조"				,"indsMclsCd" : "B21"				,"indsMclsNm" : "석유화합물/연료제조"				,"indsSclsCd" : "B21B41"				,"indsSclsNm" : "폴리프로필렌수지제조"				,"stdrDt" : "2015-12-17"				}				,{				"indsLclsCd" : "B"				,"indsLclsNm" : "제조"				,"indsMclsCd" : "B21"				,"indsMclsNm" : "석유화합물/연료제조"				,"indsSclsCd" : "B21B38"				,"indsSclsNm" : "플라스틱물질제조"				,"stdrDt" : "2015-12-17"				}				,{				"indsLclsCd" : "B"				,"indsLclsNm" : "제조"				,"indsMclsCd" : "B21"				,"indsMclsNm" : "석유화합물/연료제조"				,"indsSclsCd" : "B21B35"				,"indsSclsNm" : "합성고무제조"				,"stdrDt" : "2015-12-17"				}				,{				"indsLclsCd" : "B"				,"indsLclsNm" : "제조"				,"indsMclsCd" : "B21"				,"indsMclsNm" : "석유화합물/연료제조"				,"indsSclsCd" : "B21B44"				,"indsSclsNm" : "합성수지제조"				,"stdrDt" : "2015-12-17"				}				,{				"indsLclsCd" : "B"				,"indsLclsNm" : "제조"				,"indsMclsCd" : "B21"				,"indsMclsNm" : "석유화합물/연료제조"				,"indsSclsCd" : "B21B51"				,"indsSclsNm" : "합성수지제조-기타"				,"stdrDt" : "2015-12-17"				}				,{				"indsLclsCd" : "B"				,"indsLclsNm" : "제조"				,"indsMclsCd" : "B21"				,"indsMclsNm" : "석유화합물/연료제조"				,"indsSclsCd" : "B21B36"				,"indsSclsNm" : "합성수지제조-종합"				,"stdrDt" : "2015-12-17"				}				,{				"indsLclsCd" : "B"				,"indsLclsNm" : "제조"				,"indsMclsCd" : "B21"				,"indsMclsNm" : "석유화합물/연료제조"				,"indsSclsCd" : "B21B07"				,"indsSclsNm" : "핵연료가공"				,"stdrDt" : "2015-12-17"				}				,{				"indsLclsCd" : "B"				,"indsLclsNm" : "제조"				,"indsMclsCd" : "B21"				,"indsMclsNm" : "석유화합물/연료제조"				,"indsSclsCd" : "B21B17"				,"indsSclsNm" : "활성탄소제조"				,"stdrDt" : "2015-12-17"				}				,{				"indsLclsCd" : "B"				,"indsLclsNm" : "제조"				,"indsMclsCd" : "B21"				,"indsMclsNm" : "석유화합물/연료제조"				,"indsSclsCd" : "B21B50"				,"indsSclsNm" : "후로킹제조"				,"stdrDt" : "2015-12-17"				}			]	}}