{	"header" : {		"description" : "소상공인시장진흥공단 상권정보 업종소분류 코드"		,"columns" : ["상권업종대분류코드","상권업종대분류코드명","상권업종중분류코드","상권업종중분류코드명","상권업종소분류코드","상권업종소분류코드명","데이터기준일자"]		,"resultCode" : "00"		,"resultMsg" : "NORMAL SERVICE"	},	"body" : {			"items" : [				{				"indsLclsCd" : "B"				,"indsLclsNm" : "제조"				,"indsMclsCd" : "B22"				,"indsMclsNm" : "전자부품제조"				,"indsSclsCd" : "B22B05"				,"indsSclsNm" : "LCD검사장비제조"				,"stdrDt" : "2015-12-17"				}				,{				"indsLclsCd" : "B"				,"indsLclsNm" : "제조"				,"indsMclsCd" : "B22"				,"indsMclsNm" : "전자부품제조"				,"indsSclsCd" : "B22B04"				,"indsSclsNm" : "반도체제조"				,"stdrDt" : "2015-12-17"				}				,{				"indsLclsCd" : "B"				,"indsLclsNm" : "제조"				,"indsMclsCd" : "B22"				,"indsMclsNm" : "전자부품제조"				,"indsSclsCd" : "B22B06"				,"indsSclsNm" : "전자관/전자부품제조-기타"				,"stdrDt" : "2015-12-17"				}				,{				"indsLclsCd" : "B"				,"indsLclsNm" : "제조"				,"indsMclsCd" : "B22"				,"indsMclsNm" : "전자부품제조"				,"indsSclsCd" : "B22B01"				,"indsSclsNm" : "전자관/전자부품제조-종합"				,"stdrDt" : "2015-12-17"				}				,{				"indsLclsCd" : "B"				,"indsLclsNm" : "제조"				,"indsMclsCd" : "B22"				,"indsMclsNm" : "전자부품제조"				,"indsSclsCd" : "B22B03"				,"indsSclsNm" : "전자관제조"				,"stdrDt" : "2015-12-17"				}				,{				"indsLclsCd" : "B"				,"indsLclsNm" : "제조"				,"indsMclsCd" : "B22"				,"indsMclsNm" : "전자부품제조"				,"indsSclsCd" : "B22B02"				,"indsSclsNm" : "전자부품제조"				,"stdrDt" : "2015-12-17"				}			]	}}