{	"header" : {		"description" : "소상공인시장진흥공단 상권정보 업종소분류 코드"		,"columns" : ["상권업종대분류코드","상권업종대분류코드명","상권업종중분류코드","상권업종중분류코드명","상권업종소분류코드","상권업종소분류코드명","데이터기준일자"]		,"resultCode" : "00"		,"resultMsg" : "NORMAL SERVICE"	},	"body" : {			"items" : [				{				"indsLclsCd" : "B"				,"indsLclsNm" : "제조"				,"indsMclsCd" : "B23"				,"indsMclsNm" : "건설/건축자재제조"				,"indsSclsCd" : "B23B34"				,"indsSclsNm" : "광섬유제조"				,"stdrDt" : "2015-12-17"				}				,{				"indsLclsCd" : "B"				,"indsLclsNm" : "제조"				,"indsMclsCd" : "B23"				,"indsMclsNm" : "건설/건축자재제조"				,"indsSclsCd" : "B23B14"				,"indsSclsNm" : "구조용비내화요업제품제조-기타"				,"stdrDt" : "2015-12-17"				}				,{				"indsLclsCd" : "B"				,"indsLclsNm" : "제조"				,"indsMclsCd" : "B23"				,"indsMclsNm" : "건설/건축자재제조"				,"indsSclsCd" : "B23B09"				,"indsSclsNm" : "구조용비내화요업제품제조-종합"				,"stdrDt" : "2015-12-17"				}				,{				"indsLclsCd" : "B"				,"indsLclsNm" : "제조"				,"indsMclsCd" : "B23"				,"indsMclsNm" : "건설/건축자재제조"				,"indsSclsCd" : "B23B11"				,"indsSclsNm" : "기와제조"				,"stdrDt" : "2015-12-17"				}				,{				"indsLclsCd" : "B"				,"indsLclsNm" : "제조"				,"indsMclsCd" : "B23"				,"indsMclsNm" : "건설/건축자재제조"				,"indsSclsCd" : "B23B02"				,"indsSclsNm" : "내화도가니제조"				,"stdrDt" : "2015-12-17"				}				,{				"indsLclsCd" : "B"				,"indsLclsNm" : "제조"				,"indsMclsCd" : "B23"				,"indsMclsNm" : "건설/건축자재제조"				,"indsSclsCd" : "B23B01"				,"indsSclsNm" : "내화벽돌제조"				,"stdrDt" : "2015-12-17"				}				,{				"indsLclsCd" : "B"				,"indsLclsNm" : "제조"				,"indsMclsCd" : "B23"				,"indsMclsNm" : "건설/건축자재제조"				,"indsSclsCd" : "B23B33"				,"indsSclsNm" : "대리석제조"				,"stdrDt" : "2015-12-17"				}				,{				"indsLclsCd" : "B"				,"indsLclsNm" : "제조"				,"indsMclsCd" : "B23"				,"indsMclsNm" : "건설/건축자재제조"				,"indsSclsCd" : "B23B21"				,"indsSclsNm" : "레미콘제조"				,"stdrDt" : "2015-12-17"				}				,{				"indsLclsCd" : "B"				,"indsLclsNm" : "제조"				,"indsMclsCd" : "B23"				,"indsMclsNm" : "건설/건축자재제조"				,"indsSclsCd" : "B23B32"				,"indsSclsNm" : "맥반석제조"				,"stdrDt" : "2015-12-17"				}				,{				"indsLclsCd" : "B"				,"indsLclsNm" : "제조"				,"indsMclsCd" : "B23"				,"indsMclsNm" : "건설/건축자재제조"				,"indsSclsCd" : "B23B24"				,"indsSclsNm" : "맨홀제작"				,"stdrDt" : "2015-12-17"				}				,{				"indsLclsCd" : "B"				,"indsLclsNm" : "제조"				,"indsMclsCd" : "B23"				,"indsMclsNm" : "건설/건축자재제조"				,"indsSclsCd" : "B23B06"				,"indsSclsNm" : "방열문제조"				,"stdrDt" : "2015-12-17"				}				,{				"indsLclsCd" : "B"				,"indsLclsNm" : "제조"				,"indsMclsCd" : "B23"				,"indsMclsNm" : "건설/건축자재제조"				,"indsSclsCd" : "B23B08"				,"indsSclsNm" : "방음문제조"				,"stdrDt" : "2015-12-17"				}				,{				"indsLclsCd" : "B"				,"indsLclsNm" : "제조"				,"indsMclsCd" : "B23"				,"indsMclsNm" : "건설/건축자재제조"				,"indsSclsCd" : "B23B05"				,"indsSclsNm" : "방화문제조"				,"stdrDt" : "2015-12-17"				}				,{				"indsLclsCd" : "B"				,"indsLclsNm" : "제조"				,"indsMclsCd" : "B23"				,"indsMclsNm" : "건설/건축자재제조"				,"indsSclsCd" : "B23B04"				,"indsSclsNm" : "벽난로제조"				,"stdrDt" : "2015-12-17"				}				,{				"indsLclsCd" : "B"				,"indsLclsNm" : "제조"				,"indsMclsCd" : "B23"				,"indsMclsNm" : "건설/건축자재제조"				,"indsSclsCd" : "B23B10"				,"indsSclsNm" : "벽돌제조"				,"stdrDt" : "2015-12-17"				}				,{				"indsLclsCd" : "B"				,"indsLclsNm" : "제조"				,"indsMclsCd" : "B23"				,"indsMclsNm" : "건설/건축자재제조"				,"indsSclsCd" : "B23B27"				,"indsSclsNm" : "석공예품제조"				,"stdrDt" : "2015-12-17"				}				,{				"indsLclsCd" : "B"				,"indsLclsNm" : "제조"				,"indsMclsCd" : "B23"				,"indsMclsNm" : "건설/건축자재제조"				,"indsSclsCd" : "B23B31"				,"indsSclsNm" : "석면제조"				,"stdrDt" : "2015-12-17"				}				,{				"indsLclsCd" : "B"				,"indsLclsNm" : "제조"				,"indsMclsCd" : "B23"				,"indsMclsNm" : "건설/건축자재제조"				,"indsSclsCd" : "B23B28"				,"indsSclsNm" : "석분제조"				,"stdrDt" : "2015-12-17"				}				,{				"indsLclsCd" : "B"				,"indsLclsNm" : "제조"				,"indsMclsCd" : "B23"				,"indsMclsNm" : "건설/건축자재제조"				,"indsSclsCd" : "B23B26"				,"indsSclsNm" : "석제품제조"				,"stdrDt" : "2015-12-17"				}				,{				"indsLclsCd" : "B"				,"indsLclsNm" : "제조"				,"indsMclsCd" : "B23"				,"indsMclsNm" : "건설/건축자재제조"				,"indsSclsCd" : "B23B17"				,"indsSclsNm" : "석회제조"				,"stdrDt" : "2015-12-17"				}				,{				"indsLclsCd" : "B"				,"indsLclsNm" : "제조"				,"indsMclsCd" : "B23"				,"indsMclsNm" : "건설/건축자재제조"				,"indsSclsCd" : "B23B07"				,"indsSclsNm" : "세라믹제품제조"				,"stdrDt" : "2015-12-17"				}				,{				"indsLclsCd" : "B"				,"indsLclsNm" : "제조"				,"indsMclsCd" : "B23"				,"indsMclsNm" : "건설/건축자재제조"				,"indsSclsCd" : "B23B13"				,"indsSclsNm" : "슬레이트제조"				,"stdrDt" : "2015-12-17"				}				,{				"indsLclsCd" : "B"				,"indsLclsNm" : "제조"				,"indsMclsCd" : "B23"				,"indsMclsNm" : "건설/건축자재제조"				,"indsSclsCd" : "B23B19"				,"indsSclsNm" : "시멘트/석회/프라스터제조-기타"				,"stdrDt" : "2015-12-17"				}				,{				"indsLclsCd" : "B"				,"indsLclsNm" : "제조"				,"indsMclsCd" : "B23"				,"indsMclsNm" : "건설/건축자재제조"				,"indsSclsCd" : "B23B15"				,"indsSclsNm" : "시멘트/석회/프라스터제조-종합"				,"stdrDt" : "2015-12-17"				}				,{				"indsLclsCd" : "B"				,"indsLclsNm" : "제조"				,"indsMclsCd" : "B23"				,"indsMclsNm" : "건설/건축자재제조"				,"indsSclsCd" : "B23B16"				,"indsSclsNm" : "시멘트제조"				,"stdrDt" : "2015-12-17"				}				,{				"indsLclsCd" : "B"				,"indsLclsNm" : "제조"				,"indsMclsCd" : "B23"				,"indsMclsNm" : "건설/건축자재제조"				,"indsSclsCd" : "B23B35"				,"indsSclsNm" : "아스팔트제품제조"				,"stdrDt" : "2015-12-17"				}				,{				"indsLclsCd" : "B"				,"indsLclsNm" : "제조"				,"indsMclsCd" : "B23"				,"indsMclsNm" : "건설/건축자재제조"				,"indsSclsCd" : "B23B29"				,"indsSclsNm" : "연마제조"				,"stdrDt" : "2015-12-17"				}				,{				"indsLclsCd" : "B"				,"indsLclsNm" : "제조"				,"indsMclsCd" : "B23"				,"indsMclsNm" : "건설/건축자재제조"				,"indsSclsCd" : "B23B30"				,"indsSclsNm" : "연마지석제조"				,"stdrDt" : "2015-12-17"				}				,{				"indsLclsCd" : "B"				,"indsLclsNm" : "제조"				,"indsMclsCd" : "B23"				,"indsMclsNm" : "건설/건축자재제조"				,"indsSclsCd" : "B23B36"				,"indsSclsNm" : "연탄제조"				,"stdrDt" : "2015-12-17"				}				,{				"indsLclsCd" : "B"				,"indsLclsNm" : "제조"				,"indsMclsCd" : "B23"				,"indsMclsNm" : "건설/건축자재제조"				,"indsSclsCd" : "B23B03"				,"indsSclsNm" : "온돌제조"				,"stdrDt" : "2015-12-17"				}				,{				"indsLclsCd" : "B"				,"indsLclsNm" : "제조"				,"indsMclsCd" : "B23"				,"indsMclsNm" : "건설/건축자재제조"				,"indsSclsCd" : "B23B38"				,"indsSclsNm" : "자개제조"				,"stdrDt" : "2015-12-17"				}				,{				"indsLclsCd" : "B"				,"indsLclsNm" : "제조"				,"indsMclsCd" : "B23"				,"indsMclsNm" : "건설/건축자재제조"				,"indsSclsCd" : "B23B25"				,"indsSclsNm" : "콘크리트/시멘트제품제조-기타"				,"stdrDt" : "2015-12-17"				}				,{				"indsLclsCd" : "B"				,"indsLclsNm" : "제조"				,"indsMclsCd" : "B23"				,"indsMclsNm" : "건설/건축자재제조"				,"indsSclsCd" : "B23B20"				,"indsSclsNm" : "콘크리트/시멘트제품제조-종합"				,"stdrDt" : "2015-12-17"				}				,{				"indsLclsCd" : "B"				,"indsLclsNm" : "제조"				,"indsMclsCd" : "B23"				,"indsMclsNm" : "건설/건축자재제조"				,"indsSclsCd" : "B23B22"				,"indsSclsNm" : "콘크리트벽돌/블록제조"				,"stdrDt" : "2015-12-17"				}				,{				"indsLclsCd" : "B"				,"indsLclsNm" : "제조"				,"indsMclsCd" : "B23"				,"indsMclsNm" : "건설/건축자재제조"				,"indsSclsCd" : "B23B23"				,"indsSclsNm" : "콘크리트조립구조재제조"				,"stdrDt" : "2015-12-17"				}				,{				"indsLclsCd" : "B"				,"indsLclsNm" : "제조"				,"indsMclsCd" : "B23"				,"indsMclsNm" : "건설/건축자재제조"				,"indsSclsCd" : "B23B12"				,"indsSclsNm" : "타일제조"				,"stdrDt" : "2015-12-17"				}				,{				"indsLclsCd" : "B"				,"indsLclsNm" : "제조"				,"indsMclsCd" : "B23"				,"indsMclsNm" : "건설/건축자재제조"				,"indsSclsCd" : "B23B18"				,"indsSclsNm" : "프라스터제조"				,"stdrDt" : "2015-12-17"				}				,{				"indsLclsCd" : "B"				,"indsLclsNm" : "제조"				,"indsMclsCd" : "B23"				,"indsMclsNm" : "건설/건축자재제조"				,"indsSclsCd" : "B23B37"				,"indsSclsNm" : "하드보드제조"				,"stdrDt" : "2015-12-17"				}			]	}}