{	"header" : {		"description" : "소상공인시장진흥공단 상권정보 업종소분류 코드"		,"columns" : ["상권업종대분류코드","상권업종대분류코드명","상권업종중분류코드","상권업종중분류코드명","상권업종소분류코드","상권업종소분류코드명","데이터기준일자"]		,"resultCode" : "00"		,"resultMsg" : "NORMAL SERVICE"	},	"body" : {			"items" : [				{				"indsLclsCd" : "B"				,"indsLclsNm" : "제조"				,"indsMclsCd" : "B24"				,"indsMclsNm" : "제철/제련/금속처리"				,"indsSclsCd" : "B24B45"				,"indsSclsNm" : "강관제조"				,"stdrDt" : "2015-12-17"				}				,{				"indsLclsCd" : "B"				,"indsLclsNm" : "제조"				,"indsMclsCd" : "B24"				,"indsMclsNm" : "제철/제련/금속처리"				,"indsSclsCd" : "B24B49"				,"indsSclsNm" : "강판제조"				,"stdrDt" : "2015-12-17"				}				,{				"indsLclsCd" : "B"				,"indsLclsNm" : "제조"				,"indsMclsCd" : "B24"				,"indsMclsNm" : "제철/제련/금속처리"				,"indsSclsCd" : "B24B68"				,"indsSclsNm" : "금/은박지제조"				,"stdrDt" : "2015-12-17"				}				,{				"indsLclsCd" : "B"				,"indsLclsNm" : "제조"				,"indsMclsCd" : "B24"				,"indsMclsNm" : "제철/제련/금속처리"				,"indsSclsCd" : "B24B96"				,"indsSclsNm" : "금속가공"				,"stdrDt" : "2015-12-17"				}				,{				"indsLclsCd" : "B"				,"indsLclsNm" : "제조"				,"indsMclsCd" : "B24"				,"indsMclsNm" : "제철/제련/금속처리"				,"indsSclsCd" : "B24B90"				,"indsSclsNm" : "금속단조/압형/야금제품제조-기타"				,"stdrDt" : "2015-12-17"				}				,{				"indsLclsCd" : "B"				,"indsLclsNm" : "제조"				,"indsMclsCd" : "B24"				,"indsMclsNm" : "제철/제련/금속처리"				,"indsSclsCd" : "B24B77"				,"indsSclsNm" : "금속단조/압형/야금제품제조-종합"				,"stdrDt" : "2015-12-17"				}				,{				"indsLclsCd" : "B"				,"indsLclsNm" : "제조"				,"indsMclsCd" : "B24"				,"indsMclsNm" : "제철/제련/금속처리"				,"indsSclsCd" : "B24B48"				,"indsSclsNm" : "금속압연"				,"stdrDt" : "2015-12-17"				}				,{				"indsLclsCd" : "B"				,"indsLclsNm" : "제조"				,"indsMclsCd" : "B24"				,"indsMclsNm" : "제철/제련/금속처리"				,"indsSclsCd" : "B24B88"				,"indsSclsNm" : "금속압형제품제조"				,"stdrDt" : "2015-12-17"				}				,{				"indsLclsCd" : "B"				,"indsLclsNm" : "제조"				,"indsMclsCd" : "B24"				,"indsMclsNm" : "제철/제련/금속처리"				,"indsSclsCd" : "B24B97"				,"indsSclsNm" : "금속절단/절곡"				,"stdrDt" : "2015-12-17"				}				,{				"indsLclsCd" : "B"				,"indsLclsNm" : "제조"				,"indsMclsCd" : "B24"				,"indsMclsNm" : "제철/제련/금속처리"				,"indsSclsCd" : "B24B98"				,"indsSclsNm" : "금속처리-기타"				,"stdrDt" : "2015-12-17"				}				,{				"indsLclsCd" : "B"				,"indsLclsNm" : "제조"				,"indsMclsCd" : "B24"				,"indsMclsNm" : "제철/제련/금속처리"				,"indsSclsCd" : "B24B91"				,"indsSclsNm" : "금속처리-종합"				,"stdrDt" : "2015-12-17"				}				,{				"indsLclsCd" : "B"				,"indsLclsNm" : "제조"				,"indsMclsCd" : "B24"				,"indsMclsNm" : "제철/제련/금속처리"				,"indsSclsCd" : "B24B82"				,"indsSclsNm" : "금속파이프제조"				,"stdrDt" : "2015-12-17"				}				,{				"indsLclsCd" : "B"				,"indsLclsNm" : "제조"				,"indsMclsCd" : "B24"				,"indsMclsNm" : "제철/제련/금속처리"				,"indsSclsCd" : "B24B55"				,"indsSclsNm" : "기타철강업"				,"stdrDt" : "2015-12-17"				}				,{				"indsLclsCd" : "B"				,"indsLclsNm" : "제조"				,"indsMclsCd" : "B24"				,"indsMclsNm" : "제철/제련/금속처리"				,"indsSclsCd" : "B24B80"				,"indsSclsNm" : "단조"				,"stdrDt" : "2015-12-17"				}				,{				"indsLclsCd" : "B"				,"indsLclsNm" : "제조"				,"indsMclsCd" : "B24"				,"indsMclsNm" : "제철/제련/금속처리"				,"indsSclsCd" : "B24B94"				,"indsSclsNm" : "도금"				,"stdrDt" : "2015-12-17"				}				,{				"indsLclsCd" : "B"				,"indsLclsNm" : "제조"				,"indsMclsCd" : "B24"				,"indsMclsNm" : "제철/제련/금속처리"				,"indsSclsCd" : "B24B63"				,"indsSclsNm" : "동압연/압출"				,"stdrDt" : "2015-12-17"				}				,{				"indsLclsCd" : "B"				,"indsLclsNm" : "제조"				,"indsMclsCd" : "B24"				,"indsMclsNm" : "제철/제련/금속처리"				,"indsSclsCd" : "B24B57"				,"indsSclsNm" : "동제련"				,"stdrDt" : "2015-12-17"				}				,{				"indsLclsCd" : "B"				,"indsLclsNm" : "제조"				,"indsMclsCd" : "B24"				,"indsMclsNm" : "제철/제련/금속처리"				,"indsSclsCd" : "B24B75"				,"indsSclsNm" : "동주물주조"				,"stdrDt" : "2015-12-17"				}				,{				"indsLclsCd" : "B"				,"indsLclsNm" : "제조"				,"indsMclsCd" : "B24"				,"indsMclsNm" : "제철/제련/금속처리"				,"indsSclsCd" : "B24B83"				,"indsSclsNm" : "동파이프제조"				,"stdrDt" : "2015-12-17"				}				,{				"indsLclsCd" : "B"				,"indsLclsNm" : "제조"				,"indsMclsCd" : "B24"				,"indsMclsNm" : "제철/제련/금속처리"				,"indsSclsCd" : "B24B81"				,"indsSclsNm" : "비철금속단조"				,"stdrDt" : "2015-12-17"				}				,{				"indsLclsCd" : "B"				,"indsLclsNm" : "제조"				,"indsMclsCd" : "B24"				,"indsMclsNm" : "제철/제련/금속처리"				,"indsSclsCd" : "B24B67"				,"indsSclsNm" : "비철금속압연/압출-기타"				,"stdrDt" : "2015-12-17"				}				,{				"indsLclsCd" : "B"				,"indsLclsNm" : "제조"				,"indsMclsCd" : "B24"				,"indsMclsNm" : "제철/제련/금속처리"				,"indsSclsCd" : "B24B62"				,"indsSclsNm" : "비철금속압연/압출-종합"				,"stdrDt" : "2015-12-17"				}				,{				"indsLclsCd" : "B"				,"indsLclsNm" : "제조"				,"indsMclsCd" : "B24"				,"indsMclsNm" : "제철/제련/금속처리"				,"indsSclsCd" : "B24B61"				,"indsSclsNm" : "비철금속제련/정련-기타"				,"stdrDt" : "2015-12-17"				}				,{				"indsLclsCd" : "B"				,"indsLclsNm" : "제조"				,"indsMclsCd" : "B24"				,"indsMclsNm" : "제철/제련/금속처리"				,"indsSclsCd" : "B24B56"				,"indsSclsNm" : "비철금속제련/정련-종합"				,"stdrDt" : "2015-12-17"				}				,{				"indsLclsCd" : "B"				,"indsLclsNm" : "제조"				,"indsMclsCd" : "B24"				,"indsMclsNm" : "제철/제련/금속처리"				,"indsSclsCd" : "B24B76"				,"indsSclsNm" : "비철금속주조-기타"				,"stdrDt" : "2015-12-17"				}				,{				"indsLclsCd" : "B"				,"indsLclsNm" : "제조"				,"indsMclsCd" : "B24"				,"indsMclsNm" : "제철/제련/금속처리"				,"indsSclsCd" : "B24B73"				,"indsSclsNm" : "비철금속주조-종합"				,"stdrDt" : "2015-12-17"				}				,{				"indsLclsCd" : "B"				,"indsLclsNm" : "제조"				,"indsMclsCd" : "B24"				,"indsMclsNm" : "제철/제련/금속처리"				,"indsSclsCd" : "B24B85"				,"indsSclsNm" : "스테인리스그릇제조"				,"stdrDt" : "2015-12-17"				}				,{				"indsLclsCd" : "B"				,"indsLclsNm" : "제조"				,"indsMclsCd" : "B24"				,"indsMclsNm" : "제철/제련/금속처리"				,"indsSclsCd" : "B24B86"				,"indsSclsNm" : "스테인리스제품제조"				,"stdrDt" : "2015-12-17"				}				,{				"indsLclsCd" : "B"				,"indsLclsNm" : "제조"				,"indsMclsCd" : "B24"				,"indsMclsNm" : "제철/제련/금속처리"				,"indsSclsCd" : "B24B84"				,"indsSclsNm" : "스테인리스파이프제조"				,"stdrDt" : "2015-12-17"				}				,{				"indsLclsCd" : "B"				,"indsLclsNm" : "제조"				,"indsMclsCd" : "B24"				,"indsMclsNm" : "제철/제련/금속처리"				,"indsSclsCd" : "B24B66"				,"indsSclsNm" : "아연압연/압출"				,"stdrDt" : "2015-12-17"				}				,{				"indsLclsCd" : "B"				,"indsLclsNm" : "제조"				,"indsMclsCd" : "B24"				,"indsMclsNm" : "제철/제련/금속처리"				,"indsSclsCd" : "B24B60"				,"indsSclsNm" : "아연제련"				,"stdrDt" : "2015-12-17"				}				,{				"indsLclsCd" : "B"				,"indsLclsNm" : "제조"				,"indsMclsCd" : "B24"				,"indsMclsNm" : "제철/제련/금속처리"				,"indsSclsCd" : "B24B89"				,"indsSclsNm" : "알루미늄그릇제조"				,"stdrDt" : "2015-12-17"				}				,{				"indsLclsCd" : "B"				,"indsLclsNm" : "제조"				,"indsMclsCd" : "B24"				,"indsMclsNm" : "제철/제련/금속처리"				,"indsSclsCd" : "B24B64"				,"indsSclsNm" : "알루미늄압연/압출"				,"stdrDt" : "2015-12-17"				}				,{				"indsLclsCd" : "B"				,"indsLclsNm" : "제조"				,"indsMclsCd" : "B24"				,"indsMclsNm" : "제철/제련/금속처리"				,"indsSclsCd" : "B24B58"				,"indsSclsNm" : "알루미늄제련"				,"stdrDt" : "2015-12-17"				}				,{				"indsLclsCd" : "B"				,"indsLclsNm" : "제조"				,"indsMclsCd" : "B24"				,"indsMclsNm" : "제철/제련/금속처리"				,"indsSclsCd" : "B24B78"				,"indsSclsNm" : "알루미늄제품제조"				,"stdrDt" : "2015-12-17"				}				,{				"indsLclsCd" : "B"				,"indsLclsNm" : "제조"				,"indsMclsCd" : "B24"				,"indsMclsNm" : "제철/제련/금속처리"				,"indsSclsCd" : "B24B74"				,"indsSclsNm" : "알루미늄주물주조"				,"stdrDt" : "2015-12-17"				}				,{				"indsLclsCd" : "B"				,"indsLclsNm" : "제조"				,"indsMclsCd" : "B24"				,"indsMclsNm" : "제철/제련/금속처리"				,"indsSclsCd" : "B24B79"				,"indsSclsNm" : "야금"				,"stdrDt" : "2015-12-17"				}				,{				"indsLclsCd" : "B"				,"indsLclsNm" : "제조"				,"indsMclsCd" : "B24"				,"indsMclsNm" : "제철/제련/금속처리"				,"indsSclsCd" : "B24B65"				,"indsSclsNm" : "연압연/압출"				,"stdrDt" : "2015-12-17"				}				,{				"indsLclsCd" : "B"				,"indsLclsNm" : "제조"				,"indsMclsCd" : "B24"				,"indsMclsNm" : "제철/제련/금속처리"				,"indsSclsCd" : "B24B59"				,"indsSclsNm" : "연제련"				,"stdrDt" : "2015-12-17"				}				,{				"indsLclsCd" : "B"				,"indsLclsNm" : "제조"				,"indsMclsCd" : "B24"				,"indsMclsNm" : "제철/제련/금속처리"				,"indsSclsCd" : "B24B92"				,"indsSclsNm" : "열처리"				,"stdrDt" : "2015-12-17"				}				,{				"indsLclsCd" : "B"				,"indsLclsNm" : "제조"				,"indsMclsCd" : "B24"				,"indsMclsNm" : "제철/제련/금속처리"				,"indsSclsCd" : "B24B93"				,"indsSclsNm" : "용접"				,"stdrDt" : "2015-12-17"				}				,{				"indsLclsCd" : "B"				,"indsLclsNm" : "제조"				,"indsMclsCd" : "B24"				,"indsMclsNm" : "제철/제련/금속처리"				,"indsSclsCd" : "B24B69"				,"indsSclsNm" : "용접봉제조"				,"stdrDt" : "2015-12-17"				}				,{				"indsLclsCd" : "B"				,"indsLclsNm" : "제조"				,"indsMclsCd" : "B24"				,"indsMclsNm" : "제철/제련/금속처리"				,"indsSclsCd" : "B24B87"				,"indsSclsNm" : "유기그릇제조"				,"stdrDt" : "2015-12-17"				}				,{				"indsLclsCd" : "B"				,"indsLclsNm" : "제조"				,"indsMclsCd" : "B24"				,"indsMclsNm" : "제철/제련/금속처리"				,"indsSclsCd" : "B24B71"				,"indsSclsNm" : "정밀주조"				,"stdrDt" : "2015-12-17"				}				,{				"indsLclsCd" : "B"				,"indsLclsNm" : "제조"				,"indsMclsCd" : "B24"				,"indsMclsNm" : "제철/제련/금속처리"				,"indsSclsCd" : "B24B42"				,"indsSclsNm" : "제강업"				,"stdrDt" : "2015-12-17"				}				,{				"indsLclsCd" : "B"				,"indsLclsNm" : "제조"				,"indsMclsCd" : "B24"				,"indsMclsNm" : "제철/제련/금속처리"				,"indsSclsCd" : "B24B47"				,"indsSclsNm" : "제관"				,"stdrDt" : "2015-12-17"				}				,{				"indsLclsCd" : "B"				,"indsLclsNm" : "제조"				,"indsMclsCd" : "B24"				,"indsMclsNm" : "제철/제련/금속처리"				,"indsSclsCd" : "B24B43"				,"indsSclsNm" : "제철/제강-기타"				,"stdrDt" : "2015-12-17"				}				,{				"indsLclsCd" : "B"				,"indsLclsNm" : "제조"				,"indsMclsCd" : "B24"				,"indsMclsNm" : "제철/제련/금속처리"				,"indsSclsCd" : "B24B39"				,"indsSclsNm" : "제철/제강-종합"				,"stdrDt" : "2015-12-17"				}				,{				"indsLclsCd" : "B"				,"indsLclsNm" : "제조"				,"indsMclsCd" : "B24"				,"indsMclsNm" : "제철/제련/금속처리"				,"indsSclsCd" : "B24B40"				,"indsSclsNm" : "제철업"				,"stdrDt" : "2015-12-17"				}				,{				"indsLclsCd" : "B"				,"indsLclsNm" : "제조"				,"indsMclsCd" : "B24"				,"indsMclsNm" : "제철/제련/금속처리"				,"indsSclsCd" : "B24B54"				,"indsSclsNm" : "철강압연/압출/연신/제관업-기타"				,"stdrDt" : "2015-12-17"				}				,{				"indsLclsCd" : "B"				,"indsLclsNm" : "제조"				,"indsMclsCd" : "B24"				,"indsMclsNm" : "제철/제련/금속처리"				,"indsSclsCd" : "B24B44"				,"indsSclsNm" : "철강압연/압출/연신/제관업-종합"				,"stdrDt" : "2015-12-17"				}				,{				"indsLclsCd" : "B"				,"indsLclsNm" : "제조"				,"indsMclsCd" : "B24"				,"indsMclsNm" : "제철/제련/금속처리"				,"indsSclsCd" : "B24B72"				,"indsSclsNm" : "철강주조-기타"				,"stdrDt" : "2015-12-17"				}				,{				"indsLclsCd" : "B"				,"indsLclsNm" : "제조"				,"indsMclsCd" : "B24"				,"indsMclsNm" : "제철/제련/금속처리"				,"indsSclsCd" : "B24B70"				,"indsSclsNm" : "철강주조-종합"				,"stdrDt" : "2015-12-17"				}				,{				"indsLclsCd" : "B"				,"indsLclsNm" : "제조"				,"indsMclsCd" : "B24"				,"indsMclsNm" : "제철/제련/금속처리"				,"indsSclsCd" : "B24B53"				,"indsSclsNm" : "철망제조"				,"stdrDt" : "2015-12-17"				}				,{				"indsLclsCd" : "B"				,"indsLclsNm" : "제조"				,"indsMclsCd" : "B24"				,"indsMclsNm" : "제철/제련/금속처리"				,"indsSclsCd" : "B24B52"				,"indsSclsNm" : "철선제조"				,"stdrDt" : "2015-12-17"				}				,{				"indsLclsCd" : "B"				,"indsLclsNm" : "제조"				,"indsMclsCd" : "B24"				,"indsMclsNm" : "제철/제련/금속처리"				,"indsSclsCd" : "B24B50"				,"indsSclsNm" : "철판제조"				,"stdrDt" : "2015-12-17"				}				,{				"indsLclsCd" : "B"				,"indsLclsNm" : "제조"				,"indsMclsCd" : "B24"				,"indsMclsNm" : "제철/제련/금속처리"				,"indsSclsCd" : "B24B51"				,"indsSclsNm" : "컬러철판제조"				,"stdrDt" : "2015-12-17"				}				,{				"indsLclsCd" : "B"				,"indsLclsNm" : "제조"				,"indsMclsCd" : "B24"				,"indsMclsNm" : "제철/제련/금속처리"				,"indsSclsCd" : "B24B46"				,"indsSclsNm" : "파이프제조"				,"stdrDt" : "2015-12-17"				}				,{				"indsLclsCd" : "B"				,"indsLclsNm" : "제조"				,"indsMclsCd" : "B24"				,"indsMclsNm" : "제철/제련/금속처리"				,"indsSclsCd" : "B24B95"				,"indsSclsNm" : "판금"				,"stdrDt" : "2015-12-17"				}				,{				"indsLclsCd" : "B"				,"indsLclsNm" : "제조"				,"indsMclsCd" : "B24"				,"indsMclsNm" : "제철/제련/금속처리"				,"indsSclsCd" : "B24B41"				,"indsSclsNm" : "합금철강제조"				,"stdrDt" : "2015-12-17"				}			]	}}