{	"header" : {		"description" : "소상공인시장진흥공단 상권정보 업종소분류 코드"		,"columns" : ["상권업종대분류코드","상권업종대분류코드명","상권업종중분류코드","상권업종중분류코드명","상권업종소분류코드","상권업종소분류코드명","데이터기준일자"]		,"resultCode" : "00"		,"resultMsg" : "NORMAL SERVICE"	},	"body" : {			"items" : [				{				"indsLclsCd" : "B"				,"indsLclsNm" : "제조"				,"indsMclsCd" : "B25"				,"indsMclsNm" : "재생가공처리"				,"indsSclsCd" : "B25B03"				,"indsSclsNm" : "고철가공처리"				,"stdrDt" : "2015-12-17"				}				,{				"indsLclsCd" : "B"				,"indsLclsNm" : "제조"				,"indsMclsCd" : "B25"				,"indsMclsNm" : "재생가공처리"				,"indsSclsCd" : "B25B04"				,"indsSclsNm" : "금속재생재료가공처리-기타"				,"stdrDt" : "2015-12-17"				}				,{				"indsLclsCd" : "B"				,"indsLclsNm" : "제조"				,"indsMclsCd" : "B25"				,"indsMclsNm" : "재생가공처리"				,"indsSclsCd" : "B25B01"				,"indsSclsNm" : "금속재생재료가공처리-종합"				,"stdrDt" : "2015-12-17"				}				,{				"indsLclsCd" : "B"				,"indsLclsNm" : "제조"				,"indsMclsCd" : "B25"				,"indsMclsNm" : "재생가공처리"				,"indsSclsCd" : "B25B11"				,"indsSclsNm" : "비금속재생재료가공처리-기타"				,"stdrDt" : "2015-12-17"				}				,{				"indsLclsCd" : "B"				,"indsLclsNm" : "제조"				,"indsMclsCd" : "B25"				,"indsMclsNm" : "재생가공처리"				,"indsSclsCd" : "B25B05"				,"indsSclsNm" : "비금속재생재료가공처리-종합"				,"stdrDt" : "2015-12-17"				}				,{				"indsLclsCd" : "B"				,"indsLclsNm" : "제조"				,"indsMclsCd" : "B25"				,"indsMclsNm" : "재생가공처리"				,"indsSclsCd" : "B25B02"				,"indsSclsNm" : "비철금속재생재료가공처리"				,"stdrDt" : "2015-12-17"				}				,{				"indsLclsCd" : "B"				,"indsLclsNm" : "제조"				,"indsMclsCd" : "B25"				,"indsMclsNm" : "재생가공처리"				,"indsSclsCd" : "B25B09"				,"indsSclsNm" : "폐고무가공처리"				,"stdrDt" : "2015-12-17"				}				,{				"indsLclsCd" : "B"				,"indsLclsNm" : "제조"				,"indsMclsCd" : "B25"				,"indsMclsNm" : "재생가공처리"				,"indsSclsCd" : "B25B06"				,"indsSclsNm" : "폐섬유가공처리"				,"stdrDt" : "2015-12-17"				}				,{				"indsLclsCd" : "B"				,"indsLclsNm" : "제조"				,"indsMclsCd" : "B25"				,"indsMclsNm" : "재생가공처리"				,"indsSclsCd" : "B25B10"				,"indsSclsNm" : "폐유리가공처리"				,"stdrDt" : "2015-12-17"				}				,{				"indsLclsCd" : "B"				,"indsLclsNm" : "제조"				,"indsMclsCd" : "B25"				,"indsMclsNm" : "재생가공처리"				,"indsSclsCd" : "B25B07"				,"indsSclsNm" : "폐지가공처리"				,"stdrDt" : "2015-12-17"				}				,{				"indsLclsCd" : "B"				,"indsLclsNm" : "제조"				,"indsMclsCd" : "B25"				,"indsMclsNm" : "재생가공처리"				,"indsSclsCd" : "B25B08"				,"indsSclsNm" : "폐플라스틱가공처리"				,"stdrDt" : "2015-12-17"				}			]	}}