{	"header" : {		"description" : "소상공인시장진흥공단 상권정보 업종소분류 코드"		,"columns" : ["상권업종대분류코드","상권업종대분류코드명","상권업종중분류코드","상권업종중분류코드명","상권업종소분류코드","상권업종소분류코드명","데이터기준일자"]		,"resultCode" : "00"		,"resultMsg" : "NORMAL SERVICE"	},	"body" : {			"items" : [				{				"indsLclsCd" : "B"				,"indsLclsNm" : "제조"				,"indsMclsCd" : "B26"				,"indsMclsNm" : "기계/장비/기구제조"				,"indsSclsCd" : "B26E50"				,"indsSclsNm" : "CCTV카메라제조"				,"stdrDt" : "2015-12-17"				}				,{				"indsLclsCd" : "B"				,"indsLclsNm" : "제조"				,"indsMclsCd" : "B26"				,"indsMclsNm" : "기계/장비/기구제조"				,"indsSclsCd" : "B26D79"				,"indsSclsNm" : "가격표시기제조"				,"stdrDt" : "2015-12-17"				}				,{				"indsLclsCd" : "B"				,"indsLclsNm" : "제조"				,"indsMclsCd" : "B26"				,"indsMclsNm" : "기계/장비/기구제조"				,"indsSclsCd" : "B26E36"				,"indsSclsNm" : "가스경보기제조"				,"stdrDt" : "2015-12-17"				}				,{				"indsLclsCd" : "B"				,"indsLclsNm" : "제조"				,"indsMclsCd" : "B26"				,"indsMclsNm" : "기계/장비/기구제조"				,"indsSclsCd" : "B26D42"				,"indsSclsNm" : "가스기구제조"				,"stdrDt" : "2015-12-17"				}				,{				"indsLclsCd" : "B"				,"indsLclsNm" : "제조"				,"indsMclsCd" : "B26"				,"indsMclsNm" : "기계/장비/기구제조"				,"indsSclsCd" : "B26D46"				,"indsSclsNm" : "가스보일러제조"				,"stdrDt" : "2015-12-17"				}				,{				"indsLclsCd" : "B"				,"indsLclsNm" : "제조"				,"indsMclsCd" : "B26"				,"indsMclsNm" : "기계/장비/기구제조"				,"indsSclsCd" : "B26D02"				,"indsSclsNm" : "가스용기제조"				,"stdrDt" : "2015-12-17"				}				,{				"indsLclsCd" : "B"				,"indsLclsNm" : "제조"				,"indsMclsCd" : "B26"				,"indsMclsNm" : "기계/장비/기구제조"				,"indsSclsCd" : "B26C83"				,"indsSclsNm" : "가스총제조"				,"stdrDt" : "2015-12-17"				}				,{				"indsLclsCd" : "B"				,"indsLclsNm" : "제조"				,"indsMclsCd" : "B26"				,"indsMclsNm" : "기계/장비/기구제조"				,"indsSclsCd" : "B26D35"				,"indsSclsNm" : "가전제품제조"				,"stdrDt" : "2015-12-17"				}				,{				"indsLclsCd" : "B"				,"indsLclsNm" : "제조"				,"indsMclsCd" : "B26"				,"indsMclsNm" : "기계/장비/기구제조"				,"indsSclsCd" : "B26D51"				,"indsSclsNm" : "가정용기구제조-기타"				,"stdrDt" : "2015-12-17"				}				,{				"indsLclsCd" : "B"				,"indsLclsNm" : "제조"				,"indsMclsCd" : "B26"				,"indsMclsNm" : "기계/장비/기구제조"				,"indsSclsCd" : "B26D32"				,"indsSclsNm" : "가정용기구제조-종합"				,"stdrDt" : "2015-12-17"				}				,{				"indsLclsCd" : "B"				,"indsLclsNm" : "제조"				,"indsMclsCd" : "B26"				,"indsMclsNm" : "기계/장비/기구제조"				,"indsSclsCd" : "B26E54"				,"indsSclsNm" : "가정자동화기기제조"				,"stdrDt" : "2015-12-17"				}				,{				"indsLclsCd" : "B"				,"indsLclsNm" : "제조"				,"indsMclsCd" : "B26"				,"indsMclsNm" : "기계/장비/기구제조"				,"indsSclsCd" : "B26E43"				,"indsSclsNm" : "감시용기기제조"				,"stdrDt" : "2015-12-17"				}				,{				"indsLclsCd" : "B"				,"indsLclsNm" : "제조"				,"indsMclsCd" : "B26"				,"indsMclsNm" : "기계/장비/기구제조"				,"indsSclsCd" : "B26E44"				,"indsSclsNm" : "감지장치제조"				,"stdrDt" : "2015-12-17"				}				,{				"indsLclsCd" : "B"				,"indsLclsNm" : "제조"				,"indsMclsCd" : "B26"				,"indsMclsNm" : "기계/장비/기구제조"				,"indsSclsCd" : "B26C21"				,"indsSclsNm" : "개스킷제조"				,"stdrDt" : "2015-12-17"				}				,{				"indsLclsCd" : "B"				,"indsLclsNm" : "제조"				,"indsMclsCd" : "B26"				,"indsMclsNm" : "기계/장비/기구제조"				,"indsSclsCd" : "B26E29"				,"indsSclsNm" : "건전지제조"				,"stdrDt" : "2015-12-17"				}				,{				"indsLclsCd" : "B"				,"indsLclsNm" : "제조"				,"indsMclsCd" : "B26"				,"indsMclsNm" : "기계/장비/기구제조"				,"indsSclsCd" : "B26E46"				,"indsSclsNm" : "경보기기제조"				,"stdrDt" : "2015-12-17"				}				,{				"indsLclsCd" : "B"				,"indsLclsNm" : "제조"				,"indsMclsCd" : "B26"				,"indsMclsNm" : "기계/장비/기구제조"				,"indsSclsCd" : "B26B09"				,"indsSclsNm" : "계량기제조"				,"stdrDt" : "2015-12-17"				}				,{				"indsLclsCd" : "B"				,"indsLclsNm" : "제조"				,"indsMclsCd" : "B26"				,"indsMclsNm" : "기계/장비/기구제조"				,"indsSclsCd" : "B26B08"				,"indsSclsNm" : "계측기제조"				,"stdrDt" : "2015-12-17"				}				,{				"indsLclsCd" : "B"				,"indsLclsNm" : "제조"				,"indsMclsCd" : "B26"				,"indsMclsNm" : "기계/장비/기구제조"				,"indsSclsCd" : "B26D25"				,"indsSclsNm" : "고무/플라스틱성형기제조"				,"stdrDt" : "2015-12-17"				}				,{				"indsLclsCd" : "B"				,"indsLclsNm" : "제조"				,"indsMclsCd" : "B26"				,"indsMclsNm" : "기계/장비/기구제조"				,"indsSclsCd" : "B26B15"				,"indsSclsNm" : "고주파기기제조"				,"stdrDt" : "2015-12-17"				}				,{				"indsLclsCd" : "B"				,"indsLclsNm" : "제조"				,"indsMclsCd" : "B26"				,"indsMclsNm" : "기계/장비/기구제조"				,"indsSclsCd" : "B26D13"				,"indsSclsNm" : "공기압축기제조"				,"stdrDt" : "2015-12-17"				}				,{				"indsLclsCd" : "B"				,"indsLclsNm" : "제조"				,"indsMclsCd" : "B26"				,"indsMclsNm" : "기계/장비/기구제조"				,"indsSclsCd" : "B26D44"				,"indsSclsNm" : "공기정화기제조"				,"stdrDt" : "2015-12-17"				}				,{				"indsLclsCd" : "B"				,"indsLclsNm" : "제조"				,"indsMclsCd" : "B26"				,"indsMclsNm" : "기계/장비/기구제조"				,"indsSclsCd" : "B26B89"				,"indsSclsNm" : "공기조화기제조"				,"stdrDt" : "2015-12-17"				}				,{				"indsLclsCd" : "B"				,"indsLclsNm" : "제조"				,"indsMclsCd" : "B26"				,"indsMclsNm" : "기계/장비/기구제조"				,"indsSclsCd" : "B26C85"				,"indsSclsNm" : "공기총/엽총제조"				,"stdrDt" : "2015-12-17"				}				,{				"indsLclsCd" : "B"				,"indsLclsNm" : "제조"				,"indsMclsCd" : "B26"				,"indsMclsNm" : "기계/장비/기구제조"				,"indsSclsCd" : "B26D14"				,"indsSclsNm" : "공압기기제조"				,"stdrDt" : "2015-12-17"				}				,{				"indsLclsCd" : "B"				,"indsLclsNm" : "제조"				,"indsMclsCd" : "B26"				,"indsMclsNm" : "기계/장비/기구제조"				,"indsSclsCd" : "B26C36"				,"indsSclsNm" : "공작기계제조-기타"				,"stdrDt" : "2015-12-17"				}				,{				"indsLclsCd" : "B"				,"indsLclsNm" : "제조"				,"indsMclsCd" : "B26"				,"indsMclsNm" : "기계/장비/기구제조"				,"indsSclsCd" : "B26C24"				,"indsSclsNm" : "공작기계제조-종합"				,"stdrDt" : "2015-12-17"				}				,{				"indsLclsCd" : "B"				,"indsLclsNm" : "제조"				,"indsMclsCd" : "B26"				,"indsMclsNm" : "기계/장비/기구제조"				,"indsSclsCd" : "B26B23"				,"indsSclsNm" : "공장자동화기기제조"				,"stdrDt" : "2015-12-17"				}				,{				"indsLclsCd" : "B"				,"indsLclsNm" : "제조"				,"indsMclsCd" : "B26"				,"indsMclsNm" : "기계/장비/기구제조"				,"indsSclsCd" : "B26B11"				,"indsSclsNm" : "과학기재제조"				,"stdrDt" : "2015-12-17"				}				,{				"indsLclsCd" : "B"				,"indsLclsNm" : "제조"				,"indsMclsCd" : "B26"				,"indsMclsNm" : "기계/장비/기구제조"				,"indsSclsCd" : "B26C51"				,"indsSclsNm" : "광산장비제조"				,"stdrDt" : "2015-12-17"				}				,{				"indsLclsCd" : "B"				,"indsLclsNm" : "제조"				,"indsMclsCd" : "B26"				,"indsMclsNm" : "기계/장비/기구제조"				,"indsSclsCd" : "B26B34"				,"indsSclsNm" : "광학요소제조"				,"stdrDt" : "2015-12-17"				}				,{				"indsLclsCd" : "B"				,"indsLclsNm" : "제조"				,"indsMclsCd" : "B26"				,"indsMclsNm" : "기계/장비/기구제조"				,"indsSclsCd" : "B26E42"				,"indsSclsNm" : "교통신호장치제조"				,"stdrDt" : "2015-12-17"				}				,{				"indsLclsCd" : "B"				,"indsLclsNm" : "제조"				,"indsMclsCd" : "B26"				,"indsMclsNm" : "기계/장비/기구제조"				,"indsSclsCd" : "B26C88"				,"indsSclsNm" : "구조금속제품제조-기타"				,"stdrDt" : "2015-12-17"				}				,{				"indsLclsCd" : "B"				,"indsLclsNm" : "제조"				,"indsMclsCd" : "B26"				,"indsMclsNm" : "기계/장비/기구제조"				,"indsSclsCd" : "B26C78"				,"indsSclsNm" : "구조금속제품제조-종합"				,"stdrDt" : "2015-12-17"				}				,{				"indsLclsCd" : "B"				,"indsLclsNm" : "제조"				,"indsMclsCd" : "B26"				,"indsMclsNm" : "기계/장비/기구제조"				,"indsSclsCd" : "B26D68"				,"indsSclsNm" : "금고제조"				,"stdrDt" : "2015-12-17"				}				,{				"indsLclsCd" : "B"				,"indsLclsNm" : "제조"				,"indsMclsCd" : "B26"				,"indsMclsNm" : "기계/장비/기구제조"				,"indsSclsCd" : "B26C41"				,"indsSclsNm" : "금속압연기제조"				,"stdrDt" : "2015-12-17"				}				,{				"indsLclsCd" : "B"				,"indsLclsNm" : "제조"				,"indsMclsCd" : "B26"				,"indsMclsNm" : "기계/장비/기구제조"				,"indsSclsCd" : "B26E02"				,"indsSclsNm" : "금속장식품제조"				,"stdrDt" : "2015-12-17"				}				,{				"indsLclsCd" : "B"				,"indsLclsNm" : "제조"				,"indsMclsCd" : "B26"				,"indsMclsNm" : "기계/장비/기구제조"				,"indsSclsCd" : "B26C42"				,"indsSclsNm" : "금속주조/압연기제조-기타"				,"stdrDt" : "2015-12-17"				}				,{				"indsLclsCd" : "B"				,"indsLclsNm" : "제조"				,"indsMclsCd" : "B26"				,"indsMclsNm" : "기계/장비/기구제조"				,"indsSclsCd" : "B26C38"				,"indsSclsNm" : "금속주조/압연기제조-종합"				,"stdrDt" : "2015-12-17"				}				,{				"indsLclsCd" : "B"				,"indsLclsNm" : "제조"				,"indsMclsCd" : "B26"				,"indsMclsNm" : "기계/장비/기구제조"				,"indsSclsCd" : "B26C40"				,"indsSclsNm" : "금속주조기제조"				,"stdrDt" : "2015-12-17"				}				,{				"indsLclsCd" : "B"				,"indsLclsNm" : "제조"				,"indsMclsCd" : "B26"				,"indsMclsNm" : "기계/장비/기구제조"				,"indsSclsCd" : "B26D31"				,"indsSclsNm" : "금속탱크/저장조/유사용기제조-기타"				,"stdrDt" : "2015-12-17"				}				,{				"indsLclsCd" : "B"				,"indsLclsNm" : "제조"				,"indsMclsCd" : "B26"				,"indsMclsNm" : "기계/장비/기구제조"				,"indsSclsCd" : "B26C89"				,"indsSclsNm" : "금속탱크/저장조/유사용기제조-종합"				,"stdrDt" : "2015-12-17"				}				,{				"indsLclsCd" : "B"				,"indsLclsNm" : "제조"				,"indsMclsCd" : "B26"				,"indsMclsNm" : "기계/장비/기구제조"				,"indsSclsCd" : "B26D87"				,"indsSclsNm" : "금전등록기제조"				,"stdrDt" : "2015-12-17"				}				,{				"indsLclsCd" : "B"				,"indsLclsNm" : "제조"				,"indsMclsCd" : "B26"				,"indsMclsNm" : "기계/장비/기구제조"				,"indsSclsCd" : "B26D88"				,"indsSclsNm" : "기계공구제조"				,"stdrDt" : "2015-12-17"				}				,{				"indsLclsCd" : "B"				,"indsLclsNm" : "제조"				,"indsMclsCd" : "B26"				,"indsMclsNm" : "기계/장비/기구제조"				,"indsSclsCd" : "B26D90"				,"indsSclsNm" : "기계부속품제조"				,"stdrDt" : "2015-12-17"				}				,{				"indsLclsCd" : "B"				,"indsLclsNm" : "제조"				,"indsMclsCd" : "B26"				,"indsMclsNm" : "기계/장비/기구제조"				,"indsSclsCd" : "B26D72"				,"indsSclsNm" : "나사/못제조"				,"stdrDt" : "2015-12-17"				}				,{				"indsLclsCd" : "B"				,"indsLclsNm" : "제조"				,"indsMclsCd" : "B26"				,"indsMclsNm" : "기계/장비/기구제조"				,"indsSclsCd" : "B26C10"				,"indsSclsNm" : "낙농용기계제조"				,"stdrDt" : "2015-12-17"				}				,{				"indsLclsCd" : "B"				,"indsLclsNm" : "제조"				,"indsMclsCd" : "B26"				,"indsMclsNm" : "기계/장비/기구제조"				,"indsSclsCd" : "B26D57"				,"indsSclsNm" : "날붙이제조"				,"stdrDt" : "2015-12-17"				}				,{				"indsLclsCd" : "B"				,"indsLclsNm" : "제조"				,"indsMclsCd" : "B26"				,"indsMclsNm" : "기계/장비/기구제조"				,"indsSclsCd" : "B26B03"				,"indsSclsNm" : "내연기관제조"				,"stdrDt" : "2015-12-17"				}				,{				"indsLclsCd" : "B"				,"indsLclsNm" : "제조"				,"indsMclsCd" : "B26"				,"indsMclsNm" : "기계/장비/기구제조"				,"indsSclsCd" : "B26D40"				,"indsSclsNm" : "냉동냉장/냉난방기제조"				,"stdrDt" : "2015-12-17"				}				,{				"indsLclsCd" : "B"				,"indsLclsNm" : "제조"				,"indsMclsCd" : "B26"				,"indsMclsNm" : "기계/장비/기구제조"				,"indsSclsCd" : "B26E66"				,"indsSclsNm" : "노래방기기제조"				,"stdrDt" : "2015-12-17"				}				,{				"indsLclsCd" : "B"				,"indsLclsNm" : "제조"				,"indsMclsCd" : "B26"				,"indsMclsNm" : "기계/장비/기구제조"				,"indsSclsCd" : "B26D05"				,"indsSclsNm" : "놀이터용장비제조"				,"stdrDt" : "2015-12-17"				}				,{				"indsLclsCd" : "B"				,"indsLclsNm" : "제조"				,"indsMclsCd" : "B26"				,"indsMclsNm" : "기계/장비/기구제조"				,"indsSclsCd" : "B26C08"				,"indsSclsNm" : "농기구제조"				,"stdrDt" : "2015-12-17"				}				,{				"indsLclsCd" : "B"				,"indsLclsNm" : "제조"				,"indsMclsCd" : "B26"				,"indsMclsNm" : "기계/장비/기구제조"				,"indsSclsCd" : "B26C22"				,"indsSclsNm" : "농업용기계제조-기타"				,"stdrDt" : "2015-12-17"				}				,{				"indsLclsCd" : "B"				,"indsLclsNm" : "제조"				,"indsMclsCd" : "B26"				,"indsMclsNm" : "기계/장비/기구제조"				,"indsSclsCd" : "B26C06"				,"indsSclsNm" : "농업용기계제조-종합"				,"stdrDt" : "2015-12-17"				}				,{				"indsLclsCd" : "B"				,"indsLclsNm" : "제조"				,"indsMclsCd" : "B26"				,"indsMclsNm" : "기계/장비/기구제조"				,"indsSclsCd" : "B26D61"				,"indsSclsNm" : "다이아몬드공구제조"				,"stdrDt" : "2015-12-17"				}				,{				"indsLclsCd" : "B"				,"indsLclsNm" : "제조"				,"indsMclsCd" : "B26"				,"indsMclsNm" : "기계/장비/기구제조"				,"indsSclsCd" : "B26D82"				,"indsSclsNm" : "닥트제조"				,"stdrDt" : "2015-12-17"				}				,{				"indsLclsCd" : "B"				,"indsLclsNm" : "제조"				,"indsMclsCd" : "B26"				,"indsMclsNm" : "기계/장비/기구제조"				,"indsSclsCd" : "B26C63"				,"indsSclsNm" : "담배가공기계제조"				,"stdrDt" : "2015-12-17"				}				,{				"indsLclsCd" : "B"				,"indsLclsNm" : "제조"				,"indsMclsCd" : "B26"				,"indsMclsNm" : "기계/장비/기구제조"				,"indsSclsCd" : "B26E37"				,"indsSclsNm" : "도난경보기제조"				,"stdrDt" : "2015-12-17"				}				,{				"indsLclsCd" : "B"				,"indsLclsNm" : "제조"				,"indsMclsCd" : "B26"				,"indsMclsNm" : "기계/장비/기구제조"				,"indsSclsCd" : "B26B36"				,"indsSclsNm" : "도로반사경제작"				,"stdrDt" : "2015-12-17"				}				,{				"indsLclsCd" : "B"				,"indsLclsNm" : "제조"				,"indsMclsCd" : "B26"				,"indsMclsNm" : "기계/장비/기구제조"				,"indsSclsCd" : "B26B10"				,"indsSclsNm" : "도안기재제조"				,"stdrDt" : "2015-12-17"				}				,{				"indsLclsCd" : "B"				,"indsLclsNm" : "제조"				,"indsMclsCd" : "B26"				,"indsMclsNm" : "기계/장비/기구제조"				,"indsSclsCd" : "B26E03"				,"indsSclsNm" : "동전교환기제조"				,"stdrDt" : "2015-12-17"				}				,{				"indsLclsCd" : "B"				,"indsLclsNm" : "제조"				,"indsMclsCd" : "B26"				,"indsMclsNm" : "기계/장비/기구제조"				,"indsSclsCd" : "B26E04"				,"indsSclsNm" : "드럼통제조"				,"stdrDt" : "2015-12-17"				}				,{				"indsLclsCd" : "B"				,"indsLclsNm" : "제조"				,"indsMclsCd" : "B26"				,"indsMclsNm" : "기계/장비/기구제조"				,"indsSclsCd" : "B26B52"				,"indsSclsNm" : "레이저기기제조"				,"stdrDt" : "2015-12-17"				}				,{				"indsLclsCd" : "B"				,"indsLclsNm" : "제조"				,"indsMclsCd" : "B26"				,"indsMclsNm" : "기계/장비/기구제조"				,"indsSclsCd" : "B26D76"				,"indsSclsNm" : "리베트제조"				,"stdrDt" : "2015-12-17"				}				,{				"indsLclsCd" : "B"				,"indsLclsNm" : "제조"				,"indsMclsCd" : "B26"				,"indsMclsNm" : "기계/장비/기구제조"				,"indsSclsCd" : "B26C74"				,"indsSclsNm" : "리어카제조"				,"stdrDt" : "2015-12-17"				}				,{				"indsLclsCd" : "B"				,"indsLclsNm" : "제조"				,"indsMclsCd" : "B26"				,"indsMclsNm" : "기계/장비/기구제조"				,"indsSclsCd" : "B26B69"				,"indsSclsNm" : "리프트제조"				,"stdrDt" : "2015-12-17"				}				,{				"indsLclsCd" : "B"				,"indsLclsNm" : "제조"				,"indsMclsCd" : "B26"				,"indsMclsNm" : "기계/장비/기구제조"				,"indsSclsCd" : "B26B49"				,"indsSclsNm" : "마이크로필름판독기제조"				,"stdrDt" : "2015-12-17"				}				,{				"indsLclsCd" : "B"				,"indsLclsNm" : "제조"				,"indsMclsCd" : "B26"				,"indsMclsNm" : "기계/장비/기구제조"				,"indsSclsCd" : "B26E79"				,"indsSclsNm" : "마취기기제조"				,"stdrDt" : "2015-12-17"				}				,{				"indsLclsCd" : "B"				,"indsLclsNm" : "제조"				,"indsMclsCd" : "B26"				,"indsMclsNm" : "기계/장비/기구제조"				,"indsSclsCd" : "B26D48"				,"indsSclsNm" : "면도기제조"				,"stdrDt" : "2015-12-17"				}				,{				"indsLclsCd" : "B"				,"indsLclsNm" : "제조"				,"indsMclsCd" : "B26"				,"indsMclsNm" : "기계/장비/기구제조"				,"indsSclsCd" : "B26B24"				,"indsSclsNm" : "모터/원동기제조"				,"stdrDt" : "2015-12-17"				}				,{				"indsLclsCd" : "B"				,"indsLclsNm" : "제조"				,"indsMclsCd" : "B26"				,"indsMclsNm" : "기계/장비/기구제조"				,"indsSclsCd" : "B26C30"				,"indsSclsNm" : "목재/석재가공기계제조"				,"stdrDt" : "2015-12-17"				}				,{				"indsLclsCd" : "B"				,"indsLclsNm" : "제조"				,"indsMclsCd" : "B26"				,"indsMclsNm" : "기계/장비/기구제조"				,"indsSclsCd" : "B26C87"				,"indsSclsNm" : "무기/총포탄제조-기타"				,"stdrDt" : "2015-12-17"				}				,{				"indsLclsCd" : "B"				,"indsLclsNm" : "제조"				,"indsMclsCd" : "B26"				,"indsMclsNm" : "기계/장비/기구제조"				,"indsSclsCd" : "B26C77"				,"indsSclsNm" : "무기/총포탄제조-종합"				,"stdrDt" : "2015-12-17"				}				,{				"indsLclsCd" : "B"				,"indsLclsNm" : "제조"				,"indsMclsCd" : "B26"				,"indsMclsNm" : "기계/장비/기구제조"				,"indsSclsCd" : "B26C81"				,"indsSclsNm" : "무기제조"				,"stdrDt" : "2015-12-17"				}				,{				"indsLclsCd" : "B"				,"indsLclsNm" : "제조"				,"indsMclsCd" : "B26"				,"indsMclsNm" : "기계/장비/기구제조"				,"indsSclsCd" : "B26E51"				,"indsSclsNm" : "무전기제조"				,"stdrDt" : "2015-12-17"				}				,{				"indsLclsCd" : "B"				,"indsLclsNm" : "제조"				,"indsMclsCd" : "B26"				,"indsMclsNm" : "기계/장비/기구제조"				,"indsSclsCd" : "B26E80"				,"indsSclsNm" : "물리요법기제조"				,"stdrDt" : "2015-12-17"				}				,{				"indsLclsCd" : "B"				,"indsLclsNm" : "제조"				,"indsMclsCd" : "B26"				,"indsMclsNm" : "기계/장비/기구제조"				,"indsSclsCd" : "B26C91"				,"indsSclsNm" : "물탱크제조"				,"stdrDt" : "2015-12-17"				}				,{				"indsLclsCd" : "B"				,"indsLclsNm" : "제조"				,"indsMclsCd" : "B26"				,"indsMclsNm" : "기계/장비/기구제조"				,"indsSclsCd" : "B26C68"				,"indsSclsNm" : "미싱부속품제조"				,"stdrDt" : "2015-12-17"				}				,{				"indsLclsCd" : "B"				,"indsLclsNm" : "제조"				,"indsMclsCd" : "B26"				,"indsMclsNm" : "기계/장비/기구제조"				,"indsSclsCd" : "B26C70"				,"indsSclsNm" : "미싱제조"				,"stdrDt" : "2015-12-17"				}				,{				"indsLclsCd" : "B"				,"indsLclsNm" : "제조"				,"indsMclsCd" : "B26"				,"indsMclsNm" : "기계/장비/기구제조"				,"indsSclsCd" : "B26D37"				,"indsSclsNm" : "미용재료제조"				,"stdrDt" : "2015-12-17"				}				,{				"indsLclsCd" : "B"				,"indsLclsNm" : "제조"				,"indsMclsCd" : "B26"				,"indsMclsNm" : "기계/장비/기구제조"				,"indsSclsCd" : "B26E06"				,"indsSclsNm" : "바늘제조"				,"stdrDt" : "2015-12-17"				}				,{				"indsLclsCd" : "B"				,"indsLclsNm" : "제조"				,"indsMclsCd" : "B26"				,"indsMclsNm" : "기계/장비/기구제조"				,"indsSclsCd" : "B26B17"				,"indsSclsNm" : "반도체가공기계제조"				,"stdrDt" : "2015-12-17"				}				,{				"indsLclsCd" : "B"				,"indsLclsNm" : "제조"				,"indsMclsCd" : "B26"				,"indsMclsNm" : "기계/장비/기구제조"				,"indsSclsCd" : "B26E15"				,"indsSclsNm" : "발전기제조"				,"stdrDt" : "2015-12-17"				}				,{				"indsLclsCd" : "B"				,"indsLclsNm" : "제조"				,"indsMclsCd" : "B26"				,"indsMclsNm" : "기계/장비/기구제조"				,"indsSclsCd" : "B26E78"				,"indsSclsNm" : "방사선장치/전기의료장치제조"				,"stdrDt" : "2015-12-17"				}				,{				"indsLclsCd" : "B"				,"indsLclsNm" : "제조"				,"indsMclsCd" : "B26"				,"indsMclsNm" : "기계/장비/기구제조"				,"indsSclsCd" : "B26E67"				,"indsSclsNm" : "방송수신기/영상/음향기기제조-기타"				,"stdrDt" : "2015-12-17"				}				,{				"indsLclsCd" : "B"				,"indsLclsNm" : "제조"				,"indsMclsCd" : "B26"				,"indsMclsNm" : "기계/장비/기구제조"				,"indsSclsCd" : "B26E59"				,"indsSclsNm" : "방송수신기/영상/음향기기제조-종합"				,"stdrDt" : "2015-12-17"				}				,{				"indsLclsCd" : "B"				,"indsLclsNm" : "제조"				,"indsMclsCd" : "B26"				,"indsMclsNm" : "기계/장비/기구제조"				,"indsSclsCd" : "B26E49"				,"indsSclsNm" : "방송장비제조"				,"stdrDt" : "2015-12-17"				}				,{				"indsLclsCd" : "B"				,"indsLclsNm" : "제조"				,"indsMclsCd" : "B26"				,"indsMclsNm" : "기계/장비/기구제조"				,"indsSclsCd" : "B26E18"				,"indsSclsNm" : "배전반제조"				,"stdrDt" : "2015-12-17"				}				,{				"indsLclsCd" : "B"				,"indsLclsNm" : "제조"				,"indsMclsCd" : "B26"				,"indsMclsNm" : "기계/장비/기구제조"				,"indsSclsCd" : "B26B27"				,"indsSclsNm" : "밸브제조"				,"stdrDt" : "2015-12-17"				}				,{				"indsLclsCd" : "B"				,"indsLclsNm" : "제조"				,"indsMclsCd" : "B26"				,"indsMclsNm" : "기계/장비/기구제조"				,"indsSclsCd" : "B26B61"				,"indsSclsNm" : "버너제조"				,"stdrDt" : "2015-12-17"				}				,{				"indsLclsCd" : "B"				,"indsLclsNm" : "제조"				,"indsMclsCd" : "B26"				,"indsMclsNm" : "기계/장비/기구제조"				,"indsSclsCd" : "B26B55"				,"indsSclsNm" : "베어링/기어/전동요소제조-기타"				,"stdrDt" : "2015-12-17"				}				,{				"indsLclsCd" : "B"				,"indsLclsNm" : "제조"				,"indsMclsCd" : "B26"				,"indsMclsNm" : "기계/장비/기구제조"				,"indsSclsCd" : "B26B31"				,"indsSclsNm" : "베어링/기어/전동요소제조-종합"				,"stdrDt" : "2015-12-17"				}				,{				"indsLclsCd" : "B"				,"indsLclsNm" : "제조"				,"indsMclsCd" : "B26"				,"indsMclsNm" : "기계/장비/기구제조"				,"indsSclsCd" : "B26B35"				,"indsSclsNm" : "베어링제조"				,"stdrDt" : "2015-12-17"				}				,{				"indsLclsCd" : "B"				,"indsLclsNm" : "제조"				,"indsMclsCd" : "B26"				,"indsMclsNm" : "기계/장비/기구제조"				,"indsSclsCd" : "B26B33"				,"indsSclsNm" : "변속기제조"				,"stdrDt" : "2015-12-17"				}				,{				"indsLclsCd" : "B"				,"indsLclsNm" : "제조"				,"indsMclsCd" : "B26"				,"indsMclsNm" : "기계/장비/기구제조"				,"indsSclsCd" : "B26E14"				,"indsSclsNm" : "변압기제조"				,"stdrDt" : "2015-12-17"				}				,{				"indsLclsCd" : "B"				,"indsLclsNm" : "제조"				,"indsMclsCd" : "B26"				,"indsMclsNm" : "기계/장비/기구제조"				,"indsSclsCd" : "B26D63"				,"indsSclsNm" : "보안기제조"				,"stdrDt" : "2015-12-17"				}				,{				"indsLclsCd" : "B"				,"indsLclsNm" : "제조"				,"indsMclsCd" : "B26"				,"indsMclsNm" : "기계/장비/기구제조"				,"indsSclsCd" : "B26D45"				,"indsSclsNm" : "보일러제조"				,"stdrDt" : "2015-12-17"				}				,{				"indsLclsCd" : "B"				,"indsLclsNm" : "제조"				,"indsMclsCd" : "B26"				,"indsMclsNm" : "기계/장비/기구제조"				,"indsSclsCd" : "B26E82"				,"indsSclsNm" : "보조기제작"				,"stdrDt" : "2015-12-17"				}				,{				"indsLclsCd" : "B"				,"indsLclsNm" : "제조"				,"indsMclsCd" : "B26"				,"indsMclsNm" : "기계/장비/기구제조"				,"indsSclsCd" : "B26E84"				,"indsSclsNm" : "보청기제조"				,"stdrDt" : "2015-12-17"				}				,{				"indsLclsCd" : "B"				,"indsLclsNm" : "제조"				,"indsMclsCd" : "B26"				,"indsMclsNm" : "기계/장비/기구제조"				,"indsSclsCd" : "B26C39"				,"indsSclsNm" : "보트건조/수리"				,"stdrDt" : "2015-12-17"				}				,{				"indsLclsCd" : "B"				,"indsLclsNm" : "제조"				,"indsMclsCd" : "B26"				,"indsMclsNm" : "기계/장비/기구제조"				,"indsSclsCd" : "B26D70"				,"indsSclsNm" : "볼트/너트/와셔제조"				,"stdrDt" : "2015-12-17"				}				,{				"indsLclsCd" : "B"				,"indsLclsNm" : "제조"				,"indsMclsCd" : "B26"				,"indsMclsNm" : "기계/장비/기구제조"				,"indsSclsCd" : "B26C12"				,"indsSclsNm" : "분무기제조"				,"stdrDt" : "2015-12-17"				}				,{				"indsLclsCd" : "B"				,"indsLclsNm" : "제조"				,"indsMclsCd" : "B26"				,"indsMclsNm" : "기계/장비/기구제조"				,"indsSclsCd" : "B26E61"				,"indsSclsNm" : "브라운관제조"				,"stdrDt" : "2015-12-17"				}				,{				"indsLclsCd" : "B"				,"indsLclsNm" : "제조"				,"indsMclsCd" : "B26"				,"indsMclsNm" : "기계/장비/기구제조"				,"indsSclsCd" : "B26D30"				,"indsSclsNm" : "비데제조"				,"stdrDt" : "2015-12-17"				}				,{				"indsLclsCd" : "B"				,"indsLclsNm" : "제조"				,"indsMclsCd" : "B26"				,"indsMclsNm" : "기계/장비/기구제조"				,"indsSclsCd" : "B26E62"				,"indsSclsNm" : "비디오기기제조"				,"stdrDt" : "2015-12-17"				}				,{				"indsLclsCd" : "B"				,"indsLclsNm" : "제조"				,"indsMclsCd" : "B26"				,"indsMclsNm" : "기계/장비/기구제조"				,"indsSclsCd" : "B26E33"				,"indsSclsNm" : "비상조명등제조"				,"stdrDt" : "2015-12-17"				}				,{				"indsLclsCd" : "B"				,"indsLclsNm" : "제조"				,"indsMclsCd" : "B26"				,"indsMclsNm" : "기계/장비/기구제조"				,"indsSclsCd" : "B26D86"				,"indsSclsNm" : "사다리제조"				,"stdrDt" : "2015-12-17"				}				,{				"indsLclsCd" : "B"				,"indsLclsNm" : "제조"				,"indsMclsCd" : "B26"				,"indsMclsNm" : "기계/장비/기구제조"				,"indsSclsCd" : "B26E11"				,"indsSclsNm" : "사무/계산/회계용기계제조-기타"				,"stdrDt" : "2015-12-17"				}				,{				"indsLclsCd" : "B"				,"indsLclsNm" : "제조"				,"indsMclsCd" : "B26"				,"indsMclsNm" : "기계/장비/기구제조"				,"indsSclsCd" : "B26D66"				,"indsSclsNm" : "사무/계산/회계용기계제조-종합"				,"stdrDt" : "2015-12-17"				}				,{				"indsLclsCd" : "B"				,"indsLclsNm" : "제조"				,"indsMclsCd" : "B26"				,"indsMclsNm" : "기계/장비/기구제조"				,"indsSclsCd" : "B26D83"				,"indsSclsNm" : "사무기기제조-금융사무기"				,"stdrDt" : "2015-12-17"				}				,{				"indsLclsCd" : "B"				,"indsLclsNm" : "제조"				,"indsMclsCd" : "B26"				,"indsMclsNm" : "기계/장비/기구제조"				,"indsSclsCd" : "B26D71"				,"indsSclsNm" : "사무기기제조-등사기"				,"stdrDt" : "2015-12-17"				}				,{				"indsLclsCd" : "B"				,"indsLclsNm" : "제조"				,"indsMclsCd" : "B26"				,"indsMclsNm" : "기계/장비/기구제조"				,"indsSclsCd" : "B26D85"				,"indsSclsNm" : "사무기기제조-레이저토너"				,"stdrDt" : "2015-12-17"				}				,{				"indsLclsCd" : "B"				,"indsLclsNm" : "제조"				,"indsMclsCd" : "B26"				,"indsMclsNm" : "기계/장비/기구제조"				,"indsSclsCd" : "B26D69"				,"indsSclsNm" : "사무기기제조-복사기"				,"stdrDt" : "2015-12-17"				}				,{				"indsLclsCd" : "B"				,"indsLclsNm" : "제조"				,"indsMclsCd" : "B26"				,"indsMclsNm" : "기계/장비/기구제조"				,"indsSclsCd" : "B26D73"				,"indsSclsNm" : "사무기기제조-전자계산기"				,"stdrDt" : "2015-12-17"				}				,{				"indsLclsCd" : "B"				,"indsLclsNm" : "제조"				,"indsMclsCd" : "B26"				,"indsMclsNm" : "기계/장비/기구제조"				,"indsSclsCd" : "B26D75"				,"indsSclsNm" : "사무기기제조-청사진기"				,"stdrDt" : "2015-12-17"				}				,{				"indsLclsCd" : "B"				,"indsLclsNm" : "제조"				,"indsMclsCd" : "B26"				,"indsMclsNm" : "기계/장비/기구제조"				,"indsSclsCd" : "B26D77"				,"indsSclsNm" : "사무기기제조-타임리코더"				,"stdrDt" : "2015-12-17"				}				,{				"indsLclsCd" : "B"				,"indsLclsNm" : "제조"				,"indsMclsCd" : "B26"				,"indsMclsNm" : "기계/장비/기구제조"				,"indsSclsCd" : "B26D67"				,"indsSclsNm" : "사무기기제조-타자기"				,"stdrDt" : "2015-12-17"				}				,{				"indsLclsCd" : "B"				,"indsLclsNm" : "제조"				,"indsMclsCd" : "B26"				,"indsMclsNm" : "기계/장비/기구제조"				,"indsSclsCd" : "B26E01"				,"indsSclsNm" : "사무기기제조-텔렉스"				,"stdrDt" : "2015-12-17"				}				,{				"indsLclsCd" : "B"				,"indsLclsNm" : "제조"				,"indsMclsCd" : "B26"				,"indsMclsNm" : "기계/장비/기구제조"				,"indsSclsCd" : "B26D89"				,"indsSclsNm" : "사무기기제조-팩시밀리"				,"stdrDt" : "2015-12-17"				}				,{				"indsLclsCd" : "B"				,"indsLclsNm" : "제조"				,"indsMclsCd" : "B26"				,"indsMclsNm" : "기계/장비/기구제조"				,"indsSclsCd" : "B26B50"				,"indsSclsNm" : "사진기부품제작"				,"stdrDt" : "2015-12-17"				}				,{				"indsLclsCd" : "B"				,"indsLclsNm" : "제조"				,"indsMclsCd" : "B26"				,"indsMclsNm" : "기계/장비/기구제조"				,"indsSclsCd" : "B26B48"				,"indsSclsNm" : "사진기재제조"				,"stdrDt" : "2015-12-17"				}				,{				"indsLclsCd" : "B"				,"indsLclsNm" : "제조"				,"indsMclsCd" : "B26"				,"indsMclsNm" : "기계/장비/기구제조"				,"indsSclsCd" : "B26B46"				,"indsSclsNm" : "사진기제조"				,"stdrDt" : "2015-12-17"				}				,{				"indsLclsCd" : "B"				,"indsLclsNm" : "제조"				,"indsMclsCd" : "B26"				,"indsMclsNm" : "기계/장비/기구제조"				,"indsSclsCd" : "B26B51"				,"indsSclsNm" : "사진복사장치제조"				,"stdrDt" : "2015-12-17"				}				,{				"indsLclsCd" : "B"				,"indsLclsNm" : "제조"				,"indsMclsCd" : "B26"				,"indsMclsNm" : "기계/장비/기구제조"				,"indsSclsCd" : "B26C90"				,"indsSclsNm" : "사출기제조"				,"stdrDt" : "2015-12-17"				}				,{				"indsLclsCd" : "B"				,"indsLclsNm" : "제조"				,"indsMclsCd" : "B26"				,"indsMclsNm" : "기계/장비/기구제조"				,"indsSclsCd" : "B26D27"				,"indsSclsNm" : "산업용건조기제조"				,"stdrDt" : "2015-12-17"				}				,{				"indsLclsCd" : "B"				,"indsLclsNm" : "제조"				,"indsMclsCd" : "B26"				,"indsMclsNm" : "기계/장비/기구제조"				,"indsSclsCd" : "B26C03"				,"indsSclsNm" : "산업용기계제조"				,"stdrDt" : "2015-12-17"				}				,{				"indsLclsCd" : "B"				,"indsLclsNm" : "제조"				,"indsMclsCd" : "B26"				,"indsMclsNm" : "기계/장비/기구제조"				,"indsSclsCd" : "B26B59"				,"indsSclsNm" : "산업용노/오븐제조"				,"stdrDt" : "2015-12-17"				}				,{				"indsLclsCd" : "B"				,"indsLclsNm" : "제조"				,"indsMclsCd" : "B26"				,"indsMclsNm" : "기계/장비/기구제조"				,"indsSclsCd" : "B26D01"				,"indsSclsNm" : "산업용로봇제조"				,"stdrDt" : "2015-12-17"				}				,{				"indsLclsCd" : "B"				,"indsLclsNm" : "제조"				,"indsMclsCd" : "B26"				,"indsMclsNm" : "기계/장비/기구제조"				,"indsSclsCd" : "B26C02"				,"indsSclsNm" : "산업용분쇄기제조"				,"stdrDt" : "2015-12-17"				}				,{				"indsLclsCd" : "B"				,"indsLclsNm" : "제조"				,"indsMclsCd" : "B26"				,"indsMclsNm" : "기계/장비/기구제조"				,"indsSclsCd" : "B26B63"				,"indsSclsNm" : "산업용오븐/노/버너제조-기타"				,"stdrDt" : "2015-12-17"				}				,{				"indsLclsCd" : "B"				,"indsLclsNm" : "제조"				,"indsMclsCd" : "B26"				,"indsMclsNm" : "기계/장비/기구제조"				,"indsSclsCd" : "B26B57"				,"indsSclsNm" : "산업용오븐/노/버너제조-종합"				,"stdrDt" : "2015-12-17"				}				,{				"indsLclsCd" : "B"				,"indsLclsNm" : "제조"				,"indsMclsCd" : "B26"				,"indsMclsNm" : "기계/장비/기구제조"				,"indsSclsCd" : "B26B72"				,"indsSclsNm" : "산업용트럭/물품취급장비제조-기타"				,"stdrDt" : "2015-12-17"				}				,{				"indsLclsCd" : "B"				,"indsLclsNm" : "제조"				,"indsMclsCd" : "B26"				,"indsMclsNm" : "기계/장비/기구제조"				,"indsSclsCd" : "B26B65"				,"indsSclsNm" : "산업용트럭/물품취급장비제조-종합"				,"stdrDt" : "2015-12-17"				}				,{				"indsLclsCd" : "B"				,"indsLclsNm" : "제조"				,"indsMclsCd" : "B26"				,"indsMclsNm" : "기계/장비/기구제조"				,"indsSclsCd" : "B26B30"				,"indsSclsNm" : "산업처리자동측정/제어장비제조-기타"				,"stdrDt" : "2015-12-17"				}				,{				"indsLclsCd" : "B"				,"indsLclsNm" : "제조"				,"indsMclsCd" : "B26"				,"indsMclsNm" : "기계/장비/기구제조"				,"indsSclsCd" : "B26B21"				,"indsSclsNm" : "산업처리자동측정/제어장비제조-종합"				,"stdrDt" : "2015-12-17"				}				,{				"indsLclsCd" : "B"				,"indsLclsNm" : "제조"				,"indsMclsCd" : "B26"				,"indsMclsNm" : "기계/장비/기구제조"				,"indsSclsCd" : "B26D17"				,"indsSclsNm" : "살균기제조"				,"stdrDt" : "2015-12-17"				}				,{				"indsLclsCd" : "B"				,"indsLclsNm" : "제조"				,"indsMclsCd" : "B26"				,"indsMclsNm" : "기계/장비/기구제조"				,"indsSclsCd" : "B26C61"				,"indsSclsNm" : "석발기제조"				,"stdrDt" : "2015-12-17"				}				,{				"indsLclsCd" : "B"				,"indsLclsNm" : "제조"				,"indsMclsCd" : "B26"				,"indsMclsNm" : "기계/장비/기구제조"				,"indsSclsCd" : "B26C27"				,"indsSclsNm" : "선박건조"				,"stdrDt" : "2015-12-17"				}				,{				"indsLclsCd" : "B"				,"indsLclsNm" : "제조"				,"indsMclsCd" : "B26"				,"indsMclsNm" : "기계/장비/기구제조"				,"indsSclsCd" : "B26C37"				,"indsSclsNm" : "선박건조/수리-기타"				,"stdrDt" : "2015-12-17"				}				,{				"indsLclsCd" : "B"				,"indsLclsNm" : "제조"				,"indsMclsCd" : "B26"				,"indsMclsNm" : "기계/장비/기구제조"				,"indsSclsCd" : "B26C25"				,"indsSclsNm" : "선박건조/수리-종합"				,"stdrDt" : "2015-12-17"				}				,{				"indsLclsCd" : "B"				,"indsLclsNm" : "제조"				,"indsMclsCd" : "B26"				,"indsMclsNm" : "기계/장비/기구제조"				,"indsSclsCd" : "B26C33"				,"indsSclsNm" : "선박부분품제조"				,"stdrDt" : "2015-12-17"				}				,{				"indsLclsCd" : "B"				,"indsLclsNm" : "제조"				,"indsMclsCd" : "B26"				,"indsMclsNm" : "기계/장비/기구제조"				,"indsSclsCd" : "B26C29"				,"indsSclsNm" : "선박수리"				,"stdrDt" : "2015-12-17"				}				,{				"indsLclsCd" : "B"				,"indsLclsNm" : "제조"				,"indsMclsCd" : "B26"				,"indsMclsNm" : "기계/장비/기구제조"				,"indsSclsCd" : "B26C31"				,"indsSclsNm" : "선박해체"				,"stdrDt" : "2015-12-17"				}				,{				"indsLclsCd" : "B"				,"indsLclsNm" : "제조"				,"indsMclsCd" : "B26"				,"indsMclsNm" : "기계/장비/기구제조"				,"indsSclsCd" : "B26C76"				,"indsSclsNm" : "섬유/의복/가죽산업용기계제조-기타"				,"stdrDt" : "2015-12-17"				}				,{				"indsLclsCd" : "B"				,"indsLclsNm" : "제조"				,"indsMclsCd" : "B26"				,"indsMclsNm" : "기계/장비/기구제조"				,"indsSclsCd" : "B26C67"				,"indsSclsNm" : "섬유/의복/가죽산업용기계제조-종합"				,"stdrDt" : "2015-12-17"				}				,{				"indsLclsCd" : "B"				,"indsLclsNm" : "제조"				,"indsMclsCd" : "B26"				,"indsMclsNm" : "기계/장비/기구제조"				,"indsSclsCd" : "B26C72"				,"indsSclsNm" : "섬유기계제조"				,"stdrDt" : "2015-12-17"				}				,{				"indsLclsCd" : "B"				,"indsLclsNm" : "제조"				,"indsMclsCd" : "B26"				,"indsMclsNm" : "기계/장비/기구제조"				,"indsSclsCd" : "B26B86"				,"indsSclsNm" : "세정기제조"				,"stdrDt" : "2015-12-17"				}				,{				"indsLclsCd" : "B"				,"indsLclsNm" : "제조"				,"indsMclsCd" : "B26"				,"indsMclsNm" : "기계/장비/기구제조"				,"indsSclsCd" : "B26D28"				,"indsSclsNm" : "세차기제조"				,"stdrDt" : "2015-12-17"				}				,{				"indsLclsCd" : "B"				,"indsLclsNm" : "제조"				,"indsMclsCd" : "B26"				,"indsMclsNm" : "기계/장비/기구제조"				,"indsSclsCd" : "B26D06"				,"indsSclsNm" : "세척기제조"				,"stdrDt" : "2015-12-17"				}				,{				"indsLclsCd" : "B"				,"indsLclsNm" : "제조"				,"indsMclsCd" : "B26"				,"indsMclsNm" : "기계/장비/기구제조"				,"indsSclsCd" : "B26D07"				,"indsSclsNm" : "세탁기구제조"				,"stdrDt" : "2015-12-17"				}				,{				"indsLclsCd" : "B"				,"indsLclsNm" : "제조"				,"indsMclsCd" : "B26"				,"indsMclsNm" : "기계/장비/기구제조"				,"indsSclsCd" : "B26D15"				,"indsSclsNm" : "소각기제조"				,"stdrDt" : "2015-12-17"				}				,{				"indsLclsCd" : "B"				,"indsLclsNm" : "제조"				,"indsMclsCd" : "B26"				,"indsMclsNm" : "기계/장비/기구제조"				,"indsSclsCd" : "B26B13"				,"indsSclsNm" : "소독기기제조"				,"stdrDt" : "2015-12-17"				}				,{				"indsLclsCd" : "B"				,"indsLclsNm" : "제조"				,"indsMclsCd" : "B26"				,"indsMclsNm" : "기계/장비/기구제조"				,"indsSclsCd" : "B26D03"				,"indsSclsNm" : "소방기구/설비제조"				,"stdrDt" : "2015-12-17"				}				,{				"indsLclsCd" : "B"				,"indsLclsNm" : "제조"				,"indsMclsCd" : "B26"				,"indsMclsNm" : "기계/장비/기구제조"				,"indsSclsCd" : "B26B84"				,"indsSclsNm" : "소화기제조"				,"stdrDt" : "2015-12-17"				}				,{				"indsLclsCd" : "B"				,"indsLclsNm" : "제조"				,"indsMclsCd" : "B26"				,"indsMclsNm" : "기계/장비/기구제조"				,"indsSclsCd" : "B26C64"				,"indsSclsNm" : "솜사탕기계제조"				,"stdrDt" : "2015-12-17"				}				,{				"indsLclsCd" : "B"				,"indsLclsNm" : "제조"				,"indsMclsCd" : "B26"				,"indsMclsNm" : "기계/장비/기구제조"				,"indsSclsCd" : "B26B85"				,"indsSclsNm" : "송풍기제조"				,"stdrDt" : "2015-12-17"				}				,{				"indsLclsCd" : "B"				,"indsLclsNm" : "제조"				,"indsMclsCd" : "B26"				,"indsMclsNm" : "기계/장비/기구제조"				,"indsSclsCd" : "B26D59"				,"indsSclsNm" : "수공구제조"				,"stdrDt" : "2015-12-17"				}				,{				"indsLclsCd" : "B"				,"indsLclsNm" : "제조"				,"indsMclsCd" : "B26"				,"indsMclsNm" : "기계/장비/기구제조"				,"indsSclsCd" : "B26C86"				,"indsSclsNm" : "수목(가로수)보호대제조"				,"stdrDt" : "2015-12-17"				}				,{				"indsLclsCd" : "B"				,"indsLclsNm" : "제조"				,"indsMclsCd" : "B26"				,"indsMclsNm" : "기계/장비/기구제조"				,"indsSclsCd" : "B26E09"				,"indsSclsNm" : "수표조회기제조"				,"stdrDt" : "2015-12-17"				}				,{				"indsLclsCd" : "B"				,"indsLclsNm" : "제조"				,"indsMclsCd" : "B26"				,"indsMclsNm" : "기계/장비/기구제조"				,"indsSclsCd" : "B26D78"				,"indsSclsNm" : "스프링제조"				,"stdrDt" : "2015-12-17"				}				,{				"indsLclsCd" : "B"				,"indsLclsNm" : "제조"				,"indsMclsCd" : "B26"				,"indsMclsNm" : "기계/장비/기구제조"				,"indsSclsCd" : "B26C18"				,"indsSclsNm" : "스프링쿨러제조"				,"stdrDt" : "2015-12-17"				}				,{				"indsLclsCd" : "B"				,"indsLclsNm" : "제조"				,"indsMclsCd" : "B26"				,"indsMclsNm" : "기계/장비/기구제조"				,"indsSclsCd" : "B26B71"				,"indsSclsNm" : "승강기제조"				,"stdrDt" : "2015-12-17"				}				,{				"indsLclsCd" : "B"				,"indsLclsNm" : "제조"				,"indsMclsCd" : "B26"				,"indsMclsNm" : "기계/장비/기구제조"				,"indsSclsCd" : "B26B64"				,"indsSclsNm" : "시계/시계부품제조-기타"				,"stdrDt" : "2015-12-17"				}				,{				"indsLclsCd" : "B"				,"indsLclsNm" : "제조"				,"indsMclsCd" : "B26"				,"indsMclsNm" : "기계/장비/기구제조"				,"indsSclsCd" : "B26B58"				,"indsSclsNm" : "시계/시계부품제조-종합"				,"stdrDt" : "2015-12-17"				}				,{				"indsLclsCd" : "B"				,"indsLclsNm" : "제조"				,"indsMclsCd" : "B26"				,"indsMclsNm" : "기계/장비/기구제조"				,"indsSclsCd" : "B26B62"				,"indsSclsNm" : "시계부속품제조"				,"stdrDt" : "2015-12-17"				}				,{				"indsLclsCd" : "B"				,"indsLclsNm" : "제조"				,"indsMclsCd" : "B26"				,"indsMclsNm" : "기계/장비/기구제조"				,"indsSclsCd" : "B26B60"				,"indsSclsNm" : "시계제조"				,"stdrDt" : "2015-12-17"				}				,{				"indsLclsCd" : "B"				,"indsLclsNm" : "제조"				,"indsMclsCd" : "B26"				,"indsMclsNm" : "기계/장비/기구제조"				,"indsSclsCd" : "B26B47"				,"indsSclsNm" : "시청각기재제조"				,"stdrDt" : "2015-12-17"				}				,{				"indsLclsCd" : "B"				,"indsLclsNm" : "제조"				,"indsMclsCd" : "B26"				,"indsMclsNm" : "기계/장비/기구제조"				,"indsSclsCd" : "B26B14"				,"indsSclsNm" : "시험기기제조"				,"stdrDt" : "2015-12-17"				}				,{				"indsLclsCd" : "B"				,"indsLclsNm" : "제조"				,"indsMclsCd" : "B26"				,"indsMclsNm" : "기계/장비/기구제조"				,"indsSclsCd" : "B26C57"				,"indsSclsNm" : "식품가공기계제조"				,"stdrDt" : "2015-12-17"				}				,{				"indsLclsCd" : "B"				,"indsLclsNm" : "제조"				,"indsMclsCd" : "B26"				,"indsMclsNm" : "기계/장비/기구제조"				,"indsSclsCd" : "B26D81"				,"indsSclsNm" : "신분증접착기제조"				,"stdrDt" : "2015-12-17"				}				,{				"indsLclsCd" : "B"				,"indsLclsNm" : "제조"				,"indsMclsCd" : "B26"				,"indsMclsNm" : "기계/장비/기구제조"				,"indsSclsCd" : "B26E07"				,"indsSclsNm" : "신분카드시스팀제조"				,"stdrDt" : "2015-12-17"				}				,{				"indsLclsCd" : "B"				,"indsLclsNm" : "제조"				,"indsMclsCd" : "B26"				,"indsMclsNm" : "기계/장비/기구제조"				,"indsSclsCd" : "B26E05"				,"indsSclsNm" : "신용카드조회기제조"				,"stdrDt" : "2015-12-17"				}				,{				"indsLclsCd" : "B"				,"indsLclsNm" : "제조"				,"indsMclsCd" : "B26"				,"indsMclsNm" : "기계/장비/기구제조"				,"indsSclsCd" : "B26B56"				,"indsSclsNm" : "안경/사진/광학기기제조-기타"				,"stdrDt" : "2015-12-17"				}				,{				"indsLclsCd" : "B"				,"indsLclsNm" : "제조"				,"indsMclsCd" : "B26"				,"indsMclsNm" : "기계/장비/기구제조"				,"indsSclsCd" : "B26B32"				,"indsSclsNm" : "안경/사진/광학기기제조-종합"				,"stdrDt" : "2015-12-17"				}				,{				"indsLclsCd" : "B"				,"indsLclsNm" : "제조"				,"indsMclsCd" : "B26"				,"indsMclsNm" : "기계/장비/기구제조"				,"indsSclsCd" : "B26B38"				,"indsSclsNm" : "안경렌즈제조"				,"stdrDt" : "2015-12-17"				}				,{				"indsLclsCd" : "B"				,"indsLclsNm" : "제조"				,"indsMclsCd" : "B26"				,"indsMclsNm" : "기계/장비/기구제조"				,"indsSclsCd" : "B26B42"				,"indsSclsNm" : "안경부속품제조"				,"stdrDt" : "2015-12-17"				}				,{				"indsLclsCd" : "B"				,"indsLclsNm" : "제조"				,"indsMclsCd" : "B26"				,"indsMclsNm" : "기계/장비/기구제조"				,"indsSclsCd" : "B26B41"				,"indsSclsNm" : "안경제조"				,"stdrDt" : "2015-12-17"				}				,{				"indsLclsCd" : "B"				,"indsLclsNm" : "제조"				,"indsMclsCd" : "B26"				,"indsMclsNm" : "기계/장비/기구제조"				,"indsSclsCd" : "B26B43"				,"indsSclsNm" : "안경테제조"				,"stdrDt" : "2015-12-17"				}				,{				"indsLclsCd" : "B"				,"indsLclsNm" : "제조"				,"indsMclsCd" : "B26"				,"indsMclsNm" : "기계/장비/기구제조"				,"indsSclsCd" : "B26D18"				,"indsSclsNm" : "안전보호구제조"				,"stdrDt" : "2015-12-17"				}				,{				"indsLclsCd" : "B"				,"indsLclsNm" : "제조"				,"indsMclsCd" : "B26"				,"indsMclsNm" : "기계/장비/기구제조"				,"indsSclsCd" : "B26E60"				,"indsSclsNm" : "안테나제조"				,"stdrDt" : "2015-12-17"				}				,{				"indsLclsCd" : "B"				,"indsLclsNm" : "제조"				,"indsMclsCd" : "B26"				,"indsMclsNm" : "기계/장비/기구제조"				,"indsSclsCd" : "B26B28"				,"indsSclsNm" : "압축기제조"				,"stdrDt" : "2015-12-17"				}				,{				"indsLclsCd" : "B"				,"indsLclsNm" : "제조"				,"indsMclsCd" : "B26"				,"indsMclsNm" : "기계/장비/기구제조"				,"indsSclsCd" : "B26C32"				,"indsSclsNm" : "압형기계제조"				,"stdrDt" : "2015-12-17"				}				,{				"indsLclsCd" : "B"				,"indsLclsNm" : "제조"				,"indsMclsCd" : "B26"				,"indsMclsNm" : "기계/장비/기구제조"				,"indsSclsCd" : "B26C16"				,"indsSclsNm" : "양수기제조"				,"stdrDt" : "2015-12-17"				}				,{				"indsLclsCd" : "B"				,"indsLclsNm" : "제조"				,"indsMclsCd" : "B26"				,"indsMclsNm" : "기계/장비/기구제조"				,"indsSclsCd" : "B26B18"				,"indsSclsNm" : "엔진/터빈제조-기타"				,"stdrDt" : "2015-12-17"				}				,{				"indsLclsCd" : "B"				,"indsLclsNm" : "제조"				,"indsMclsCd" : "B26"				,"indsMclsNm" : "기계/장비/기구제조"				,"indsSclsCd" : "B26B01"				,"indsSclsNm" : "엔진/터빈제조-종합"				,"stdrDt" : "2015-12-17"				}				,{				"indsLclsCd" : "B"				,"indsLclsNm" : "제조"				,"indsMclsCd" : "B26"				,"indsMclsNm" : "기계/장비/기구제조"				,"indsSclsCd" : "B26D08"				,"indsSclsNm" : "연료절약기제조"				,"stdrDt" : "2015-12-17"				}				,{				"indsLclsCd" : "B"				,"indsLclsNm" : "제조"				,"indsMclsCd" : "B26"				,"indsMclsNm" : "기계/장비/기구제조"				,"indsSclsCd" : "B26D09"				,"indsSclsNm" : "연소기제조"				,"stdrDt" : "2015-12-17"				}				,{				"indsLclsCd" : "B"				,"indsLclsNm" : "제조"				,"indsMclsCd" : "B26"				,"indsMclsNm" : "기계/장비/기구제조"				,"indsSclsCd" : "B26D34"				,"indsSclsNm" : "연탄가스배출기제조"				,"stdrDt" : "2015-12-17"				}				,{				"indsLclsCd" : "B"				,"indsLclsNm" : "제조"				,"indsMclsCd" : "B26"				,"indsMclsNm" : "기계/장비/기구제조"				,"indsSclsCd" : "B26D39"				,"indsSclsNm" : "열/온풍기제조"				,"stdrDt" : "2015-12-17"				}				,{				"indsLclsCd" : "B"				,"indsLclsNm" : "제조"				,"indsMclsCd" : "B26"				,"indsMclsNm" : "기계/장비/기구제조"				,"indsSclsCd" : "B26B81"				,"indsSclsNm" : "열교환기제조"				,"stdrDt" : "2015-12-17"				}				,{				"indsLclsCd" : "B"				,"indsLclsNm" : "제조"				,"indsMclsCd" : "B26"				,"indsMclsNm" : "기계/장비/기구제조"				,"indsSclsCd" : "B26B45"				,"indsSclsNm" : "영사기재제조"				,"stdrDt" : "2015-12-17"				}				,{				"indsLclsCd" : "B"				,"indsLclsNm" : "제조"				,"indsMclsCd" : "B26"				,"indsMclsNm" : "기계/장비/기구제조"				,"indsSclsCd" : "B26B53"				,"indsSclsNm" : "영상장비제조"				,"stdrDt" : "2015-12-17"				}				,{				"indsLclsCd" : "B"				,"indsLclsNm" : "제조"				,"indsMclsCd" : "B26"				,"indsMclsNm" : "기계/장비/기구제조"				,"indsSclsCd" : "B26B54"				,"indsSclsNm" : "영화촬영기제조"				,"stdrDt" : "2015-12-17"				}				,{				"indsLclsCd" : "B"				,"indsLclsNm" : "제조"				,"indsMclsCd" : "B26"				,"indsMclsNm" : "기계/장비/기구제조"				,"indsSclsCd" : "B26E63"				,"indsSclsNm" : "오디오기기제조"				,"stdrDt" : "2015-12-17"				}				,{				"indsLclsCd" : "B"				,"indsLclsNm" : "제조"				,"indsMclsCd" : "B26"				,"indsMclsNm" : "기계/장비/기구제조"				,"indsSclsCd" : "B26C69"				,"indsSclsNm" : "오토바이제조"				,"stdrDt" : "2015-12-17"				}				,{				"indsLclsCd" : "B"				,"indsLclsNm" : "제조"				,"indsMclsCd" : "B26"				,"indsMclsNm" : "기계/장비/기구제조"				,"indsSclsCd" : "B26D41"				,"indsSclsNm" : "온수기제조"				,"stdrDt" : "2015-12-17"				}				,{				"indsLclsCd" : "B"				,"indsLclsNm" : "제조"				,"indsMclsCd" : "B26"				,"indsMclsNm" : "기계/장비/기구제조"				,"indsSclsCd" : "B26D43"				,"indsSclsNm" : "온장고제조"				,"stdrDt" : "2015-12-17"				}				,{				"indsLclsCd" : "B"				,"indsLclsNm" : "제조"				,"indsMclsCd" : "B26"				,"indsMclsNm" : "기계/장비/기구제조"				,"indsSclsCd" : "B26C28"				,"indsSclsNm" : "용접기제조"				,"stdrDt" : "2015-12-17"				}				,{				"indsLclsCd" : "B"				,"indsLclsNm" : "제조"				,"indsMclsCd" : "B26"				,"indsMclsNm" : "기계/장비/기구제조"				,"indsSclsCd" : "B26E10"				,"indsSclsNm" : "우편수취함제조"				,"stdrDt" : "2015-12-17"				}				,{				"indsLclsCd" : "B"				,"indsLclsNm" : "제조"				,"indsMclsCd" : "B26"				,"indsMclsNm" : "기계/장비/기구제조"				,"indsSclsCd" : "B26B79"				,"indsSclsNm" : "원심분리기제조"				,"stdrDt" : "2015-12-17"				}				,{				"indsLclsCd" : "B"				,"indsLclsNm" : "제조"				,"indsMclsCd" : "B26"				,"indsMclsNm" : "기계/장비/기구제조"				,"indsSclsCd" : "B26D49"				,"indsSclsNm" : "위생타월기제조"				,"stdrDt" : "2015-12-17"				}				,{				"indsLclsCd" : "B"				,"indsLclsNm" : "제조"				,"indsMclsCd" : "B26"				,"indsMclsNm" : "기계/장비/기구제조"				,"indsSclsCd" : "B26E65"				,"indsSclsNm" : "위성방송설비제조"				,"stdrDt" : "2015-12-17"				}				,{				"indsLclsCd" : "B"				,"indsLclsNm" : "제조"				,"indsMclsCd" : "B26"				,"indsMclsNm" : "기계/장비/기구제조"				,"indsSclsCd" : "B26D04"				,"indsSclsNm" : "유류탱크제조"				,"stdrDt" : "2015-12-17"				}				,{				"indsLclsCd" : "B"				,"indsLclsNm" : "제조"				,"indsMclsCd" : "B26"				,"indsMclsNm" : "기계/장비/기구제조"				,"indsSclsCd" : "B26D21"				,"indsSclsNm" : "유리/요업용기계제조"				,"stdrDt" : "2015-12-17"				}				,{				"indsLclsCd" : "B"				,"indsLclsNm" : "제조"				,"indsMclsCd" : "B26"				,"indsMclsNm" : "기계/장비/기구제조"				,"indsSclsCd" : "B26B37"				,"indsSclsNm" : "유압기계제조"				,"stdrDt" : "2015-12-17"				}				,{				"indsLclsCd" : "B"				,"indsLclsNm" : "제조"				,"indsMclsCd" : "B26"				,"indsMclsNm" : "기계/장비/기구제조"				,"indsSclsCd" : "B26D80"				,"indsSclsNm" : "육절기제조"				,"stdrDt" : "2015-12-17"				}				,{				"indsLclsCd" : "B"				,"indsLclsNm" : "제조"				,"indsMclsCd" : "B26"				,"indsMclsNm" : "기계/장비/기구제조"				,"indsSclsCd" : "B26E55"				,"indsSclsNm" : "음성자동장치제조"				,"stdrDt" : "2015-12-17"				}				,{				"indsLclsCd" : "B"				,"indsLclsNm" : "제조"				,"indsMclsCd" : "B26"				,"indsMclsNm" : "기계/장비/기구제조"				,"indsSclsCd" : "B26C65"				,"indsSclsNm" : "음식품/담배가공기계제조-기타"				,"stdrDt" : "2015-12-17"				}				,{				"indsLclsCd" : "B"				,"indsLclsNm" : "제조"				,"indsMclsCd" : "B26"				,"indsMclsNm" : "기계/장비/기구제조"				,"indsSclsCd" : "B26C55"				,"indsSclsNm" : "음식품/담배가공기계제조-종합"				,"stdrDt" : "2015-12-17"				}				,{				"indsLclsCd" : "B"				,"indsLclsNm" : "제조"				,"indsMclsCd" : "B26"				,"indsMclsNm" : "기계/장비/기구제조"				,"indsSclsCd" : "B26E69"				,"indsSclsNm" : "의료기구제조"				,"stdrDt" : "2015-12-17"				}				,{				"indsLclsCd" : "B"				,"indsLclsNm" : "제조"				,"indsMclsCd" : "B26"				,"indsMclsNm" : "기계/장비/기구제조"				,"indsSclsCd" : "B26E85"				,"indsSclsNm" : "의료용기기제조-기타"				,"stdrDt" : "2015-12-17"				}				,{				"indsLclsCd" : "B"				,"indsLclsNm" : "제조"				,"indsMclsCd" : "B26"				,"indsMclsNm" : "기계/장비/기구제조"				,"indsSclsCd" : "B26E68"				,"indsSclsNm" : "의료용기기제조-종합"				,"stdrDt" : "2015-12-17"				}				,{				"indsLclsCd" : "B"				,"indsLclsNm" : "제조"				,"indsMclsCd" : "B26"				,"indsMclsNm" : "기계/장비/기구제조"				,"indsSclsCd" : "B26E83"				,"indsSclsNm" : "의료용보안기제조"				,"stdrDt" : "2015-12-17"				}				,{				"indsLclsCd" : "B"				,"indsLclsNm" : "제조"				,"indsMclsCd" : "B26"				,"indsMclsNm" : "기계/장비/기구제조"				,"indsSclsCd" : "B26E75"				,"indsSclsNm" : "의료용침대제조"				,"stdrDt" : "2015-12-17"				}				,{				"indsLclsCd" : "B"				,"indsLclsNm" : "제조"				,"indsMclsCd" : "B26"				,"indsMclsNm" : "기계/장비/기구제조"				,"indsSclsCd" : "B26E81"				,"indsSclsNm" : "의수족제조"				,"stdrDt" : "2015-12-17"				}				,{				"indsLclsCd" : "B"				,"indsLclsNm" : "제조"				,"indsMclsCd" : "B26"				,"indsMclsNm" : "기계/장비/기구제조"				,"indsSclsCd" : "B26D36"				,"indsSclsNm" : "이/미용기재제조"				,"stdrDt" : "2015-12-17"				}				,{				"indsLclsCd" : "B"				,"indsLclsNm" : "제조"				,"indsMclsCd" : "B26"				,"indsMclsNm" : "기계/장비/기구제조"				,"indsSclsCd" : "B26E71"				,"indsSclsNm" : "이비인후과용기구제조"				,"stdrDt" : "2015-12-17"				}				,{				"indsLclsCd" : "B"				,"indsLclsNm" : "제조"				,"indsMclsCd" : "B26"				,"indsMclsNm" : "기계/장비/기구제조"				,"indsSclsCd" : "B26E74"				,"indsSclsNm" : "인공호흡기제조"				,"stdrDt" : "2015-12-17"				}				,{				"indsLclsCd" : "B"				,"indsLclsNm" : "제조"				,"indsMclsCd" : "B26"				,"indsMclsNm" : "기계/장비/기구제조"				,"indsSclsCd" : "B26D24"				,"indsSclsNm" : "인쇄기재제조"				,"stdrDt" : "2015-12-17"				}				,{				"indsLclsCd" : "B"				,"indsLclsNm" : "제조"				,"indsMclsCd" : "B26"				,"indsMclsNm" : "기계/장비/기구제조"				,"indsSclsCd" : "B26D22"				,"indsSclsNm" : "인쇄기제조"				,"stdrDt" : "2015-12-17"				}				,{				"indsLclsCd" : "B"				,"indsLclsNm" : "제조"				,"indsMclsCd" : "B26"				,"indsMclsNm" : "기계/장비/기구제조"				,"indsSclsCd" : "B26E39"				,"indsSclsNm" : "인터폰제조"				,"stdrDt" : "2015-12-17"				}				,{				"indsLclsCd" : "B"				,"indsLclsNm" : "제조"				,"indsMclsCd" : "B26"				,"indsMclsNm" : "기계/장비/기구제조"				,"indsSclsCd" : "B26E40"				,"indsSclsNm" : "자동문제조"				,"stdrDt" : "2015-12-17"				}				,{				"indsLclsCd" : "B"				,"indsLclsNm" : "제조"				,"indsMclsCd" : "B26"				,"indsMclsNm" : "기계/장비/기구제조"				,"indsSclsCd" : "B26C11"				,"indsSclsNm" : "자동브레이크제조"				,"stdrDt" : "2015-12-17"				}				,{				"indsLclsCd" : "B"				,"indsLclsNm" : "제조"				,"indsMclsCd" : "B26"				,"indsMclsNm" : "기계/장비/기구제조"				,"indsSclsCd" : "B26B25"				,"indsSclsNm" : "자동제어장치제조"				,"stdrDt" : "2015-12-17"				}				,{				"indsLclsCd" : "B"				,"indsLclsNm" : "제조"				,"indsMclsCd" : "B26"				,"indsMclsNm" : "기계/장비/기구제조"				,"indsSclsCd" : "B26C15"				,"indsSclsNm" : "자동차번호판제조"				,"stdrDt" : "2015-12-17"				}				,{				"indsLclsCd" : "B"				,"indsLclsNm" : "제조"				,"indsMclsCd" : "B26"				,"indsMclsNm" : "기계/장비/기구제조"				,"indsSclsCd" : "B26C09"				,"indsSclsNm" : "자동차부속품제조"				,"stdrDt" : "2015-12-17"				}				,{				"indsLclsCd" : "B"				,"indsLclsNm" : "제조"				,"indsMclsCd" : "B26"				,"indsMclsNm" : "기계/장비/기구제조"				,"indsSclsCd" : "B26C23"				,"indsSclsNm" : "자동차부품제조-기타"				,"stdrDt" : "2015-12-17"				}				,{				"indsLclsCd" : "B"				,"indsLclsNm" : "제조"				,"indsMclsCd" : "B26"				,"indsMclsNm" : "기계/장비/기구제조"				,"indsSclsCd" : "B26C07"				,"indsSclsNm" : "자동차부품제조-종합"				,"stdrDt" : "2015-12-17"				}				,{				"indsLclsCd" : "B"				,"indsLclsNm" : "제조"				,"indsMclsCd" : "B26"				,"indsMclsNm" : "기계/장비/기구제조"				,"indsSclsCd" : "B26C19"				,"indsSclsNm" : "자동차시트커버제조"				,"stdrDt" : "2015-12-17"				}				,{				"indsLclsCd" : "B"				,"indsLclsNm" : "제조"				,"indsMclsCd" : "B26"				,"indsMclsNm" : "기계/장비/기구제조"				,"indsSclsCd" : "B26B73"				,"indsSclsNm" : "자동차엔진/자동차제조-기타"				,"stdrDt" : "2015-12-17"				}				,{				"indsLclsCd" : "B"				,"indsLclsNm" : "제조"				,"indsMclsCd" : "B26"				,"indsMclsNm" : "기계/장비/기구제조"				,"indsSclsCd" : "B26B66"				,"indsSclsNm" : "자동차엔진/자동차제조-종합"				,"stdrDt" : "2015-12-17"				}				,{				"indsLclsCd" : "B"				,"indsLclsNm" : "제조"				,"indsMclsCd" : "B26"				,"indsMclsNm" : "기계/장비/기구제조"				,"indsSclsCd" : "B26C20"				,"indsSclsNm" : "자동차용품제조"				,"stdrDt" : "2015-12-17"				}				,{				"indsLclsCd" : "B"				,"indsLclsNm" : "제조"				,"indsMclsCd" : "B26"				,"indsMclsNm" : "기계/장비/기구제조"				,"indsSclsCd" : "B26B68"				,"indsSclsNm" : "자동차제조"				,"stdrDt" : "2015-12-17"				}				,{				"indsLclsCd" : "B"				,"indsLclsNm" : "제조"				,"indsMclsCd" : "B26"				,"indsMclsNm" : "기계/장비/기구제조"				,"indsSclsCd" : "B26B70"				,"indsSclsNm" : "자동차제조-특장차"				,"stdrDt" : "2015-12-17"				}				,{				"indsLclsCd" : "B"				,"indsLclsNm" : "제조"				,"indsMclsCd" : "B26"				,"indsMclsNm" : "기계/장비/기구제조"				,"indsSclsCd" : "B26C05"				,"indsSclsNm" : "자동차차체/트레일러제조-기타"				,"stdrDt" : "2015-12-17"				}				,{				"indsLclsCd" : "B"				,"indsLclsNm" : "제조"				,"indsMclsCd" : "B26"				,"indsMclsNm" : "기계/장비/기구제조"				,"indsSclsCd" : "B26B74"				,"indsSclsNm" : "자동차차체/트레일러제조-종합"				,"stdrDt" : "2015-12-17"				}				,{				"indsLclsCd" : "B"				,"indsLclsNm" : "제조"				,"indsMclsCd" : "B26"				,"indsMclsNm" : "기계/장비/기구제조"				,"indsSclsCd" : "B26B78"				,"indsSclsNm" : "자동차차체제조"				,"stdrDt" : "2015-12-17"				}				,{				"indsLclsCd" : "B"				,"indsLclsNm" : "제조"				,"indsMclsCd" : "B26"				,"indsMclsNm" : "기계/장비/기구제조"				,"indsSclsCd" : "B26B77"				,"indsSclsNm" : "자동판매기제조"				,"stdrDt" : "2015-12-17"				}				,{				"indsLclsCd" : "B"				,"indsLclsNm" : "제조"				,"indsMclsCd" : "B26"				,"indsMclsNm" : "기계/장비/기구제조"				,"indsSclsCd" : "B26E41"				,"indsSclsNm" : "자석제품제조"				,"stdrDt" : "2015-12-17"				}				,{				"indsLclsCd" : "B"				,"indsLclsNm" : "제조"				,"indsMclsCd" : "B26"				,"indsMclsNm" : "기계/장비/기구제조"				,"indsSclsCd" : "B26C71"				,"indsSclsNm" : "자전거제조"				,"stdrDt" : "2015-12-17"				}				,{				"indsLclsCd" : "B"				,"indsLclsNm" : "제조"				,"indsMclsCd" : "B26"				,"indsMclsNm" : "기계/장비/기구제조"				,"indsSclsCd" : "B26D10"				,"indsSclsNm" : "잠수장비제조"				,"stdrDt" : "2015-12-17"				}				,{				"indsLclsCd" : "B"				,"indsLclsNm" : "제조"				,"indsMclsCd" : "B26"				,"indsMclsNm" : "기계/장비/기구제조"				,"indsSclsCd" : "B26C73"				,"indsSclsNm" : "장애자용차량제조"				,"stdrDt" : "2015-12-17"				}				,{				"indsLclsCd" : "B"				,"indsLclsNm" : "제조"				,"indsMclsCd" : "B26"				,"indsMclsNm" : "기계/장비/기구제조"				,"indsSclsCd" : "B26B83"				,"indsSclsNm" : "저울제조"				,"stdrDt" : "2015-12-17"				}				,{				"indsLclsCd" : "B"				,"indsLclsNm" : "제조"				,"indsMclsCd" : "B26"				,"indsMclsNm" : "기계/장비/기구제조"				,"indsSclsCd" : "B26E35"				,"indsSclsNm" : "전구/조명장치제조-기타"				,"stdrDt" : "2015-12-17"				}				,{				"indsLclsCd" : "B"				,"indsLclsNm" : "제조"				,"indsMclsCd" : "B26"				,"indsMclsNm" : "기계/장비/기구제조"				,"indsSclsCd" : "B26E31"				,"indsSclsNm" : "전구/조명장치제조-종합"				,"stdrDt" : "2015-12-17"				}				,{				"indsLclsCd" : "B"				,"indsLclsNm" : "제조"				,"indsMclsCd" : "B26"				,"indsMclsNm" : "기계/장비/기구제조"				,"indsSclsCd" : "B26E34"				,"indsSclsNm" : "전구제조"				,"stdrDt" : "2015-12-17"				}				,{				"indsLclsCd" : "B"				,"indsLclsNm" : "제조"				,"indsMclsCd" : "B26"				,"indsMclsNm" : "기계/장비/기구제조"				,"indsSclsCd" : "B26E21"				,"indsSclsNm" : "전기개폐/보호장치제조"				,"stdrDt" : "2015-12-17"				}				,{				"indsLclsCd" : "B"				,"indsLclsNm" : "제조"				,"indsMclsCd" : "B26"				,"indsMclsNm" : "기계/장비/기구제조"				,"indsSclsCd" : "B26B12"				,"indsSclsNm" : "전기검사기제조"				,"stdrDt" : "2015-12-17"				}				,{				"indsLclsCd" : "B"				,"indsLclsNm" : "제조"				,"indsMclsCd" : "B26"				,"indsMclsNm" : "기계/장비/기구제조"				,"indsSclsCd" : "B26E22"				,"indsSclsNm" : "전기공급/제어장치제조-기타"				,"stdrDt" : "2015-12-17"				}				,{				"indsLclsCd" : "B"				,"indsLclsNm" : "제조"				,"indsMclsCd" : "B26"				,"indsMclsNm" : "기계/장비/기구제조"				,"indsSclsCd" : "B26E17"				,"indsSclsNm" : "전기공급/제어장치제조-종합"				,"stdrDt" : "2015-12-17"				}				,{				"indsLclsCd" : "B"				,"indsLclsNm" : "제조"				,"indsMclsCd" : "B26"				,"indsMclsNm" : "기계/장비/기구제조"				,"indsSclsCd" : "B26E20"				,"indsSclsNm" : "전기배선기구/연결장치제조"				,"stdrDt" : "2015-12-17"				}				,{				"indsLclsCd" : "B"				,"indsLclsNm" : "제조"				,"indsMclsCd" : "B26"				,"indsMclsNm" : "기계/장비/기구제조"				,"indsSclsCd" : "B26E77"				,"indsSclsNm" : "전기수술기제조"				,"stdrDt" : "2015-12-17"				}				,{				"indsLclsCd" : "B"				,"indsLclsNm" : "제조"				,"indsMclsCd" : "B26"				,"indsMclsNm" : "기계/장비/기구제조"				,"indsSclsCd" : "B26E19"				,"indsSclsNm" : "전기자동제어장치제조"				,"stdrDt" : "2015-12-17"				}				,{				"indsLclsCd" : "B"				,"indsLclsNm" : "제조"				,"indsMclsCd" : "B26"				,"indsMclsNm" : "기계/장비/기구제조"				,"indsSclsCd" : "B26C34"				,"indsSclsNm" : "전동공구제조"				,"stdrDt" : "2015-12-17"				}				,{				"indsLclsCd" : "B"				,"indsLclsNm" : "제조"				,"indsMclsCd" : "B26"				,"indsMclsNm" : "기계/장비/기구제조"				,"indsSclsCd" : "B26E16"				,"indsSclsNm" : "전동기/발전기/전기변환장치제조-기타"				,"stdrDt" : "2015-12-17"				}				,{				"indsLclsCd" : "B"				,"indsLclsNm" : "제조"				,"indsMclsCd" : "B26"				,"indsMclsNm" : "기계/장비/기구제조"				,"indsSclsCd" : "B26E12"				,"indsSclsNm" : "전동기/발전기/전기변환장치제조-종합"				,"stdrDt" : "2015-12-17"				}				,{				"indsLclsCd" : "B"				,"indsLclsNm" : "제조"				,"indsMclsCd" : "B26"				,"indsMclsNm" : "기계/장비/기구제조"				,"indsSclsCd" : "B26E13"				,"indsSclsNm" : "전동기제조"				,"stdrDt" : "2015-12-17"				}				,{				"indsLclsCd" : "B"				,"indsLclsNm" : "제조"				,"indsMclsCd" : "B26"				,"indsMclsNm" : "기계/장비/기구제조"				,"indsSclsCd" : "B26B39"				,"indsSclsNm" : "전동장치제조"				,"stdrDt" : "2015-12-17"				}				,{				"indsLclsCd" : "B"				,"indsLclsNm" : "제조"				,"indsMclsCd" : "B26"				,"indsMclsNm" : "기계/장비/기구제조"				,"indsSclsCd" : "B26C52"				,"indsSclsNm" : "전동차제조"				,"stdrDt" : "2015-12-17"				}				,{				"indsLclsCd" : "B"				,"indsLclsNm" : "제조"				,"indsMclsCd" : "B26"				,"indsMclsNm" : "기계/장비/기구제조"				,"indsSclsCd" : "B26D47"				,"indsSclsNm" : "전열기제조"				,"stdrDt" : "2015-12-17"				}				,{				"indsLclsCd" : "B"				,"indsLclsNm" : "제조"				,"indsMclsCd" : "B26"				,"indsMclsNm" : "기계/장비/기구제조"				,"indsSclsCd" : "B26C35"				,"indsSclsNm" : "전자식공작기계제조"				,"stdrDt" : "2015-12-17"				}				,{				"indsLclsCd" : "B"				,"indsLclsNm" : "제조"				,"indsMclsCd" : "B26"				,"indsMclsNm" : "기계/장비/기구제조"				,"indsSclsCd" : "B26E56"				,"indsSclsNm" : "전화기제조"				,"stdrDt" : "2015-12-17"				}				,{				"indsLclsCd" : "B"				,"indsLclsNm" : "제조"				,"indsMclsCd" : "B26"				,"indsMclsNm" : "기계/장비/기구제조"				,"indsSclsCd" : "B26C26"				,"indsSclsNm" : "절삭기계제조"				,"stdrDt" : "2015-12-17"				}				,{				"indsLclsCd" : "B"				,"indsLclsNm" : "제조"				,"indsMclsCd" : "B26"				,"indsMclsNm" : "기계/장비/기구제조"				,"indsSclsCd" : "B26E26"				,"indsSclsNm" : "절연선/케이블제조-기타"				,"stdrDt" : "2015-12-17"				}				,{				"indsLclsCd" : "B"				,"indsLclsNm" : "제조"				,"indsMclsCd" : "B26"				,"indsMclsNm" : "기계/장비/기구제조"				,"indsSclsCd" : "B26E23"				,"indsSclsNm" : "절연선/케이블제조-종합"				,"stdrDt" : "2015-12-17"				}				,{				"indsLclsCd" : "B"				,"indsLclsNm" : "제조"				,"indsMclsCd" : "B26"				,"indsMclsNm" : "기계/장비/기구제조"				,"indsSclsCd" : "B26E24"				,"indsSclsNm" : "절연선제조"				,"stdrDt" : "2015-12-17"				}				,{				"indsLclsCd" : "B"				,"indsLclsNm" : "제조"				,"indsMclsCd" : "B26"				,"indsMclsNm" : "기계/장비/기구제조"				,"indsSclsCd" : "B26D11"				,"indsSclsNm" : "접착기제조"				,"stdrDt" : "2015-12-17"				}				,{				"indsLclsCd" : "B"				,"indsLclsNm" : "제조"				,"indsMclsCd" : "B26"				,"indsMclsNm" : "기계/장비/기구제조"				,"indsSclsCd" : "B26B82"				,"indsSclsNm" : "정수기제조"				,"stdrDt" : "2015-12-17"				}				,{				"indsLclsCd" : "B"				,"indsLclsNm" : "제조"				,"indsMclsCd" : "B26"				,"indsMclsNm" : "기계/장비/기구제조"				,"indsSclsCd" : "B26C01"				,"indsSclsNm" : "정수설비제조"				,"stdrDt" : "2015-12-17"				}				,{				"indsLclsCd" : "B"				,"indsLclsNm" : "제조"				,"indsMclsCd" : "B26"				,"indsMclsNm" : "기계/장비/기구제조"				,"indsSclsCd" : "B26C59"				,"indsSclsNm" : "제과기계제조"				,"stdrDt" : "2015-12-17"				}				,{				"indsLclsCd" : "B"				,"indsLclsNm" : "제조"				,"indsMclsCd" : "B26"				,"indsMclsNm" : "기계/장비/기구제조"				,"indsSclsCd" : "B26B06"				,"indsSclsNm" : "제도기제조"				,"stdrDt" : "2015-12-17"				}				,{				"indsLclsCd" : "B"				,"indsLclsNm" : "제조"				,"indsMclsCd" : "B26"				,"indsMclsNm" : "기계/장비/기구제조"				,"indsSclsCd" : "B26D20"				,"indsSclsNm" : "제본기제조"				,"stdrDt" : "2015-12-17"				}				,{				"indsLclsCd" : "B"				,"indsLclsNm" : "제조"				,"indsMclsCd" : "B26"				,"indsMclsNm" : "기계/장비/기구제조"				,"indsSclsCd" : "B26C62"				,"indsSclsNm" : "제빙기제조"				,"stdrDt" : "2015-12-17"				}				,{				"indsLclsCd" : "B"				,"indsLclsNm" : "제조"				,"indsMclsCd" : "B26"				,"indsMclsNm" : "기계/장비/기구제조"				,"indsSclsCd" : "B26C14"				,"indsSclsNm" : "제초기제조"				,"stdrDt" : "2015-12-17"				}				,{				"indsLclsCd" : "B"				,"indsLclsNm" : "제조"				,"indsMclsCd" : "B26"				,"indsMclsNm" : "기계/장비/기구제조"				,"indsSclsCd" : "B26E32"				,"indsSclsNm" : "조명기구제조"				,"stdrDt" : "2015-12-17"				}				,{				"indsLclsCd" : "B"				,"indsLclsNm" : "제조"				,"indsMclsCd" : "B26"				,"indsMclsNm" : "기계/장비/기구제조"				,"indsSclsCd" : "B26D38"				,"indsSclsNm" : "주방기구제조"				,"stdrDt" : "2015-12-17"				}				,{				"indsLclsCd" : "B"				,"indsLclsNm" : "제조"				,"indsMclsCd" : "B26"				,"indsMclsNm" : "기계/장비/기구제조"				,"indsSclsCd" : "B26E76"				,"indsSclsNm" : "주사기제조"				,"stdrDt" : "2015-12-17"				}				,{				"indsLclsCd" : "B"				,"indsLclsNm" : "제조"				,"indsMclsCd" : "B26"				,"indsMclsNm" : "기계/장비/기구제조"				,"indsSclsCd" : "B26D19"				,"indsSclsNm" : "주유기제조"				,"stdrDt" : "2015-12-17"				}				,{				"indsLclsCd" : "B"				,"indsLclsNm" : "제조"				,"indsMclsCd" : "B26"				,"indsMclsNm" : "기계/장비/기구제조"				,"indsSclsCd" : "B26D26"				,"indsSclsNm" : "주형/금형제조"				,"stdrDt" : "2015-12-17"				}				,{				"indsLclsCd" : "B"				,"indsLclsNm" : "제조"				,"indsMclsCd" : "B26"				,"indsMclsNm" : "기계/장비/기구제조"				,"indsSclsCd" : "B26C53"				,"indsSclsNm" : "중장비제조-기타"				,"stdrDt" : "2015-12-17"				}				,{				"indsLclsCd" : "B"				,"indsLclsNm" : "제조"				,"indsMclsCd" : "B26"				,"indsMclsNm" : "기계/장비/기구제조"				,"indsSclsCd" : "B26C43"				,"indsSclsNm" : "중장비제조-종합"				,"stdrDt" : "2015-12-17"				}				,{				"indsLclsCd" : "B"				,"indsLclsNm" : "제조"				,"indsMclsCd" : "B26"				,"indsMclsNm" : "기계/장비/기구제조"				,"indsSclsCd" : "B26B05"				,"indsSclsNm" : "증기/가스터빈제조"				,"stdrDt" : "2015-12-17"				}				,{				"indsLclsCd" : "B"				,"indsLclsNm" : "제조"				,"indsMclsCd" : "B26"				,"indsMclsNm" : "기계/장비/기구제조"				,"indsSclsCd" : "B26C45"				,"indsSclsNm" : "지게차제조"				,"stdrDt" : "2015-12-17"				}				,{				"indsLclsCd" : "B"				,"indsLclsNm" : "제조"				,"indsMclsCd" : "B26"				,"indsMclsNm" : "기계/장비/기구제조"				,"indsSclsCd" : "B26D50"				,"indsSclsNm" : "지능형로봇제조"				,"stdrDt" : "2015-12-17"				}				,{				"indsLclsCd" : "B"				,"indsLclsNm" : "제조"				,"indsMclsCd" : "B26"				,"indsMclsNm" : "기계/장비/기구제조"				,"indsSclsCd" : "B26D29"				,"indsSclsNm" : "진공장치제조"				,"stdrDt" : "2015-12-17"				}				,{				"indsLclsCd" : "B"				,"indsLclsNm" : "제조"				,"indsMclsCd" : "B26"				,"indsMclsNm" : "기계/장비/기구제조"				,"indsSclsCd" : "B26B26"				,"indsSclsNm" : "철공소"				,"stdrDt" : "2015-12-17"				}				,{				"indsLclsCd" : "B"				,"indsLclsNm" : "제조"				,"indsMclsCd" : "B26"				,"indsMclsNm" : "기계/장비/기구제조"				,"indsSclsCd" : "B26C80"				,"indsSclsNm" : "철구조물제조"				,"stdrDt" : "2015-12-17"				}				,{				"indsLclsCd" : "B"				,"indsLclsNm" : "제조"				,"indsMclsCd" : "B26"				,"indsMclsNm" : "기계/장비/기구제조"				,"indsSclsCd" : "B26C48"				,"indsSclsNm" : "철도레일제조"				,"stdrDt" : "2015-12-17"				}				,{				"indsLclsCd" : "B"				,"indsLclsNm" : "제조"				,"indsMclsCd" : "B26"				,"indsMclsNm" : "기계/장비/기구제조"				,"indsSclsCd" : "B26C54"				,"indsSclsNm" : "철도장비제조-기타"				,"stdrDt" : "2015-12-17"				}				,{				"indsLclsCd" : "B"				,"indsLclsNm" : "제조"				,"indsMclsCd" : "B26"				,"indsMclsNm" : "기계/장비/기구제조"				,"indsSclsCd" : "B26C44"				,"indsSclsNm" : "철도장비제조-종합"				,"stdrDt" : "2015-12-17"				}				,{				"indsLclsCd" : "B"				,"indsLclsNm" : "제조"				,"indsMclsCd" : "B26"				,"indsMclsNm" : "기계/장비/기구제조"				,"indsSclsCd" : "B26C50"				,"indsSclsNm" : "철도차량부품제조"				,"stdrDt" : "2015-12-17"				}				,{				"indsLclsCd" : "B"				,"indsLclsNm" : "제조"				,"indsMclsCd" : "B26"				,"indsMclsNm" : "기계/장비/기구제조"				,"indsSclsCd" : "B26C46"				,"indsSclsNm" : "철도차량제조"				,"stdrDt" : "2015-12-17"				}				,{				"indsLclsCd" : "B"				,"indsLclsNm" : "제조"				,"indsMclsCd" : "B26"				,"indsMclsNm" : "기계/장비/기구제조"				,"indsSclsCd" : "B26C84"				,"indsSclsNm" : "철문제조"				,"stdrDt" : "2015-12-17"				}				,{				"indsLclsCd" : "B"				,"indsLclsNm" : "제조"				,"indsMclsCd" : "B26"				,"indsMclsNm" : "기계/장비/기구제조"				,"indsSclsCd" : "B26D65"				,"indsSclsNm" : "철물제조-기타"				,"stdrDt" : "2015-12-17"				}				,{				"indsLclsCd" : "B"				,"indsLclsNm" : "제조"				,"indsMclsCd" : "B26"				,"indsMclsNm" : "기계/장비/기구제조"				,"indsSclsCd" : "B26D53"				,"indsSclsNm" : "철물제조-종합"				,"stdrDt" : "2015-12-17"				}				,{				"indsLclsCd" : "B"				,"indsLclsNm" : "제조"				,"indsMclsCd" : "B26"				,"indsMclsNm" : "기계/장비/기구제조"				,"indsSclsCd" : "B26C82"				,"indsSclsNm" : "철탑제조"				,"stdrDt" : "2015-12-17"				}				,{				"indsLclsCd" : "B"				,"indsLclsNm" : "제조"				,"indsMclsCd" : "B26"				,"indsMclsNm" : "기계/장비/기구제조"				,"indsSclsCd" : "B26B90"				,"indsSclsNm" : "청정기제조"				,"stdrDt" : "2015-12-17"				}				,{				"indsLclsCd" : "B"				,"indsLclsNm" : "제조"				,"indsMclsCd" : "B26"				,"indsMclsNm" : "기계/장비/기구제조"				,"indsSclsCd" : "B26D74"				,"indsSclsNm" : "체인제조"				,"stdrDt" : "2015-12-17"				}				,{				"indsLclsCd" : "B"				,"indsLclsNm" : "제조"				,"indsMclsCd" : "B26"				,"indsMclsNm" : "기계/장비/기구제조"				,"indsSclsCd" : "B26B07"				,"indsSclsNm" : "초음파기기제조"				,"stdrDt" : "2015-12-17"				}				,{				"indsLclsCd" : "B"				,"indsLclsNm" : "제조"				,"indsMclsCd" : "B26"				,"indsMclsNm" : "기계/장비/기구제조"				,"indsSclsCd" : "B26C79"				,"indsSclsNm" : "총포탄제조"				,"stdrDt" : "2015-12-17"				}				,{				"indsLclsCd" : "B"				,"indsLclsNm" : "제조"				,"indsMclsCd" : "B26"				,"indsMclsNm" : "기계/장비/기구제조"				,"indsSclsCd" : "B26E30"				,"indsSclsNm" : "축전지/전지제조-기타"				,"stdrDt" : "2015-12-17"				}				,{				"indsLclsCd" : "B"				,"indsLclsNm" : "제조"				,"indsMclsCd" : "B26"				,"indsMclsNm" : "기계/장비/기구제조"				,"indsSclsCd" : "B26E27"				,"indsSclsNm" : "축전지/전지제조-종합"				,"stdrDt" : "2015-12-17"				}				,{				"indsLclsCd" : "B"				,"indsLclsNm" : "제조"				,"indsMclsCd" : "B26"				,"indsMclsNm" : "기계/장비/기구제조"				,"indsSclsCd" : "B26E28"				,"indsSclsNm" : "축전지제조"				,"stdrDt" : "2015-12-17"				}				,{				"indsLclsCd" : "B"				,"indsLclsNm" : "제조"				,"indsMclsCd" : "B26"				,"indsMclsNm" : "기계/장비/기구제조"				,"indsSclsCd" : "B26B19"				,"indsSclsNm" : "측량/시험/항해/기타정밀기기제조-기타"				,"stdrDt" : "2015-12-17"				}				,{				"indsLclsCd" : "B"				,"indsLclsNm" : "제조"				,"indsMclsCd" : "B26"				,"indsMclsNm" : "기계/장비/기구제조"				,"indsSclsCd" : "B26B02"				,"indsSclsNm" : "측량/시험/항해/기타정밀기기제조-종합"				,"stdrDt" : "2015-12-17"				}				,{				"indsLclsCd" : "B"				,"indsLclsNm" : "제조"				,"indsMclsCd" : "B26"				,"indsMclsNm" : "기계/장비/기구제조"				,"indsSclsCd" : "B26B04"				,"indsSclsNm" : "측량기제조"				,"stdrDt" : "2015-12-17"				}				,{				"indsLclsCd" : "B"				,"indsLclsNm" : "제조"				,"indsMclsCd" : "B26"				,"indsMclsNm" : "기계/장비/기구제조"				,"indsSclsCd" : "B26E72"				,"indsSclsNm" : "치과용기기제조"				,"stdrDt" : "2015-12-17"				}				,{				"indsLclsCd" : "B"				,"indsLclsNm" : "제조"				,"indsMclsCd" : "B26"				,"indsMclsNm" : "기계/장비/기구제조"				,"indsSclsCd" : "B26E73"				,"indsSclsNm" : "치과재료제조"				,"stdrDt" : "2015-12-17"				}				,{				"indsLclsCd" : "B"				,"indsLclsNm" : "제조"				,"indsMclsCd" : "B26"				,"indsMclsNm" : "기계/장비/기구제조"				,"indsSclsCd" : "B26C04"				,"indsSclsNm" : "칫솔기계제조"				,"stdrDt" : "2015-12-17"				}				,{				"indsLclsCd" : "B"				,"indsLclsNm" : "제조"				,"indsMclsCd" : "B26"				,"indsMclsNm" : "기계/장비/기구제조"				,"indsSclsCd" : "B26E47"				,"indsSclsNm" : "카드키시스팀제조"				,"stdrDt" : "2015-12-17"				}				,{				"indsLclsCd" : "B"				,"indsLclsNm" : "제조"				,"indsMclsCd" : "B26"				,"indsMclsNm" : "기계/장비/기구제조"				,"indsSclsCd" : "B26C17"				,"indsSclsNm" : "카인테리어/카스테레오제조"				,"stdrDt" : "2015-12-17"				}				,{				"indsLclsCd" : "B"				,"indsLclsNm" : "제조"				,"indsMclsCd" : "B26"				,"indsMclsNm" : "기계/장비/기구제조"				,"indsSclsCd" : "B26B76"				,"indsSclsNm" : "컨테이너제작"				,"stdrDt" : "2015-12-17"				}				,{				"indsLclsCd" : "B"				,"indsLclsNm" : "제조"				,"indsMclsCd" : "B26"				,"indsMclsNm" : "기계/장비/기구제조"				,"indsSclsCd" : "B26D64"				,"indsSclsNm" : "컴퓨터/주변기기제조-기타"				,"stdrDt" : "2015-12-17"				}				,{				"indsLclsCd" : "B"				,"indsLclsNm" : "제조"				,"indsMclsCd" : "B26"				,"indsMclsNm" : "기계/장비/기구제조"				,"indsSclsCd" : "B26D52"				,"indsSclsNm" : "컴퓨터/주변기기제조-종합"				,"stdrDt" : "2015-12-17"				}				,{				"indsLclsCd" : "B"				,"indsLclsNm" : "제조"				,"indsMclsCd" : "B26"				,"indsMclsNm" : "기계/장비/기구제조"				,"indsSclsCd" : "B26D56"				,"indsSclsNm" : "컴퓨터기억장치제조"				,"stdrDt" : "2015-12-17"				}				,{				"indsLclsCd" : "B"				,"indsLclsNm" : "제조"				,"indsMclsCd" : "B26"				,"indsMclsNm" : "기계/장비/기구제조"				,"indsSclsCd" : "B26D55"				,"indsSclsNm" : "컴퓨터소모품제조"				,"stdrDt" : "2015-12-17"				}				,{				"indsLclsCd" : "B"				,"indsLclsNm" : "제조"				,"indsMclsCd" : "B26"				,"indsMclsNm" : "기계/장비/기구제조"				,"indsSclsCd" : "B26D62"				,"indsSclsNm" : "컴퓨터용토너제조"				,"stdrDt" : "2015-12-17"				}				,{				"indsLclsCd" : "B"				,"indsLclsNm" : "제조"				,"indsMclsCd" : "B26"				,"indsMclsNm" : "기계/장비/기구제조"				,"indsSclsCd" : "B26D58"				,"indsSclsNm" : "컴퓨터제조"				,"stdrDt" : "2015-12-17"				}				,{				"indsLclsCd" : "B"				,"indsLclsNm" : "제조"				,"indsMclsCd" : "B26"				,"indsMclsNm" : "기계/장비/기구제조"				,"indsSclsCd" : "B26D54"				,"indsSclsNm" : "컴퓨터주변기기제조"				,"stdrDt" : "2015-12-17"				}				,{				"indsLclsCd" : "B"				,"indsLclsNm" : "제조"				,"indsMclsCd" : "B26"				,"indsMclsNm" : "기계/장비/기구제조"				,"indsSclsCd" : "B26E25"				,"indsSclsNm" : "케이블제조"				,"stdrDt" : "2015-12-17"				}				,{				"indsLclsCd" : "B"				,"indsLclsNm" : "제조"				,"indsMclsCd" : "B26"				,"indsMclsNm" : "기계/장비/기구제조"				,"indsSclsCd" : "B26C75"				,"indsSclsNm" : "케이블카제조"				,"stdrDt" : "2015-12-17"				}				,{				"indsLclsCd" : "B"				,"indsLclsNm" : "제조"				,"indsMclsCd" : "B26"				,"indsMclsNm" : "기계/장비/기구제조"				,"indsSclsCd" : "B26B40"				,"indsSclsNm" : "콘택트렌즈제조"				,"stdrDt" : "2015-12-17"				}				,{				"indsLclsCd" : "B"				,"indsLclsNm" : "제조"				,"indsMclsCd" : "B26"				,"indsMclsNm" : "기계/장비/기구제조"				,"indsSclsCd" : "B26E45"				,"indsSclsNm" : "탐지기제조"				,"stdrDt" : "2015-12-17"				}				,{				"indsLclsCd" : "B"				,"indsLclsNm" : "제조"				,"indsMclsCd" : "B26"				,"indsMclsNm" : "기계/장비/기구제조"				,"indsSclsCd" : "B26B16"				,"indsSclsNm" : "택시미터기제조"				,"stdrDt" : "2015-12-17"				}				,{				"indsLclsCd" : "B"				,"indsLclsNm" : "제조"				,"indsMclsCd" : "B26"				,"indsMclsNm" : "기계/장비/기구제조"				,"indsSclsCd" : "B26E58"				,"indsSclsNm" : "통신기기/방송장비제조-기타"				,"stdrDt" : "2015-12-17"				}				,{				"indsLclsCd" : "B"				,"indsLclsNm" : "제조"				,"indsMclsCd" : "B26"				,"indsMclsNm" : "기계/장비/기구제조"				,"indsSclsCd" : "B26E48"				,"indsSclsNm" : "통신기기/방송장비제조-종합"				,"stdrDt" : "2015-12-17"				}				,{				"indsLclsCd" : "B"				,"indsLclsNm" : "제조"				,"indsMclsCd" : "B26"				,"indsMclsNm" : "기계/장비/기구제조"				,"indsSclsCd" : "B26E53"				,"indsSclsNm" : "통신장비제조-무선"				,"stdrDt" : "2015-12-17"				}				,{				"indsLclsCd" : "B"				,"indsLclsNm" : "제조"				,"indsMclsCd" : "B26"				,"indsMclsNm" : "기계/장비/기구제조"				,"indsSclsCd" : "B26E52"				,"indsSclsNm" : "통신장비제조-유선"				,"stdrDt" : "2015-12-17"				}				,{				"indsLclsCd" : "B"				,"indsLclsNm" : "제조"				,"indsMclsCd" : "B26"				,"indsMclsNm" : "기계/장비/기구제조"				,"indsSclsCd" : "B26B80"				,"indsSclsNm" : "트레일러제조"				,"stdrDt" : "2015-12-17"				}				,{				"indsLclsCd" : "B"				,"indsLclsNm" : "제조"				,"indsMclsCd" : "B26"				,"indsMclsNm" : "기계/장비/기구제조"				,"indsSclsCd" : "B26E08"				,"indsSclsNm" : "팔레트제조"				,"stdrDt" : "2015-12-17"				}				,{				"indsLclsCd" : "B"				,"indsLclsNm" : "제조"				,"indsMclsCd" : "B26"				,"indsMclsNm" : "기계/장비/기구제조"				,"indsSclsCd" : "B26D23"				,"indsSclsNm" : "펄프/제지가공기제조"				,"stdrDt" : "2015-12-17"				}				,{				"indsLclsCd" : "B"				,"indsLclsNm" : "제조"				,"indsMclsCd" : "B26"				,"indsMclsNm" : "기계/장비/기구제조"				,"indsSclsCd" : "B26B29"				,"indsSclsNm" : "펌프/압축기/탭/밸브제조-기타"				,"stdrDt" : "2015-12-17"				}				,{				"indsLclsCd" : "B"				,"indsLclsNm" : "제조"				,"indsMclsCd" : "B26"				,"indsMclsNm" : "기계/장비/기구제조"				,"indsSclsCd" : "B26B20"				,"indsSclsNm" : "펌프/압축기/탭/밸브제조-종합"				,"stdrDt" : "2015-12-17"				}				,{				"indsLclsCd" : "B"				,"indsLclsNm" : "제조"				,"indsMclsCd" : "B26"				,"indsMclsNm" : "기계/장비/기구제조"				,"indsSclsCd" : "B26B22"				,"indsSclsNm" : "펌프제조"				,"stdrDt" : "2015-12-17"				}				,{				"indsLclsCd" : "B"				,"indsLclsNm" : "제조"				,"indsMclsCd" : "B26"				,"indsMclsNm" : "기계/장비/기구제조"				,"indsSclsCd" : "B26C47"				,"indsSclsNm" : "펌프카제조"				,"stdrDt" : "2015-12-17"				}				,{				"indsLclsCd" : "B"				,"indsLclsNm" : "제조"				,"indsMclsCd" : "B26"				,"indsMclsNm" : "기계/장비/기구제조"				,"indsSclsCd" : "B26B88"				,"indsSclsNm" : "포장기제조"				,"stdrDt" : "2015-12-17"				}				,{				"indsLclsCd" : "B"				,"indsLclsNm" : "제조"				,"indsMclsCd" : "B26"				,"indsMclsNm" : "기계/장비/기구제조"				,"indsSclsCd" : "B26C49"				,"indsSclsNm" : "포크레인제조"				,"stdrDt" : "2015-12-17"				}				,{				"indsLclsCd" : "B"				,"indsLclsNm" : "제조"				,"indsMclsCd" : "B26"				,"indsMclsNm" : "기계/장비/기구제조"				,"indsSclsCd" : "B26D60"				,"indsSclsNm" : "프린터소음방지기제조"				,"stdrDt" : "2015-12-17"				}				,{				"indsLclsCd" : "B"				,"indsLclsNm" : "제조"				,"indsMclsCd" : "B26"				,"indsMclsNm" : "기계/장비/기구제조"				,"indsSclsCd" : "B26B87"				,"indsSclsNm" : "필터제조"				,"stdrDt" : "2015-12-17"				}				,{				"indsLclsCd" : "B"				,"indsLclsNm" : "제조"				,"indsMclsCd" : "B26"				,"indsMclsNm" : "기계/장비/기구제조"				,"indsSclsCd" : "B26E70"				,"indsSclsNm" : "한방기구제조"				,"stdrDt" : "2015-12-17"				}				,{				"indsLclsCd" : "B"				,"indsLclsNm" : "제조"				,"indsMclsCd" : "B26"				,"indsMclsNm" : "기계/장비/기구제조"				,"indsSclsCd" : "B26C66"				,"indsSclsNm" : "항공기/우주선제조-기타"				,"stdrDt" : "2015-12-17"				}				,{				"indsLclsCd" : "B"				,"indsLclsNm" : "제조"				,"indsMclsCd" : "B26"				,"indsMclsNm" : "기계/장비/기구제조"				,"indsSclsCd" : "B26C56"				,"indsSclsNm" : "항공기/우주선제조-종합"				,"stdrDt" : "2015-12-17"				}				,{				"indsLclsCd" : "B"				,"indsLclsNm" : "제조"				,"indsMclsCd" : "B26"				,"indsMclsNm" : "기계/장비/기구제조"				,"indsSclsCd" : "B26C58"				,"indsSclsNm" : "항공기부품제조"				,"stdrDt" : "2015-12-17"				}				,{				"indsLclsCd" : "B"				,"indsLclsNm" : "제조"				,"indsMclsCd" : "B26"				,"indsMclsNm" : "기계/장비/기구제조"				,"indsSclsCd" : "B26C60"				,"indsSclsNm" : "항공기제조"				,"stdrDt" : "2015-12-17"				}				,{				"indsLclsCd" : "B"				,"indsLclsNm" : "제조"				,"indsMclsCd" : "B26"				,"indsMclsNm" : "기계/장비/기구제조"				,"indsSclsCd" : "B26B75"				,"indsSclsNm" : "항온항습기제조"				,"stdrDt" : "2015-12-17"				}				,{				"indsLclsCd" : "B"				,"indsLclsNm" : "제조"				,"indsMclsCd" : "B26"				,"indsMclsNm" : "기계/장비/기구제조"				,"indsSclsCd" : "B26D33"				,"indsSclsNm" : "핵반응기/증기발생기제조"				,"stdrDt" : "2015-12-17"				}				,{				"indsLclsCd" : "B"				,"indsLclsNm" : "제조"				,"indsMclsCd" : "B26"				,"indsMclsNm" : "기계/장비/기구제조"				,"indsSclsCd" : "B26C13"				,"indsSclsNm" : "핸들클러치/자동브레이크제조"				,"stdrDt" : "2015-12-17"				}				,{				"indsLclsCd" : "B"				,"indsLclsNm" : "제조"				,"indsMclsCd" : "B26"				,"indsMclsNm" : "기계/장비/기구제조"				,"indsSclsCd" : "B26E64"				,"indsSclsNm" : "헤드폰제조"				,"stdrDt" : "2015-12-17"				}				,{				"indsLclsCd" : "B"				,"indsLclsNm" : "제조"				,"indsMclsCd" : "B26"				,"indsMclsNm" : "기계/장비/기구제조"				,"indsSclsCd" : "B26B44"				,"indsSclsNm" : "현미경/망원경제조"				,"stdrDt" : "2015-12-17"				}				,{				"indsLclsCd" : "B"				,"indsLclsNm" : "제조"				,"indsMclsCd" : "B26"				,"indsMclsNm" : "기계/장비/기구제조"				,"indsSclsCd" : "B26B67"				,"indsSclsNm" : "호이스트제조"				,"stdrDt" : "2015-12-17"				}				,{				"indsLclsCd" : "B"				,"indsLclsNm" : "제조"				,"indsMclsCd" : "B26"				,"indsMclsNm" : "기계/장비/기구제조"				,"indsSclsCd" : "B26D16"				,"indsSclsNm" : "화장기구제조"				,"stdrDt" : "2015-12-17"				}				,{				"indsLclsCd" : "B"				,"indsLclsNm" : "제조"				,"indsMclsCd" : "B26"				,"indsMclsNm" : "기계/장비/기구제조"				,"indsSclsCd" : "B26E38"				,"indsSclsNm" : "화재감지기제조"				,"stdrDt" : "2015-12-17"				}				,{				"indsLclsCd" : "B"				,"indsLclsNm" : "제조"				,"indsMclsCd" : "B26"				,"indsMclsNm" : "기계/장비/기구제조"				,"indsSclsCd" : "B26E57"				,"indsSclsNm" : "확성기제조"				,"stdrDt" : "2015-12-17"				}				,{				"indsLclsCd" : "B"				,"indsLclsNm" : "제조"				,"indsMclsCd" : "B26"				,"indsMclsNm" : "기계/장비/기구제조"				,"indsSclsCd" : "B26D84"				,"indsSclsNm" : "후렉시블닥트호스제조"				,"stdrDt" : "2015-12-17"				}				,{				"indsLclsCd" : "B"				,"indsLclsNm" : "제조"				,"indsMclsCd" : "B26"				,"indsMclsNm" : "기계/장비/기구제조"				,"indsSclsCd" : "B26D12"				,"indsSclsNm" : "흡출기제조"				,"stdrDt" : "2015-12-17"				}			]	}}