{	"header" : {		"description" : "소상공인시장진흥공단 상권정보 업종소분류 코드"		,"columns" : ["상권업종대분류코드","상권업종대분류코드명","상권업종중분류코드","상권업종중분류코드명","상권업종소분류코드","상권업종소분류코드명","데이터기준일자"]		,"resultCode" : "00"		,"resultMsg" : "NORMAL SERVICE"	},	"body" : {			"items" : [				{				"indsLclsCd" : "C"				,"indsLclsNm" : "도매/유통/무역"				,"indsMclsCd" : "C01"				,"indsMclsNm" : "곡물/종자도매"				,"indsSclsCd" : "C01A04"				,"indsSclsNm" : "가공곡물도매"				,"stdrDt" : "2015-12-17"				}				,{				"indsLclsCd" : "C"				,"indsLclsNm" : "도매/유통/무역"				,"indsMclsCd" : "C01"				,"indsMclsNm" : "곡물/종자도매"				,"indsSclsCd" : "C01A05"				,"indsSclsNm" : "감자도매"				,"stdrDt" : "2015-12-17"				}				,{				"indsLclsCd" : "C"				,"indsLclsNm" : "도매/유통/무역"				,"indsMclsCd" : "C01"				,"indsMclsNm" : "곡물/종자도매"				,"indsSclsCd" : "C01A06"				,"indsSclsNm" : "고추/마늘도매"				,"stdrDt" : "2015-12-17"				}				,{				"indsLclsCd" : "C"				,"indsLclsNm" : "도매/유통/무역"				,"indsMclsCd" : "C01"				,"indsMclsNm" : "곡물/종자도매"				,"indsSclsCd" : "C01A99"				,"indsSclsNm" : "곡물/종자도매-기타"				,"stdrDt" : "2015-12-17"				}				,{				"indsLclsCd" : "C"				,"indsLclsNm" : "도매/유통/무역"				,"indsMclsCd" : "C01"				,"indsMclsNm" : "곡물/종자도매"				,"indsSclsCd" : "C01A00"				,"indsSclsNm" : "곡물/종자도매-종합"				,"stdrDt" : "2015-12-17"				}				,{				"indsLclsCd" : "C"				,"indsLclsNm" : "도매/유통/무역"				,"indsMclsCd" : "C01"				,"indsMclsNm" : "곡물/종자도매"				,"indsSclsCd" : "C01A01"				,"indsSclsNm" : "곡물도매"				,"stdrDt" : "2015-12-17"				}				,{				"indsLclsCd" : "C"				,"indsLclsNm" : "도매/유통/무역"				,"indsMclsCd" : "C01"				,"indsMclsNm" : "곡물/종자도매"				,"indsSclsCd" : "C01A03"				,"indsSclsNm" : "기름용씨/열매도매"				,"stdrDt" : "2015-12-17"				}				,{				"indsLclsCd" : "C"				,"indsLclsNm" : "도매/유통/무역"				,"indsMclsCd" : "C01"				,"indsMclsNm" : "곡물/종자도매"				,"indsSclsCd" : "C01A07"				,"indsSclsNm" : "땅콩도매"				,"stdrDt" : "2015-12-17"				}				,{				"indsLclsCd" : "C"				,"indsLclsNm" : "도매/유통/무역"				,"indsMclsCd" : "C01"				,"indsMclsNm" : "곡물/종자도매"				,"indsSclsCd" : "C01A02"				,"indsSclsNm" : "종묘상"				,"stdrDt" : "2015-12-17"				}			]	}}