{	"header" : {		"description" : "소상공인시장진흥공단 상권정보 업종소분류 코드"		,"columns" : ["상권업종대분류코드","상권업종대분류코드명","상권업종중분류코드","상권업종중분류코드명","상권업종소분류코드","상권업종소분류코드명","데이터기준일자"]		,"resultCode" : "00"		,"resultMsg" : "NORMAL SERVICE"	},	"body" : {			"items" : [				{				"indsLclsCd" : "C"				,"indsLclsNm" : "도매/유통/무역"				,"indsMclsCd" : "C03"				,"indsMclsNm" : "화초/식물도매"				,"indsSclsCd" : "C03A01"				,"indsSclsNm" : "화훼/꽃/나무/식물재배도매"				,"stdrDt" : "2015-12-17"				}			]	}}