{	"header" : {		"description" : "소상공인시장진흥공단 상권정보 업종소분류 코드"		,"columns" : ["상권업종대분류코드","상권업종대분류코드명","상권업종중분류코드","상권업종중분류코드명","상권업종소분류코드","상권업종소분류코드명","데이터기준일자"]		,"resultCode" : "00"		,"resultMsg" : "NORMAL SERVICE"	},	"body" : {			"items" : [				{				"indsLclsCd" : "C"				,"indsLclsNm" : "도매/유통/무역"				,"indsMclsCd" : "C04"				,"indsMclsNm" : "청과물도매"				,"indsSclsCd" : "C04A03"				,"indsSclsNm" : "건과도매"				,"stdrDt" : "2015-12-17"				}				,{				"indsLclsCd" : "C"				,"indsLclsNm" : "도매/유통/무역"				,"indsMclsCd" : "C04"				,"indsMclsNm" : "청과물도매"				,"indsSclsCd" : "C04A01"				,"indsSclsNm" : "과실도매"				,"stdrDt" : "2015-12-17"				}				,{				"indsLclsCd" : "C"				,"indsLclsNm" : "도매/유통/무역"				,"indsMclsCd" : "C04"				,"indsMclsNm" : "청과물도매"				,"indsSclsCd" : "C04A02"				,"indsSclsNm" : "채소도매"				,"stdrDt" : "2015-12-17"				}				,{				"indsLclsCd" : "C"				,"indsLclsNm" : "도매/유통/무역"				,"indsMclsCd" : "C04"				,"indsMclsNm" : "청과물도매"				,"indsSclsCd" : "C04A99"				,"indsSclsNm" : "청과물도매-기타"				,"stdrDt" : "2015-12-17"				}				,{				"indsLclsCd" : "C"				,"indsLclsNm" : "도매/유통/무역"				,"indsMclsCd" : "C04"				,"indsMclsNm" : "청과물도매"				,"indsSclsCd" : "C04A00"				,"indsSclsNm" : "청과물도매-종합"				,"stdrDt" : "2015-12-17"				}			]	}}