{	"header" : {		"description" : "소상공인시장진흥공단 상권정보 업종소분류 코드"		,"columns" : ["상권업종대분류코드","상권업종대분류코드명","상권업종중분류코드","상권업종중분류코드명","상권업종소분류코드","상권업종소분류코드명","데이터기준일자"]		,"resultCode" : "00"		,"resultMsg" : "NORMAL SERVICE"	},	"body" : {			"items" : [				{				"indsLclsCd" : "C"				,"indsLclsNm" : "도매/유통/무역"				,"indsMclsCd" : "C06"				,"indsMclsNm" : "축산물도매"				,"indsSclsCd" : "C06A04"				,"indsSclsNm" : "개/염소/양고기도매"				,"stdrDt" : "2015-12-17"				}				,{				"indsLclsCd" : "C"				,"indsLclsNm" : "도매/유통/무역"				,"indsMclsCd" : "C06"				,"indsMclsNm" : "축산물도매"				,"indsSclsCd" : "C06A05"				,"indsSclsNm" : "계란도매"				,"stdrDt" : "2015-12-17"				}				,{				"indsLclsCd" : "C"				,"indsLclsNm" : "도매/유통/무역"				,"indsMclsCd" : "C06"				,"indsMclsNm" : "축산물도매"				,"indsSclsCd" : "C06A03"				,"indsSclsNm" : "닭고기도매"				,"stdrDt" : "2015-12-17"				}				,{				"indsLclsCd" : "C"				,"indsLclsNm" : "도매/유통/무역"				,"indsMclsCd" : "C06"				,"indsMclsNm" : "축산물도매"				,"indsSclsCd" : "C06A02"				,"indsSclsNm" : "소/돼지고기도매"				,"stdrDt" : "2015-12-17"				}				,{				"indsLclsCd" : "C"				,"indsLclsNm" : "도매/유통/무역"				,"indsMclsCd" : "C06"				,"indsMclsNm" : "축산물도매"				,"indsSclsCd" : "C06A06"				,"indsSclsNm" : "우유제품도매"				,"stdrDt" : "2015-12-17"				}				,{				"indsLclsCd" : "C"				,"indsLclsNm" : "도매/유통/무역"				,"indsMclsCd" : "C06"				,"indsMclsNm" : "축산물도매"				,"indsSclsCd" : "C06A01"				,"indsSclsNm" : "육류도매"				,"stdrDt" : "2015-12-17"				}				,{				"indsLclsCd" : "C"				,"indsLclsNm" : "도매/유통/무역"				,"indsMclsCd" : "C06"				,"indsMclsNm" : "축산물도매"				,"indsSclsCd" : "C06A99"				,"indsSclsNm" : "축산물도매-기타"				,"stdrDt" : "2015-12-17"				}				,{				"indsLclsCd" : "C"				,"indsLclsNm" : "도매/유통/무역"				,"indsMclsCd" : "C06"				,"indsMclsNm" : "축산물도매"				,"indsSclsCd" : "C06A00"				,"indsSclsNm" : "축산물도매-종합"				,"stdrDt" : "2015-12-17"				}				,{				"indsLclsCd" : "C"				,"indsLclsNm" : "도매/유통/무역"				,"indsMclsCd" : "C06"				,"indsMclsNm" : "축산물도매"				,"indsSclsCd" : "C06A07"				,"indsSclsNm" : "햄도매"				,"stdrDt" : "2015-12-17"				}			]	}}