{	"header" : {		"description" : "소상공인시장진흥공단 상권정보 업종소분류 코드"		,"columns" : ["상권업종대분류코드","상권업종대분류코드명","상권업종중분류코드","상권업종중분류코드명","상권업종소분류코드","상권업종소분류코드명","데이터기준일자"]		,"resultCode" : "00"		,"resultMsg" : "NORMAL SERVICE"	},	"body" : {			"items" : [				{				"indsLclsCd" : "C"				,"indsLclsNm" : "도매/유통/무역"				,"indsMclsCd" : "C07"				,"indsMclsNm" : "수산물도매"				,"indsSclsCd" : "C07A04"				,"indsSclsNm" : "건어물도매"				,"stdrDt" : "2015-12-17"				}				,{				"indsLclsCd" : "C"				,"indsLclsNm" : "도매/유통/무역"				,"indsMclsCd" : "C07"				,"indsMclsNm" : "수산물도매"				,"indsSclsCd" : "C07A01"				,"indsSclsNm" : "생선도매"				,"stdrDt" : "2015-12-17"				}				,{				"indsLclsCd" : "C"				,"indsLclsNm" : "도매/유통/무역"				,"indsMclsCd" : "C07"				,"indsMclsNm" : "수산물도매"				,"indsSclsCd" : "C07A05"				,"indsSclsNm" : "소금도매"				,"stdrDt" : "2015-12-17"				}				,{				"indsLclsCd" : "C"				,"indsLclsNm" : "도매/유통/무역"				,"indsMclsCd" : "C07"				,"indsMclsNm" : "수산물도매"				,"indsSclsCd" : "C07A99"				,"indsSclsNm" : "수산물도매-기타"				,"stdrDt" : "2015-12-17"				}				,{				"indsLclsCd" : "C"				,"indsLclsNm" : "도매/유통/무역"				,"indsMclsCd" : "C07"				,"indsMclsNm" : "수산물도매"				,"indsSclsCd" : "C07A00"				,"indsSclsNm" : "수산물도매-종합"				,"stdrDt" : "2015-12-17"				}				,{				"indsLclsCd" : "C"				,"indsLclsNm" : "도매/유통/무역"				,"indsMclsCd" : "C07"				,"indsMclsNm" : "수산물도매"				,"indsSclsCd" : "C07A03"				,"indsSclsNm" : "해조류도매"				,"stdrDt" : "2015-12-17"				}				,{				"indsLclsCd" : "C"				,"indsLclsNm" : "도매/유통/무역"				,"indsMclsCd" : "C07"				,"indsMclsNm" : "수산물도매"				,"indsSclsCd" : "C07A02"				,"indsSclsNm" : "활어도매"				,"stdrDt" : "2015-12-17"				}			]	}}