{	"header" : {		"description" : "소상공인시장진흥공단 상권정보 업종소분류 코드"		,"columns" : ["상권업종대분류코드","상권업종대분류코드명","상권업종중분류코드","상권업종중분류코드명","상권업종소분류코드","상권업종소분류코드명","데이터기준일자"]		,"resultCode" : "00"		,"resultMsg" : "NORMAL SERVICE"	},	"body" : {			"items" : [				{				"indsLclsCd" : "C"				,"indsLclsNm" : "도매/유통/무역"				,"indsMclsCd" : "C08"				,"indsMclsNm" : "자연산원료도매"				,"indsSclsCd" : "C08A03"				,"indsSclsNm" : "가죽도매"				,"stdrDt" : "2015-12-17"				}				,{				"indsLclsCd" : "C"				,"indsLclsNm" : "도매/유통/무역"				,"indsMclsCd" : "C08"				,"indsMclsNm" : "자연산원료도매"				,"indsSclsCd" : "C08A04"				,"indsSclsNm" : "누에고치도매"				,"stdrDt" : "2015-12-17"				}				,{				"indsLclsCd" : "C"				,"indsLclsNm" : "도매/유통/무역"				,"indsMclsCd" : "C08"				,"indsMclsNm" : "자연산원료도매"				,"indsSclsCd" : "C08A08"				,"indsSclsNm" : "섬유원료도매"				,"stdrDt" : "2015-12-17"				}				,{				"indsLclsCd" : "C"				,"indsLclsNm" : "도매/유통/무역"				,"indsMclsCd" : "C08"				,"indsMclsNm" : "자연산원료도매"				,"indsSclsCd" : "C08A07"				,"indsSclsNm" : "약초도매"				,"stdrDt" : "2015-12-17"				}				,{				"indsLclsCd" : "C"				,"indsLclsNm" : "도매/유통/무역"				,"indsMclsCd" : "C08"				,"indsMclsNm" : "자연산원료도매"				,"indsSclsCd" : "C08A05"				,"indsSclsNm" : "원면도매"				,"stdrDt" : "2015-12-17"				}				,{				"indsLclsCd" : "C"				,"indsLclsNm" : "도매/유통/무역"				,"indsMclsCd" : "C08"				,"indsMclsNm" : "자연산원료도매"				,"indsSclsCd" : "C08A06"				,"indsSclsNm" : "원모도매"				,"stdrDt" : "2015-12-17"				}				,{				"indsLclsCd" : "C"				,"indsLclsNm" : "도매/유통/무역"				,"indsMclsCd" : "C08"				,"indsMclsNm" : "자연산원료도매"				,"indsSclsCd" : "C08A02"				,"indsSclsNm" : "원모피도매"				,"stdrDt" : "2015-12-17"				}				,{				"indsLclsCd" : "C"				,"indsLclsNm" : "도매/유통/무역"				,"indsMclsCd" : "C08"				,"indsMclsNm" : "자연산원료도매"				,"indsSclsCd" : "C08A09"				,"indsSclsNm" : "원피도매"				,"stdrDt" : "2015-12-17"				}				,{				"indsLclsCd" : "C"				,"indsLclsNm" : "도매/유통/무역"				,"indsMclsCd" : "C08"				,"indsMclsNm" : "자연산원료도매"				,"indsSclsCd" : "C08A01"				,"indsSclsNm" : "잎담배도매"				,"stdrDt" : "2015-12-17"				}			]	}}