{	"header" : {		"description" : "소상공인시장진흥공단 상권정보 업종소분류 코드"		,"columns" : ["상권업종대분류코드","상권업종대분류코드명","상권업종중분류코드","상권업종중분류코드명","상권업종소분류코드","상권업종소분류코드명","데이터기준일자"]		,"resultCode" : "00"		,"resultMsg" : "NORMAL SERVICE"	},	"body" : {			"items" : [				{				"indsLclsCd" : "C"				,"indsLclsNm" : "도매/유통/무역"				,"indsMclsCd" : "C09"				,"indsMclsNm" : "가공식품도매"				,"indsSclsCd" : "C09A99"				,"indsSclsNm" : "가공식품도매-기타"				,"stdrDt" : "2015-12-17"				}				,{				"indsLclsCd" : "C"				,"indsLclsNm" : "도매/유통/무역"				,"indsMclsCd" : "C09"				,"indsMclsNm" : "가공식품도매"				,"indsSclsCd" : "C09A00"				,"indsSclsNm" : "가공식품도매-종합"				,"stdrDt" : "2015-12-17"				}				,{				"indsLclsCd" : "C"				,"indsLclsNm" : "도매/유통/무역"				,"indsMclsCd" : "C09"				,"indsMclsNm" : "가공식품도매"				,"indsSclsCd" : "C09B03"				,"indsSclsNm" : "고기통조림도매"				,"stdrDt" : "2015-12-17"				}				,{				"indsLclsCd" : "C"				,"indsLclsNm" : "도매/유통/무역"				,"indsMclsCd" : "C09"				,"indsMclsNm" : "가공식품도매"				,"indsSclsCd" : "C09A05"				,"indsSclsNm" : "기호식품도매"				,"stdrDt" : "2015-12-17"				}				,{				"indsLclsCd" : "C"				,"indsLclsNm" : "도매/유통/무역"				,"indsMclsCd" : "C09"				,"indsMclsNm" : "가공식품도매"				,"indsSclsCd" : "C09B01"				,"indsSclsNm" : "농산물통조림도매"				,"stdrDt" : "2015-12-17"				}				,{				"indsLclsCd" : "C"				,"indsLclsNm" : "도매/유통/무역"				,"indsMclsCd" : "C09"				,"indsMclsNm" : "가공식품도매"				,"indsSclsCd" : "C09A08"				,"indsSclsNm" : "라면도매"				,"stdrDt" : "2015-12-17"				}				,{				"indsLclsCd" : "C"				,"indsLclsNm" : "도매/유통/무역"				,"indsMclsCd" : "C09"				,"indsMclsNm" : "가공식품도매"				,"indsSclsCd" : "C09A02"				,"indsSclsNm" : "빵/과자도매"				,"stdrDt" : "2015-12-17"				}				,{				"indsLclsCd" : "C"				,"indsLclsNm" : "도매/유통/무역"				,"indsMclsCd" : "C09"				,"indsMclsNm" : "가공식품도매"				,"indsSclsCd" : "C09A01"				,"indsSclsNm" : "설탕도매"				,"stdrDt" : "2015-12-17"				}				,{				"indsLclsCd" : "C"				,"indsLclsNm" : "도매/유통/무역"				,"indsMclsCd" : "C09"				,"indsMclsNm" : "가공식품도매"				,"indsSclsCd" : "C09B02"				,"indsSclsNm" : "수산물통조림도매"				,"stdrDt" : "2015-12-17"				}				,{				"indsLclsCd" : "C"				,"indsLclsNm" : "도매/유통/무역"				,"indsMclsCd" : "C09"				,"indsMclsNm" : "가공식품도매"				,"indsSclsCd" : "C09A07"				,"indsSclsNm" : "식용유도매"				,"stdrDt" : "2015-12-17"				}				,{				"indsLclsCd" : "C"				,"indsLclsNm" : "도매/유통/무역"				,"indsMclsCd" : "C09"				,"indsMclsNm" : "가공식품도매"				,"indsSclsCd" : "C09A06"				,"indsSclsNm" : "식품첨가물도매"				,"stdrDt" : "2015-12-17"				}				,{				"indsLclsCd" : "C"				,"indsLclsNm" : "도매/유통/무역"				,"indsMclsCd" : "C09"				,"indsMclsNm" : "가공식품도매"				,"indsSclsCd" : "C09A04"				,"indsSclsNm" : "음료도매"				,"stdrDt" : "2015-12-17"				}				,{				"indsLclsCd" : "C"				,"indsLclsNm" : "도매/유통/무역"				,"indsMclsCd" : "C09"				,"indsMclsNm" : "가공식품도매"				,"indsSclsCd" : "C09A03"				,"indsSclsNm" : "조미식품도매"				,"stdrDt" : "2015-12-17"				}				,{				"indsLclsCd" : "C"				,"indsLclsNm" : "도매/유통/무역"				,"indsMclsCd" : "C09"				,"indsMclsNm" : "가공식품도매"				,"indsSclsCd" : "C09B99"				,"indsSclsNm" : "통조림식품도매-기타"				,"stdrDt" : "2015-12-17"				}				,{				"indsLclsCd" : "C"				,"indsLclsNm" : "도매/유통/무역"				,"indsMclsCd" : "C09"				,"indsMclsNm" : "가공식품도매"				,"indsSclsCd" : "C09B00"				,"indsSclsNm" : "통조림식품도매-종합"				,"stdrDt" : "2015-12-17"				}			]	}}