{	"header" : {		"description" : "소상공인시장진흥공단 상권정보 업종소분류 코드"		,"columns" : ["상권업종대분류코드","상권업종대분류코드명","상권업종중분류코드","상권업종중분류코드명","상권업종소분류코드","상권업종소분류코드명","데이터기준일자"]		,"resultCode" : "00"		,"resultMsg" : "NORMAL SERVICE"	},	"body" : {			"items" : [				{				"indsLclsCd" : "C"				,"indsLclsNm" : "도매/유통/무역"				,"indsMclsCd" : "C10"				,"indsMclsNm" : "주류/기호품도매"				,"indsSclsCd" : "C10B01"				,"indsSclsNm" : "건강식품도매"				,"stdrDt" : "2015-12-17"				}				,{				"indsLclsCd" : "C"				,"indsLclsNm" : "도매/유통/무역"				,"indsMclsCd" : "C10"				,"indsMclsNm" : "주류/기호품도매"				,"indsSclsCd" : "C10B02"				,"indsSclsNm" : "담배도매"				,"stdrDt" : "2015-12-17"				}				,{				"indsLclsCd" : "C"				,"indsLclsNm" : "도매/유통/무역"				,"indsMclsCd" : "C10"				,"indsMclsNm" : "주류/기호품도매"				,"indsSclsCd" : "C10A01"				,"indsSclsNm" : "맥주도매"				,"stdrDt" : "2015-12-17"				}				,{				"indsLclsCd" : "C"				,"indsLclsNm" : "도매/유통/무역"				,"indsMclsCd" : "C10"				,"indsMclsNm" : "주류/기호품도매"				,"indsSclsCd" : "C10A02"				,"indsSclsNm" : "소주도매"				,"stdrDt" : "2015-12-17"				}				,{				"indsLclsCd" : "C"				,"indsLclsNm" : "도매/유통/무역"				,"indsMclsCd" : "C10"				,"indsMclsNm" : "주류/기호품도매"				,"indsSclsCd" : "C10A99"				,"indsSclsNm" : "주류도매-기타"				,"stdrDt" : "2015-12-17"				}				,{				"indsLclsCd" : "C"				,"indsLclsNm" : "도매/유통/무역"				,"indsMclsCd" : "C10"				,"indsMclsNm" : "주류/기호품도매"				,"indsSclsCd" : "C10A00"				,"indsSclsNm" : "주류도매-종합"				,"stdrDt" : "2015-12-17"				}				,{				"indsLclsCd" : "C"				,"indsLclsNm" : "도매/유통/무역"				,"indsMclsCd" : "C10"				,"indsMclsNm" : "주류/기호품도매"				,"indsSclsCd" : "C10A03"				,"indsSclsNm" : "탁주도매"				,"stdrDt" : "2015-12-17"				}			]	}}