{	"header" : {		"description" : "소상공인시장진흥공단 상권정보 업종소분류 코드"		,"columns" : ["상권업종대분류코드","상권업종대분류코드명","상권업종중분류코드","상권업종중분류코드명","상권업종소분류코드","상권업종소분류코드명","데이터기준일자"]		,"resultCode" : "00"		,"resultMsg" : "NORMAL SERVICE"	},	"body" : {			"items" : [				{				"indsLclsCd" : "C1"				,"indsLclsNm" : "제조업"				,"indsMclsCd" : "C101"				,"indsMclsNm" : "육류"				,"indsSclsCd" : "C10103"				,"indsSclsNm" : "가금류 가공 및 저장 처리업"				,"stdrDt" : "2023-02-28"				}				,{				"indsLclsCd" : "C1"				,"indsLclsNm" : "제조업"				,"indsMclsCd" : "C101"				,"indsMclsNm" : "육류"				,"indsSclsCd" : "C10102"				,"indsSclsNm" : "가금류 도축업"				,"stdrDt" : "2023-02-28"				}				,{				"indsLclsCd" : "C1"				,"indsLclsNm" : "제조업"				,"indsMclsCd" : "C101"				,"indsMclsNm" : "육류"				,"indsSclsCd" : "C10105"				,"indsSclsNm" : "육류 기타 가공 및 저장 처리업(가금류 제외)"				,"stdrDt" : "2023-02-28"				}				,{				"indsLclsCd" : "C1"				,"indsLclsNm" : "제조업"				,"indsMclsCd" : "C101"				,"indsMclsNm" : "육류"				,"indsSclsCd" : "C10101"				,"indsSclsNm" : "육류 도축업(가금류 제외)"				,"stdrDt" : "2023-02-28"				}				,{				"indsLclsCd" : "C1"				,"indsLclsNm" : "제조업"				,"indsMclsCd" : "C101"				,"indsMclsNm" : "육류"				,"indsSclsCd" : "C10104"				,"indsSclsNm" : "육류 포장육 및 냉동육 가공업(가금류 제외)"				,"stdrDt" : "2023-02-28"				}			]	}}