{	"header" : {		"description" : "소상공인시장진흥공단 상권정보 업종소분류 코드"		,"columns" : ["상권업종대분류코드","상권업종대분류코드명","상권업종중분류코드","상권업종중분류코드명","상권업종소분류코드","상권업종소분류코드명","데이터기준일자"]		,"resultCode" : "00"		,"resultMsg" : "NORMAL SERVICE"	},	"body" : {			"items" : [				{				"indsLclsCd" : "C1"				,"indsLclsNm" : "제조업"				,"indsMclsCd" : "C102"				,"indsMclsNm" : "수산"				,"indsSclsCd" : "C10204"				,"indsSclsNm" : "기타 수산동물 가공 및 저장 처리업"				,"stdrDt" : "2023-02-28"				}				,{				"indsLclsCd" : "C1"				,"indsLclsNm" : "제조업"				,"indsMclsCd" : "C102"				,"indsMclsNm" : "수산"				,"indsSclsCd" : "C10202"				,"indsSclsNm" : "수산동물 건조 및 염장품 제조업"				,"stdrDt" : "2023-02-28"				}				,{				"indsLclsCd" : "C1"				,"indsLclsNm" : "제조업"				,"indsMclsCd" : "C102"				,"indsMclsNm" : "수산"				,"indsSclsCd" : "C10203"				,"indsSclsNm" : "수산동물 냉동품 제조업"				,"stdrDt" : "2023-02-28"				}				,{				"indsLclsCd" : "C1"				,"indsLclsNm" : "제조업"				,"indsMclsCd" : "C102"				,"indsMclsNm" : "수산"				,"indsSclsCd" : "C10201"				,"indsSclsNm" : "수산동물 훈제, 조리 및 유사 조제식품 제조업"				,"stdrDt" : "2023-02-28"				}				,{				"indsLclsCd" : "C1"				,"indsLclsNm" : "제조업"				,"indsMclsCd" : "C102"				,"indsMclsNm" : "수산"				,"indsSclsCd" : "C10205"				,"indsSclsNm" : "수산식물 가공 및 저장 처리업"				,"stdrDt" : "2023-02-28"				}			]	}}