{	"header" : {		"description" : "소상공인시장진흥공단 상권정보 업종소분류 코드"		,"columns" : ["상권업종대분류코드","상권업종대분류코드명","상권업종중분류코드","상권업종중분류코드명","상권업종소분류코드","상권업종소분류코드명","데이터기준일자"]		,"resultCode" : "00"		,"resultMsg" : "NORMAL SERVICE"	},	"body" : {			"items" : [				{				"indsLclsCd" : "C1"				,"indsLclsNm" : "제조업"				,"indsMclsCd" : "C103"				,"indsMclsNm" : "과실, 채소"				,"indsSclsCd" : "C10302"				,"indsSclsNm" : "과실 및 그 외 채소 절임식품 제조업"				,"stdrDt" : "2023-02-28"				}				,{				"indsLclsCd" : "C1"				,"indsLclsNm" : "제조업"				,"indsMclsCd" : "C103"				,"indsMclsNm" : "과실, 채소"				,"indsSclsCd" : "C10399"				,"indsSclsNm" : "기타 과실ㆍ채소 가공 및 저장 처리업"				,"stdrDt" : "2023-02-28"				}				,{				"indsLclsCd" : "C1"				,"indsLclsNm" : "제조업"				,"indsMclsCd" : "C103"				,"indsMclsNm" : "과실, 채소"				,"indsSclsCd" : "C10301"				,"indsSclsNm" : "김치류 제조업"				,"stdrDt" : "2023-02-28"				}			]	}}