{	"header" : {		"description" : "소상공인시장진흥공단 상권정보 업종소분류 코드"		,"columns" : ["상권업종대분류코드","상권업종대분류코드명","상권업종중분류코드","상권업종중분류코드명","상권업종소분류코드","상권업종소분류코드명","데이터기준일자"]		,"resultCode" : "00"		,"resultMsg" : "NORMAL SERVICE"	},	"body" : {			"items" : [				{				"indsLclsCd" : "C1"				,"indsLclsNm" : "제조업"				,"indsMclsCd" : "C104"				,"indsMclsNm" : "동식물 유지"				,"indsSclsCd" : "C10401"				,"indsSclsNm" : "동물성 유지 제조업"				,"stdrDt" : "2023-02-28"				}				,{				"indsLclsCd" : "C1"				,"indsLclsNm" : "제조업"				,"indsMclsCd" : "C104"				,"indsMclsNm" : "동식물 유지"				,"indsSclsCd" : "C10402"				,"indsSclsNm" : "식물성 유지 제조업"				,"stdrDt" : "2023-02-28"				}				,{				"indsLclsCd" : "C1"				,"indsLclsNm" : "제조업"				,"indsMclsCd" : "C104"				,"indsMclsNm" : "동식물 유지"				,"indsSclsCd" : "C10403"				,"indsSclsNm" : "식용 정제유 및 가공유 제조업"				,"stdrDt" : "2023-02-28"				}			]	}}