{	"header" : {		"description" : "소상공인시장진흥공단 상권정보 업종소분류 코드"		,"columns" : ["상권업종대분류코드","상권업종대분류코드명","상권업종중분류코드","상권업종중분류코드명","상권업종소분류코드","상권업종소분류코드명","데이터기준일자"]		,"resultCode" : "00"		,"resultMsg" : "NORMAL SERVICE"	},	"body" : {			"items" : [				{				"indsLclsCd" : "C1"				,"indsLclsNm" : "제조업"				,"indsMclsCd" : "C105"				,"indsMclsNm" : "낙농 빙과"				,"indsSclsCd" : "C10502"				,"indsSclsNm" : "아이스크림 및 기타 식용 빙과류 제조업"				,"stdrDt" : "2023-02-28"				}				,{				"indsLclsCd" : "C1"				,"indsLclsNm" : "제조업"				,"indsMclsCd" : "C105"				,"indsMclsNm" : "낙농 빙과"				,"indsSclsCd" : "C10501"				,"indsSclsNm" : "액상 시유 및 기타 낙농제품 제조업"				,"stdrDt" : "2023-02-28"				}			]	}}