{	"header" : {		"description" : "소상공인시장진흥공단 상권정보 업종소분류 코드"		,"columns" : ["상권업종대분류코드","상권업종대분류코드명","상권업종중분류코드","상권업종중분류코드명","상권업종소분류코드","상권업종소분류코드명","데이터기준일자"]		,"resultCode" : "00"		,"resultMsg" : "NORMAL SERVICE"	},	"body" : {			"items" : [				{				"indsLclsCd" : "C1"				,"indsLclsNm" : "제조업"				,"indsMclsCd" : "C106"				,"indsMclsNm" : "곡물, 전분"				,"indsSclsCd" : "C10601"				,"indsSclsNm" : "곡물 도정업"				,"stdrDt" : "2023-02-28"				}				,{				"indsLclsCd" : "C1"				,"indsLclsNm" : "제조업"				,"indsMclsCd" : "C106"				,"indsMclsNm" : "곡물, 전분"				,"indsSclsCd" : "C10602"				,"indsSclsNm" : "곡물 제분업"				,"stdrDt" : "2023-02-28"				}				,{				"indsLclsCd" : "C1"				,"indsLclsNm" : "제조업"				,"indsMclsCd" : "C106"				,"indsMclsNm" : "곡물, 전분"				,"indsSclsCd" : "C10603"				,"indsSclsNm" : "곡물 혼합 분말 및 반죽 제조업"				,"stdrDt" : "2023-02-28"				}				,{				"indsLclsCd" : "C1"				,"indsLclsNm" : "제조업"				,"indsMclsCd" : "C106"				,"indsMclsNm" : "곡물, 전분"				,"indsSclsCd" : "C10604"				,"indsSclsNm" : "기타 곡물 가공품 제조업"				,"stdrDt" : "2023-02-28"				}				,{				"indsLclsCd" : "C1"				,"indsLclsNm" : "제조업"				,"indsMclsCd" : "C106"				,"indsMclsNm" : "곡물, 전분"				,"indsSclsCd" : "C10605"				,"indsSclsNm" : "전분제품 및 당류 제조업"				,"stdrDt" : "2023-02-28"				}			]	}}