{	"header" : {		"description" : "소상공인시장진흥공단 상권정보 업종소분류 코드"		,"columns" : ["상권업종대분류코드","상권업종대분류코드명","상권업종중분류코드","상권업종중분류코드명","상권업종소분류코드","상권업종소분류코드명","데이터기준일자"]		,"resultCode" : "00"		,"resultMsg" : "NORMAL SERVICE"	},	"body" : {			"items" : [				{				"indsLclsCd" : "C1"				,"indsLclsNm" : "제조업"				,"indsMclsCd" : "C107"				,"indsMclsNm" : "기타 식품"				,"indsSclsCd" : "C10718"				,"indsSclsNm" : "건강 기능식품 제조업"				,"stdrDt" : "2023-02-28"				}				,{				"indsLclsCd" : "C1"				,"indsLclsNm" : "제조업"				,"indsMclsCd" : "C107"				,"indsMclsNm" : "기타 식품"				,"indsSclsCd" : "C10717"				,"indsSclsNm" : "건강 보조용 액화식품 제조업"				,"stdrDt" : "2023-02-28"				}				,{				"indsLclsCd" : "C1"				,"indsLclsNm" : "제조업"				,"indsMclsCd" : "C107"				,"indsMclsNm" : "기타 식품"				,"indsSclsCd" : "C10703"				,"indsSclsNm" : "과자류 및 코코아 제품 제조업"				,"stdrDt" : "2023-02-28"				}				,{				"indsLclsCd" : "C1"				,"indsLclsNm" : "제조업"				,"indsMclsCd" : "C107"				,"indsMclsNm" : "기타 식품"				,"indsSclsCd" : "C10799"				,"indsSclsNm" : "그 외 기타 식료품 제조업"				,"stdrDt" : "2023-02-28"				}				,{				"indsLclsCd" : "C1"				,"indsLclsNm" : "제조업"				,"indsMclsCd" : "C107"				,"indsMclsNm" : "기타 식품"				,"indsSclsCd" : "C10711"				,"indsSclsNm" : "기타 식사용 가공처리 조리식품 제조업"				,"stdrDt" : "2023-02-28"				}				,{				"indsLclsCd" : "C1"				,"indsLclsNm" : "제조업"				,"indsMclsCd" : "C107"				,"indsMclsNm" : "기타 식품"				,"indsSclsCd" : "C10709"				,"indsSclsNm" : "기타 식품 첨가물 제조업"				,"stdrDt" : "2023-02-28"				}				,{				"indsLclsCd" : "C1"				,"indsLclsNm" : "제조업"				,"indsMclsCd" : "C107"				,"indsMclsNm" : "기타 식품"				,"indsSclsCd" : "C10710"				,"indsSclsNm" : "도시락류 제조업"				,"stdrDt" : "2023-02-28"				}				,{				"indsLclsCd" : "C1"				,"indsLclsNm" : "제조업"				,"indsMclsCd" : "C107"				,"indsMclsNm" : "기타 식품"				,"indsSclsCd" : "C10715"				,"indsSclsNm" : "두부 및 유사 식품 제조업"				,"stdrDt" : "2023-02-28"				}				,{				"indsLclsCd" : "C1"				,"indsLclsNm" : "제조업"				,"indsMclsCd" : "C107"				,"indsMclsNm" : "기타 식품"				,"indsSclsCd" : "C10701"				,"indsSclsNm" : "떡류 제조업"				,"stdrDt" : "2023-02-28"				}				,{				"indsLclsCd" : "C1"				,"indsLclsNm" : "제조업"				,"indsMclsCd" : "C107"				,"indsMclsNm" : "기타 식품"				,"indsSclsCd" : "C10705"				,"indsSclsNm" : "면류, 마카로니 및 유사 식품 제조업"				,"stdrDt" : "2023-02-28"				}				,{				"indsLclsCd" : "C1"				,"indsLclsNm" : "제조업"				,"indsMclsCd" : "C107"				,"indsMclsNm" : "기타 식품"				,"indsSclsCd" : "C10702"				,"indsSclsNm" : "빵류 제조업"				,"stdrDt" : "2023-02-28"				}				,{				"indsLclsCd" : "C1"				,"indsLclsNm" : "제조업"				,"indsMclsCd" : "C107"				,"indsMclsNm" : "기타 식품"				,"indsSclsCd" : "C10704"				,"indsSclsNm" : "설탕 제조업"				,"stdrDt" : "2023-02-28"				}				,{				"indsLclsCd" : "C1"				,"indsLclsNm" : "제조업"				,"indsMclsCd" : "C107"				,"indsMclsNm" : "기타 식품"				,"indsSclsCd" : "C10714"				,"indsSclsNm" : "수프 및 균질화식품 제조업"				,"stdrDt" : "2023-02-28"				}				,{				"indsLclsCd" : "C1"				,"indsLclsNm" : "제조업"				,"indsMclsCd" : "C107"				,"indsMclsNm" : "기타 식품"				,"indsSclsCd" : "C10706"				,"indsSclsNm" : "식초, 발효 및 화학 조미료 제조업"				,"stdrDt" : "2023-02-28"				}				,{				"indsLclsCd" : "C1"				,"indsLclsNm" : "제조업"				,"indsMclsCd" : "C107"				,"indsMclsNm" : "기타 식품"				,"indsSclsCd" : "C10716"				,"indsSclsNm" : "인삼식품 제조업"				,"stdrDt" : "2023-02-28"				}				,{				"indsLclsCd" : "C1"				,"indsLclsNm" : "제조업"				,"indsMclsCd" : "C107"				,"indsMclsNm" : "기타 식품"				,"indsSclsCd" : "C10708"				,"indsSclsNm" : "장류 제조업"				,"stdrDt" : "2023-02-28"				}				,{				"indsLclsCd" : "C1"				,"indsLclsNm" : "제조업"				,"indsMclsCd" : "C107"				,"indsMclsNm" : "기타 식품"				,"indsSclsCd" : "C10713"				,"indsSclsNm" : "차류 가공업"				,"stdrDt" : "2023-02-28"				}				,{				"indsLclsCd" : "C1"				,"indsLclsNm" : "제조업"				,"indsMclsCd" : "C107"				,"indsMclsNm" : "기타 식품"				,"indsSclsCd" : "C10707"				,"indsSclsNm" : "천연 및 혼합 조제 조미료 제조업"				,"stdrDt" : "2023-02-28"				}				,{				"indsLclsCd" : "C1"				,"indsLclsNm" : "제조업"				,"indsMclsCd" : "C107"				,"indsMclsNm" : "기타 식품"				,"indsSclsCd" : "C10712"				,"indsSclsNm" : "커피 가공업"				,"stdrDt" : "2023-02-28"				}			]	}}