{	"header" : {		"description" : "소상공인시장진흥공단 상권정보 업종소분류 코드"		,"columns" : ["상권업종대분류코드","상권업종대분류코드명","상권업종중분류코드","상권업종중분류코드명","상권업종소분류코드","상권업종소분류코드명","데이터기준일자"]		,"resultCode" : "00"		,"resultMsg" : "NORMAL SERVICE"	},	"body" : {			"items" : [				{				"indsLclsCd" : "C1"				,"indsLclsNm" : "제조업"				,"indsMclsCd" : "C108"				,"indsMclsNm" : "동물 사료"				,"indsSclsCd" : "C10802"				,"indsSclsNm" : "단미사료 및 기타 사료 제조업"				,"stdrDt" : "2023-02-28"				}				,{				"indsLclsCd" : "C1"				,"indsLclsNm" : "제조업"				,"indsMclsCd" : "C108"				,"indsMclsNm" : "동물 사료"				,"indsSclsCd" : "C10801"				,"indsSclsNm" : "배합 사료 제조업"				,"stdrDt" : "2023-02-28"				}			]	}}