{	"header" : {		"description" : "소상공인시장진흥공단 상권정보 업종소분류 코드"		,"columns" : ["상권업종대분류코드","상권업종대분류코드명","상권업종중분류코드","상권업종중분류코드명","상권업종소분류코드","상권업종소분류코드명","데이터기준일자"]		,"resultCode" : "00"		,"resultMsg" : "NORMAL SERVICE"	},	"body" : {			"items" : [				{				"indsLclsCd" : "C1"				,"indsLclsNm" : "제조업"				,"indsMclsCd" : "C109"				,"indsMclsNm" : "알코올 음료"				,"indsSclsCd" : "C10903"				,"indsSclsNm" : "기타 발효주 제조업"				,"stdrDt" : "2023-02-28"				}				,{				"indsLclsCd" : "C1"				,"indsLclsNm" : "제조업"				,"indsMclsCd" : "C109"				,"indsMclsNm" : "알코올 음료"				,"indsSclsCd" : "C10999"				,"indsSclsNm" : "기타 증류주 및 합성주 제조업"				,"stdrDt" : "2023-02-28"				}				,{				"indsLclsCd" : "C1"				,"indsLclsNm" : "제조업"				,"indsMclsCd" : "C109"				,"indsMclsNm" : "알코올 음료"				,"indsSclsCd" : "C10902"				,"indsSclsNm" : "맥아 및 맥주 제조업"				,"stdrDt" : "2023-02-28"				}				,{				"indsLclsCd" : "C1"				,"indsLclsNm" : "제조업"				,"indsMclsCd" : "C109"				,"indsMclsNm" : "알코올 음료"				,"indsSclsCd" : "C10905"				,"indsSclsNm" : "소주 제조업"				,"stdrDt" : "2023-02-28"				}				,{				"indsLclsCd" : "C1"				,"indsLclsNm" : "제조업"				,"indsMclsCd" : "C109"				,"indsMclsNm" : "알코올 음료"				,"indsSclsCd" : "C10904"				,"indsSclsNm" : "주정 제조업"				,"stdrDt" : "2023-02-28"				}				,{				"indsLclsCd" : "C1"				,"indsLclsNm" : "제조업"				,"indsMclsCd" : "C109"				,"indsMclsNm" : "알코올 음료"				,"indsSclsCd" : "C10901"				,"indsSclsNm" : "탁주 및 약주 제조업"				,"stdrDt" : "2023-02-28"				}			]	}}