{	"header" : {		"description" : "소상공인시장진흥공단 상권정보 업종소분류 코드"		,"columns" : ["상권업종대분류코드","상권업종대분류코드명","상권업종중분류코드","상권업종중분류코드명","상권업종소분류코드","상권업종소분류코드명","데이터기준일자"]		,"resultCode" : "00"		,"resultMsg" : "NORMAL SERVICE"	},	"body" : {			"items" : [				{				"indsLclsCd" : "C"				,"indsLclsNm" : "도매/유통/무역"				,"indsMclsCd" : "C11"				,"indsMclsNm" : "섬유/직물도매"				,"indsSclsCd" : "C11A08"				,"indsSclsNm" : "린네르도매"				,"stdrDt" : "2015-12-17"				}				,{				"indsLclsCd" : "C"				,"indsLclsNm" : "도매/유통/무역"				,"indsMclsCd" : "C11"				,"indsMclsNm" : "섬유/직물도매"				,"indsSclsCd" : "C11B02"				,"indsSclsNm" : "방적사도매"				,"stdrDt" : "2015-12-17"				}				,{				"indsLclsCd" : "C"				,"indsLclsNm" : "도매/유통/무역"				,"indsMclsCd" : "C11"				,"indsMclsNm" : "섬유/직물도매"				,"indsSclsCd" : "C11B99"				,"indsSclsNm" : "방직용섬유/사/직물도매-기타"				,"stdrDt" : "2015-12-17"				}				,{				"indsLclsCd" : "C"				,"indsLclsNm" : "도매/유통/무역"				,"indsMclsCd" : "C11"				,"indsMclsNm" : "섬유/직물도매"				,"indsSclsCd" : "C11B00"				,"indsSclsNm" : "방직용섬유/사/직물도매-종합"				,"stdrDt" : "2015-12-17"				}				,{				"indsLclsCd" : "C"				,"indsLclsNm" : "도매/유통/무역"				,"indsMclsCd" : "C11"				,"indsMclsNm" : "섬유/직물도매"				,"indsSclsCd" : "C11B01"				,"indsSclsNm" : "방직용섬유도매"				,"stdrDt" : "2015-12-17"				}				,{				"indsLclsCd" : "C"				,"indsLclsNm" : "도매/유통/무역"				,"indsMclsCd" : "C11"				,"indsMclsNm" : "섬유/직물도매"				,"indsSclsCd" : "C11B04"				,"indsSclsNm" : "방직용합성섬유도매"				,"stdrDt" : "2015-12-17"				}				,{				"indsLclsCd" : "C"				,"indsLclsNm" : "도매/유통/무역"				,"indsMclsCd" : "C11"				,"indsMclsNm" : "섬유/직물도매"				,"indsSclsCd" : "C11A05"				,"indsSclsNm" : "섬유/실도매"				,"stdrDt" : "2015-12-17"				}				,{				"indsLclsCd" : "C"				,"indsLclsNm" : "도매/유통/무역"				,"indsMclsCd" : "C11"				,"indsMclsNm" : "섬유/직물도매"				,"indsSclsCd" : "C11A99"				,"indsSclsNm" : "섬유사/직물제품도매-기타"				,"stdrDt" : "2015-12-17"				}				,{				"indsLclsCd" : "C"				,"indsLclsNm" : "도매/유통/무역"				,"indsMclsCd" : "C11"				,"indsMclsNm" : "섬유/직물도매"				,"indsSclsCd" : "C11A00"				,"indsSclsNm" : "섬유사/직물제품도매-종합"				,"stdrDt" : "2015-12-17"				}				,{				"indsLclsCd" : "C"				,"indsLclsNm" : "도매/유통/무역"				,"indsMclsCd" : "C11"				,"indsMclsNm" : "섬유/직물도매"				,"indsSclsCd" : "C11B05"				,"indsSclsNm" : "섬유사도매"				,"stdrDt" : "2015-12-17"				}				,{				"indsLclsCd" : "C"				,"indsLclsNm" : "도매/유통/무역"				,"indsMclsCd" : "C11"				,"indsMclsNm" : "섬유/직물도매"				,"indsSclsCd" : "C11A04"				,"indsSclsNm" : "수건도매"				,"stdrDt" : "2015-12-17"				}				,{				"indsLclsCd" : "C"				,"indsLclsNm" : "도매/유통/무역"				,"indsMclsCd" : "C11"				,"indsMclsNm" : "섬유/직물도매"				,"indsSclsCd" : "C11A06"				,"indsSclsNm" : "수예품도매"				,"stdrDt" : "2015-12-17"				}				,{				"indsLclsCd" : "C"				,"indsLclsNm" : "도매/유통/무역"				,"indsMclsCd" : "C11"				,"indsMclsNm" : "섬유/직물도매"				,"indsSclsCd" : "C11A07"				,"indsSclsNm" : "슬립커버도매"				,"stdrDt" : "2015-12-17"				}				,{				"indsLclsCd" : "C"				,"indsLclsNm" : "도매/유통/무역"				,"indsMclsCd" : "C11"				,"indsMclsNm" : "섬유/직물도매"				,"indsSclsCd" : "C11A09"				,"indsSclsNm" : "양복지도매"				,"stdrDt" : "2015-12-17"				}				,{				"indsLclsCd" : "C"				,"indsLclsNm" : "도매/유통/무역"				,"indsMclsCd" : "C11"				,"indsMclsNm" : "섬유/직물도매"				,"indsSclsCd" : "C11A10"				,"indsSclsNm" : "양장지도매"				,"stdrDt" : "2015-12-17"				}				,{				"indsLclsCd" : "C"				,"indsLclsNm" : "도매/유통/무역"				,"indsMclsCd" : "C11"				,"indsMclsNm" : "섬유/직물도매"				,"indsSclsCd" : "C11B03"				,"indsSclsNm" : "직물도매"				,"stdrDt" : "2015-12-17"				}				,{				"indsLclsCd" : "C"				,"indsLclsNm" : "도매/유통/무역"				,"indsMclsCd" : "C11"				,"indsMclsNm" : "섬유/직물도매"				,"indsSclsCd" : "C11A03"				,"indsSclsNm" : "침구류도매"				,"stdrDt" : "2015-12-17"				}				,{				"indsLclsCd" : "C"				,"indsLclsNm" : "도매/유통/무역"				,"indsMclsCd" : "C11"				,"indsMclsNm" : "섬유/직물도매"				,"indsSclsCd" : "C11A01"				,"indsSclsNm" : "커튼도매"				,"stdrDt" : "2015-12-17"				}				,{				"indsLclsCd" : "C"				,"indsLclsNm" : "도매/유통/무역"				,"indsMclsCd" : "C11"				,"indsMclsNm" : "섬유/직물도매"				,"indsSclsCd" : "C11A02"				,"indsSclsNm" : "한복지도매"				,"stdrDt" : "2015-12-17"				}			]	}}