{	"header" : {		"description" : "소상공인시장진흥공단 상권정보 업종소분류 코드"		,"columns" : ["상권업종대분류코드","상권업종대분류코드명","상권업종중분류코드","상권업종중분류코드명","상권업종소분류코드","상권업종소분류코드명","데이터기준일자"]		,"resultCode" : "00"		,"resultMsg" : "NORMAL SERVICE"	},	"body" : {			"items" : [				{				"indsLclsCd" : "C1"				,"indsLclsNm" : "제조업"				,"indsMclsCd" : "C110"				,"indsMclsNm" : "비알코올 음료"				,"indsSclsCd" : "C11099"				,"indsSclsNm" : "기타 비알코올 음료 제조업"				,"stdrDt" : "2023-02-28"				}				,{				"indsLclsCd" : "C1"				,"indsLclsNm" : "제조업"				,"indsMclsCd" : "C110"				,"indsMclsNm" : "비알코올 음료"				,"indsSclsCd" : "C11002"				,"indsSclsNm" : "생수 생산업"				,"stdrDt" : "2023-02-28"				}				,{				"indsLclsCd" : "C1"				,"indsLclsNm" : "제조업"				,"indsMclsCd" : "C110"				,"indsMclsNm" : "비알코올 음료"				,"indsSclsCd" : "C11001"				,"indsSclsNm" : "얼음 제조업"				,"stdrDt" : "2023-02-28"				}			]	}}