{	"header" : {		"description" : "소상공인시장진흥공단 상권정보 업종소분류 코드"		,"columns" : ["상권업종대분류코드","상권업종대분류코드명","상권업종중분류코드","상권업종중분류코드명","상권업종소분류코드","상권업종소분류코드명","데이터기준일자"]		,"resultCode" : "00"		,"resultMsg" : "NORMAL SERVICE"	},	"body" : {			"items" : [				{				"indsLclsCd" : "C1"				,"indsLclsNm" : "제조업"				,"indsMclsCd" : "C112"				,"indsMclsNm" : "방적, 가공"				,"indsSclsCd" : "C11299"				,"indsSclsNm" : "기타 방적업"				,"stdrDt" : "2023-02-28"				}				,{				"indsLclsCd" : "C1"				,"indsLclsNm" : "제조업"				,"indsMclsCd" : "C112"				,"indsMclsNm" : "방적, 가공"				,"indsSclsCd" : "C11201"				,"indsSclsNm" : "면 방적업"				,"stdrDt" : "2023-02-28"				}				,{				"indsLclsCd" : "C1"				,"indsLclsNm" : "제조업"				,"indsMclsCd" : "C112"				,"indsMclsNm" : "방적, 가공"				,"indsSclsCd" : "C11202"				,"indsSclsNm" : "모 방적업"				,"stdrDt" : "2023-02-28"				}				,{				"indsLclsCd" : "C1"				,"indsLclsNm" : "제조업"				,"indsMclsCd" : "C112"				,"indsMclsNm" : "방적, 가공"				,"indsSclsCd" : "C11204"				,"indsSclsNm" : "연사 및 가공사 제조업"				,"stdrDt" : "2023-02-28"				}				,{				"indsLclsCd" : "C1"				,"indsLclsNm" : "제조업"				,"indsMclsCd" : "C112"				,"indsMclsNm" : "방적, 가공"				,"indsSclsCd" : "C11203"				,"indsSclsNm" : "화학섬유 방적업"				,"stdrDt" : "2023-02-28"				}			]	}}