{	"header" : {		"description" : "소상공인시장진흥공단 상권정보 업종소분류 코드"		,"columns" : ["상권업종대분류코드","상권업종대분류코드명","상권업종중분류코드","상권업종중분류코드명","상권업종소분류코드","상권업종소분류코드명","데이터기준일자"]		,"resultCode" : "00"		,"resultMsg" : "NORMAL SERVICE"	},	"body" : {			"items" : [				{				"indsLclsCd" : "C1"				,"indsLclsNm" : "제조업"				,"indsMclsCd" : "C113"				,"indsMclsNm" : "직물 직조"				,"indsSclsCd" : "C11399"				,"indsSclsNm" : "기타 직물제품 제조업"				,"stdrDt" : "2023-02-28"				}				,{				"indsLclsCd" : "C1"				,"indsLclsNm" : "제조업"				,"indsMclsCd" : "C113"				,"indsMclsNm" : "직물 직조"				,"indsSclsCd" : "C11301"				,"indsSclsNm" : "면직물 직조업"				,"stdrDt" : "2023-02-28"				}				,{				"indsLclsCd" : "C1"				,"indsLclsNm" : "제조업"				,"indsMclsCd" : "C113"				,"indsMclsNm" : "직물 직조"				,"indsSclsCd" : "C11302"				,"indsSclsNm" : "모직물 직조업"				,"stdrDt" : "2023-02-28"				}				,{				"indsLclsCd" : "C1"				,"indsLclsNm" : "제조업"				,"indsMclsCd" : "C113"				,"indsMclsNm" : "직물 직조"				,"indsSclsCd" : "C11306"				,"indsSclsNm" : "자수제품 및 자수용 재료 제조업"				,"stdrDt" : "2023-02-28"				}				,{				"indsLclsCd" : "C1"				,"indsLclsNm" : "제조업"				,"indsMclsCd" : "C113"				,"indsMclsNm" : "직물 직조"				,"indsSclsCd" : "C11309"				,"indsSclsNm" : "직물포대 제조업"				,"stdrDt" : "2023-02-28"				}				,{				"indsLclsCd" : "C1"				,"indsLclsNm" : "제조업"				,"indsMclsCd" : "C113"				,"indsMclsNm" : "직물 직조"				,"indsSclsCd" : "C11308"				,"indsSclsNm" : "천막, 텐트 및 유사 제품 제조업"				,"stdrDt" : "2023-02-28"				}				,{				"indsLclsCd" : "C1"				,"indsLclsNm" : "제조업"				,"indsMclsCd" : "C113"				,"indsMclsNm" : "직물 직조"				,"indsSclsCd" : "C11305"				,"indsSclsNm" : "침구 및 관련제품 제조업"				,"stdrDt" : "2023-02-28"				}				,{				"indsLclsCd" : "C1"				,"indsLclsNm" : "제조업"				,"indsMclsCd" : "C113"				,"indsMclsNm" : "직물 직조"				,"indsSclsCd" : "C11307"				,"indsSclsNm" : "커튼 및 유사 제품 제조업"				,"stdrDt" : "2023-02-28"				}				,{				"indsLclsCd" : "C1"				,"indsLclsNm" : "제조업"				,"indsMclsCd" : "C113"				,"indsMclsNm" : "직물 직조"				,"indsSclsCd" : "C11304"				,"indsSclsNm" : "특수직물 및 기타 직물 직조업"				,"stdrDt" : "2023-02-28"				}				,{				"indsLclsCd" : "C1"				,"indsLclsNm" : "제조업"				,"indsMclsCd" : "C113"				,"indsMclsNm" : "직물 직조"				,"indsSclsCd" : "C11303"				,"indsSclsNm" : "화학섬유직물 직조업"				,"stdrDt" : "2023-02-28"				}			]	}}