{	"header" : {		"description" : "소상공인시장진흥공단 상권정보 업종소분류 코드"		,"columns" : ["상권업종대분류코드","상권업종대분류코드명","상권업종중분류코드","상권업종중분류코드명","상권업종소분류코드","상권업종소분류코드명","데이터기준일자"]		,"resultCode" : "00"		,"resultMsg" : "NORMAL SERVICE"	},	"body" : {			"items" : [				{				"indsLclsCd" : "C1"				,"indsLclsNm" : "제조업"				,"indsMclsCd" : "C115"				,"indsMclsNm" : "섬유 염색, 마무리"				,"indsSclsCd" : "C11503"				,"indsSclsNm" : "날염 가공업"				,"stdrDt" : "2023-02-28"				}				,{				"indsLclsCd" : "C1"				,"indsLclsNm" : "제조업"				,"indsMclsCd" : "C115"				,"indsMclsNm" : "섬유 염색, 마무리"				,"indsSclsCd" : "C11504"				,"indsSclsNm" : "섬유제품 기타 정리 및 마무리 가공업"				,"stdrDt" : "2023-02-28"				}				,{				"indsLclsCd" : "C1"				,"indsLclsNm" : "제조업"				,"indsMclsCd" : "C115"				,"indsMclsNm" : "섬유 염색, 마무리"				,"indsSclsCd" : "C11501"				,"indsSclsNm" : "솜 및 실 염색 가공업"				,"stdrDt" : "2023-02-28"				}				,{				"indsLclsCd" : "C1"				,"indsLclsNm" : "제조업"				,"indsMclsCd" : "C115"				,"indsMclsNm" : "섬유 염색, 마무리"				,"indsSclsCd" : "C11502"				,"indsSclsNm" : "직물, 편조 원단 및 의복류 염색 가공업"				,"stdrDt" : "2023-02-28"				}			]	}}