{	"header" : {		"description" : "소상공인시장진흥공단 상권정보 업종소분류 코드"		,"columns" : ["상권업종대분류코드","상권업종대분류코드명","상권업종중분류코드","상권업종중분류코드명","상권업종소분류코드","상권업종소분류코드명","데이터기준일자"]		,"resultCode" : "00"		,"resultMsg" : "NORMAL SERVICE"	},	"body" : {			"items" : [				{				"indsLclsCd" : "C1"				,"indsLclsNm" : "제조업"				,"indsMclsCd" : "C116"				,"indsMclsNm" : "기타 섬유"				,"indsSclsCd" : "C11699"				,"indsSclsNm" : "그 외 기타 분류 안된 섬유제품 제조업"				,"stdrDt" : "2023-02-28"				}				,{				"indsLclsCd" : "C1"				,"indsLclsNm" : "제조업"				,"indsMclsCd" : "C116"				,"indsMclsNm" : "기타 섬유"				,"indsSclsCd" : "C11602"				,"indsSclsNm" : "끈 및 로프 제조업"				,"stdrDt" : "2023-02-28"				}				,{				"indsLclsCd" : "C1"				,"indsLclsNm" : "제조업"				,"indsMclsCd" : "C116"				,"indsMclsNm" : "기타 섬유"				,"indsSclsCd" : "C11605"				,"indsSclsNm" : "부직포 및 펠트 제조업"				,"stdrDt" : "2023-02-28"				}				,{				"indsLclsCd" : "C1"				,"indsLclsNm" : "제조업"				,"indsMclsCd" : "C116"				,"indsMclsNm" : "기타 섬유"				,"indsSclsCd" : "C11604"				,"indsSclsNm" : "세폭직물 제조업"				,"stdrDt" : "2023-02-28"				}				,{				"indsLclsCd" : "C1"				,"indsLclsNm" : "제조업"				,"indsMclsCd" : "C116"				,"indsMclsNm" : "기타 섬유"				,"indsSclsCd" : "C11603"				,"indsSclsNm" : "어망 및 기타 끈 가공품 제조업"				,"stdrDt" : "2023-02-28"				}				,{				"indsLclsCd" : "C1"				,"indsLclsNm" : "제조업"				,"indsMclsCd" : "C116"				,"indsMclsNm" : "기타 섬유"				,"indsSclsCd" : "C11601"				,"indsSclsNm" : "카펫, 마루덮개 및 유사 제품 제조업"				,"stdrDt" : "2023-02-28"				}				,{				"indsLclsCd" : "C1"				,"indsLclsNm" : "제조업"				,"indsMclsCd" : "C116"				,"indsMclsNm" : "기타 섬유"				,"indsSclsCd" : "C11606"				,"indsSclsNm" : "특수사 및 코드직물 제조업"				,"stdrDt" : "2023-02-28"				}				,{				"indsLclsCd" : "C1"				,"indsLclsNm" : "제조업"				,"indsMclsCd" : "C116"				,"indsMclsNm" : "기타 섬유"				,"indsSclsCd" : "C11607"				,"indsSclsNm" : "표면처리 및 적층 직물 제조업"				,"stdrDt" : "2023-02-28"				}			]	}}