{	"header" : {		"description" : "소상공인시장진흥공단 상권정보 업종소분류 코드"		,"columns" : ["상권업종대분류코드","상권업종대분류코드명","상권업종중분류코드","상권업종중분류코드명","상권업종소분류코드","상권업종소분류코드명","데이터기준일자"]		,"resultCode" : "00"		,"resultMsg" : "NORMAL SERVICE"	},	"body" : {			"items" : [				{				"indsLclsCd" : "C1"				,"indsLclsNm" : "제조업"				,"indsMclsCd" : "C117"				,"indsMclsNm" : "봉제의복"				,"indsSclsCd" : "C11707"				,"indsSclsNm" : "가죽의복 제조업"				,"stdrDt" : "2023-02-28"				}				,{				"indsLclsCd" : "C1"				,"indsLclsNm" : "제조업"				,"indsMclsCd" : "C117"				,"indsMclsNm" : "봉제의복"				,"indsSclsCd" : "C11799"				,"indsSclsNm" : "그 외 기타 봉제의복 제조업"				,"stdrDt" : "2023-02-28"				}				,{				"indsLclsCd" : "C1"				,"indsLclsNm" : "제조업"				,"indsMclsCd" : "C117"				,"indsMclsNm" : "봉제의복"				,"indsSclsCd" : "C11706"				,"indsSclsNm" : "근무복, 작업복 및 유사 의복 제조업"				,"stdrDt" : "2023-02-28"				}				,{				"indsLclsCd" : "C1"				,"indsLclsNm" : "제조업"				,"indsMclsCd" : "C117"				,"indsMclsNm" : "봉제의복"				,"indsSclsCd" : "C11701"				,"indsSclsNm" : "남자용 겉옷 제조업"				,"stdrDt" : "2023-02-28"				}				,{				"indsLclsCd" : "C1"				,"indsLclsNm" : "제조업"				,"indsMclsCd" : "C117"				,"indsMclsNm" : "봉제의복"				,"indsSclsCd" : "C11705"				,"indsSclsNm" : "셔츠 및 블라우스 제조업"				,"stdrDt" : "2023-02-28"				}				,{				"indsLclsCd" : "C1"				,"indsLclsNm" : "제조업"				,"indsMclsCd" : "C117"				,"indsMclsNm" : "봉제의복"				,"indsSclsCd" : "C11703"				,"indsSclsNm" : "속옷 및 잠옷 제조업"				,"stdrDt" : "2023-02-28"				}				,{				"indsLclsCd" : "C1"				,"indsLclsNm" : "제조업"				,"indsMclsCd" : "C117"				,"indsMclsNm" : "봉제의복"				,"indsSclsCd" : "C11702"				,"indsSclsNm" : "여자용 겉옷 제조업"				,"stdrDt" : "2023-02-28"				}				,{				"indsLclsCd" : "C1"				,"indsLclsNm" : "제조업"				,"indsMclsCd" : "C117"				,"indsMclsNm" : "봉제의복"				,"indsSclsCd" : "C11708"				,"indsSclsNm" : "유아용 의복 제조업"				,"stdrDt" : "2023-02-28"				}				,{				"indsLclsCd" : "C1"				,"indsLclsNm" : "제조업"				,"indsMclsCd" : "C117"				,"indsMclsNm" : "봉제의복"				,"indsSclsCd" : "C11704"				,"indsSclsNm" : "한복 제조업"				,"stdrDt" : "2023-02-28"				}			]	}}