{	"header" : {		"description" : "소상공인시장진흥공단 상권정보 업종소분류 코드"		,"columns" : ["상권업종대분류코드","상권업종대분류코드명","상권업종중분류코드","상권업종중분류코드명","상권업종소분류코드","상권업종소분류코드명","데이터기준일자"]		,"resultCode" : "00"		,"resultMsg" : "NORMAL SERVICE"	},	"body" : {			"items" : [				{				"indsLclsCd" : "C"				,"indsLclsNm" : "도매/유통/무역"				,"indsMclsCd" : "C12"				,"indsMclsNm" : "의류도매"				,"indsSclsCd" : "C12C01"				,"indsSclsNm" : "가발도매"				,"stdrDt" : "2015-12-17"				}				,{				"indsLclsCd" : "C"				,"indsLclsNm" : "도매/유통/무역"				,"indsMclsCd" : "C12"				,"indsMclsNm" : "의류도매"				,"indsSclsCd" : "C12A01"				,"indsSclsNm" : "남성용외의도매"				,"stdrDt" : "2015-12-17"				}				,{				"indsLclsCd" : "C"				,"indsLclsNm" : "도매/유통/무역"				,"indsMclsCd" : "C12"				,"indsMclsNm" : "의류도매"				,"indsSclsCd" : "C12B02"				,"indsSclsNm" : "내의도매"				,"stdrDt" : "2015-12-17"				}				,{				"indsLclsCd" : "C"				,"indsLclsNm" : "도매/유통/무역"				,"indsMclsCd" : "C12"				,"indsMclsNm" : "의류도매"				,"indsSclsCd" : "C12C04"				,"indsSclsNm" : "넥타이도매"				,"stdrDt" : "2015-12-17"				}				,{				"indsLclsCd" : "C"				,"indsLclsNm" : "도매/유통/무역"				,"indsMclsCd" : "C12"				,"indsMclsNm" : "의류도매"				,"indsSclsCd" : "C12C06"				,"indsSclsNm" : "머플러도매"				,"stdrDt" : "2015-12-17"				}				,{				"indsLclsCd" : "C"				,"indsLclsNm" : "도매/유통/무역"				,"indsMclsCd" : "C12"				,"indsMclsNm" : "의류도매"				,"indsSclsCd" : "C12C03"				,"indsSclsNm" : "모자도매"				,"stdrDt" : "2015-12-17"				}				,{				"indsLclsCd" : "C"				,"indsLclsNm" : "도매/유통/무역"				,"indsMclsCd" : "C12"				,"indsMclsNm" : "의류도매"				,"indsSclsCd" : "C12C12"				,"indsSclsNm" : "모조신변장식품도매"				,"stdrDt" : "2015-12-17"				}				,{				"indsLclsCd" : "C"				,"indsLclsNm" : "도매/유통/무역"				,"indsMclsCd" : "C12"				,"indsMclsNm" : "의류도매"				,"indsSclsCd" : "C12B99"				,"indsSclsNm" : "셔츠/내의도매-기타"				,"stdrDt" : "2015-12-17"				}				,{				"indsLclsCd" : "C"				,"indsLclsNm" : "도매/유통/무역"				,"indsMclsCd" : "C12"				,"indsMclsNm" : "의류도매"				,"indsSclsCd" : "C12B00"				,"indsSclsNm" : "셔츠/내의도매-종합"				,"stdrDt" : "2015-12-17"				}				,{				"indsLclsCd" : "C"				,"indsLclsNm" : "도매/유통/무역"				,"indsMclsCd" : "C12"				,"indsMclsNm" : "의류도매"				,"indsSclsCd" : "C12B01"				,"indsSclsNm" : "셔츠도매"				,"stdrDt" : "2015-12-17"				}				,{				"indsLclsCd" : "C"				,"indsLclsNm" : "도매/유통/무역"				,"indsMclsCd" : "C12"				,"indsMclsNm" : "의류도매"				,"indsSclsCd" : "C12C08"				,"indsSclsNm" : "손수건도매"				,"stdrDt" : "2015-12-17"				}				,{				"indsLclsCd" : "C"				,"indsLclsNm" : "도매/유통/무역"				,"indsMclsCd" : "C12"				,"indsMclsNm" : "의류도매"				,"indsSclsCd" : "C12C09"				,"indsSclsNm" : "쇼올도매"				,"stdrDt" : "2015-12-17"				}				,{				"indsLclsCd" : "C"				,"indsLclsNm" : "도매/유통/무역"				,"indsMclsCd" : "C12"				,"indsMclsNm" : "의류도매"				,"indsSclsCd" : "C12C07"				,"indsSclsNm" : "스카프도매"				,"stdrDt" : "2015-12-17"				}				,{				"indsLclsCd" : "C"				,"indsLclsNm" : "도매/유통/무역"				,"indsMclsCd" : "C12"				,"indsMclsNm" : "의류도매"				,"indsSclsCd" : "C12A04"				,"indsSclsNm" : "스포츠웨어도매"				,"stdrDt" : "2015-12-17"				}				,{				"indsLclsCd" : "C"				,"indsLclsNm" : "도매/유통/무역"				,"indsMclsCd" : "C12"				,"indsMclsNm" : "의류도매"				,"indsSclsCd" : "C12B03"				,"indsSclsNm" : "실내복도매"				,"stdrDt" : "2015-12-17"				}				,{				"indsLclsCd" : "C"				,"indsLclsNm" : "도매/유통/무역"				,"indsMclsCd" : "C12"				,"indsMclsNm" : "의류도매"				,"indsSclsCd" : "C12A03"				,"indsSclsNm" : "아동용외의도매"				,"stdrDt" : "2015-12-17"				}				,{				"indsLclsCd" : "C"				,"indsLclsNm" : "도매/유통/무역"				,"indsMclsCd" : "C12"				,"indsMclsNm" : "의류도매"				,"indsSclsCd" : "C12C13"				,"indsSclsNm" : "안감/의류부속재료도매"				,"stdrDt" : "2015-12-17"				}				,{				"indsLclsCd" : "C"				,"indsLclsNm" : "도매/유통/무역"				,"indsMclsCd" : "C12"				,"indsMclsNm" : "의류도매"				,"indsSclsCd" : "C12C05"				,"indsSclsNm" : "양말도매"				,"stdrDt" : "2015-12-17"				}				,{				"indsLclsCd" : "C"				,"indsLclsNm" : "도매/유통/무역"				,"indsMclsCd" : "C12"				,"indsMclsNm" : "의류도매"				,"indsSclsCd" : "C12A02"				,"indsSclsNm" : "여성용외의도매"				,"stdrDt" : "2015-12-17"				}				,{				"indsLclsCd" : "C"				,"indsLclsNm" : "도매/유통/무역"				,"indsMclsCd" : "C12"				,"indsMclsNm" : "의류도매"				,"indsSclsCd" : "C12A99"				,"indsSclsNm" : "외의도매-기타"				,"stdrDt" : "2015-12-17"				}				,{				"indsLclsCd" : "C"				,"indsLclsNm" : "도매/유통/무역"				,"indsMclsCd" : "C12"				,"indsMclsNm" : "의류도매"				,"indsSclsCd" : "C12A00"				,"indsSclsNm" : "외의도매-종합"				,"stdrDt" : "2015-12-17"				}				,{				"indsLclsCd" : "C"				,"indsLclsNm" : "도매/유통/무역"				,"indsMclsCd" : "C12"				,"indsMclsNm" : "의류도매"				,"indsSclsCd" : "C12C11"				,"indsSclsNm" : "요대도매"				,"stdrDt" : "2015-12-17"				}				,{				"indsLclsCd" : "C"				,"indsLclsNm" : "도매/유통/무역"				,"indsMclsCd" : "C12"				,"indsMclsNm" : "의류도매"				,"indsSclsCd" : "C12C10"				,"indsSclsNm" : "의복액세서리도매"				,"stdrDt" : "2015-12-17"				}				,{				"indsLclsCd" : "C"				,"indsLclsNm" : "도매/유통/무역"				,"indsMclsCd" : "C12"				,"indsMclsNm" : "의류도매"				,"indsSclsCd" : "C12C02"				,"indsSclsNm" : "장갑도매"				,"stdrDt" : "2015-12-17"				}				,{				"indsLclsCd" : "C"				,"indsLclsNm" : "도매/유통/무역"				,"indsMclsCd" : "C12"				,"indsMclsNm" : "의류도매"				,"indsSclsCd" : "C12A05"				,"indsSclsNm" : "특수복도매"				,"stdrDt" : "2015-12-17"				}				,{				"indsLclsCd" : "C"				,"indsLclsNm" : "도매/유통/무역"				,"indsMclsCd" : "C12"				,"indsMclsNm" : "의류도매"				,"indsSclsCd" : "C12C14"				,"indsSclsNm" : "파스너도매"				,"stdrDt" : "2015-12-17"				}			]	}}