{	"header" : {		"description" : "소상공인시장진흥공단 상권정보 업종소분류 코드"		,"columns" : ["상권업종대분류코드","상권업종대분류코드명","상권업종중분류코드","상권업종중분류코드명","상권업종소분류코드","상권업종소분류코드명","데이터기준일자"]		,"resultCode" : "00"		,"resultMsg" : "NORMAL SERVICE"	},	"body" : {			"items" : [				{				"indsLclsCd" : "C1"				,"indsLclsNm" : "제조업"				,"indsMclsCd" : "C120"				,"indsMclsNm" : "의복부속품"				,"indsSclsCd" : "C12099"				,"indsSclsNm" : "그 외 기타 의복 액세서리 제조업"				,"stdrDt" : "2023-02-28"				}				,{				"indsLclsCd" : "C1"				,"indsLclsNm" : "제조업"				,"indsMclsCd" : "C120"				,"indsMclsNm" : "의복부속품"				,"indsSclsCd" : "C12002"				,"indsSclsNm" : "기타 편조 의복 액세서리 제조업"				,"stdrDt" : "2023-02-28"				}				,{				"indsLclsCd" : "C1"				,"indsLclsNm" : "제조업"				,"indsMclsCd" : "C120"				,"indsMclsNm" : "의복부속품"				,"indsSclsCd" : "C12003"				,"indsSclsNm" : "모자 제조업"				,"stdrDt" : "2023-02-28"				}				,{				"indsLclsCd" : "C1"				,"indsLclsNm" : "제조업"				,"indsMclsCd" : "C120"				,"indsMclsNm" : "의복부속품"				,"indsSclsCd" : "C12001"				,"indsSclsNm" : "스타킹 및 기타양말 제조업"				,"stdrDt" : "2023-02-28"				}			]	}}