{	"header" : {		"description" : "소상공인시장진흥공단 상권정보 업종소분류 코드"		,"columns" : ["상권업종대분류코드","상권업종대분류코드명","상권업종중분류코드","상권업종중분류코드명","상권업종소분류코드","상권업종소분류코드명","데이터기준일자"]		,"resultCode" : "00"		,"resultMsg" : "NORMAL SERVICE"	},	"body" : {			"items" : [				{				"indsLclsCd" : "C1"				,"indsLclsNm" : "제조업"				,"indsMclsCd" : "C121"				,"indsMclsNm" : "가죽, 가방"				,"indsSclsCd" : "C12103"				,"indsSclsNm" : "가방 및 기타 보호용 케이스 제조업"				,"stdrDt" : "2023-02-28"				}				,{				"indsLclsCd" : "C1"				,"indsLclsNm" : "제조업"				,"indsMclsCd" : "C121"				,"indsMclsNm" : "가죽, 가방"				,"indsSclsCd" : "C12199"				,"indsSclsNm" : "기타 가죽제품 제조업"				,"stdrDt" : "2023-02-28"				}				,{				"indsLclsCd" : "C1"				,"indsLclsNm" : "제조업"				,"indsMclsCd" : "C121"				,"indsMclsNm" : "가죽, 가방"				,"indsSclsCd" : "C12101"				,"indsSclsNm" : "모피 및 가죽 제조업"				,"stdrDt" : "2023-02-28"				}				,{				"indsLclsCd" : "C1"				,"indsLclsNm" : "제조업"				,"indsMclsCd" : "C121"				,"indsMclsNm" : "가죽, 가방"				,"indsSclsCd" : "C12102"				,"indsSclsNm" : "핸드백 및 지갑 제조업"				,"stdrDt" : "2023-02-28"				}			]	}}