{	"header" : {		"description" : "소상공인시장진흥공단 상권정보 업종소분류 코드"		,"columns" : ["상권업종대분류코드","상권업종대분류코드명","상권업종중분류코드","상권업종중분류코드명","상권업종소분류코드","상권업종소분류코드명","데이터기준일자"]		,"resultCode" : "00"		,"resultMsg" : "NORMAL SERVICE"	},	"body" : {			"items" : [				{				"indsLclsCd" : "C1"				,"indsLclsNm" : "제조업"				,"indsMclsCd" : "C123"				,"indsMclsNm" : "목재가공"				,"indsSclsCd" : "C12303"				,"indsSclsNm" : "목재 보존, 방부처리, 도장 및 유사 처리업"				,"stdrDt" : "2023-02-28"				}				,{				"indsLclsCd" : "C1"				,"indsLclsNm" : "제조업"				,"indsMclsCd" : "C123"				,"indsMclsNm" : "목재가공"				,"indsSclsCd" : "C12301"				,"indsSclsNm" : "일반 제재업"				,"stdrDt" : "2023-02-28"				}				,{				"indsLclsCd" : "C1"				,"indsLclsNm" : "제조업"				,"indsMclsCd" : "C123"				,"indsMclsNm" : "목재가공"				,"indsSclsCd" : "C12302"				,"indsSclsNm" : "표면 가공목재 및 특정 목적용 제재목 제조업"				,"stdrDt" : "2023-02-28"				}			]	}}