{	"header" : {		"description" : "소상공인시장진흥공단 상권정보 업종소분류 코드"		,"columns" : ["상권업종대분류코드","상권업종대분류코드명","상권업종중분류코드","상권업종중분류코드명","상권업종소분류코드","상권업종소분류코드명","데이터기준일자"]		,"resultCode" : "00"		,"resultMsg" : "NORMAL SERVICE"	},	"body" : {			"items" : [				{				"indsLclsCd" : "C1"				,"indsLclsNm" : "제조업"				,"indsMclsCd" : "C124"				,"indsMclsNm" : "나무제품"				,"indsSclsCd" : "C12402"				,"indsSclsNm" : "강화 및 재생 목재 제조업"				,"stdrDt" : "2023-02-28"				}				,{				"indsLclsCd" : "C1"				,"indsLclsNm" : "제조업"				,"indsMclsCd" : "C124"				,"indsMclsNm" : "나무제품"				,"indsSclsCd" : "C12499"				,"indsSclsNm" : "그 외 기타 나무제품 제조업"				,"stdrDt" : "2023-02-28"				}				,{				"indsLclsCd" : "C1"				,"indsLclsNm" : "제조업"				,"indsMclsCd" : "C124"				,"indsMclsNm" : "나무제품"				,"indsSclsCd" : "C12404"				,"indsSclsNm" : "기타 건축용 나무제품 제조업"				,"stdrDt" : "2023-02-28"				}				,{				"indsLclsCd" : "C1"				,"indsLclsNm" : "제조업"				,"indsMclsCd" : "C124"				,"indsMclsNm" : "나무제품"				,"indsSclsCd" : "C12405"				,"indsSclsNm" : "목재 깔판류 및 기타 적재판 제조업"				,"stdrDt" : "2023-02-28"				}				,{				"indsLclsCd" : "C1"				,"indsLclsNm" : "제조업"				,"indsMclsCd" : "C124"				,"indsMclsNm" : "나무제품"				,"indsSclsCd" : "C12407"				,"indsSclsNm" : "목재 도구 및 주방용 나무제품 제조업"				,"stdrDt" : "2023-02-28"				}				,{				"indsLclsCd" : "C1"				,"indsLclsNm" : "제조업"				,"indsMclsCd" : "C124"				,"indsMclsNm" : "나무제품"				,"indsSclsCd" : "C12403"				,"indsSclsNm" : "목재 문 및 관련제품 제조업"				,"stdrDt" : "2023-02-28"				}				,{				"indsLclsCd" : "C1"				,"indsLclsNm" : "제조업"				,"indsMclsCd" : "C124"				,"indsMclsNm" : "나무제품"				,"indsSclsCd" : "C12406"				,"indsSclsNm" : "목재 포장용 상자, 드럼 및 유사 용기 제조업"				,"stdrDt" : "2023-02-28"				}				,{				"indsLclsCd" : "C1"				,"indsLclsNm" : "제조업"				,"indsMclsCd" : "C124"				,"indsMclsNm" : "나무제품"				,"indsSclsCd" : "C12401"				,"indsSclsNm" : "박판, 합판 및 유사 적층판 제조업"				,"stdrDt" : "2023-02-28"				}				,{				"indsLclsCd" : "C1"				,"indsLclsNm" : "제조업"				,"indsMclsCd" : "C124"				,"indsMclsNm" : "나무제품"				,"indsSclsCd" : "C12408"				,"indsSclsNm" : "장식용 목제품 제조업"				,"stdrDt" : "2023-02-28"				}			]	}}