{	"header" : {		"description" : "소상공인시장진흥공단 상권정보 업종소분류 코드"		,"columns" : ["상권업종대분류코드","상권업종대분류코드명","상권업종중분류코드","상권업종중분류코드명","상권업종소분류코드","상권업종소분류코드명","데이터기준일자"]		,"resultCode" : "00"		,"resultMsg" : "NORMAL SERVICE"	},	"body" : {			"items" : [				{				"indsLclsCd" : "C1"				,"indsLclsNm" : "제조업"				,"indsMclsCd" : "C126"				,"indsMclsNm" : "펄프, 종이"				,"indsSclsCd" : "C12699"				,"indsSclsNm" : "기타 종이 및 판지 제조업"				,"stdrDt" : "2023-02-28"				}				,{				"indsLclsCd" : "C1"				,"indsLclsNm" : "제조업"				,"indsMclsCd" : "C126"				,"indsMclsNm" : "펄프, 종이"				,"indsSclsCd" : "C12602"				,"indsSclsNm" : "신문용지 제조업"				,"stdrDt" : "2023-02-28"				}				,{				"indsLclsCd" : "C1"				,"indsLclsNm" : "제조업"				,"indsMclsCd" : "C126"				,"indsMclsNm" : "펄프, 종이"				,"indsSclsCd" : "C12606"				,"indsSclsNm" : "위생용 원지 제조업"				,"stdrDt" : "2023-02-28"				}				,{				"indsLclsCd" : "C1"				,"indsLclsNm" : "제조업"				,"indsMclsCd" : "C126"				,"indsMclsNm" : "펄프, 종이"				,"indsSclsCd" : "C12603"				,"indsSclsNm" : "인쇄용 및 필기용 원지 제조업"				,"stdrDt" : "2023-02-28"				}				,{				"indsLclsCd" : "C1"				,"indsLclsNm" : "제조업"				,"indsMclsCd" : "C126"				,"indsMclsNm" : "펄프, 종이"				,"indsSclsCd" : "C12605"				,"indsSclsNm" : "적층, 합성 및 특수 표면처리 종이 제조업"				,"stdrDt" : "2023-02-28"				}				,{				"indsLclsCd" : "C1"				,"indsLclsNm" : "제조업"				,"indsMclsCd" : "C126"				,"indsMclsNm" : "펄프, 종이"				,"indsSclsCd" : "C12604"				,"indsSclsNm" : "크라프트지 및 상자용 판지 제조업"				,"stdrDt" : "2023-02-28"				}				,{				"indsLclsCd" : "C1"				,"indsLclsNm" : "제조업"				,"indsMclsCd" : "C126"				,"indsMclsNm" : "펄프, 종이"				,"indsSclsCd" : "C12601"				,"indsSclsNm" : "펄프 제조업"				,"stdrDt" : "2023-02-28"				}			]	}}