{	"header" : {		"description" : "소상공인시장진흥공단 상권정보 업종소분류 코드"		,"columns" : ["상권업종대분류코드","상권업종대분류코드명","상권업종중분류코드","상권업종중분류코드명","상권업종소분류코드","상권업종소분류코드명","데이터기준일자"]		,"resultCode" : "00"		,"resultMsg" : "NORMAL SERVICE"	},	"body" : {			"items" : [				{				"indsLclsCd" : "C1"				,"indsLclsNm" : "제조업"				,"indsMclsCd" : "C127"				,"indsMclsNm" : "골판지, 종이상자"				,"indsSclsCd" : "C12702"				,"indsSclsNm" : "골판지 상자 및 가공제품 제조업"				,"stdrDt" : "2023-02-28"				}				,{				"indsLclsCd" : "C1"				,"indsLclsNm" : "제조업"				,"indsMclsCd" : "C127"				,"indsMclsNm" : "골판지, 종이상자"				,"indsSclsCd" : "C12701"				,"indsSclsNm" : "골판지 제조업"				,"stdrDt" : "2023-02-28"				}				,{				"indsLclsCd" : "C1"				,"indsLclsNm" : "제조업"				,"indsMclsCd" : "C127"				,"indsMclsNm" : "골판지, 종이상자"				,"indsSclsCd" : "C12799"				,"indsSclsNm" : "기타 종이 상자 및 용기 제조업"				,"stdrDt" : "2023-02-28"				}				,{				"indsLclsCd" : "C1"				,"indsLclsNm" : "제조업"				,"indsMclsCd" : "C127"				,"indsMclsNm" : "골판지, 종이상자"				,"indsSclsCd" : "C12705"				,"indsSclsNm" : "식품 위생용 종이 상자 및 용기 제조업"				,"stdrDt" : "2023-02-28"				}				,{				"indsLclsCd" : "C1"				,"indsLclsNm" : "제조업"				,"indsMclsCd" : "C127"				,"indsMclsNm" : "골판지, 종이상자"				,"indsSclsCd" : "C12703"				,"indsSclsNm" : "종이 포대 및 가방 제조업"				,"stdrDt" : "2023-02-28"				}				,{				"indsLclsCd" : "C1"				,"indsLclsNm" : "제조업"				,"indsMclsCd" : "C127"				,"indsMclsNm" : "골판지, 종이상자"				,"indsSclsCd" : "C12704"				,"indsSclsNm" : "판지 상자 및 용기 제조업"				,"stdrDt" : "2023-02-28"				}			]	}}