{	"header" : {		"description" : "소상공인시장진흥공단 상권정보 업종소분류 코드"		,"columns" : ["상권업종대분류코드","상권업종대분류코드명","상권업종중분류코드","상권업종중분류코드명","상권업종소분류코드","상권업종소분류코드명","데이터기준일자"]		,"resultCode" : "00"		,"resultMsg" : "NORMAL SERVICE"	},	"body" : {			"items" : [				{				"indsLclsCd" : "C1"				,"indsLclsNm" : "제조업"				,"indsMclsCd" : "C128"				,"indsMclsNm" : "기타 종이"				,"indsSclsCd" : "C12899"				,"indsSclsNm" : "그 외 기타 종이 및 판지 제품 제조업"				,"stdrDt" : "2023-02-28"				}				,{				"indsLclsCd" : "C1"				,"indsLclsNm" : "제조업"				,"indsMclsCd" : "C128"				,"indsMclsNm" : "기타 종이"				,"indsSclsCd" : "C12801"				,"indsSclsNm" : "문구용 종이제품 제조업"				,"stdrDt" : "2023-02-28"				}				,{				"indsLclsCd" : "C1"				,"indsLclsNm" : "제조업"				,"indsMclsCd" : "C128"				,"indsMclsNm" : "기타 종이"				,"indsSclsCd" : "C12803"				,"indsSclsNm" : "벽지 및 장판지 제조업"				,"stdrDt" : "2023-02-28"				}				,{				"indsLclsCd" : "C1"				,"indsLclsNm" : "제조업"				,"indsMclsCd" : "C128"				,"indsMclsNm" : "기타 종이"				,"indsSclsCd" : "C12802"				,"indsSclsNm" : "위생용 종이제품 제조업"				,"stdrDt" : "2023-02-28"				}			]	}}