{	"header" : {		"description" : "소상공인시장진흥공단 상권정보 업종소분류 코드"		,"columns" : ["상권업종대분류코드","상권업종대분류코드명","상권업종중분류코드","상권업종중분류코드명","상권업종소분류코드","상권업종소분류코드명","데이터기준일자"]		,"resultCode" : "00"		,"resultMsg" : "NORMAL SERVICE"	},	"body" : {			"items" : [				{				"indsLclsCd" : "C1"				,"indsLclsNm" : "제조업"				,"indsMclsCd" : "C129"				,"indsMclsNm" : "인쇄 관련"				,"indsSclsCd" : "C12999"				,"indsSclsNm" : "기타 인쇄관련 산업"				,"stdrDt" : "2023-02-28"				}				,{				"indsLclsCd" : "C1"				,"indsLclsNm" : "제조업"				,"indsMclsCd" : "C129"				,"indsMclsNm" : "인쇄 관련"				,"indsSclsCd" : "C12903"				,"indsSclsNm" : "기타 인쇄업"				,"stdrDt" : "2023-02-28"				}				,{				"indsLclsCd" : "C1"				,"indsLclsNm" : "제조업"				,"indsMclsCd" : "C129"				,"indsMclsNm" : "인쇄 관련"				,"indsSclsCd" : "C12901"				,"indsSclsNm" : "스크린 인쇄업"				,"stdrDt" : "2023-02-28"				}				,{				"indsLclsCd" : "C1"				,"indsLclsNm" : "제조업"				,"indsMclsCd" : "C129"				,"indsMclsNm" : "인쇄 관련"				,"indsSclsCd" : "C12902"				,"indsSclsNm" : "오프셋 인쇄업"				,"stdrDt" : "2023-02-28"				}				,{				"indsLclsCd" : "C1"				,"indsLclsNm" : "제조업"				,"indsMclsCd" : "C129"				,"indsMclsNm" : "인쇄 관련"				,"indsSclsCd" : "C12905"				,"indsSclsNm" : "제책업"				,"stdrDt" : "2023-02-28"				}				,{				"indsLclsCd" : "C1"				,"indsLclsNm" : "제조업"				,"indsMclsCd" : "C129"				,"indsMclsNm" : "인쇄 관련"				,"indsSclsCd" : "C12904"				,"indsSclsNm" : "제판 및 조판업"				,"stdrDt" : "2023-02-28"				}			]	}}