{	"header" : {		"description" : "소상공인시장진흥공단 상권정보 업종소분류 코드"		,"columns" : ["상권업종대분류코드","상권업종대분류코드명","상권업종중분류코드","상권업종중분류코드명","상권업종소분류코드","상권업종소분류코드명","데이터기준일자"]		,"resultCode" : "00"		,"resultMsg" : "NORMAL SERVICE"	},	"body" : {			"items" : [				{				"indsLclsCd" : "C"				,"indsLclsNm" : "도매/유통/무역"				,"indsMclsCd" : "C13"				,"indsMclsNm" : "신발도매"				,"indsSclsCd" : "C13A01"				,"indsSclsNm" : "구두도매"				,"stdrDt" : "2015-12-17"				}				,{				"indsLclsCd" : "C"				,"indsLclsNm" : "도매/유통/무역"				,"indsMclsCd" : "C13"				,"indsMclsNm" : "신발도매"				,"indsSclsCd" : "C13A99"				,"indsSclsNm" : "신발도매-기타"				,"stdrDt" : "2015-12-17"				}				,{				"indsLclsCd" : "C"				,"indsLclsNm" : "도매/유통/무역"				,"indsMclsCd" : "C13"				,"indsMclsNm" : "신발도매"				,"indsSclsCd" : "C13A00"				,"indsSclsNm" : "신발도매-종합"				,"stdrDt" : "2015-12-17"				}				,{				"indsLclsCd" : "C"				,"indsLclsNm" : "도매/유통/무역"				,"indsMclsCd" : "C13"				,"indsMclsNm" : "신발도매"				,"indsSclsCd" : "C13A03"				,"indsSclsNm" : "운동화도매"				,"stdrDt" : "2015-12-17"				}				,{				"indsLclsCd" : "C"				,"indsLclsNm" : "도매/유통/무역"				,"indsMclsCd" : "C13"				,"indsMclsNm" : "신발도매"				,"indsSclsCd" : "C13A02"				,"indsSclsNm" : "캐쥬얼화도매"				,"stdrDt" : "2015-12-17"				}			]	}}