{	"header" : {		"description" : "소상공인시장진흥공단 상권정보 업종소분류 코드"		,"columns" : ["상권업종대분류코드","상권업종대분류코드명","상권업종중분류코드","상권업종중분류코드명","상권업종소분류코드","상권업종소분류코드명","데이터기준일자"]		,"resultCode" : "00"		,"resultMsg" : "NORMAL SERVICE"	},	"body" : {			"items" : [				{				"indsLclsCd" : "C1"				,"indsLclsNm" : "제조업"				,"indsMclsCd" : "C131"				,"indsMclsNm" : "코크스, 연탄"				,"indsSclsCd" : "C13102"				,"indsSclsNm" : "연탄 및 기타 석탄 가공품 제조업"				,"stdrDt" : "2023-02-28"				}				,{				"indsLclsCd" : "C1"				,"indsLclsNm" : "제조업"				,"indsMclsCd" : "C131"				,"indsMclsNm" : "코크스, 연탄"				,"indsSclsCd" : "C13101"				,"indsSclsNm" : "코크스 및 관련제품 제조업"				,"stdrDt" : "2023-02-28"				}			]	}}