{	"header" : {		"description" : "소상공인시장진흥공단 상권정보 업종소분류 코드"		,"columns" : ["상권업종대분류코드","상권업종대분류코드명","상권업종중분류코드","상권업종중분류코드명","상권업종소분류코드","상권업종소분류코드명","데이터기준일자"]		,"resultCode" : "00"		,"resultMsg" : "NORMAL SERVICE"	},	"body" : {			"items" : [				{				"indsLclsCd" : "C1"				,"indsLclsNm" : "제조업"				,"indsMclsCd" : "C132"				,"indsMclsNm" : "석유정제"				,"indsSclsCd" : "C13299"				,"indsSclsNm" : "기타 석유 정제물 재처리업"				,"stdrDt" : "2023-02-28"				}				,{				"indsLclsCd" : "C1"				,"indsLclsNm" : "제조업"				,"indsMclsCd" : "C132"				,"indsMclsNm" : "석유정제"				,"indsSclsCd" : "C13201"				,"indsSclsNm" : "원유 정제처리업"				,"stdrDt" : "2023-02-28"				}				,{				"indsLclsCd" : "C1"				,"indsLclsNm" : "제조업"				,"indsMclsCd" : "C132"				,"indsMclsNm" : "석유정제"				,"indsSclsCd" : "C13202"				,"indsSclsNm" : "윤활유 및 그리스 제조업"				,"stdrDt" : "2023-02-28"				}			]	}}