{	"header" : {		"description" : "소상공인시장진흥공단 상권정보 업종소분류 코드"		,"columns" : ["상권업종대분류코드","상권업종대분류코드명","상권업종중분류코드","상권업종중분류코드명","상권업종소분류코드","상권업종소분류코드명","데이터기준일자"]		,"resultCode" : "00"		,"resultMsg" : "NORMAL SERVICE"	},	"body" : {			"items" : [				{				"indsLclsCd" : "C1"				,"indsLclsNm" : "제조업"				,"indsMclsCd" : "C133"				,"indsMclsNm" : "기초화학"				,"indsSclsCd" : "C13305"				,"indsSclsNm" : "기타 기초 무기화학 물질 제조업"				,"stdrDt" : "2023-02-28"				}				,{				"indsLclsCd" : "C1"				,"indsLclsNm" : "제조업"				,"indsMclsCd" : "C133"				,"indsMclsNm" : "기초화학"				,"indsSclsCd" : "C13306"				,"indsSclsNm" : "무기 안료용 금속 산화물 및 관련 제품 제조업"				,"stdrDt" : "2023-02-28"				}				,{				"indsLclsCd" : "C1"				,"indsLclsNm" : "제조업"				,"indsMclsCd" : "C133"				,"indsMclsNm" : "기초화학"				,"indsSclsCd" : "C13304"				,"indsSclsNm" : "산업용 가스 제조업"				,"stdrDt" : "2023-02-28"				}				,{				"indsLclsCd" : "C1"				,"indsLclsNm" : "제조업"				,"indsMclsCd" : "C133"				,"indsMclsNm" : "기초화학"				,"indsSclsCd" : "C13301"				,"indsSclsNm" : "석유화학계 기초 화학 물질 제조업"				,"stdrDt" : "2023-02-28"				}				,{				"indsLclsCd" : "C1"				,"indsLclsNm" : "제조업"				,"indsMclsCd" : "C133"				,"indsMclsNm" : "기초화학"				,"indsSclsCd" : "C13303"				,"indsSclsNm" : "석탄화학계 화합물 및 기타 기초 유기화학 물질 제조업"				,"stdrDt" : "2023-02-28"				}				,{				"indsLclsCd" : "C1"				,"indsLclsNm" : "제조업"				,"indsMclsCd" : "C133"				,"indsMclsNm" : "기초화학"				,"indsSclsCd" : "C13307"				,"indsSclsNm" : "염료, 조제 무기 안료, 유연제 및 기타 착색제 제조업"				,"stdrDt" : "2023-02-28"				}				,{				"indsLclsCd" : "C1"				,"indsLclsNm" : "제조업"				,"indsMclsCd" : "C133"				,"indsMclsNm" : "기초화학"				,"indsSclsCd" : "C13302"				,"indsSclsNm" : "천연수지 및 나무 화학 물질 제조업"				,"stdrDt" : "2023-02-28"				}			]	}}