{	"header" : {		"description" : "소상공인시장진흥공단 상권정보 업종소분류 코드"		,"columns" : ["상권업종대분류코드","상권업종대분류코드명","상권업종중분류코드","상권업종중분류코드명","상권업종소분류코드","상권업종소분류코드명","데이터기준일자"]		,"resultCode" : "00"		,"resultMsg" : "NORMAL SERVICE"	},	"body" : {			"items" : [				{				"indsLclsCd" : "C1"				,"indsLclsNm" : "제조업"				,"indsMclsCd" : "C134"				,"indsMclsNm" : "합성고무"				,"indsSclsCd" : "C13401"				,"indsSclsNm" : "합성고무 제조업"				,"stdrDt" : "2023-02-28"				}				,{				"indsLclsCd" : "C1"				,"indsLclsNm" : "제조업"				,"indsMclsCd" : "C134"				,"indsMclsNm" : "합성고무"				,"indsSclsCd" : "C13402"				,"indsSclsNm" : "합성수지 및 기타 플라스틱 물질 제조업"				,"stdrDt" : "2023-02-28"				}				,{				"indsLclsCd" : "C1"				,"indsLclsNm" : "제조업"				,"indsMclsCd" : "C134"				,"indsMclsNm" : "합성고무"				,"indsSclsCd" : "C13403"				,"indsSclsNm" : "혼성 및 재생 플라스틱 소재 물질 제조업"				,"stdrDt" : "2023-02-28"				}			]	}}