{	"header" : {		"description" : "소상공인시장진흥공단 상권정보 업종소분류 코드"		,"columns" : ["상권업종대분류코드","상권업종대분류코드명","상권업종중분류코드","상권업종중분류코드명","상권업종소분류코드","상권업종소분류코드명","데이터기준일자"]		,"resultCode" : "00"		,"resultMsg" : "NORMAL SERVICE"	},	"body" : {			"items" : [				{				"indsLclsCd" : "C1"				,"indsLclsNm" : "제조업"				,"indsMclsCd" : "C135"				,"indsMclsNm" : "비료, 농약"				,"indsSclsCd" : "C13502"				,"indsSclsNm" : "복합비료 및 기타 화학비료 제조업"				,"stdrDt" : "2023-02-28"				}				,{				"indsLclsCd" : "C1"				,"indsLclsNm" : "제조업"				,"indsMclsCd" : "C135"				,"indsMclsNm" : "비료, 농약"				,"indsSclsCd" : "C13505"				,"indsSclsNm" : "생물 살균ㆍ살충제 및 식물보호제 제조업"				,"stdrDt" : "2023-02-28"				}				,{				"indsLclsCd" : "C1"				,"indsLclsNm" : "제조업"				,"indsMclsCd" : "C135"				,"indsMclsNm" : "비료, 농약"				,"indsSclsCd" : "C13503"				,"indsSclsNm" : "유기질 비료 및 상토 제조업"				,"stdrDt" : "2023-02-28"				}				,{				"indsLclsCd" : "C1"				,"indsLclsNm" : "제조업"				,"indsMclsCd" : "C135"				,"indsMclsNm" : "비료, 농약"				,"indsSclsCd" : "C13501"				,"indsSclsNm" : "질소 화합물, 질소ㆍ인산 및 칼리질 화학비료 제조업"				,"stdrDt" : "2023-02-28"				}				,{				"indsLclsCd" : "C1"				,"indsLclsNm" : "제조업"				,"indsMclsCd" : "C135"				,"indsMclsNm" : "비료, 농약"				,"indsSclsCd" : "C13504"				,"indsSclsNm" : "화학 살균ㆍ살충제 및 농업용 약제 제조업"				,"stdrDt" : "2023-02-28"				}			]	}}