{	"header" : {		"description" : "소상공인시장진흥공단 상권정보 업종소분류 코드"		,"columns" : ["상권업종대분류코드","상권업종대분류코드명","상권업종중분류코드","상권업종중분류코드명","상권업종소분류코드","상권업종소분류코드명","데이터기준일자"]		,"resultCode" : "00"		,"resultMsg" : "NORMAL SERVICE"	},	"body" : {			"items" : [				{				"indsLclsCd" : "C1"				,"indsLclsNm" : "제조업"				,"indsMclsCd" : "C136"				,"indsMclsNm" : "기타 화학"				,"indsSclsCd" : "C13609"				,"indsSclsNm" : "가공 및 정제염 제조업"				,"stdrDt" : "2023-02-28"				}				,{				"indsLclsCd" : "C1"				,"indsLclsNm" : "제조업"				,"indsMclsCd" : "C136"				,"indsMclsNm" : "기타 화학"				,"indsSclsCd" : "C13608"				,"indsSclsNm" : "감광 재료 및 관련 화학제품 제조업"				,"stdrDt" : "2023-02-28"				}				,{				"indsLclsCd" : "C1"				,"indsLclsNm" : "제조업"				,"indsMclsCd" : "C136"				,"indsMclsNm" : "기타 화학"				,"indsSclsCd" : "C13604"				,"indsSclsNm" : "계면활성제 제조업"				,"stdrDt" : "2023-02-28"				}				,{				"indsLclsCd" : "C1"				,"indsLclsNm" : "제조업"				,"indsMclsCd" : "C136"				,"indsMclsNm" : "기타 화학"				,"indsSclsCd" : "C13699"				,"indsSclsNm" : "그 외 기타 분류 안된 화학제품 제조업"				,"stdrDt" : "2023-02-28"				}				,{				"indsLclsCd" : "C1"				,"indsLclsNm" : "제조업"				,"indsMclsCd" : "C136"				,"indsMclsNm" : "기타 화학"				,"indsSclsCd" : "C13612"				,"indsSclsNm" : "바이오 연료 및 혼합물 제조업"				,"stdrDt" : "2023-02-28"				}				,{				"indsLclsCd" : "C1"				,"indsLclsNm" : "제조업"				,"indsMclsCd" : "C136"				,"indsMclsNm" : "기타 화학"				,"indsSclsCd" : "C13602"				,"indsSclsNm" : "요업용 도포제 및 관련제품 제조업"				,"stdrDt" : "2023-02-28"				}				,{				"indsLclsCd" : "C1"				,"indsLclsNm" : "제조업"				,"indsMclsCd" : "C136"				,"indsMclsNm" : "기타 화학"				,"indsSclsCd" : "C13603"				,"indsSclsNm" : "인쇄 잉크 및 회화용 물감 제조업"				,"stdrDt" : "2023-02-28"				}				,{				"indsLclsCd" : "C1"				,"indsLclsNm" : "제조업"				,"indsMclsCd" : "C136"				,"indsMclsNm" : "기타 화학"				,"indsSclsCd" : "C13601"				,"indsSclsNm" : "일반용 도료 및 관련제품 제조업"				,"stdrDt" : "2023-02-28"				}				,{				"indsLclsCd" : "C1"				,"indsLclsNm" : "제조업"				,"indsMclsCd" : "C136"				,"indsMclsNm" : "기타 화학"				,"indsSclsCd" : "C13610"				,"indsSclsNm" : "접착제 및 젤라틴 제조업"				,"stdrDt" : "2023-02-28"				}				,{				"indsLclsCd" : "C1"				,"indsLclsNm" : "제조업"				,"indsMclsCd" : "C136"				,"indsMclsNm" : "기타 화학"				,"indsSclsCd" : "C13605"				,"indsSclsNm" : "치약, 비누 및 기타 세제 제조업"				,"stdrDt" : "2023-02-28"				}				,{				"indsLclsCd" : "C1"				,"indsLclsNm" : "제조업"				,"indsMclsCd" : "C136"				,"indsMclsNm" : "기타 화학"				,"indsSclsCd" : "C13607"				,"indsSclsNm" : "표면 광택제 및 실내 가향제 제조업"				,"stdrDt" : "2023-02-28"				}				,{				"indsLclsCd" : "C1"				,"indsLclsNm" : "제조업"				,"indsMclsCd" : "C136"				,"indsMclsNm" : "기타 화학"				,"indsSclsCd" : "C13611"				,"indsSclsNm" : "화약 및 불꽃제품 제조업"				,"stdrDt" : "2023-02-28"				}				,{				"indsLclsCd" : "C1"				,"indsLclsNm" : "제조업"				,"indsMclsCd" : "C136"				,"indsMclsNm" : "기타 화학"				,"indsSclsCd" : "C13606"				,"indsSclsNm" : "화장품 제조업"				,"stdrDt" : "2023-02-28"				}			]	}}