{	"header" : {		"description" : "소상공인시장진흥공단 상권정보 업종소분류 코드"		,"columns" : ["상권업종대분류코드","상권업종대분류코드명","상권업종중분류코드","상권업종중분류코드명","상권업종소분류코드","상권업종소분류코드명","데이터기준일자"]		,"resultCode" : "00"		,"resultMsg" : "NORMAL SERVICE"	},	"body" : {			"items" : [				{				"indsLclsCd" : "C1"				,"indsLclsNm" : "제조업"				,"indsMclsCd" : "C138"				,"indsMclsNm" : "기초의약"				,"indsSclsCd" : "C13802"				,"indsSclsNm" : "생물학적 제제 제조업"				,"stdrDt" : "2023-02-28"				}				,{				"indsLclsCd" : "C1"				,"indsLclsNm" : "제조업"				,"indsMclsCd" : "C138"				,"indsMclsNm" : "기초의약"				,"indsSclsCd" : "C13801"				,"indsSclsNm" : "의약용 화합물 및 항생물질 제조업"				,"stdrDt" : "2023-02-28"				}			]	}}