{	"header" : {		"description" : "소상공인시장진흥공단 상권정보 업종소분류 코드"		,"columns" : ["상권업종대분류코드","상권업종대분류코드명","상권업종중분류코드","상권업종중분류코드명","상권업종소분류코드","상권업종소분류코드명","데이터기준일자"]		,"resultCode" : "00"		,"resultMsg" : "NORMAL SERVICE"	},	"body" : {			"items" : [				{				"indsLclsCd" : "C1"				,"indsLclsNm" : "제조업"				,"indsMclsCd" : "C139"				,"indsMclsNm" : "의약품"				,"indsSclsCd" : "C13903"				,"indsSclsNm" : "동물용 의약품 제조업"				,"stdrDt" : "2023-02-28"				}				,{				"indsLclsCd" : "C1"				,"indsLclsNm" : "제조업"				,"indsMclsCd" : "C139"				,"indsMclsNm" : "의약품"				,"indsSclsCd" : "C13901"				,"indsSclsNm" : "완제 의약품 제조업"				,"stdrDt" : "2023-02-28"				}				,{				"indsLclsCd" : "C1"				,"indsLclsNm" : "제조업"				,"indsMclsCd" : "C139"				,"indsMclsNm" : "의약품"				,"indsSclsCd" : "C13902"				,"indsSclsNm" : "한의약품 제조업"				,"stdrDt" : "2023-02-28"				}			]	}}