{	"header" : {		"description" : "소상공인시장진흥공단 상권정보 업종소분류 코드"		,"columns" : ["상권업종대분류코드","상권업종대분류코드명","상권업종중분류코드","상권업종중분류코드명","상권업종소분류코드","상권업종소분류코드명","데이터기준일자"]		,"resultCode" : "00"		,"resultMsg" : "NORMAL SERVICE"	},	"body" : {			"items" : [				{				"indsLclsCd" : "C"				,"indsLclsNm" : "도매/유통/무역"				,"indsMclsCd" : "C14"				,"indsMclsNm" : "가죽/모피제품도매"				,"indsSclsCd" : "C14A99"				,"indsSclsNm" : "가죽/모피제품도매-기타"				,"stdrDt" : "2015-12-17"				}				,{				"indsLclsCd" : "C"				,"indsLclsNm" : "도매/유통/무역"				,"indsMclsCd" : "C14"				,"indsMclsNm" : "가죽/모피제품도매"				,"indsSclsCd" : "C14A00"				,"indsSclsNm" : "가죽/모피제품도매-종합"				,"stdrDt" : "2015-12-17"				}				,{				"indsLclsCd" : "C"				,"indsLclsNm" : "도매/유통/무역"				,"indsMclsCd" : "C14"				,"indsMclsNm" : "가죽/모피제품도매"				,"indsSclsCd" : "C14A02"				,"indsSclsNm" : "가죽의복도매"				,"stdrDt" : "2015-12-17"				}				,{				"indsLclsCd" : "C"				,"indsLclsNm" : "도매/유통/무역"				,"indsMclsCd" : "C14"				,"indsMclsNm" : "가죽/모피제품도매"				,"indsSclsCd" : "C14A04"				,"indsSclsNm" : "가죽제품도매"				,"stdrDt" : "2015-12-17"				}				,{				"indsLclsCd" : "C"				,"indsLclsNm" : "도매/유통/무역"				,"indsMclsCd" : "C14"				,"indsMclsNm" : "가죽/모피제품도매"				,"indsSclsCd" : "C14A01"				,"indsSclsNm" : "모피의복도매"				,"stdrDt" : "2015-12-17"				}				,{				"indsLclsCd" : "C"				,"indsLclsNm" : "도매/유통/무역"				,"indsMclsCd" : "C14"				,"indsMclsNm" : "가죽/모피제품도매"				,"indsSclsCd" : "C14A03"				,"indsSclsNm" : "모피제품도매"				,"stdrDt" : "2015-12-17"				}			]	}}