{	"header" : {		"description" : "소상공인시장진흥공단 상권정보 업종소분류 코드"		,"columns" : ["상권업종대분류코드","상권업종대분류코드명","상권업종중분류코드","상권업종중분류코드명","상권업종소분류코드","상권업종소분류코드명","데이터기준일자"]		,"resultCode" : "00"		,"resultMsg" : "NORMAL SERVICE"	},	"body" : {			"items" : [				{				"indsLclsCd" : "C1"				,"indsLclsNm" : "제조업"				,"indsMclsCd" : "C141"				,"indsMclsNm" : "고무제품"				,"indsSclsCd" : "C14105"				,"indsSclsNm" : "고무 의류 및 기타 위생용 비경화 고무제품 제조업"				,"stdrDt" : "2023-02-28"				}				,{				"indsLclsCd" : "C1"				,"indsLclsNm" : "제조업"				,"indsMclsCd" : "C141"				,"indsMclsNm" : "고무제품"				,"indsSclsCd" : "C14103"				,"indsSclsNm" : "고무 패킹류 제조업"				,"stdrDt" : "2023-02-28"				}				,{				"indsLclsCd" : "C1"				,"indsLclsNm" : "제조업"				,"indsMclsCd" : "C141"				,"indsMclsNm" : "고무제품"				,"indsSclsCd" : "C14199"				,"indsSclsNm" : "그 외 기타 고무제품 제조업"				,"stdrDt" : "2023-02-28"				}				,{				"indsLclsCd" : "C1"				,"indsLclsNm" : "제조업"				,"indsMclsCd" : "C141"				,"indsMclsNm" : "고무제품"				,"indsSclsCd" : "C14104"				,"indsSclsNm" : "산업용 그 외 비경화 고무제품 제조업"				,"stdrDt" : "2023-02-28"				}				,{				"indsLclsCd" : "C1"				,"indsLclsNm" : "제조업"				,"indsMclsCd" : "C141"				,"indsMclsNm" : "고무제품"				,"indsSclsCd" : "C14101"				,"indsSclsNm" : "타이어 및 튜브 제조업"				,"stdrDt" : "2023-02-28"				}				,{				"indsLclsCd" : "C1"				,"indsLclsNm" : "제조업"				,"indsMclsCd" : "C141"				,"indsMclsNm" : "고무제품"				,"indsSclsCd" : "C14102"				,"indsSclsNm" : "타이어 재생업"				,"stdrDt" : "2023-02-28"				}			]	}}