{	"header" : {		"description" : "소상공인시장진흥공단 상권정보 업종소분류 코드"		,"columns" : ["상권업종대분류코드","상권업종대분류코드명","상권업종중분류코드","상권업종중분류코드명","상권업종소분류코드","상권업종소분류코드명","데이터기준일자"]		,"resultCode" : "00"		,"resultMsg" : "NORMAL SERVICE"	},	"body" : {			"items" : [				{				"indsLclsCd" : "C1"				,"indsLclsNm" : "제조업"				,"indsMclsCd" : "C142"				,"indsMclsNm" : "플라스틱제품"				,"indsSclsCd" : "C14299"				,"indsSclsNm" : "그 외 기타 플라스틱 제품 제조업"				,"stdrDt" : "2023-02-28"				}				,{				"indsLclsCd" : "C1"				,"indsLclsNm" : "제조업"				,"indsMclsCd" : "C142"				,"indsMclsNm" : "플라스틱제품"				,"indsSclsCd" : "C14208"				,"indsSclsNm" : "기타 건축용 플라스틱 조립제품 제조업"				,"stdrDt" : "2023-02-28"				}				,{				"indsLclsCd" : "C1"				,"indsLclsNm" : "제조업"				,"indsMclsCd" : "C142"				,"indsMclsNm" : "플라스틱제품"				,"indsSclsCd" : "C14212"				,"indsSclsNm" : "기타 기계ㆍ장비 조립용 플라스틱제품 제조업"				,"stdrDt" : "2023-02-28"				}				,{				"indsLclsCd" : "C1"				,"indsLclsNm" : "제조업"				,"indsMclsCd" : "C142"				,"indsMclsNm" : "플라스틱제품"				,"indsSclsCd" : "C14214"				,"indsSclsNm" : "기타 플라스틱 발포 성형제품 제조업"				,"stdrDt" : "2023-02-28"				}				,{				"indsLclsCd" : "C1"				,"indsLclsNm" : "제조업"				,"indsMclsCd" : "C142"				,"indsMclsNm" : "플라스틱제품"				,"indsSclsCd" : "C14205"				,"indsSclsNm" : "벽 및 바닥 피복용 플라스틱 제품 제조업"				,"stdrDt" : "2023-02-28"				}				,{				"indsLclsCd" : "C1"				,"indsLclsNm" : "제조업"				,"indsMclsCd" : "C142"				,"indsMclsNm" : "플라스틱제품"				,"indsSclsCd" : "C14206"				,"indsSclsNm" : "설치용 및 위생용 플라스틱제품 제조업"				,"stdrDt" : "2023-02-28"				}				,{				"indsLclsCd" : "C1"				,"indsLclsNm" : "제조업"				,"indsMclsCd" : "C142"				,"indsMclsNm" : "플라스틱제품"				,"indsSclsCd" : "C14211"				,"indsSclsNm" : "운송장비 조립용 플라스틱제품 제조업"				,"stdrDt" : "2023-02-28"				}				,{				"indsLclsCd" : "C1"				,"indsLclsNm" : "제조업"				,"indsMclsCd" : "C142"				,"indsMclsNm" : "플라스틱제품"				,"indsSclsCd" : "C14210"				,"indsSclsNm" : "포장용 플라스틱 성형용기 제조업"				,"stdrDt" : "2023-02-28"				}				,{				"indsLclsCd" : "C1"				,"indsLclsNm" : "제조업"				,"indsMclsCd" : "C142"				,"indsMclsNm" : "플라스틱제품"				,"indsSclsCd" : "C14213"				,"indsSclsNm" : "폴리스티렌 발포 성형제품 제조업"				,"stdrDt" : "2023-02-28"				}				,{				"indsLclsCd" : "C1"				,"indsLclsNm" : "제조업"				,"indsMclsCd" : "C142"				,"indsMclsNm" : "플라스틱제품"				,"indsSclsCd" : "C14201"				,"indsSclsNm" : "플라스틱 선, 봉, 관 및 호스 제조업"				,"stdrDt" : "2023-02-28"				}				,{				"indsLclsCd" : "C1"				,"indsLclsNm" : "제조업"				,"indsMclsCd" : "C142"				,"indsMclsNm" : "플라스틱제품"				,"indsSclsCd" : "C14203"				,"indsSclsNm" : "플라스틱 시트 및 판 제조업"				,"stdrDt" : "2023-02-28"				}				,{				"indsLclsCd" : "C1"				,"indsLclsNm" : "제조업"				,"indsMclsCd" : "C142"				,"indsMclsNm" : "플라스틱제품"				,"indsSclsCd" : "C14216"				,"indsSclsNm" : "플라스틱 적층, 도포 및 기타 표면처리 제품 제조업"				,"stdrDt" : "2023-02-28"				}				,{				"indsLclsCd" : "C1"				,"indsLclsNm" : "제조업"				,"indsMclsCd" : "C142"				,"indsMclsNm" : "플라스틱제품"				,"indsSclsCd" : "C14215"				,"indsSclsNm" : "플라스틱 접착처리 제품 제조업"				,"stdrDt" : "2023-02-28"				}				,{				"indsLclsCd" : "C1"				,"indsLclsNm" : "제조업"				,"indsMclsCd" : "C142"				,"indsMclsNm" : "플라스틱제품"				,"indsSclsCd" : "C14207"				,"indsSclsNm" : "플라스틱 창호 제조업"				,"stdrDt" : "2023-02-28"				}				,{				"indsLclsCd" : "C1"				,"indsLclsNm" : "제조업"				,"indsMclsCd" : "C142"				,"indsMclsNm" : "플라스틱제품"				,"indsSclsCd" : "C14209"				,"indsSclsNm" : "플라스틱 포대, 봉투 및 유사제품 제조업"				,"stdrDt" : "2023-02-28"				}				,{				"indsLclsCd" : "C1"				,"indsLclsNm" : "제조업"				,"indsMclsCd" : "C142"				,"indsMclsNm" : "플라스틱제품"				,"indsSclsCd" : "C14202"				,"indsSclsNm" : "플라스틱 필름 제조업"				,"stdrDt" : "2023-02-28"				}				,{				"indsLclsCd" : "C1"				,"indsLclsNm" : "제조업"				,"indsMclsCd" : "C142"				,"indsMclsNm" : "플라스틱제품"				,"indsSclsCd" : "C14204"				,"indsSclsNm" : "플라스틱 합성피혁 제조업"				,"stdrDt" : "2023-02-28"				}			]	}}