{	"header" : {		"description" : "소상공인시장진흥공단 상권정보 업종소분류 코드"		,"columns" : ["상권업종대분류코드","상권업종대분류코드명","상권업종중분류코드","상권업종중분류코드명","상권업종소분류코드","상권업종소분류코드명","데이터기준일자"]		,"resultCode" : "00"		,"resultMsg" : "NORMAL SERVICE"	},	"body" : {			"items" : [				{				"indsLclsCd" : "C1"				,"indsLclsNm" : "제조업"				,"indsMclsCd" : "C143"				,"indsMclsNm" : "유리제품"				,"indsSclsCd" : "C14304"				,"indsSclsNm" : "1차 유리제품, 유리섬유 및 광학용 유리 제조업"				,"stdrDt" : "2023-02-28"				}				,{				"indsLclsCd" : "C1"				,"indsLclsNm" : "제조업"				,"indsMclsCd" : "C143"				,"indsMclsNm" : "유리제품"				,"indsSclsCd" : "C14307"				,"indsSclsNm" : "가정용 유리제품 제조업"				,"stdrDt" : "2023-02-28"				}				,{				"indsLclsCd" : "C1"				,"indsLclsNm" : "제조업"				,"indsMclsCd" : "C143"				,"indsMclsNm" : "유리제품"				,"indsSclsCd" : "C14399"				,"indsSclsNm" : "그 외 기타 유리제품 제조업"				,"stdrDt" : "2023-02-28"				}				,{				"indsLclsCd" : "C1"				,"indsLclsNm" : "제조업"				,"indsMclsCd" : "C143"				,"indsMclsNm" : "유리제품"				,"indsSclsCd" : "C14306"				,"indsSclsNm" : "기타 산업용 유리제품 제조업"				,"stdrDt" : "2023-02-28"				}				,{				"indsLclsCd" : "C1"				,"indsLclsNm" : "제조업"				,"indsMclsCd" : "C143"				,"indsMclsNm" : "유리제품"				,"indsSclsCd" : "C14303"				,"indsSclsNm" : "기타 판유리 가공품 제조업"				,"stdrDt" : "2023-02-28"				}				,{				"indsLclsCd" : "C1"				,"indsLclsNm" : "제조업"				,"indsMclsCd" : "C143"				,"indsMclsNm" : "유리제품"				,"indsSclsCd" : "C14305"				,"indsSclsNm" : "디스플레이 장치용 유리 제조업"				,"stdrDt" : "2023-02-28"				}				,{				"indsLclsCd" : "C1"				,"indsLclsNm" : "제조업"				,"indsMclsCd" : "C143"				,"indsMclsNm" : "유리제품"				,"indsSclsCd" : "C14302"				,"indsSclsNm" : "안전유리 제조업"				,"stdrDt" : "2023-02-28"				}				,{				"indsLclsCd" : "C1"				,"indsLclsNm" : "제조업"				,"indsMclsCd" : "C143"				,"indsMclsNm" : "유리제품"				,"indsSclsCd" : "C14301"				,"indsSclsNm" : "판유리 제조업"				,"stdrDt" : "2023-02-28"				}				,{				"indsLclsCd" : "C1"				,"indsLclsNm" : "제조업"				,"indsMclsCd" : "C143"				,"indsMclsNm" : "유리제품"				,"indsSclsCd" : "C14308"				,"indsSclsNm" : "포장용 유리용기 제조업"				,"stdrDt" : "2023-02-28"				}			]	}}