{	"header" : {		"description" : "소상공인시장진흥공단 상권정보 업종소분류 코드"		,"columns" : ["상권업종대분류코드","상권업종대분류코드명","상권업종중분류코드","상권업종중분류코드명","상권업종소분류코드","상권업종소분류코드명","데이터기준일자"]		,"resultCode" : "00"		,"resultMsg" : "NORMAL SERVICE"	},	"body" : {			"items" : [				{				"indsLclsCd" : "C1"				,"indsLclsNm" : "제조업"				,"indsMclsCd" : "C144"				,"indsMclsNm" : "요업제품"				,"indsSclsCd" : "C14403"				,"indsSclsNm" : "가정용 및 장식용 도자기 제조업"				,"stdrDt" : "2023-02-28"				}				,{				"indsLclsCd" : "C1"				,"indsLclsNm" : "제조업"				,"indsMclsCd" : "C144"				,"indsMclsNm" : "요업제품"				,"indsSclsCd" : "C14499"				,"indsSclsNm" : "기타 건축용 비내화 요업제품 제조업"				,"stdrDt" : "2023-02-28"				}				,{				"indsLclsCd" : "C1"				,"indsLclsNm" : "제조업"				,"indsMclsCd" : "C144"				,"indsMclsNm" : "요업제품"				,"indsSclsCd" : "C14405"				,"indsSclsNm" : "기타 일반 도자기 제조업"				,"stdrDt" : "2023-02-28"				}				,{				"indsLclsCd" : "C1"				,"indsLclsNm" : "제조업"				,"indsMclsCd" : "C144"				,"indsMclsNm" : "요업제품"				,"indsSclsCd" : "C14402"				,"indsSclsNm" : "부정형 내화 요업제품 제조업"				,"stdrDt" : "2023-02-28"				}				,{				"indsLclsCd" : "C1"				,"indsLclsNm" : "제조업"				,"indsMclsCd" : "C144"				,"indsMclsNm" : "요업제품"				,"indsSclsCd" : "C14404"				,"indsSclsNm" : "위생용 및 산업용 도자기 제조업"				,"stdrDt" : "2023-02-28"				}				,{				"indsLclsCd" : "C1"				,"indsLclsNm" : "제조업"				,"indsMclsCd" : "C144"				,"indsMclsNm" : "요업제품"				,"indsSclsCd" : "C14406"				,"indsSclsNm" : "점토 벽돌, 블록 및 유사 비내화 요업제품 제조업"				,"stdrDt" : "2023-02-28"				}				,{				"indsLclsCd" : "C1"				,"indsLclsNm" : "제조업"				,"indsMclsCd" : "C144"				,"indsMclsNm" : "요업제품"				,"indsSclsCd" : "C14401"				,"indsSclsNm" : "정형 내화 요업제품 제조업"				,"stdrDt" : "2023-02-28"				}				,{				"indsLclsCd" : "C1"				,"indsLclsNm" : "제조업"				,"indsMclsCd" : "C144"				,"indsMclsNm" : "요업제품"				,"indsSclsCd" : "C14407"				,"indsSclsNm" : "타일 및 유사 비내화 요업제품 제조업"				,"stdrDt" : "2023-02-28"				}			]	}}