{	"header" : {		"description" : "소상공인시장진흥공단 상권정보 업종소분류 코드"		,"columns" : ["상권업종대분류코드","상권업종대분류코드명","상권업종중분류코드","상권업종중분류코드명","상권업종소분류코드","상권업종소분류코드명","데이터기준일자"]		,"resultCode" : "00"		,"resultMsg" : "NORMAL SERVICE"	},	"body" : {			"items" : [				{				"indsLclsCd" : "C1"				,"indsLclsNm" : "제조업"				,"indsMclsCd" : "C145"				,"indsMclsNm" : "시멘트, 석회"				,"indsSclsCd" : "C14599"				,"indsSclsNm" : "그 외 기타 콘크리트 제품 및 유사 제품 제조업"				,"stdrDt" : "2023-02-28"				}				,{				"indsLclsCd" : "C1"				,"indsLclsNm" : "제조업"				,"indsMclsCd" : "C145"				,"indsMclsNm" : "시멘트, 석회"				,"indsSclsCd" : "C14504"				,"indsSclsNm" : "레미콘 제조업"				,"stdrDt" : "2023-02-28"				}				,{				"indsLclsCd" : "C1"				,"indsLclsNm" : "제조업"				,"indsMclsCd" : "C145"				,"indsMclsNm" : "시멘트, 석회"				,"indsSclsCd" : "C14503"				,"indsSclsNm" : "비내화 모르타르 제조업"				,"stdrDt" : "2023-02-28"				}				,{				"indsLclsCd" : "C1"				,"indsLclsNm" : "제조업"				,"indsMclsCd" : "C145"				,"indsMclsNm" : "시멘트, 석회"				,"indsSclsCd" : "C14502"				,"indsSclsNm" : "석회 및 플라스터 제조업"				,"stdrDt" : "2023-02-28"				}				,{				"indsLclsCd" : "C1"				,"indsLclsNm" : "제조업"				,"indsMclsCd" : "C145"				,"indsMclsNm" : "시멘트, 석회"				,"indsSclsCd" : "C14501"				,"indsSclsNm" : "시멘트 제조업"				,"stdrDt" : "2023-02-28"				}				,{				"indsLclsCd" : "C1"				,"indsLclsNm" : "제조업"				,"indsMclsCd" : "C145"				,"indsMclsNm" : "시멘트, 석회"				,"indsSclsCd" : "C14507"				,"indsSclsNm" : "콘크리트 관 및 기타 구조용 콘크리트제품 제조업"				,"stdrDt" : "2023-02-28"				}				,{				"indsLclsCd" : "C1"				,"indsLclsNm" : "제조업"				,"indsMclsCd" : "C145"				,"indsMclsNm" : "시멘트, 석회"				,"indsSclsCd" : "C14506"				,"indsSclsNm" : "콘크리트 타일, 기와, 벽돌 및 블록 제조업"				,"stdrDt" : "2023-02-28"				}				,{				"indsLclsCd" : "C1"				,"indsLclsNm" : "제조업"				,"indsMclsCd" : "C145"				,"indsMclsNm" : "시멘트, 석회"				,"indsSclsCd" : "C14505"				,"indsSclsNm" : "플라스터 혼합제품 제조업"				,"stdrDt" : "2023-02-28"				}			]	}}