{	"header" : {		"description" : "소상공인시장진흥공단 상권정보 업종소분류 코드"		,"columns" : ["상권업종대분류코드","상권업종대분류코드명","상권업종중분류코드","상권업종중분류코드명","상권업종소분류코드","상권업종소분류코드명","데이터기준일자"]		,"resultCode" : "00"		,"resultMsg" : "NORMAL SERVICE"	},	"body" : {			"items" : [				{				"indsLclsCd" : "C1"				,"indsLclsNm" : "제조업"				,"indsMclsCd" : "C146"				,"indsMclsNm" : "기타 비금속광물"				,"indsSclsCd" : "C14601"				,"indsSclsNm" : "건설용 석제품 제조업"				,"stdrDt" : "2023-02-28"				}				,{				"indsLclsCd" : "C1"				,"indsLclsNm" : "제조업"				,"indsMclsCd" : "C146"				,"indsMclsNm" : "기타 비금속광물"				,"indsSclsCd" : "C14699"				,"indsSclsNm" : "그 외 기타 분류 안된 비금속 광물제품 제조업"				,"stdrDt" : "2023-02-28"				}				,{				"indsLclsCd" : "C1"				,"indsLclsNm" : "제조업"				,"indsMclsCd" : "C146"				,"indsMclsNm" : "기타 비금속광물"				,"indsSclsCd" : "C14602"				,"indsSclsNm" : "기타 석제품 제조업"				,"stdrDt" : "2023-02-28"				}				,{				"indsLclsCd" : "C1"				,"indsLclsNm" : "제조업"				,"indsMclsCd" : "C146"				,"indsMclsNm" : "기타 비금속광물"				,"indsSclsCd" : "C14605"				,"indsSclsNm" : "비금속광물 분쇄물 생산업"				,"stdrDt" : "2023-02-28"				}				,{				"indsLclsCd" : "C1"				,"indsLclsNm" : "제조업"				,"indsMclsCd" : "C146"				,"indsMclsNm" : "기타 비금속광물"				,"indsSclsCd" : "C14603"				,"indsSclsNm" : "아스팔트 콘크리트 및 혼합제품 제조업"				,"stdrDt" : "2023-02-28"				}				,{				"indsLclsCd" : "C1"				,"indsLclsNm" : "제조업"				,"indsMclsCd" : "C146"				,"indsMclsNm" : "기타 비금속광물"				,"indsSclsCd" : "C14606"				,"indsSclsNm" : "암면 및 유사 제품 제조업"				,"stdrDt" : "2023-02-28"				}				,{				"indsLclsCd" : "C1"				,"indsLclsNm" : "제조업"				,"indsMclsCd" : "C146"				,"indsMclsNm" : "기타 비금속광물"				,"indsSclsCd" : "C14604"				,"indsSclsNm" : "연마재 제조업"				,"stdrDt" : "2023-02-28"				}				,{				"indsLclsCd" : "C1"				,"indsLclsNm" : "제조업"				,"indsMclsCd" : "C146"				,"indsMclsNm" : "기타 비금속광물"				,"indsSclsCd" : "C14607"				,"indsSclsNm" : "탄소섬유 제조업"				,"stdrDt" : "2023-02-28"				}			]	}}