{	"header" : {		"description" : "소상공인시장진흥공단 상권정보 업종소분류 코드"		,"columns" : ["상권업종대분류코드","상권업종대분류코드명","상권업종중분류코드","상권업종중분류코드명","상권업종소분류코드","상권업종소분류코드명","데이터기준일자"]		,"resultCode" : "00"		,"resultMsg" : "NORMAL SERVICE"	},	"body" : {			"items" : [				{				"indsLclsCd" : "C1"				,"indsLclsNm" : "제조업"				,"indsMclsCd" : "C147"				,"indsMclsNm" : "1차철강"				,"indsSclsCd" : "C14710"				,"indsSclsNm" : "강관 가공품 및 관 연결구류 제조업"				,"stdrDt" : "2023-02-28"				}				,{				"indsLclsCd" : "C1"				,"indsLclsNm" : "제조업"				,"indsMclsCd" : "C147"				,"indsMclsNm" : "1차철강"				,"indsSclsCd" : "C14709"				,"indsSclsNm" : "강관 제조업"				,"stdrDt" : "2023-02-28"				}				,{				"indsLclsCd" : "C1"				,"indsLclsNm" : "제조업"				,"indsMclsCd" : "C147"				,"indsMclsNm" : "1차철강"				,"indsSclsCd" : "C14799"				,"indsSclsNm" : "그 외 기타 1차 철강 제조업"				,"stdrDt" : "2023-02-28"				}				,{				"indsLclsCd" : "C1"				,"indsLclsNm" : "제조업"				,"indsMclsCd" : "C147"				,"indsMclsNm" : "1차철강"				,"indsSclsCd" : "C14704"				,"indsSclsNm" : "기타 제철 및 제강업"				,"stdrDt" : "2023-02-28"				}				,{				"indsLclsCd" : "C1"				,"indsLclsNm" : "제조업"				,"indsMclsCd" : "C147"				,"indsMclsNm" : "1차철강"				,"indsSclsCd" : "C14706"				,"indsSclsNm" : "냉간 압연 및 압출 제품 제조업"				,"stdrDt" : "2023-02-28"				}				,{				"indsLclsCd" : "C1"				,"indsLclsNm" : "제조업"				,"indsMclsCd" : "C147"				,"indsMclsNm" : "1차철강"				,"indsSclsCd" : "C14711"				,"indsSclsNm" : "도금, 착색 및 기타 표면 처리 강재 제조업"				,"stdrDt" : "2023-02-28"				}				,{				"indsLclsCd" : "C1"				,"indsLclsNm" : "제조업"				,"indsMclsCd" : "C147"				,"indsMclsNm" : "1차철강"				,"indsSclsCd" : "C14705"				,"indsSclsNm" : "열간 압연 및 압출제품 제조업"				,"stdrDt" : "2023-02-28"				}				,{				"indsLclsCd" : "C1"				,"indsLclsNm" : "제조업"				,"indsMclsCd" : "C147"				,"indsMclsNm" : "1차철강"				,"indsSclsCd" : "C14702"				,"indsSclsNm" : "제강업"				,"stdrDt" : "2023-02-28"				}				,{				"indsLclsCd" : "C1"				,"indsLclsNm" : "제조업"				,"indsMclsCd" : "C147"				,"indsMclsNm" : "1차철강"				,"indsSclsCd" : "C14701"				,"indsSclsNm" : "제철업"				,"stdrDt" : "2023-02-28"				}				,{				"indsLclsCd" : "C1"				,"indsLclsNm" : "제조업"				,"indsMclsCd" : "C147"				,"indsMclsNm" : "1차철강"				,"indsSclsCd" : "C14708"				,"indsSclsNm" : "주철관 제조업"				,"stdrDt" : "2023-02-28"				}				,{				"indsLclsCd" : "C1"				,"indsLclsNm" : "제조업"				,"indsMclsCd" : "C147"				,"indsMclsNm" : "1차철강"				,"indsSclsCd" : "C14707"				,"indsSclsNm" : "철강선 제조업"				,"stdrDt" : "2023-02-28"				}				,{				"indsLclsCd" : "C1"				,"indsLclsNm" : "제조업"				,"indsMclsCd" : "C147"				,"indsMclsNm" : "1차철강"				,"indsSclsCd" : "C14703"				,"indsSclsNm" : "합금철 제조업"				,"stdrDt" : "2023-02-28"				}			]	}}