{	"header" : {		"description" : "소상공인시장진흥공단 상권정보 업종소분류 코드"		,"columns" : ["상권업종대분류코드","상권업종대분류코드명","상권업종중분류코드","상권업종중분류코드명","상권업종소분류코드","상권업종소분류코드명","데이터기준일자"]		,"resultCode" : "00"		,"resultMsg" : "NORMAL SERVICE"	},	"body" : {			"items" : [				{				"indsLclsCd" : "C1"				,"indsLclsNm" : "제조업"				,"indsMclsCd" : "C148"				,"indsMclsNm" : "1차비철금속"				,"indsSclsCd" : "C14899"				,"indsSclsNm" : "기타 1차 비철금속 제조업"				,"stdrDt" : "2023-02-28"				}				,{				"indsLclsCd" : "C1"				,"indsLclsNm" : "제조업"				,"indsMclsCd" : "C148"				,"indsMclsNm" : "1차비철금속"				,"indsSclsCd" : "C14807"				,"indsSclsNm" : "기타 비철금속 압연, 압출 및 연신제품 제조업"				,"stdrDt" : "2023-02-28"				}				,{				"indsLclsCd" : "C1"				,"indsLclsNm" : "제조업"				,"indsMclsCd" : "C148"				,"indsMclsNm" : "1차비철금속"				,"indsSclsCd" : "C14804"				,"indsSclsNm" : "기타 비철금속 제련, 정련 및 합금 제조업"				,"stdrDt" : "2023-02-28"				}				,{				"indsLclsCd" : "C1"				,"indsLclsNm" : "제조업"				,"indsMclsCd" : "C148"				,"indsMclsNm" : "1차비철금속"				,"indsSclsCd" : "C14805"				,"indsSclsNm" : "동 압연, 압출 및 연신제품 제조업"				,"stdrDt" : "2023-02-28"				}				,{				"indsLclsCd" : "C1"				,"indsLclsNm" : "제조업"				,"indsMclsCd" : "C148"				,"indsMclsNm" : "1차비철금속"				,"indsSclsCd" : "C14801"				,"indsSclsNm" : "동 제련, 정련 및 합금 제조업"				,"stdrDt" : "2023-02-28"				}				,{				"indsLclsCd" : "C1"				,"indsLclsNm" : "제조업"				,"indsMclsCd" : "C148"				,"indsMclsNm" : "1차비철금속"				,"indsSclsCd" : "C14806"				,"indsSclsNm" : "알루미늄 압연, 압출 및 연신제품 제조업"				,"stdrDt" : "2023-02-28"				}				,{				"indsLclsCd" : "C1"				,"indsLclsNm" : "제조업"				,"indsMclsCd" : "C148"				,"indsMclsNm" : "1차비철금속"				,"indsSclsCd" : "C14802"				,"indsSclsNm" : "알루미늄 제련, 정련 및 합금 제조업"				,"stdrDt" : "2023-02-28"				}				,{				"indsLclsCd" : "C1"				,"indsLclsNm" : "제조업"				,"indsMclsCd" : "C148"				,"indsMclsNm" : "1차비철금속"				,"indsSclsCd" : "C14803"				,"indsSclsNm" : "연 및 아연 제련, 정련 및 합금 제조업"				,"stdrDt" : "2023-02-28"				}			]	}}