{	"header" : {		"description" : "소상공인시장진흥공단 상권정보 업종소분류 코드"		,"columns" : ["상권업종대분류코드","상권업종대분류코드명","상권업종중분류코드","상권업종중분류코드명","상권업종소분류코드","상권업종소분류코드명","데이터기준일자"]		,"resultCode" : "00"		,"resultMsg" : "NORMAL SERVICE"	},	"body" : {			"items" : [				{				"indsLclsCd" : "C1"				,"indsLclsNm" : "제조업"				,"indsMclsCd" : "C149"				,"indsMclsNm" : "금속주조"				,"indsSclsCd" : "C14902"				,"indsSclsNm" : "강 주물 주조업"				,"stdrDt" : "2023-02-28"				}				,{				"indsLclsCd" : "C1"				,"indsLclsNm" : "제조업"				,"indsMclsCd" : "C149"				,"indsMclsNm" : "금속주조"				,"indsSclsCd" : "C14999"				,"indsSclsNm" : "기타 비철금속 주조업"				,"stdrDt" : "2023-02-28"				}				,{				"indsLclsCd" : "C1"				,"indsLclsNm" : "제조업"				,"indsMclsCd" : "C149"				,"indsMclsNm" : "금속주조"				,"indsSclsCd" : "C14904"				,"indsSclsNm" : "동 주물 주조업"				,"stdrDt" : "2023-02-28"				}				,{				"indsLclsCd" : "C1"				,"indsLclsNm" : "제조업"				,"indsMclsCd" : "C149"				,"indsMclsNm" : "금속주조"				,"indsSclsCd" : "C14901"				,"indsSclsNm" : "선철 주물 주조업"				,"stdrDt" : "2023-02-28"				}				,{				"indsLclsCd" : "C1"				,"indsLclsNm" : "제조업"				,"indsMclsCd" : "C149"				,"indsMclsNm" : "금속주조"				,"indsSclsCd" : "C14903"				,"indsSclsNm" : "알루미늄 주물 주조업"				,"stdrDt" : "2023-02-28"				}			]	}}