{	"header" : {		"description" : "소상공인시장진흥공단 상권정보 업종소분류 코드"		,"columns" : ["상권업종대분류코드","상권업종대분류코드명","상권업종중분류코드","상권업종중분류코드명","상권업종소분류코드","상권업종소분류코드명","데이터기준일자"]		,"resultCode" : "00"		,"resultMsg" : "NORMAL SERVICE"	},	"body" : {			"items" : [				{				"indsLclsCd" : "C1"				,"indsLclsNm" : "제조업"				,"indsMclsCd" : "C150"				,"indsMclsNm" : "구조용 금속 등"				,"indsSclsCd" : "C15002"				,"indsSclsNm" : "구조용 금속 판제품 및 공작물 제조업"				,"stdrDt" : "2023-02-28"				}				,{				"indsLclsCd" : "C1"				,"indsLclsNm" : "제조업"				,"indsMclsCd" : "C150"				,"indsMclsNm" : "구조용 금속 등"				,"indsSclsCd" : "C15001"				,"indsSclsNm" : "금속 문, 창, 셔터 및 관련제품 제조업"				,"stdrDt" : "2023-02-28"				}				,{				"indsLclsCd" : "C1"				,"indsLclsNm" : "제조업"				,"indsMclsCd" : "C150"				,"indsMclsNm" : "구조용 금속 등"				,"indsSclsCd" : "C15007"				,"indsSclsNm" : "금속 탱크 및 저장 용기 제조업"				,"stdrDt" : "2023-02-28"				}				,{				"indsLclsCd" : "C1"				,"indsLclsNm" : "제조업"				,"indsMclsCd" : "C150"				,"indsMclsNm" : "구조용 금속 등"				,"indsSclsCd" : "C15005"				,"indsSclsNm" : "기타 구조용 금속제품 제조업"				,"stdrDt" : "2023-02-28"				}				,{				"indsLclsCd" : "C1"				,"indsLclsNm" : "제조업"				,"indsMclsCd" : "C150"				,"indsMclsNm" : "구조용 금속 등"				,"indsSclsCd" : "C15006"				,"indsSclsNm" : "산업용 난방보일러 및 방열기 제조업"				,"stdrDt" : "2023-02-28"				}				,{				"indsLclsCd" : "C1"				,"indsLclsNm" : "제조업"				,"indsMclsCd" : "C150"				,"indsMclsNm" : "구조용 금속 등"				,"indsSclsCd" : "C15004"				,"indsSclsNm" : "수상 금속 골조 구조재 제조업"				,"stdrDt" : "2023-02-28"				}				,{				"indsLclsCd" : "C1"				,"indsLclsNm" : "제조업"				,"indsMclsCd" : "C150"				,"indsMclsNm" : "구조용 금속 등"				,"indsSclsCd" : "C15008"				,"indsSclsNm" : "압축 및 액화 가스 용기 제조업"				,"stdrDt" : "2023-02-28"				}				,{				"indsLclsCd" : "C1"				,"indsLclsNm" : "제조업"				,"indsMclsCd" : "C150"				,"indsMclsNm" : "구조용 금속 등"				,"indsSclsCd" : "C15003"				,"indsSclsNm" : "육상 금속 골조 구조재 제조업"				,"stdrDt" : "2023-02-28"				}				,{				"indsLclsCd" : "C1"				,"indsLclsNm" : "제조업"				,"indsMclsCd" : "C150"				,"indsMclsNm" : "구조용 금속 등"				,"indsSclsCd" : "C15009"				,"indsSclsNm" : "핵반응기 및 증기보일러 제조업"				,"stdrDt" : "2023-02-28"				}			]	}}