{	"header" : {		"description" : "소상공인시장진흥공단 상권정보 업종소분류 코드"		,"columns" : ["상권업종대분류코드","상권업종대분류코드명","상권업종중분류코드","상권업종중분류코드명","상권업종소분류코드","상권업종소분류코드명","데이터기준일자"]		,"resultCode" : "00"		,"resultMsg" : "NORMAL SERVICE"	},	"body" : {			"items" : [				{				"indsLclsCd" : "C1"				,"indsLclsNm" : "제조업"				,"indsMclsCd" : "C152"				,"indsMclsNm" : "기타 금속 가공"				,"indsSclsCd" : "C15204"				,"indsSclsNm" : "그 외 금속 압형제품 제조업"				,"stdrDt" : "2023-02-28"				}				,{				"indsLclsCd" : "C1"				,"indsLclsNm" : "제조업"				,"indsMclsCd" : "C152"				,"indsMclsNm" : "기타 금속 가공"				,"indsSclsCd" : "C15215"				,"indsSclsNm" : "그 외 금속 파스너 및 나사제품 제조업"				,"stdrDt" : "2023-02-28"				}				,{				"indsLclsCd" : "C1"				,"indsLclsNm" : "제조업"				,"indsMclsCd" : "C152"				,"indsMclsNm" : "기타 금속 가공"				,"indsSclsCd" : "C15209"				,"indsSclsNm" : "그 외 기타 금속 가공업"				,"stdrDt" : "2023-02-28"				}				,{				"indsLclsCd" : "C1"				,"indsLclsNm" : "제조업"				,"indsMclsCd" : "C152"				,"indsMclsNm" : "기타 금속 가공"				,"indsSclsCd" : "C15299"				,"indsSclsNm" : "그 외 기타 분류 안된 금속 가공제품 제조업"				,"stdrDt" : "2023-02-28"				}				,{				"indsLclsCd" : "C1"				,"indsLclsNm" : "제조업"				,"indsMclsCd" : "C152"				,"indsMclsNm" : "기타 금속 가공"				,"indsSclsCd" : "C15202"				,"indsSclsNm" : "금속 단조제품 제조업"				,"stdrDt" : "2023-02-28"				}				,{				"indsLclsCd" : "C1"				,"indsLclsNm" : "제조업"				,"indsMclsCd" : "C152"				,"indsMclsNm" : "기타 금속 가공"				,"indsSclsCd" : "C15216"				,"indsSclsNm" : "금속 스프링 제조업"				,"stdrDt" : "2023-02-28"				}				,{				"indsLclsCd" : "C1"				,"indsLclsNm" : "제조업"				,"indsMclsCd" : "C152"				,"indsMclsNm" : "기타 금속 가공"				,"indsSclsCd" : "C15205"				,"indsSclsNm" : "금속 열처리업"				,"stdrDt" : "2023-02-28"				}				,{				"indsLclsCd" : "C1"				,"indsLclsNm" : "제조업"				,"indsMclsCd" : "C152"				,"indsMclsNm" : "기타 금속 가공"				,"indsSclsCd" : "C15220"				,"indsSclsNm" : "금속 위생용품 제조업"				,"stdrDt" : "2023-02-28"				}				,{				"indsLclsCd" : "C1"				,"indsLclsNm" : "제조업"				,"indsMclsCd" : "C152"				,"indsMclsNm" : "기타 금속 가공"				,"indsSclsCd" : "C15218"				,"indsSclsNm" : "금속 캔 및 기타 포장용기 제조업"				,"stdrDt" : "2023-02-28"				}				,{				"indsLclsCd" : "C1"				,"indsLclsNm" : "제조업"				,"indsMclsCd" : "C152"				,"indsMclsNm" : "기타 금속 가공"				,"indsSclsCd" : "C15221"				,"indsSclsNm" : "금속 표시판 제조업"				,"stdrDt" : "2023-02-28"				}				,{				"indsLclsCd" : "C1"				,"indsLclsNm" : "제조업"				,"indsMclsCd" : "C152"				,"indsMclsNm" : "기타 금속 가공"				,"indsSclsCd" : "C15217"				,"indsSclsNm" : "금속선 가공제품 제조업"				,"stdrDt" : "2023-02-28"				}				,{				"indsLclsCd" : "C1"				,"indsLclsNm" : "제조업"				,"indsMclsCd" : "C152"				,"indsMclsNm" : "기타 금속 가공"				,"indsSclsCd" : "C15210"				,"indsSclsNm" : "날붙이 제조업"				,"stdrDt" : "2023-02-28"				}				,{				"indsLclsCd" : "C1"				,"indsLclsNm" : "제조업"				,"indsMclsCd" : "C152"				,"indsMclsNm" : "기타 금속 가공"				,"indsSclsCd" : "C15206"				,"indsSclsNm" : "도금업"				,"stdrDt" : "2023-02-28"				}				,{				"indsLclsCd" : "C1"				,"indsLclsNm" : "제조업"				,"indsMclsCd" : "C152"				,"indsMclsNm" : "기타 금속 가공"				,"indsSclsCd" : "C15207"				,"indsSclsNm" : "도장 및 기타 피막 처리업"				,"stdrDt" : "2023-02-28"				}				,{				"indsLclsCd" : "C1"				,"indsLclsNm" : "제조업"				,"indsMclsCd" : "C152"				,"indsMclsNm" : "기타 금속 가공"				,"indsSclsCd" : "C15214"				,"indsSclsNm" : "볼트 및 너트류 제조업"				,"stdrDt" : "2023-02-28"				}				,{				"indsLclsCd" : "C1"				,"indsLclsNm" : "제조업"				,"indsMclsCd" : "C152"				,"indsMclsNm" : "기타 금속 가공"				,"indsSclsCd" : "C15201"				,"indsSclsNm" : "분말 야금제품 제조업"				,"stdrDt" : "2023-02-28"				}				,{				"indsLclsCd" : "C1"				,"indsLclsNm" : "제조업"				,"indsMclsCd" : "C152"				,"indsMclsNm" : "기타 금속 가공"				,"indsSclsCd" : "C15212"				,"indsSclsNm" : "비동력식 수공구 제조업"				,"stdrDt" : "2023-02-28"				}				,{				"indsLclsCd" : "C1"				,"indsLclsNm" : "제조업"				,"indsMclsCd" : "C152"				,"indsMclsNm" : "기타 금속 가공"				,"indsSclsCd" : "C15219"				,"indsSclsNm" : "수동식 식품 가공 기기 및 금속 주방용기 제조업"				,"stdrDt" : "2023-02-28"				}				,{				"indsLclsCd" : "C1"				,"indsLclsNm" : "제조업"				,"indsMclsCd" : "C152"				,"indsMclsNm" : "기타 금속 가공"				,"indsSclsCd" : "C15211"				,"indsSclsNm" : "일반 철물 제조업"				,"stdrDt" : "2023-02-28"				}				,{				"indsLclsCd" : "C1"				,"indsLclsNm" : "제조업"				,"indsMclsCd" : "C152"				,"indsMclsNm" : "기타 금속 가공"				,"indsSclsCd" : "C15203"				,"indsSclsNm" : "자동차용 금속 압형제품 제조업"				,"stdrDt" : "2023-02-28"				}				,{				"indsLclsCd" : "C1"				,"indsLclsNm" : "제조업"				,"indsMclsCd" : "C152"				,"indsMclsNm" : "기타 금속 가공"				,"indsSclsCd" : "C15208"				,"indsSclsNm" : "절삭 가공 및 유사 처리업"				,"stdrDt" : "2023-02-28"				}				,{				"indsLclsCd" : "C1"				,"indsLclsNm" : "제조업"				,"indsMclsCd" : "C152"				,"indsMclsNm" : "기타 금속 가공"				,"indsSclsCd" : "C15213"				,"indsSclsNm" : "톱 및 호환성 공구 제조업"				,"stdrDt" : "2023-02-28"				}				,{				"indsLclsCd" : "C1"				,"indsLclsNm" : "제조업"				,"indsMclsCd" : "C152"				,"indsMclsNm" : "기타 금속 가공"				,"indsSclsCd" : "C15222"				,"indsSclsNm" : "피복 및 충전 용접봉 제조업"				,"stdrDt" : "2023-02-28"				}			]	}}