{	"header" : {		"description" : "소상공인시장진흥공단 상권정보 업종소분류 코드"		,"columns" : ["상권업종대분류코드","상권업종대분류코드명","상권업종중분류코드","상권업종중분류코드명","상권업종소분류코드","상권업종소분류코드명","데이터기준일자"]		,"resultCode" : "00"		,"resultMsg" : "NORMAL SERVICE"	},	"body" : {			"items" : [				{				"indsLclsCd" : "C1"				,"indsLclsNm" : "제조업"				,"indsMclsCd" : "C153"				,"indsMclsNm" : "반도체"				,"indsSclsCd" : "C15399"				,"indsSclsNm" : "기타 반도체 소자 제조업"				,"stdrDt" : "2023-02-28"				}				,{				"indsLclsCd" : "C1"				,"indsLclsNm" : "제조업"				,"indsMclsCd" : "C153"				,"indsMclsNm" : "반도체"				,"indsSclsCd" : "C15301"				,"indsSclsNm" : "메모리용 전자집적회로 제조업"				,"stdrDt" : "2023-02-28"				}				,{				"indsLclsCd" : "C1"				,"indsLclsNm" : "제조업"				,"indsMclsCd" : "C153"				,"indsMclsNm" : "반도체"				,"indsSclsCd" : "C15303"				,"indsSclsNm" : "발광 다이오드 제조업"				,"stdrDt" : "2023-02-28"				}				,{				"indsLclsCd" : "C1"				,"indsLclsNm" : "제조업"				,"indsMclsCd" : "C153"				,"indsMclsNm" : "반도체"				,"indsSclsCd" : "C15302"				,"indsSclsNm" : "비메모리용 및 기타 전자집적회로 제조업"				,"stdrDt" : "2023-02-28"				}			]	}}