{	"header" : {		"description" : "소상공인시장진흥공단 상권정보 업종소분류 코드"		,"columns" : ["상권업종대분류코드","상권업종대분류코드명","상권업종중분류코드","상권업종중분류코드명","상권업종소분류코드","상권업종소분류코드명","데이터기준일자"]		,"resultCode" : "00"		,"resultMsg" : "NORMAL SERVICE"	},	"body" : {			"items" : [				{				"indsLclsCd" : "C1"				,"indsLclsNm" : "제조업"				,"indsMclsCd" : "C154"				,"indsMclsNm" : "전자부품"				,"indsSclsCd" : "C15405"				,"indsSclsNm" : "경성 인쇄회로기판 제조업"				,"stdrDt" : "2023-02-28"				}				,{				"indsLclsCd" : "C1"				,"indsLclsNm" : "제조업"				,"indsMclsCd" : "C154"				,"indsMclsNm" : "전자부품"				,"indsSclsCd" : "C15499"				,"indsSclsNm" : "그 외 기타 전자 부품 제조업"				,"stdrDt" : "2023-02-28"				}				,{				"indsLclsCd" : "C1"				,"indsLclsNm" : "제조업"				,"indsMclsCd" : "C154"				,"indsMclsNm" : "전자부품"				,"indsSclsCd" : "C15403"				,"indsSclsNm" : "기타 표시장치 제조업"				,"stdrDt" : "2023-02-28"				}				,{				"indsLclsCd" : "C1"				,"indsLclsNm" : "제조업"				,"indsMclsCd" : "C154"				,"indsMclsNm" : "전자부품"				,"indsSclsCd" : "C15401"				,"indsSclsNm" : "액정 표시장치 제조업"				,"stdrDt" : "2023-02-28"				}				,{				"indsLclsCd" : "C1"				,"indsLclsNm" : "제조업"				,"indsMclsCd" : "C154"				,"indsMclsNm" : "전자부품"				,"indsSclsCd" : "C15406"				,"indsSclsNm" : "연성 및 기타 인쇄회로기판 제조업"				,"stdrDt" : "2023-02-28"				}				,{				"indsLclsCd" : "C1"				,"indsLclsNm" : "제조업"				,"indsMclsCd" : "C154"				,"indsMclsNm" : "전자부품"				,"indsSclsCd" : "C15402"				,"indsSclsNm" : "유기 발광 표시장치 제조업"				,"stdrDt" : "2023-02-28"				}				,{				"indsLclsCd" : "C1"				,"indsLclsNm" : "제조업"				,"indsMclsCd" : "C154"				,"indsMclsNm" : "전자부품"				,"indsSclsCd" : "C15404"				,"indsSclsNm" : "인쇄회로기판용 적층판 제조업"				,"stdrDt" : "2023-02-28"				}				,{				"indsLclsCd" : "C1"				,"indsLclsNm" : "제조업"				,"indsMclsCd" : "C154"				,"indsMclsNm" : "전자부품"				,"indsSclsCd" : "C15412"				,"indsSclsNm" : "전자 감지장치 제조업"				,"stdrDt" : "2023-02-28"				}				,{				"indsLclsCd" : "C1"				,"indsLclsNm" : "제조업"				,"indsMclsCd" : "C154"				,"indsMclsNm" : "전자부품"				,"indsSclsCd" : "C15407"				,"indsSclsNm" : "전자 부품 실장기판 제조업"				,"stdrDt" : "2023-02-28"				}				,{				"indsLclsCd" : "C1"				,"indsLclsNm" : "제조업"				,"indsMclsCd" : "C154"				,"indsMclsNm" : "전자부품"				,"indsSclsCd" : "C15409"				,"indsSclsNm" : "전자 저항기 제조업"				,"stdrDt" : "2023-02-28"				}				,{				"indsLclsCd" : "C1"				,"indsLclsNm" : "제조업"				,"indsMclsCd" : "C154"				,"indsMclsNm" : "전자부품"				,"indsSclsCd" : "C15408"				,"indsSclsNm" : "전자 축전기 제조업"				,"stdrDt" : "2023-02-28"				}				,{				"indsLclsCd" : "C1"				,"indsLclsNm" : "제조업"				,"indsMclsCd" : "C154"				,"indsMclsNm" : "전자부품"				,"indsSclsCd" : "C15410"				,"indsSclsNm" : "전자카드 제조업"				,"stdrDt" : "2023-02-28"				}				,{				"indsLclsCd" : "C1"				,"indsLclsNm" : "제조업"				,"indsMclsCd" : "C154"				,"indsMclsNm" : "전자부품"				,"indsSclsCd" : "C15411"				,"indsSclsNm" : "전자코일, 변성기 및 기타 전자 유도자 제조업"				,"stdrDt" : "2023-02-28"				}			]	}}