{	"header" : {		"description" : "소상공인시장진흥공단 상권정보 업종소분류 코드"		,"columns" : ["상권업종대분류코드","상권업종대분류코드명","상권업종중분류코드","상권업종중분류코드명","상권업종소분류코드","상권업종소분류코드명","데이터기준일자"]		,"resultCode" : "00"		,"resultMsg" : "NORMAL SERVICE"	},	"body" : {			"items" : [				{				"indsLclsCd" : "C1"				,"indsLclsNm" : "제조업"				,"indsMclsCd" : "C155"				,"indsMclsNm" : "컴퓨터 등"				,"indsSclsCd" : "C15502"				,"indsSclsNm" : "기억 장치 제조업"				,"stdrDt" : "2023-02-28"				}				,{				"indsLclsCd" : "C1"				,"indsLclsNm" : "제조업"				,"indsMclsCd" : "C155"				,"indsMclsNm" : "컴퓨터 등"				,"indsSclsCd" : "C15599"				,"indsSclsNm" : "기타 주변 기기 제조업"				,"stdrDt" : "2023-02-28"				}				,{				"indsLclsCd" : "C1"				,"indsLclsNm" : "제조업"				,"indsMclsCd" : "C155"				,"indsMclsNm" : "컴퓨터 등"				,"indsSclsCd" : "C15503"				,"indsSclsNm" : "컴퓨터 모니터 제조업"				,"stdrDt" : "2023-02-28"				}				,{				"indsLclsCd" : "C1"				,"indsLclsNm" : "제조업"				,"indsMclsCd" : "C155"				,"indsMclsNm" : "컴퓨터 등"				,"indsSclsCd" : "C15501"				,"indsSclsNm" : "컴퓨터 제조업"				,"stdrDt" : "2023-02-28"				}				,{				"indsLclsCd" : "C1"				,"indsLclsNm" : "제조업"				,"indsMclsCd" : "C155"				,"indsMclsNm" : "컴퓨터 등"				,"indsSclsCd" : "C15504"				,"indsSclsNm" : "컴퓨터 프린터 제조업"				,"stdrDt" : "2023-02-28"				}			]	}}