{	"header" : {		"description" : "소상공인시장진흥공단 상권정보 업종소분류 코드"		,"columns" : ["상권업종대분류코드","상권업종대분류코드명","상권업종중분류코드","상권업종중분류코드명","상권업종소분류코드","상권업종소분류코드명","데이터기준일자"]		,"resultCode" : "00"		,"resultMsg" : "NORMAL SERVICE"	},	"body" : {			"items" : [				{				"indsLclsCd" : "C1"				,"indsLclsNm" : "제조업"				,"indsMclsCd" : "C156"				,"indsMclsNm" : "통신, 방송 장비"				,"indsSclsCd" : "C15699"				,"indsSclsNm" : "기타 무선 통신장비 제조업"				,"stdrDt" : "2023-02-28"				}				,{				"indsLclsCd" : "C1"				,"indsLclsNm" : "제조업"				,"indsMclsCd" : "C156"				,"indsMclsNm" : "통신, 방송 장비"				,"indsSclsCd" : "C15602"				,"indsSclsNm" : "방송장비 제조업"				,"stdrDt" : "2023-02-28"				}				,{				"indsLclsCd" : "C1"				,"indsLclsNm" : "제조업"				,"indsMclsCd" : "C156"				,"indsMclsNm" : "통신, 방송 장비"				,"indsSclsCd" : "C15601"				,"indsSclsNm" : "유선 통신장비 제조업"				,"stdrDt" : "2023-02-28"				}				,{				"indsLclsCd" : "C1"				,"indsLclsNm" : "제조업"				,"indsMclsCd" : "C156"				,"indsMclsNm" : "통신, 방송 장비"				,"indsSclsCd" : "C15603"				,"indsSclsNm" : "이동 전화기 제조업"				,"stdrDt" : "2023-02-28"				}			]	}}