{	"header" : {		"description" : "소상공인시장진흥공단 상권정보 업종소분류 코드"		,"columns" : ["상권업종대분류코드","상권업종대분류코드명","상권업종중분류코드","상권업종중분류코드명","상권업종소분류코드","상권업종소분류코드명","데이터기준일자"]		,"resultCode" : "00"		,"resultMsg" : "NORMAL SERVICE"	},	"body" : {			"items" : [				{				"indsLclsCd" : "C1"				,"indsLclsNm" : "제조업"				,"indsMclsCd" : "C157"				,"indsMclsNm" : "영상, 음향 기기"				,"indsSclsCd" : "C15799"				,"indsSclsNm" : "기타 음향기기 제조업"				,"stdrDt" : "2023-02-28"				}				,{				"indsLclsCd" : "C1"				,"indsLclsNm" : "제조업"				,"indsMclsCd" : "C157"				,"indsMclsNm" : "영상, 음향 기기"				,"indsSclsCd" : "C15703"				,"indsSclsNm" : "라디오, 녹음 및 재생 기기 제조업"				,"stdrDt" : "2023-02-28"				}				,{				"indsLclsCd" : "C1"				,"indsLclsNm" : "제조업"				,"indsMclsCd" : "C157"				,"indsMclsNm" : "영상, 음향 기기"				,"indsSclsCd" : "C15702"				,"indsSclsNm" : "비디오 및 기타 영상 기기 제조업"				,"stdrDt" : "2023-02-28"				}				,{				"indsLclsCd" : "C1"				,"indsLclsNm" : "제조업"				,"indsMclsCd" : "C157"				,"indsMclsNm" : "영상, 음향 기기"				,"indsSclsCd" : "C15701"				,"indsSclsNm" : "텔레비전 제조업"				,"stdrDt" : "2023-02-28"				}			]	}}