{	"header" : {		"description" : "소상공인시장진흥공단 상권정보 업종소분류 코드"		,"columns" : ["상권업종대분류코드","상권업종대분류코드명","상권업종중분류코드","상권업종중분류코드명","상권업종소분류코드","상권업종소분류코드명","데이터기준일자"]		,"resultCode" : "00"		,"resultMsg" : "NORMAL SERVICE"	},	"body" : {			"items" : [				{				"indsLclsCd" : "C1"				,"indsLclsNm" : "제조업"				,"indsMclsCd" : "C158"				,"indsMclsNm" : "광학매체"				,"indsSclsCd" : "C15801"				,"indsSclsNm" : "마그네틱 및 광학 매체 제조업"				,"stdrDt" : "2023-02-28"				}			]	}}