{	"header" : {		"description" : "소상공인시장진흥공단 상권정보 업종소분류 코드"		,"columns" : ["상권업종대분류코드","상권업종대분류코드명","상권업종중분류코드","상권업종중분류코드명","상권업종소분류코드","상권업종소분류코드명","데이터기준일자"]		,"resultCode" : "00"		,"resultMsg" : "NORMAL SERVICE"	},	"body" : {			"items" : [				{				"indsLclsCd" : "C1"				,"indsLclsNm" : "제조업"				,"indsMclsCd" : "C159"				,"indsMclsNm" : "의료용 기기"				,"indsSclsCd" : "C15999"				,"indsSclsNm" : "그 외 기타 의료용 기기 제조업"				,"stdrDt" : "2023-02-28"				}				,{				"indsLclsCd" : "C1"				,"indsLclsNm" : "제조업"				,"indsMclsCd" : "C159"				,"indsMclsNm" : "의료용 기기"				,"indsSclsCd" : "C15901"				,"indsSclsNm" : "방사선 장치 제조업"				,"stdrDt" : "2023-02-28"				}				,{				"indsLclsCd" : "C1"				,"indsLclsNm" : "제조업"				,"indsMclsCd" : "C159"				,"indsMclsNm" : "의료용 기기"				,"indsSclsCd" : "C15905"				,"indsSclsNm" : "안경 및 안경렌즈 제조업"				,"stdrDt" : "2023-02-28"				}				,{				"indsLclsCd" : "C1"				,"indsLclsNm" : "제조업"				,"indsMclsCd" : "C159"				,"indsMclsNm" : "의료용 기기"				,"indsSclsCd" : "C15906"				,"indsSclsNm" : "의료용 가구 제조업"				,"stdrDt" : "2023-02-28"				}				,{				"indsLclsCd" : "C1"				,"indsLclsNm" : "제조업"				,"indsMclsCd" : "C159"				,"indsMclsNm" : "의료용 기기"				,"indsSclsCd" : "C15902"				,"indsSclsNm" : "전기식 진단 및 요법 기기 제조업"				,"stdrDt" : "2023-02-28"				}				,{				"indsLclsCd" : "C1"				,"indsLclsNm" : "제조업"				,"indsMclsCd" : "C159"				,"indsMclsNm" : "의료용 기기"				,"indsSclsCd" : "C15904"				,"indsSclsNm" : "정형 외과용 및 신체 보정용 기기 제조업"				,"stdrDt" : "2023-02-28"				}				,{				"indsLclsCd" : "C1"				,"indsLclsNm" : "제조업"				,"indsMclsCd" : "C159"				,"indsMclsNm" : "의료용 기기"				,"indsSclsCd" : "C15903"				,"indsSclsNm" : "치과용 기기 제조업"				,"stdrDt" : "2023-02-28"				}			]	}}