{	"header" : {		"description" : "소상공인시장진흥공단 상권정보 업종소분류 코드"		,"columns" : ["상권업종대분류코드","상권업종대분류코드명","상권업종중분류코드","상권업종중분류코드명","상권업종소분류코드","상권업종소분류코드명","데이터기준일자"]		,"resultCode" : "00"		,"resultMsg" : "NORMAL SERVICE"	},	"body" : {			"items" : [				{				"indsLclsCd" : "C"				,"indsLclsNm" : "도매/유통/무역"				,"indsMclsCd" : "C16"				,"indsMclsNm" : "가전제품도매"				,"indsSclsCd" : "C16A01"				,"indsSclsNm" : "가전제품도매"				,"stdrDt" : "2015-12-17"				}				,{				"indsLclsCd" : "C"				,"indsLclsNm" : "도매/유통/무역"				,"indsMclsCd" : "C16"				,"indsMclsNm" : "가전제품도매"				,"indsSclsCd" : "C16A99"				,"indsSclsNm" : "가정용전기기기도매-기타"				,"stdrDt" : "2015-12-17"				}				,{				"indsLclsCd" : "C"				,"indsLclsNm" : "도매/유통/무역"				,"indsMclsCd" : "C16"				,"indsMclsNm" : "가전제품도매"				,"indsSclsCd" : "C16A00"				,"indsSclsNm" : "가정용전기기기도매-종합"				,"stdrDt" : "2015-12-17"				}				,{				"indsLclsCd" : "C"				,"indsLclsNm" : "도매/유통/무역"				,"indsMclsCd" : "C16"				,"indsMclsNm" : "가전제품도매"				,"indsSclsCd" : "C16A03"				,"indsSclsNm" : "전기용품도매"				,"stdrDt" : "2015-12-17"				}				,{				"indsLclsCd" : "C"				,"indsLclsNm" : "도매/유통/무역"				,"indsMclsCd" : "C16"				,"indsMclsNm" : "가전제품도매"				,"indsSclsCd" : "C16A02"				,"indsSclsNm" : "조명기구도매"				,"stdrDt" : "2015-12-17"				}			]	}}