{	"header" : {		"description" : "소상공인시장진흥공단 상권정보 업종소분류 코드"		,"columns" : ["상권업종대분류코드","상권업종대분류코드명","상권업종중분류코드","상권업종중분류코드명","상권업종소분류코드","상권업종소분류코드명","데이터기준일자"]		,"resultCode" : "00"		,"resultMsg" : "NORMAL SERVICE"	},	"body" : {			"items" : [				{				"indsLclsCd" : "C1"				,"indsLclsNm" : "제조업"				,"indsMclsCd" : "C160"				,"indsMclsNm" : "정밀기기"				,"indsSclsCd" : "C16005"				,"indsSclsNm" : "기기용 자동 측정 및 제어장치 제조업"				,"stdrDt" : "2023-02-28"				}				,{				"indsLclsCd" : "C1"				,"indsLclsNm" : "제조업"				,"indsMclsCd" : "C160"				,"indsMclsNm" : "정밀기기"				,"indsSclsCd" : "C16099"				,"indsSclsNm" : "기타 측정, 시험, 항해, 제어 및 정밀 기기 제조업"				,"stdrDt" : "2023-02-28"				}				,{				"indsLclsCd" : "C1"				,"indsLclsNm" : "제조업"				,"indsMclsCd" : "C160"				,"indsMclsNm" : "정밀기기"				,"indsSclsCd" : "C16001"				,"indsSclsNm" : "레이더, 항행용 무선 기기 및 측량 기구 제조업"				,"stdrDt" : "2023-02-28"				}				,{				"indsLclsCd" : "C1"				,"indsLclsNm" : "제조업"				,"indsMclsCd" : "C160"				,"indsMclsNm" : "정밀기기"				,"indsSclsCd" : "C16003"				,"indsSclsNm" : "물질 검사, 측정 및 분석 기구 제조업"				,"stdrDt" : "2023-02-28"				}				,{				"indsLclsCd" : "C1"				,"indsLclsNm" : "제조업"				,"indsMclsCd" : "C160"				,"indsMclsNm" : "정밀기기"				,"indsSclsCd" : "C16006"				,"indsSclsNm" : "산업 처리공정 제어장비 제조업"				,"stdrDt" : "2023-02-28"				}				,{				"indsLclsCd" : "C1"				,"indsLclsNm" : "제조업"				,"indsMclsCd" : "C160"				,"indsMclsNm" : "정밀기기"				,"indsSclsCd" : "C16004"				,"indsSclsNm" : "속도계 및 적산계기 제조업"				,"stdrDt" : "2023-02-28"				}				,{				"indsLclsCd" : "C1"				,"indsLclsNm" : "제조업"				,"indsMclsCd" : "C160"				,"indsMclsNm" : "정밀기기"				,"indsSclsCd" : "C16002"				,"indsSclsNm" : "전자기 측정, 시험 및 분석 기구 제조업"				,"stdrDt" : "2023-02-28"				}			]	}}