{	"header" : {		"description" : "소상공인시장진흥공단 상권정보 업종소분류 코드"		,"columns" : ["상권업종대분류코드","상권업종대분류코드명","상권업종중분류코드","상권업종중분류코드명","상권업종소분류코드","상권업종소분류코드명","데이터기준일자"]		,"resultCode" : "00"		,"resultMsg" : "NORMAL SERVICE"	},	"body" : {			"items" : [				{				"indsLclsCd" : "C1"				,"indsLclsNm" : "제조업"				,"indsMclsCd" : "C161"				,"indsMclsNm" : "사진, 광학기기"				,"indsSclsCd" : "C16101"				,"indsSclsNm" : "광학 렌즈 및 광학 요소 제조업"				,"stdrDt" : "2023-02-28"				}				,{				"indsLclsCd" : "C1"				,"indsLclsNm" : "제조업"				,"indsMclsCd" : "C161"				,"indsMclsNm" : "사진, 광학기기"				,"indsSclsCd" : "C16199"				,"indsSclsNm" : "기타 광학 기기 제조업"				,"stdrDt" : "2023-02-28"				}				,{				"indsLclsCd" : "C1"				,"indsLclsNm" : "제조업"				,"indsMclsCd" : "C161"				,"indsMclsNm" : "사진, 광학기기"				,"indsSclsCd" : "C16102"				,"indsSclsNm" : "사진기, 영사기 및 관련 장비 제조업"				,"stdrDt" : "2023-02-28"				}			]	}}