{	"header" : {		"description" : "소상공인시장진흥공단 상권정보 업종소분류 코드"		,"columns" : ["상권업종대분류코드","상권업종대분류코드명","상권업종중분류코드","상권업종중분류코드명","상권업종소분류코드","상권업종소분류코드명","데이터기준일자"]		,"resultCode" : "00"		,"resultMsg" : "NORMAL SERVICE"	},	"body" : {			"items" : [				{				"indsLclsCd" : "C1"				,"indsLclsNm" : "제조업"				,"indsMclsCd" : "C163"				,"indsMclsNm" : "전동기, 발전기 관련"				,"indsSclsCd" : "C16305"				,"indsSclsNm" : "기타 전기 변환장치 제조업"				,"stdrDt" : "2023-02-28"				}				,{				"indsLclsCd" : "C1"				,"indsLclsNm" : "제조업"				,"indsMclsCd" : "C163"				,"indsMclsNm" : "전동기, 발전기 관련"				,"indsSclsCd" : "C16303"				,"indsSclsNm" : "방전 램프용 안정기 제조업"				,"stdrDt" : "2023-02-28"				}				,{				"indsLclsCd" : "C1"				,"indsLclsNm" : "제조업"				,"indsMclsCd" : "C163"				,"indsMclsNm" : "전동기, 발전기 관련"				,"indsSclsCd" : "C16308"				,"indsSclsNm" : "배전반 및 전기 자동제어반 제조업"				,"stdrDt" : "2023-02-28"				}				,{				"indsLclsCd" : "C1"				,"indsLclsNm" : "제조업"				,"indsMclsCd" : "C163"				,"indsMclsNm" : "전동기, 발전기 관련"				,"indsSclsCd" : "C16302"				,"indsSclsNm" : "변압기 제조업"				,"stdrDt" : "2023-02-28"				}				,{				"indsLclsCd" : "C1"				,"indsLclsNm" : "제조업"				,"indsMclsCd" : "C163"				,"indsMclsNm" : "전동기, 발전기 관련"				,"indsSclsCd" : "C16304"				,"indsSclsNm" : "에너지 저장장치 제조업"				,"stdrDt" : "2023-02-28"				}				,{				"indsLclsCd" : "C1"				,"indsLclsNm" : "제조업"				,"indsMclsCd" : "C163"				,"indsMclsNm" : "전동기, 발전기 관련"				,"indsSclsCd" : "C16306"				,"indsSclsNm" : "전기회로 개폐, 보호 장치 제조업"				,"stdrDt" : "2023-02-28"				}				,{				"indsLclsCd" : "C1"				,"indsLclsNm" : "제조업"				,"indsMclsCd" : "C163"				,"indsMclsNm" : "전동기, 발전기 관련"				,"indsSclsCd" : "C16307"				,"indsSclsNm" : "전기회로 접속장치 제조업"				,"stdrDt" : "2023-02-28"				}				,{				"indsLclsCd" : "C1"				,"indsLclsNm" : "제조업"				,"indsMclsCd" : "C163"				,"indsMclsNm" : "전동기, 발전기 관련"				,"indsSclsCd" : "C16301"				,"indsSclsNm" : "전동기 및 발전기 제조업"				,"stdrDt" : "2023-02-28"				}			]	}}