{	"header" : {		"description" : "소상공인시장진흥공단 상권정보 업종소분류 코드"		,"columns" : ["상권업종대분류코드","상권업종대분류코드명","상권업종중분류코드","상권업종중분류코드명","상권업종소분류코드","상권업종소분류코드명","데이터기준일자"]		,"resultCode" : "00"		,"resultMsg" : "NORMAL SERVICE"	},	"body" : {			"items" : [				{				"indsLclsCd" : "C1"				,"indsLclsNm" : "제조업"				,"indsMclsCd" : "C165"				,"indsMclsNm" : "절연선"				,"indsSclsCd" : "C16501"				,"indsSclsNm" : "광섬유 케이블 제조업"				,"stdrDt" : "2023-02-28"				}				,{				"indsLclsCd" : "C1"				,"indsLclsNm" : "제조업"				,"indsMclsCd" : "C165"				,"indsMclsNm" : "절연선"				,"indsSclsCd" : "C16502"				,"indsSclsNm" : "기타 절연선 및 케이블 제조업"				,"stdrDt" : "2023-02-28"				}				,{				"indsLclsCd" : "C1"				,"indsLclsNm" : "제조업"				,"indsMclsCd" : "C165"				,"indsMclsNm" : "절연선"				,"indsSclsCd" : "C16503"				,"indsSclsNm" : "절연 코드세트 및 기타 도체 제조업"				,"stdrDt" : "2023-02-28"				}			]	}}