{	"header" : {		"description" : "소상공인시장진흥공단 상권정보 업종소분류 코드"		,"columns" : ["상권업종대분류코드","상권업종대분류코드명","상권업종중분류코드","상권업종중분류코드명","상권업종소분류코드","상권업종소분류코드명","데이터기준일자"]		,"resultCode" : "00"		,"resultMsg" : "NORMAL SERVICE"	},	"body" : {			"items" : [				{				"indsLclsCd" : "C1"				,"indsLclsNm" : "제조업"				,"indsMclsCd" : "C166"				,"indsMclsNm" : "전구, 조명"				,"indsSclsCd" : "C16699"				,"indsSclsNm" : "기타 조명장치 제조업"				,"stdrDt" : "2023-02-28"				}				,{				"indsLclsCd" : "C1"				,"indsLclsNm" : "제조업"				,"indsMclsCd" : "C166"				,"indsMclsNm" : "전구, 조명"				,"indsSclsCd" : "C16602"				,"indsSclsNm" : "운송장비용 조명장치 제조업"				,"stdrDt" : "2023-02-28"				}				,{				"indsLclsCd" : "C1"				,"indsLclsNm" : "제조업"				,"indsMclsCd" : "C166"				,"indsMclsNm" : "전구, 조명"				,"indsSclsCd" : "C16603"				,"indsSclsNm" : "일반용 전기 조명장치 제조업"				,"stdrDt" : "2023-02-28"				}				,{				"indsLclsCd" : "C1"				,"indsLclsNm" : "제조업"				,"indsMclsCd" : "C166"				,"indsMclsNm" : "전구, 조명"				,"indsSclsCd" : "C16601"				,"indsSclsNm" : "전구 및 램프 제조업"				,"stdrDt" : "2023-02-28"				}				,{				"indsLclsCd" : "C1"				,"indsLclsNm" : "제조업"				,"indsMclsCd" : "C166"				,"indsMclsNm" : "전구, 조명"				,"indsSclsCd" : "C16604"				,"indsSclsNm" : "전시 및 광고용 조명장치 제조업"				,"stdrDt" : "2023-02-28"				}			]	}}