{	"header" : {		"description" : "소상공인시장진흥공단 상권정보 업종소분류 코드"		,"columns" : ["상권업종대분류코드","상권업종대분류코드명","상권업종중분류코드","상권업종중분류코드명","상권업종소분류코드","상권업종소분류코드명","데이터기준일자"]		,"resultCode" : "00"		,"resultMsg" : "NORMAL SERVICE"	},	"body" : {			"items" : [				{				"indsLclsCd" : "C1"				,"indsLclsNm" : "제조업"				,"indsMclsCd" : "C167"				,"indsMclsNm" : "가정용기기"				,"indsSclsCd" : "C16704"				,"indsSclsNm" : "가정용 비전기식 조리 및 난방 기구 제조업"				,"stdrDt" : "2023-02-28"				}				,{				"indsLclsCd" : "C1"				,"indsLclsNm" : "제조업"				,"indsMclsCd" : "C167"				,"indsMclsNm" : "가정용기기"				,"indsSclsCd" : "C16702"				,"indsSclsNm" : "가정용 전기 난방기기 제조업"				,"stdrDt" : "2023-02-28"				}				,{				"indsLclsCd" : "C1"				,"indsLclsNm" : "제조업"				,"indsMclsCd" : "C167"				,"indsMclsNm" : "가정용기기"				,"indsSclsCd" : "C16703"				,"indsSclsNm" : "기타 가정용 전기 기기 제조업"				,"stdrDt" : "2023-02-28"				}				,{				"indsLclsCd" : "C1"				,"indsLclsNm" : "제조업"				,"indsMclsCd" : "C167"				,"indsMclsNm" : "가정용기기"				,"indsSclsCd" : "C16701"				,"indsSclsNm" : "주방용 전기 기기 제조업"				,"stdrDt" : "2023-02-28"				}			]	}}