{	"header" : {		"description" : "소상공인시장진흥공단 상권정보 업종소분류 코드"		,"columns" : ["상권업종대분류코드","상권업종대분류코드명","상권업종중분류코드","상권업종중분류코드명","상권업종소분류코드","상권업종소분류코드명","데이터기준일자"]		,"resultCode" : "00"		,"resultMsg" : "NORMAL SERVICE"	},	"body" : {			"items" : [				{				"indsLclsCd" : "C1"				,"indsLclsNm" : "제조업"				,"indsMclsCd" : "C168"				,"indsMclsNm" : "기타 전기장비"				,"indsSclsCd" : "C16803"				,"indsSclsNm" : "교통 신호장치 제조업"				,"stdrDt" : "2023-02-28"				}				,{				"indsLclsCd" : "C1"				,"indsLclsNm" : "제조업"				,"indsMclsCd" : "C168"				,"indsMclsNm" : "기타 전기장비"				,"indsSclsCd" : "C16899"				,"indsSclsNm" : "그 외 기타 전기장비 제조업"				,"stdrDt" : "2023-02-28"				}				,{				"indsLclsCd" : "C1"				,"indsLclsNm" : "제조업"				,"indsMclsCd" : "C168"				,"indsMclsNm" : "기타 전기장비"				,"indsSclsCd" : "C16801"				,"indsSclsNm" : "전기 경보 및 신호장치 제조업"				,"stdrDt" : "2023-02-28"				}				,{				"indsLclsCd" : "C1"				,"indsLclsNm" : "제조업"				,"indsMclsCd" : "C168"				,"indsMclsNm" : "기타 전기장비"				,"indsSclsCd" : "C16802"				,"indsSclsNm" : "전기용 탄소제품 및 절연제품 제조업"				,"stdrDt" : "2023-02-28"				}			]	}}