{	"header" : {		"description" : "소상공인시장진흥공단 상권정보 업종소분류 코드"		,"columns" : ["상권업종대분류코드","상권업종대분류코드명","상권업종중분류코드","상권업종중분류코드명","상권업종소분류코드","상권업종소분류코드명","데이터기준일자"]		,"resultCode" : "00"		,"resultMsg" : "NORMAL SERVICE"	},	"body" : {			"items" : [				{				"indsLclsCd" : "C1"				,"indsLclsNm" : "제조업"				,"indsMclsCd" : "C169"				,"indsMclsNm" : "일반목적기계"				,"indsSclsCd" : "C16915"				,"indsSclsNm" : "공기 조화장치 제조업"				,"stdrDt" : "2023-02-28"				}				,{				"indsLclsCd" : "C1"				,"indsLclsNm" : "제조업"				,"indsMclsCd" : "C169"				,"indsMclsNm" : "일반목적기계"				,"indsSclsCd" : "C16907"				,"indsSclsNm" : "구름베어링 제조업"				,"stdrDt" : "2023-02-28"				}				,{				"indsLclsCd" : "C1"				,"indsLclsNm" : "제조업"				,"indsMclsCd" : "C169"				,"indsMclsNm" : "일반목적기계"				,"indsSclsCd" : "C16999"				,"indsSclsNm" : "그 외 기타 일반 목적용 기계 제조업"				,"stdrDt" : "2023-02-28"				}				,{				"indsLclsCd" : "C1"				,"indsLclsNm" : "제조업"				,"indsMclsCd" : "C169"				,"indsMclsNm" : "일반목적기계"				,"indsSclsCd" : "C16908"				,"indsSclsNm" : "기어 및 동력전달장치 제조업"				,"stdrDt" : "2023-02-28"				}				,{				"indsLclsCd" : "C1"				,"indsLclsNm" : "제조업"				,"indsMclsCd" : "C169"				,"indsMclsNm" : "일반목적기계"				,"indsSclsCd" : "C16917"				,"indsSclsNm" : "기체 여과기 제조업"				,"stdrDt" : "2023-02-28"				}				,{				"indsLclsCd" : "C1"				,"indsLclsNm" : "제조업"				,"indsMclsCd" : "C169"				,"indsMclsNm" : "일반목적기계"				,"indsSclsCd" : "C16905"				,"indsSclsNm" : "기체 펌프 및 압축기 제조업"				,"stdrDt" : "2023-02-28"				}				,{				"indsLclsCd" : "C1"				,"indsLclsNm" : "제조업"				,"indsMclsCd" : "C169"				,"indsMclsNm" : "일반목적기계"				,"indsSclsCd" : "C16902"				,"indsSclsNm" : "기타 기관 및 터빈 제조업"				,"stdrDt" : "2023-02-28"				}				,{				"indsLclsCd" : "C1"				,"indsLclsNm" : "제조업"				,"indsMclsCd" : "C169"				,"indsMclsNm" : "일반목적기계"				,"indsSclsCd" : "C16913"				,"indsSclsNm" : "기타 물품 취급장비 제조업"				,"stdrDt" : "2023-02-28"				}				,{				"indsLclsCd" : "C1"				,"indsLclsNm" : "제조업"				,"indsMclsCd" : "C169"				,"indsMclsNm" : "일반목적기계"				,"indsSclsCd" : "C16901"				,"indsSclsNm" : "내연기관 제조업"				,"stdrDt" : "2023-02-28"				}				,{				"indsLclsCd" : "C1"				,"indsLclsNm" : "제조업"				,"indsMclsCd" : "C169"				,"indsMclsNm" : "일반목적기계"				,"indsSclsCd" : "C16924"				,"indsSclsNm" : "동력식 수지 공구 제조업"				,"stdrDt" : "2023-02-28"				}				,{				"indsLclsCd" : "C1"				,"indsLclsNm" : "제조업"				,"indsMclsCd" : "C169"				,"indsMclsNm" : "일반목적기계"				,"indsSclsCd" : "C16923"				,"indsSclsNm" : "분사기 및 소화기 제조업"				,"stdrDt" : "2023-02-28"				}				,{				"indsLclsCd" : "C1"				,"indsLclsNm" : "제조업"				,"indsMclsCd" : "C169"				,"indsMclsNm" : "일반목적기계"				,"indsSclsCd" : "C16920"				,"indsSclsNm" : "사무용 기계 및 장비 제조업"				,"stdrDt" : "2023-02-28"				}				,{				"indsLclsCd" : "C1"				,"indsLclsNm" : "제조업"				,"indsMclsCd" : "C169"				,"indsMclsNm" : "일반목적기계"				,"indsSclsCd" : "C16914"				,"indsSclsNm" : "산업용 냉장 및 냉동장비 제조업"				,"stdrDt" : "2023-02-28"				}				,{				"indsLclsCd" : "C1"				,"indsLclsNm" : "제조업"				,"indsMclsCd" : "C169"				,"indsMclsNm" : "일반목적기계"				,"indsSclsCd" : "C16916"				,"indsSclsNm" : "산업용 송풍기 및 배기장치 제조업"				,"stdrDt" : "2023-02-28"				}				,{				"indsLclsCd" : "C1"				,"indsLclsNm" : "제조업"				,"indsMclsCd" : "C169"				,"indsMclsNm" : "일반목적기계"				,"indsSclsCd" : "C16909"				,"indsSclsNm" : "산업용 오븐, 노 및 노용 버너 제조업"				,"stdrDt" : "2023-02-28"				}				,{				"indsLclsCd" : "C1"				,"indsLclsNm" : "제조업"				,"indsMclsCd" : "C169"				,"indsMclsNm" : "일반목적기계"				,"indsSclsCd" : "C16910"				,"indsSclsNm" : "산업용 트럭 및 적재기 제조업"				,"stdrDt" : "2023-02-28"				}				,{				"indsLclsCd" : "C1"				,"indsLclsNm" : "제조업"				,"indsMclsCd" : "C169"				,"indsMclsNm" : "일반목적기계"				,"indsSclsCd" : "C16911"				,"indsSclsNm" : "승강기 제조업"				,"stdrDt" : "2023-02-28"				}				,{				"indsLclsCd" : "C1"				,"indsLclsNm" : "제조업"				,"indsMclsCd" : "C169"				,"indsMclsNm" : "일반목적기계"				,"indsSclsCd" : "C16918"				,"indsSclsNm" : "액체 여과기 제조업"				,"stdrDt" : "2023-02-28"				}				,{				"indsLclsCd" : "C1"				,"indsLclsNm" : "제조업"				,"indsMclsCd" : "C169"				,"indsMclsNm" : "일반목적기계"				,"indsSclsCd" : "C16904"				,"indsSclsNm" : "액체 펌프 제조업"				,"stdrDt" : "2023-02-28"				}				,{				"indsLclsCd" : "C1"				,"indsLclsNm" : "제조업"				,"indsMclsCd" : "C169"				,"indsMclsNm" : "일반목적기계"				,"indsSclsCd" : "C16922"				,"indsSclsNm" : "용기 세척, 포장 및 충전기 제조업"				,"stdrDt" : "2023-02-28"				}				,{				"indsLclsCd" : "C1"				,"indsLclsNm" : "제조업"				,"indsMclsCd" : "C169"				,"indsMclsNm" : "일반목적기계"				,"indsSclsCd" : "C16903"				,"indsSclsNm" : "유압 기기 제조업"				,"stdrDt" : "2023-02-28"				}				,{				"indsLclsCd" : "C1"				,"indsLclsNm" : "제조업"				,"indsMclsCd" : "C169"				,"indsMclsNm" : "일반목적기계"				,"indsSclsCd" : "C16921"				,"indsSclsNm" : "일반 저울 제조업"				,"stdrDt" : "2023-02-28"				}				,{				"indsLclsCd" : "C1"				,"indsLclsNm" : "제조업"				,"indsMclsCd" : "C169"				,"indsMclsNm" : "일반목적기계"				,"indsSclsCd" : "C16919"				,"indsSclsNm" : "증류기, 열 교환기 및 가스 발생기 제조업"				,"stdrDt" : "2023-02-28"				}				,{				"indsLclsCd" : "C1"				,"indsLclsNm" : "제조업"				,"indsMclsCd" : "C169"				,"indsMclsNm" : "일반목적기계"				,"indsSclsCd" : "C16912"				,"indsSclsNm" : "컨베이어 장치 제조업"				,"stdrDt" : "2023-02-28"				}				,{				"indsLclsCd" : "C1"				,"indsLclsNm" : "제조업"				,"indsMclsCd" : "C169"				,"indsMclsNm" : "일반목적기계"				,"indsSclsCd" : "C16906"				,"indsSclsNm" : "탭, 밸브 및 유사 장치 제조업"				,"stdrDt" : "2023-02-28"				}			]	}}