{	"header" : {		"description" : "소상공인시장진흥공단 상권정보 업종소분류 코드"		,"columns" : ["상권업종대분류코드","상권업종대분류코드명","상권업종중분류코드","상권업종중분류코드명","상권업종소분류코드","상권업종소분류코드명","데이터기준일자"]		,"resultCode" : "00"		,"resultMsg" : "NORMAL SERVICE"	},	"body" : {			"items" : [				{				"indsLclsCd" : "C"				,"indsLclsNm" : "도매/유통/무역"				,"indsMclsCd" : "C17"				,"indsMclsNm" : "주방용품도매"				,"indsSclsCd" : "C17A04"				,"indsSclsNm" : "그릇도매"				,"stdrDt" : "2015-12-17"				}				,{				"indsLclsCd" : "C"				,"indsLclsNm" : "도매/유통/무역"				,"indsMclsCd" : "C17"				,"indsMclsNm" : "주방용품도매"				,"indsSclsCd" : "C17A03"				,"indsSclsNm" : "조리가열기기도매"				,"stdrDt" : "2015-12-17"				}				,{				"indsLclsCd" : "C"				,"indsLclsNm" : "도매/유통/무역"				,"indsMclsCd" : "C17"				,"indsMclsNm" : "주방용품도매"				,"indsSclsCd" : "C17A99"				,"indsSclsNm" : "주방가구/기기도매-기타"				,"stdrDt" : "2015-12-17"				}				,{				"indsLclsCd" : "C"				,"indsLclsNm" : "도매/유통/무역"				,"indsMclsCd" : "C17"				,"indsMclsNm" : "주방용품도매"				,"indsSclsCd" : "C17A00"				,"indsSclsNm" : "주방가구/기기도매-종합"				,"stdrDt" : "2015-12-17"				}				,{				"indsLclsCd" : "C"				,"indsLclsNm" : "도매/유통/무역"				,"indsMclsCd" : "C17"				,"indsMclsNm" : "주방용품도매"				,"indsSclsCd" : "C17A01"				,"indsSclsNm" : "주방가구도매"				,"stdrDt" : "2015-12-17"				}				,{				"indsLclsCd" : "C"				,"indsLclsNm" : "도매/유통/무역"				,"indsMclsCd" : "C17"				,"indsMclsNm" : "주방용품도매"				,"indsSclsCd" : "C17A02"				,"indsSclsNm" : "주방기구도매"				,"stdrDt" : "2015-12-17"				}			]	}}