{	"header" : {		"description" : "소상공인시장진흥공단 상권정보 업종소분류 코드"		,"columns" : ["상권업종대분류코드","상권업종대분류코드명","상권업종중분류코드","상권업종중분류코드명","상권업종소분류코드","상권업종소분류코드명","데이터기준일자"]		,"resultCode" : "00"		,"resultMsg" : "NORMAL SERVICE"	},	"body" : {			"items" : [				{				"indsLclsCd" : "C1"				,"indsLclsNm" : "제조업"				,"indsMclsCd" : "C170"				,"indsMclsNm" : "특수목적기계"				,"indsSclsCd" : "C17008"				,"indsSclsNm" : "건설 및 채광용 기계장비 제조업"				,"stdrDt" : "2023-02-28"				}				,{				"indsLclsCd" : "C1"				,"indsLclsNm" : "제조업"				,"indsMclsCd" : "C170"				,"indsMclsNm" : "특수목적기계"				,"indsSclsCd" : "C17017"				,"indsSclsNm" : "고무, 화학섬유 및 플라스틱 성형기 제조업"				,"stdrDt" : "2023-02-28"				}				,{				"indsLclsCd" : "C1"				,"indsLclsNm" : "제조업"				,"indsMclsCd" : "C170"				,"indsMclsNm" : "특수목적기계"				,"indsSclsCd" : "C17009"				,"indsSclsNm" : "광물 처리 및 취급장비 제조업"				,"stdrDt" : "2023-02-28"				}				,{				"indsLclsCd" : "C1"				,"indsLclsNm" : "제조업"				,"indsMclsCd" : "C170"				,"indsMclsNm" : "특수목적기계"				,"indsSclsCd" : "C17099"				,"indsSclsNm" : "그 외 기타 특수 목적용 기계 제조업"				,"stdrDt" : "2023-02-28"				}				,{				"indsLclsCd" : "C1"				,"indsLclsNm" : "제조업"				,"indsMclsCd" : "C170"				,"indsMclsNm" : "특수목적기계"				,"indsSclsCd" : "C17005"				,"indsSclsNm" : "금속 성형기계 제조업"				,"stdrDt" : "2023-02-28"				}				,{				"indsLclsCd" : "C1"				,"indsLclsNm" : "제조업"				,"indsMclsCd" : "C170"				,"indsMclsNm" : "특수목적기계"				,"indsSclsCd" : "C17004"				,"indsSclsNm" : "금속 절삭기계 제조업"				,"stdrDt" : "2023-02-28"				}				,{				"indsLclsCd" : "C1"				,"indsLclsNm" : "제조업"				,"indsMclsCd" : "C170"				,"indsMclsNm" : "특수목적기계"				,"indsSclsCd" : "C17007"				,"indsSclsNm" : "금속 주조 및 기타 야금용 기계 제조업"				,"stdrDt" : "2023-02-28"				}				,{				"indsLclsCd" : "C1"				,"indsLclsNm" : "제조업"				,"indsMclsCd" : "C170"				,"indsMclsNm" : "특수목적기계"				,"indsSclsCd" : "C17006"				,"indsSclsNm" : "기타 가공 공작기계 제조업"				,"stdrDt" : "2023-02-28"				}				,{				"indsLclsCd" : "C1"				,"indsLclsNm" : "제조업"				,"indsMclsCd" : "C170"				,"indsMclsNm" : "특수목적기계"				,"indsSclsCd" : "C17012"				,"indsSclsNm" : "기타 섬유, 의복 및 가죽 가공기계 제조업"				,"stdrDt" : "2023-02-28"				}				,{				"indsLclsCd" : "C1"				,"indsLclsNm" : "제조업"				,"indsMclsCd" : "C170"				,"indsMclsNm" : "특수목적기계"				,"indsSclsCd" : "C17001"				,"indsSclsNm" : "농업 및 임업용 기계 제조업"				,"stdrDt" : "2023-02-28"				}				,{				"indsLclsCd" : "C1"				,"indsLclsNm" : "제조업"				,"indsMclsCd" : "C170"				,"indsMclsNm" : "특수목적기계"				,"indsSclsCd" : "C17014"				,"indsSclsNm" : "디스플레이 제조용 기계 제조업"				,"stdrDt" : "2023-02-28"				}				,{				"indsLclsCd" : "C1"				,"indsLclsNm" : "제조업"				,"indsMclsCd" : "C170"				,"indsMclsNm" : "특수목적기계"				,"indsSclsCd" : "C17003"				,"indsSclsNm" : "디지털 적층 성형기계 제조업"				,"stdrDt" : "2023-02-28"				}				,{				"indsLclsCd" : "C1"				,"indsLclsNm" : "제조업"				,"indsMclsCd" : "C170"				,"indsMclsNm" : "특수목적기계"				,"indsSclsCd" : "C17013"				,"indsSclsNm" : "반도체 제조용 기계 제조업"				,"stdrDt" : "2023-02-28"				}				,{				"indsLclsCd" : "C1"				,"indsLclsNm" : "제조업"				,"indsMclsCd" : "C170"				,"indsMclsNm" : "특수목적기계"				,"indsSclsCd" : "C17015"				,"indsSclsNm" : "산업용 로봇 제조업"				,"stdrDt" : "2023-02-28"				}				,{				"indsLclsCd" : "C1"				,"indsLclsNm" : "제조업"				,"indsMclsCd" : "C170"				,"indsMclsNm" : "특수목적기계"				,"indsSclsCd" : "C17011"				,"indsSclsNm" : "산업용 섬유 세척, 염색, 정리 및 가공 기계 제조업"				,"stdrDt" : "2023-02-28"				}				,{				"indsLclsCd" : "C1"				,"indsLclsNm" : "제조업"				,"indsMclsCd" : "C170"				,"indsMclsNm" : "특수목적기계"				,"indsSclsCd" : "C17010"				,"indsSclsNm" : "음ㆍ식료품 및 담배 가공기계 제조업"				,"stdrDt" : "2023-02-28"				}				,{				"indsLclsCd" : "C1"				,"indsLclsNm" : "제조업"				,"indsMclsCd" : "C170"				,"indsMclsNm" : "특수목적기계"				,"indsSclsCd" : "C17018"				,"indsSclsNm" : "인쇄 및 제책용 기계 제조업"				,"stdrDt" : "2023-02-28"				}				,{				"indsLclsCd" : "C1"				,"indsLclsNm" : "제조업"				,"indsMclsCd" : "C170"				,"indsMclsNm" : "특수목적기계"				,"indsSclsCd" : "C17002"				,"indsSclsNm" : "전자 응용 절삭기계 제조업"				,"stdrDt" : "2023-02-28"				}				,{				"indsLclsCd" : "C1"				,"indsLclsNm" : "제조업"				,"indsMclsCd" : "C170"				,"indsMclsNm" : "특수목적기계"				,"indsSclsCd" : "C17019"				,"indsSclsNm" : "주형 및 금형 제조업"				,"stdrDt" : "2023-02-28"				}				,{				"indsLclsCd" : "C1"				,"indsLclsNm" : "제조업"				,"indsMclsCd" : "C170"				,"indsMclsNm" : "특수목적기계"				,"indsSclsCd" : "C17016"				,"indsSclsNm" : "펄프 및 종이 가공용 기계 제조업"				,"stdrDt" : "2023-02-28"				}			]	}}