{	"header" : {		"description" : "소상공인시장진흥공단 상권정보 업종소분류 코드"		,"columns" : ["상권업종대분류코드","상권업종대분류코드명","상권업종중분류코드","상권업종중분류코드명","상권업종소분류코드","상권업종소분류코드명","데이터기준일자"]		,"resultCode" : "00"		,"resultMsg" : "NORMAL SERVICE"	},	"body" : {			"items" : [				{				"indsLclsCd" : "C1"				,"indsLclsNm" : "제조업"				,"indsMclsCd" : "C171"				,"indsMclsNm" : "자동차, 엔진"				,"indsSclsCd" : "C17102"				,"indsSclsNm" : "승용차 및 기타 여객용 자동차 제조업"				,"stdrDt" : "2023-02-28"				}				,{				"indsLclsCd" : "C1"				,"indsLclsNm" : "제조업"				,"indsMclsCd" : "C171"				,"indsMclsNm" : "자동차, 엔진"				,"indsSclsCd" : "C17101"				,"indsSclsNm" : "자동차용 엔진 제조업"				,"stdrDt" : "2023-02-28"				}				,{				"indsLclsCd" : "C1"				,"indsLclsNm" : "제조업"				,"indsMclsCd" : "C171"				,"indsMclsNm" : "자동차, 엔진"				,"indsSclsCd" : "C17103"				,"indsSclsNm" : "화물 자동차 및 특수 목적용 자동차 제조업"				,"stdrDt" : "2023-02-28"				}			]	}}