{	"header" : {		"description" : "소상공인시장진흥공단 상권정보 업종소분류 코드"		,"columns" : ["상권업종대분류코드","상권업종대분류코드명","상권업종중분류코드","상권업종중분류코드명","상권업종소분류코드","상권업종소분류코드명","데이터기준일자"]		,"resultCode" : "00"		,"resultMsg" : "NORMAL SERVICE"	},	"body" : {			"items" : [				{				"indsLclsCd" : "C1"				,"indsLclsNm" : "제조업"				,"indsMclsCd" : "C172"				,"indsMclsNm" : "자동차차체"				,"indsSclsCd" : "C17202"				,"indsSclsNm" : "자동차 구조 및 장치 변경업"				,"stdrDt" : "2023-02-28"				}				,{				"indsLclsCd" : "C1"				,"indsLclsNm" : "제조업"				,"indsMclsCd" : "C172"				,"indsMclsNm" : "자동차차체"				,"indsSclsCd" : "C17201"				,"indsSclsNm" : "차체 및 특장차 제조업"				,"stdrDt" : "2023-02-28"				}				,{				"indsLclsCd" : "C1"				,"indsLclsNm" : "제조업"				,"indsMclsCd" : "C172"				,"indsMclsNm" : "자동차차체"				,"indsSclsCd" : "C17203"				,"indsSclsNm" : "트레일러 및 세미 트레일러 제조업"				,"stdrDt" : "2023-02-28"				}			]	}}