{	"header" : {		"description" : "소상공인시장진흥공단 상권정보 업종소분류 코드"		,"columns" : ["상권업종대분류코드","상권업종대분류코드명","상권업종중분류코드","상권업종중분류코드명","상권업종소분류코드","상권업종소분류코드명","데이터기준일자"]		,"resultCode" : "00"		,"resultMsg" : "NORMAL SERVICE"	},	"body" : {			"items" : [				{				"indsLclsCd" : "C1"				,"indsLclsNm" : "제조업"				,"indsMclsCd" : "C173"				,"indsMclsNm" : "자동차 신부품"				,"indsSclsCd" : "C17308"				,"indsSclsNm" : "그 외 자동차용 신품 부품 제조업"				,"stdrDt" : "2023-02-28"				}				,{				"indsLclsCd" : "C1"				,"indsLclsNm" : "제조업"				,"indsMclsCd" : "C173"				,"indsMclsNm" : "자동차 신부품"				,"indsSclsCd" : "C17301"				,"indsSclsNm" : "자동차 엔진용 신품 부품 제조업"				,"stdrDt" : "2023-02-28"				}				,{				"indsLclsCd" : "C1"				,"indsLclsNm" : "제조업"				,"indsMclsCd" : "C173"				,"indsMclsNm" : "자동차 신부품"				,"indsSclsCd" : "C17302"				,"indsSclsNm" : "자동차 차체용 신품 부품 제조업"				,"stdrDt" : "2023-02-28"				}				,{				"indsLclsCd" : "C1"				,"indsLclsNm" : "제조업"				,"indsMclsCd" : "C173"				,"indsMclsNm" : "자동차 신부품"				,"indsSclsCd" : "C17303"				,"indsSclsNm" : "자동차용 신품 동력 전달장치 제조업"				,"stdrDt" : "2023-02-28"				}				,{				"indsLclsCd" : "C1"				,"indsLclsNm" : "제조업"				,"indsMclsCd" : "C173"				,"indsMclsNm" : "자동차 신부품"				,"indsSclsCd" : "C17307"				,"indsSclsNm" : "자동차용 신품 의자 제조업"				,"stdrDt" : "2023-02-28"				}				,{				"indsLclsCd" : "C1"				,"indsLclsNm" : "제조업"				,"indsMclsCd" : "C173"				,"indsMclsNm" : "자동차 신부품"				,"indsSclsCd" : "C17304"				,"indsSclsNm" : "자동차용 신품 전기장치 제조업"				,"stdrDt" : "2023-02-28"				}				,{				"indsLclsCd" : "C1"				,"indsLclsNm" : "제조업"				,"indsMclsCd" : "C173"				,"indsMclsNm" : "자동차 신부품"				,"indsSclsCd" : "C17306"				,"indsSclsNm" : "자동차용 신품 제동장치 제조업"				,"stdrDt" : "2023-02-28"				}				,{				"indsLclsCd" : "C1"				,"indsLclsNm" : "제조업"				,"indsMclsCd" : "C173"				,"indsMclsNm" : "자동차 신부품"				,"indsSclsCd" : "C17305"				,"indsSclsNm" : "자동차용 신품 조향장치 및 현가장치 제조업"				,"stdrDt" : "2023-02-28"				}			]	}}