{	"header" : {		"description" : "소상공인시장진흥공단 상권정보 업종소분류 코드"		,"columns" : ["상권업종대분류코드","상권업종대분류코드명","상권업종중분류코드","상권업종중분류코드명","상권업종소분류코드","상권업종소분류코드명","데이터기준일자"]		,"resultCode" : "00"		,"resultMsg" : "NORMAL SERVICE"	},	"body" : {			"items" : [				{				"indsLclsCd" : "C1"				,"indsLclsNm" : "제조업"				,"indsMclsCd" : "C175"				,"indsMclsNm" : "선박, 보트"				,"indsSclsCd" : "C17501"				,"indsSclsNm" : "강선 건조업"				,"stdrDt" : "2023-02-28"				}				,{				"indsLclsCd" : "C1"				,"indsLclsNm" : "제조업"				,"indsMclsCd" : "C175"				,"indsMclsNm" : "선박, 보트"				,"indsSclsCd" : "C17503"				,"indsSclsNm" : "기타 선박 건조업"				,"stdrDt" : "2023-02-28"				}				,{				"indsLclsCd" : "C1"				,"indsLclsNm" : "제조업"				,"indsMclsCd" : "C175"				,"indsMclsNm" : "선박, 보트"				,"indsSclsCd" : "C17504"				,"indsSclsNm" : "선박 구성 부분품 제조업"				,"stdrDt" : "2023-02-28"				}				,{				"indsLclsCd" : "C1"				,"indsLclsNm" : "제조업"				,"indsMclsCd" : "C175"				,"indsMclsNm" : "선박, 보트"				,"indsSclsCd" : "C17505"				,"indsSclsNm" : "오락 및 스포츠용 보트 건조업"				,"stdrDt" : "2023-02-28"				}				,{				"indsLclsCd" : "C1"				,"indsLclsNm" : "제조업"				,"indsMclsCd" : "C175"				,"indsMclsNm" : "선박, 보트"				,"indsSclsCd" : "C17502"				,"indsSclsNm" : "합성수지선 건조업"				,"stdrDt" : "2023-02-28"				}			]	}}