{	"header" : {		"description" : "소상공인시장진흥공단 상권정보 업종소분류 코드"		,"columns" : ["상권업종대분류코드","상권업종대분류코드명","상권업종중분류코드","상권업종중분류코드명","상권업종소분류코드","상권업종소분류코드명","데이터기준일자"]		,"resultCode" : "00"		,"resultMsg" : "NORMAL SERVICE"	},	"body" : {			"items" : [				{				"indsLclsCd" : "C1"				,"indsLclsNm" : "제조업"				,"indsMclsCd" : "C177"				,"indsMclsNm" : "항공기, 우주선"				,"indsSclsCd" : "C17702"				,"indsSclsNm" : "무인 항공기 및 무인 비행장치 제조업"				,"stdrDt" : "2023-02-28"				}				,{				"indsLclsCd" : "C1"				,"indsLclsNm" : "제조업"				,"indsMclsCd" : "C177"				,"indsMclsNm" : "항공기, 우주선"				,"indsSclsCd" : "C17701"				,"indsSclsNm" : "유인 항공기, 항공 우주선 및 보조장치 제조업"				,"stdrDt" : "2023-02-28"				}				,{				"indsLclsCd" : "C1"				,"indsLclsNm" : "제조업"				,"indsMclsCd" : "C177"				,"indsMclsNm" : "항공기, 우주선"				,"indsSclsCd" : "C17704"				,"indsSclsNm" : "항공기용 부품 제조업"				,"stdrDt" : "2023-02-28"				}				,{				"indsLclsCd" : "C1"				,"indsLclsNm" : "제조업"				,"indsMclsCd" : "C177"				,"indsMclsNm" : "항공기, 우주선"				,"indsSclsCd" : "C17703"				,"indsSclsNm" : "항공기용 엔진 제조업"				,"stdrDt" : "2023-02-28"				}			]	}}