{	"header" : {		"description" : "소상공인시장진흥공단 상권정보 업종소분류 코드"		,"columns" : ["상권업종대분류코드","상권업종대분류코드명","상권업종중분류코드","상권업종중분류코드명","상권업종소분류코드","상권업종소분류코드명","데이터기준일자"]		,"resultCode" : "00"		,"resultMsg" : "NORMAL SERVICE"	},	"body" : {			"items" : [				{				"indsLclsCd" : "C1"				,"indsLclsNm" : "제조업"				,"indsMclsCd" : "C178"				,"indsMclsNm" : "기타 운송장비"				,"indsSclsCd" : "C17899"				,"indsSclsNm" : "그 외 기타 달리 분류되지 않은 운송장비 제조업"				,"stdrDt" : "2023-02-28"				}				,{				"indsLclsCd" : "C1"				,"indsLclsNm" : "제조업"				,"indsMclsCd" : "C178"				,"indsMclsNm" : "기타 운송장비"				,"indsSclsCd" : "C17802"				,"indsSclsNm" : "모터사이클 제조업"				,"stdrDt" : "2023-02-28"				}				,{				"indsLclsCd" : "C1"				,"indsLclsNm" : "제조업"				,"indsMclsCd" : "C178"				,"indsMclsNm" : "기타 운송장비"				,"indsSclsCd" : "C17803"				,"indsSclsNm" : "자전거 및 환자용 차량 제조업"				,"stdrDt" : "2023-02-28"				}				,{				"indsLclsCd" : "C1"				,"indsLclsNm" : "제조업"				,"indsMclsCd" : "C178"				,"indsMclsNm" : "기타 운송장비"				,"indsSclsCd" : "C17801"				,"indsSclsNm" : "전투용 차량 제조업"				,"stdrDt" : "2023-02-28"				}			]	}}