{	"header" : {		"description" : "소상공인시장진흥공단 상권정보 업종소분류 코드"		,"columns" : ["상권업종대분류코드","상권업종대분류코드명","상권업종중분류코드","상권업종중분류코드명","상권업종소분류코드","상권업종소분류코드명","데이터기준일자"]		,"resultCode" : "00"		,"resultMsg" : "NORMAL SERVICE"	},	"body" : {			"items" : [				{				"indsLclsCd" : "C1"				,"indsLclsNm" : "제조업"				,"indsMclsCd" : "C179"				,"indsMclsNm" : "가구"				,"indsSclsCd" : "C17999"				,"indsSclsNm" : "그 외 기타 가구 제조업"				,"stdrDt" : "2023-02-28"				}				,{				"indsLclsCd" : "C1"				,"indsLclsNm" : "제조업"				,"indsMclsCd" : "C179"				,"indsMclsNm" : "가구"				,"indsSclsCd" : "C17905"				,"indsSclsNm" : "금속 가구 제조업"				,"stdrDt" : "2023-02-28"				}				,{				"indsLclsCd" : "C1"				,"indsLclsNm" : "제조업"				,"indsMclsCd" : "C179"				,"indsMclsNm" : "가구"				,"indsSclsCd" : "C17904"				,"indsSclsNm" : "기타 목재 가구 제조업"				,"stdrDt" : "2023-02-28"				}				,{				"indsLclsCd" : "C1"				,"indsLclsNm" : "제조업"				,"indsMclsCd" : "C179"				,"indsMclsNm" : "가구"				,"indsSclsCd" : "C17901"				,"indsSclsNm" : "매트리스 및 침대 제조업"				,"stdrDt" : "2023-02-28"				}				,{				"indsLclsCd" : "C1"				,"indsLclsNm" : "제조업"				,"indsMclsCd" : "C179"				,"indsMclsNm" : "가구"				,"indsSclsCd" : "C17902"				,"indsSclsNm" : "소파 및 기타 내장 가구 제조업"				,"stdrDt" : "2023-02-28"				}				,{				"indsLclsCd" : "C1"				,"indsLclsNm" : "제조업"				,"indsMclsCd" : "C179"				,"indsMclsNm" : "가구"				,"indsSclsCd" : "C17903"				,"indsSclsNm" : "주방용 및 음식점용 목재 가구 제조업"				,"stdrDt" : "2023-02-28"				}			]	}}