{	"header" : {		"description" : "소상공인시장진흥공단 상권정보 업종소분류 코드"		,"columns" : ["상권업종대분류코드","상권업종대분류코드명","상권업종중분류코드","상권업종중분류코드명","상권업종소분류코드","상권업종소분류코드명","데이터기준일자"]		,"resultCode" : "00"		,"resultMsg" : "NORMAL SERVICE"	},	"body" : {			"items" : [				{				"indsLclsCd" : "C"				,"indsLclsNm" : "도매/유통/무역"				,"indsMclsCd" : "C18"				,"indsMclsNm" : "장식재도매"				,"indsSclsCd" : "C18A02"				,"indsSclsNm" : "리놀륨도매"				,"stdrDt" : "2015-12-17"				}				,{				"indsLclsCd" : "C"				,"indsLclsNm" : "도매/유통/무역"				,"indsMclsCd" : "C18"				,"indsMclsNm" : "장식재도매"				,"indsSclsCd" : "C18A99"				,"indsSclsNm" : "벽지/양탄자/마루덮개도매-기타"				,"stdrDt" : "2015-12-17"				}				,{				"indsLclsCd" : "C"				,"indsLclsNm" : "도매/유통/무역"				,"indsMclsCd" : "C18"				,"indsMclsNm" : "장식재도매"				,"indsSclsCd" : "C18A00"				,"indsSclsNm" : "벽지/양탄자/마루덮개도매-종합"				,"stdrDt" : "2015-12-17"				}				,{				"indsLclsCd" : "C"				,"indsLclsNm" : "도매/유통/무역"				,"indsMclsCd" : "C18"				,"indsMclsNm" : "장식재도매"				,"indsSclsCd" : "C18A04"				,"indsSclsNm" : "벽지도매"				,"stdrDt" : "2015-12-17"				}				,{				"indsLclsCd" : "C"				,"indsLclsNm" : "도매/유통/무역"				,"indsMclsCd" : "C18"				,"indsMclsNm" : "장식재도매"				,"indsSclsCd" : "C18A05"				,"indsSclsNm" : "양탄자도매"				,"stdrDt" : "2015-12-17"				}				,{				"indsLclsCd" : "C"				,"indsLclsNm" : "도매/유통/무역"				,"indsMclsCd" : "C18"				,"indsMclsNm" : "장식재도매"				,"indsSclsCd" : "C18A01"				,"indsSclsNm" : "장판지도매"				,"stdrDt" : "2015-12-17"				}				,{				"indsLclsCd" : "C"				,"indsLclsNm" : "도매/유통/무역"				,"indsMclsCd" : "C18"				,"indsMclsNm" : "장식재도매"				,"indsSclsCd" : "C18A03"				,"indsSclsNm" : "화문석도매"				,"stdrDt" : "2015-12-17"				}			]	}}