{	"header" : {		"description" : "소상공인시장진흥공단 상권정보 업종소분류 코드"		,"columns" : ["상권업종대분류코드","상권업종대분류코드명","상권업종중분류코드","상권업종중분류코드명","상권업종소분류코드","상권업종소분류코드명","데이터기준일자"]		,"resultCode" : "00"		,"resultMsg" : "NORMAL SERVICE"	},	"body" : {			"items" : [				{				"indsLclsCd" : "C1"				,"indsLclsNm" : "제조업"				,"indsMclsCd" : "C182"				,"indsMclsNm" : "운동 용구"				,"indsSclsCd" : "C18299"				,"indsSclsNm" : "기타 운동 및 경기용구 제조업"				,"stdrDt" : "2023-02-28"				}				,{				"indsLclsCd" : "C1"				,"indsLclsNm" : "제조업"				,"indsMclsCd" : "C182"				,"indsMclsNm" : "운동 용구"				,"indsSclsCd" : "C18203"				,"indsSclsNm" : "낚시 및 수렵용구 제조업"				,"stdrDt" : "2023-02-28"				}				,{				"indsLclsCd" : "C1"				,"indsLclsNm" : "제조업"				,"indsMclsCd" : "C182"				,"indsMclsNm" : "운동 용구"				,"indsSclsCd" : "C18202"				,"indsSclsNm" : "놀이터용 장비 제조업"				,"stdrDt" : "2023-02-28"				}				,{				"indsLclsCd" : "C1"				,"indsLclsNm" : "제조업"				,"indsMclsCd" : "C182"				,"indsMclsNm" : "운동 용구"				,"indsSclsCd" : "C18201"				,"indsSclsNm" : "체조, 육상 및 체력 단련용 장비 제조업"				,"stdrDt" : "2023-02-28"				}			]	}}