{	"header" : {		"description" : "소상공인시장진흥공단 상권정보 업종소분류 코드"		,"columns" : ["상권업종대분류코드","상권업종대분류코드명","상권업종중분류코드","상권업종중분류코드명","상권업종소분류코드","상권업종소분류코드명","데이터기준일자"]		,"resultCode" : "00"		,"resultMsg" : "NORMAL SERVICE"	},	"body" : {			"items" : [				{				"indsLclsCd" : "C1"				,"indsLclsNm" : "제조업"				,"indsMclsCd" : "C183"				,"indsMclsNm" : "인형, 장난감, 오락"				,"indsSclsCd" : "C18399"				,"indsSclsNm" : "기타 오락용품 제조업"				,"stdrDt" : "2023-02-28"				}				,{				"indsLclsCd" : "C1"				,"indsLclsNm" : "제조업"				,"indsMclsCd" : "C183"				,"indsMclsNm" : "인형, 장난감, 오락"				,"indsSclsCd" : "C18302"				,"indsSclsNm" : "영상게임기 제조업"				,"stdrDt" : "2023-02-28"				}				,{				"indsLclsCd" : "C1"				,"indsLclsNm" : "제조업"				,"indsMclsCd" : "C183"				,"indsMclsNm" : "인형, 장난감, 오락"				,"indsSclsCd" : "C18301"				,"indsSclsNm" : "인형 및 장난감 제조업"				,"stdrDt" : "2023-02-28"				}			]	}}