{	"header" : {		"description" : "소상공인시장진흥공단 상권정보 업종소분류 코드"		,"columns" : ["상권업종대분류코드","상권업종대분류코드명","상권업종중분류코드","상권업종중분류코드명","상권업종소분류코드","상권업종소분류코드명","데이터기준일자"]		,"resultCode" : "00"		,"resultMsg" : "NORMAL SERVICE"	},	"body" : {			"items" : [				{				"indsLclsCd" : "C1"				,"indsLclsNm" : "제조업"				,"indsMclsCd" : "C184"				,"indsMclsNm" : "기타 제품"				,"indsSclsCd" : "C18402"				,"indsSclsNm" : "가발 및 유사 제품 제조업"				,"stdrDt" : "2023-02-28"				}				,{				"indsLclsCd" : "C1"				,"indsLclsNm" : "제조업"				,"indsMclsCd" : "C184"				,"indsMclsNm" : "기타 제품"				,"indsSclsCd" : "C18499"				,"indsSclsNm" : "그 외 기타 달리 분류되지 않은 제품 제조업"				,"stdrDt" : "2023-02-28"				}				,{				"indsLclsCd" : "C1"				,"indsLclsNm" : "제조업"				,"indsMclsCd" : "C184"				,"indsMclsNm" : "기타 제품"				,"indsSclsCd" : "C18405"				,"indsSclsNm" : "단추 및 유사 파스너 제조업"				,"stdrDt" : "2023-02-28"				}				,{				"indsLclsCd" : "C1"				,"indsLclsNm" : "제조업"				,"indsMclsCd" : "C184"				,"indsMclsNm" : "기타 제품"				,"indsSclsCd" : "C18406"				,"indsSclsNm" : "라이터, 연소물 및 흡연용품 제조업"				,"stdrDt" : "2023-02-28"				}				,{				"indsLclsCd" : "C1"				,"indsLclsNm" : "제조업"				,"indsMclsCd" : "C184"				,"indsMclsNm" : "기타 제품"				,"indsSclsCd" : "C18407"				,"indsSclsNm" : "비 및 솔 제조업"				,"stdrDt" : "2023-02-28"				}				,{				"indsLclsCd" : "C1"				,"indsLclsNm" : "제조업"				,"indsMclsCd" : "C184"				,"indsMclsNm" : "기타 제품"				,"indsSclsCd" : "C18401"				,"indsSclsNm" : "사무 및 회화용품 제조업"				,"stdrDt" : "2023-02-28"				}				,{				"indsLclsCd" : "C1"				,"indsLclsNm" : "제조업"				,"indsMclsCd" : "C184"				,"indsMclsNm" : "기타 제품"				,"indsSclsCd" : "C18403"				,"indsSclsNm" : "전시용 모형 제조업"				,"stdrDt" : "2023-02-28"				}				,{				"indsLclsCd" : "C1"				,"indsLclsNm" : "제조업"				,"indsMclsCd" : "C184"				,"indsMclsNm" : "기타 제품"				,"indsSclsCd" : "C18404"				,"indsSclsNm" : "표구 처리업"				,"stdrDt" : "2023-02-28"				}			]	}}