{	"header" : {		"description" : "소상공인시장진흥공단 상권정보 업종소분류 코드"		,"columns" : ["상권업종대분류코드","상권업종대분류코드명","상권업종중분류코드","상권업종중분류코드명","상권업종소분류코드","상권업종소분류코드명","데이터기준일자"]		,"resultCode" : "00"		,"resultMsg" : "NORMAL SERVICE"	},	"body" : {			"items" : [				{				"indsLclsCd" : "C1"				,"indsLclsNm" : "제조업"				,"indsMclsCd" : "C185"				,"indsMclsNm" : "산업기계 수리"				,"indsSclsCd" : "C18501"				,"indsSclsNm" : "건설ㆍ광업용 기계 및 장비 수리업"				,"stdrDt" : "2023-02-28"				}				,{				"indsLclsCd" : "C1"				,"indsLclsNm" : "제조업"				,"indsMclsCd" : "C185"				,"indsMclsNm" : "산업기계 수리"				,"indsSclsCd" : "C18502"				,"indsSclsNm" : "기타 일반 기계 및 장비 수리업"				,"stdrDt" : "2023-02-28"				}				,{				"indsLclsCd" : "C1"				,"indsLclsNm" : "제조업"				,"indsMclsCd" : "C185"				,"indsMclsNm" : "산업기계 수리"				,"indsSclsCd" : "C18503"				,"indsSclsNm" : "전기ㆍ전자 및 정밀 기기 수리업"				,"stdrDt" : "2023-02-28"				}			]	}}