{	"header" : {		"description" : "소상공인시장진흥공단 상권정보 업종소분류 코드"		,"columns" : ["상권업종대분류코드","상권업종대분류코드명","상권업종중분류코드","상권업종중분류코드명","상권업종소분류코드","상권업종소분류코드명","데이터기준일자"]		,"resultCode" : "00"		,"resultMsg" : "NORMAL SERVICE"	},	"body" : {			"items" : [				{				"indsLclsCd" : "C"				,"indsLclsNm" : "도매/유통/무역"				,"indsMclsCd" : "C19"				,"indsMclsNm" : "요업/목제품도매"				,"indsSclsCd" : "C19A01"				,"indsSclsNm" : "나전칠기도매"				,"stdrDt" : "2015-12-17"				}				,{				"indsLclsCd" : "C"				,"indsLclsNm" : "도매/유통/무역"				,"indsMclsCd" : "C19"				,"indsMclsNm" : "요업/목제품도매"				,"indsSclsCd" : "C19A03"				,"indsSclsNm" : "도자기제품도매"				,"stdrDt" : "2015-12-17"				}				,{				"indsLclsCd" : "C"				,"indsLclsNm" : "도매/유통/무역"				,"indsMclsCd" : "C19"				,"indsMclsNm" : "요업/목제품도매"				,"indsSclsCd" : "C19A04"				,"indsSclsNm" : "등세공품도매"				,"stdrDt" : "2015-12-17"				}				,{				"indsLclsCd" : "C"				,"indsLclsNm" : "도매/유통/무역"				,"indsMclsCd" : "C19"				,"indsMclsNm" : "요업/목제품도매"				,"indsSclsCd" : "C19A99"				,"indsSclsNm" : "요업제품/목제품도매-기타"				,"stdrDt" : "2015-12-17"				}				,{				"indsLclsCd" : "C"				,"indsLclsNm" : "도매/유통/무역"				,"indsMclsCd" : "C19"				,"indsMclsNm" : "요업/목제품도매"				,"indsSclsCd" : "C19A00"				,"indsSclsNm" : "요업제품/목제품도매-종합"				,"stdrDt" : "2015-12-17"				}				,{				"indsLclsCd" : "C"				,"indsLclsNm" : "도매/유통/무역"				,"indsMclsCd" : "C19"				,"indsMclsNm" : "요업/목제품도매"				,"indsSclsCd" : "C19A02"				,"indsSclsNm" : "유리제품도매"				,"stdrDt" : "2015-12-17"				}				,{				"indsLclsCd" : "C"				,"indsLclsNm" : "도매/유통/무역"				,"indsMclsCd" : "C19"				,"indsMclsNm" : "요업/목제품도매"				,"indsSclsCd" : "C19A05"				,"indsSclsNm" : "장식용품도매"				,"stdrDt" : "2015-12-17"				}			]	}}