{	"header" : {		"description" : "소상공인시장진흥공단 상권정보 업종소분류 코드"		,"columns" : ["상권업종대분류코드","상권업종대분류코드명","상권업종중분류코드","상권업종중분류코드명","상권업종소분류코드","상권업종소분류코드명","데이터기준일자"]		,"resultCode" : "00"		,"resultMsg" : "NORMAL SERVICE"	},	"body" : {			"items" : [				{				"indsLclsCd" : "C"				,"indsLclsNm" : "도매/유통/무역"				,"indsMclsCd" : "C20"				,"indsMclsNm" : "기타생활용품도매"				,"indsSclsCd" : "C20B05"				,"indsSclsNm" : "가방도매"				,"stdrDt" : "2015-12-17"				}				,{				"indsLclsCd" : "C"				,"indsLclsNm" : "도매/유통/무역"				,"indsMclsCd" : "C20"				,"indsMclsNm" : "기타생활용품도매"				,"indsSclsCd" : "C20A03"				,"indsSclsNm" : "가정용플라스틱제품도매"				,"stdrDt" : "2015-12-17"				}				,{				"indsLclsCd" : "C"				,"indsLclsNm" : "도매/유통/무역"				,"indsMclsCd" : "C20"				,"indsMclsNm" : "기타생활용품도매"				,"indsSclsCd" : "C20B02"				,"indsSclsNm" : "광택제/접착제도매"				,"stdrDt" : "2015-12-17"				}				,{				"indsLclsCd" : "C"				,"indsLclsNm" : "도매/유통/무역"				,"indsMclsCd" : "C20"				,"indsMclsNm" : "기타생활용품도매"				,"indsSclsCd" : "C20A01"				,"indsSclsNm" : "미싱도매"				,"stdrDt" : "2015-12-17"				}				,{				"indsLclsCd" : "C"				,"indsLclsNm" : "도매/유통/무역"				,"indsMclsCd" : "C20"				,"indsMclsNm" : "기타생활용품도매"				,"indsSclsCd" : "C20B04"				,"indsSclsNm" : "비닐제품도매"				,"stdrDt" : "2015-12-17"				}				,{				"indsLclsCd" : "C"				,"indsLclsNm" : "도매/유통/무역"				,"indsMclsCd" : "C20"				,"indsMclsNm" : "기타생활용품도매"				,"indsSclsCd" : "C20B03"				,"indsSclsNm" : "우산/양산도매"				,"stdrDt" : "2015-12-17"				}				,{				"indsLclsCd" : "C"				,"indsLclsNm" : "도매/유통/무역"				,"indsMclsCd" : "C20"				,"indsMclsNm" : "기타생활용품도매"				,"indsSclsCd" : "C20B06"				,"indsSclsNm" : "위생소독재료도매"				,"stdrDt" : "2015-12-17"				}				,{				"indsLclsCd" : "C"				,"indsLclsNm" : "도매/유통/무역"				,"indsMclsCd" : "C20"				,"indsMclsNm" : "기타생활용품도매"				,"indsSclsCd" : "C20A02"				,"indsSclsNm" : "유모차도매"				,"stdrDt" : "2015-12-17"				}				,{				"indsLclsCd" : "C"				,"indsLclsNm" : "도매/유통/무역"				,"indsMclsCd" : "C20"				,"indsMclsNm" : "기타생활용품도매"				,"indsSclsCd" : "C20B07"				,"indsSclsNm" : "청소기구도매"				,"stdrDt" : "2015-12-17"				}				,{				"indsLclsCd" : "C"				,"indsLclsNm" : "도매/유통/무역"				,"indsMclsCd" : "C20"				,"indsMclsNm" : "기타생활용품도매"				,"indsSclsCd" : "C20B01"				,"indsSclsNm" : "청소용품도매"				,"stdrDt" : "2015-12-17"				}				,{				"indsLclsCd" : "C"				,"indsLclsNm" : "도매/유통/무역"				,"indsMclsCd" : "C20"				,"indsMclsNm" : "기타생활용품도매"				,"indsSclsCd" : "C20B08"				,"indsSclsNm" : "칠보도매"				,"stdrDt" : "2015-12-17"				}			]	}}