{	"header" : {		"description" : "소상공인시장진흥공단 상권정보 업종소분류 코드"		,"columns" : ["상권업종대분류코드","상권업종대분류코드명","상권업종중분류코드","상권업종중분류코드명","상권업종소분류코드","상권업종소분류코드명","데이터기준일자"]		,"resultCode" : "00"		,"resultMsg" : "NORMAL SERVICE"	},	"body" : {			"items" : [				{				"indsLclsCd" : "C"				,"indsLclsNm" : "도매/유통/무역"				,"indsMclsCd" : "C21"				,"indsMclsNm" : "의약/의료품도매"				,"indsSclsCd" : "C21B02"				,"indsSclsNm" : "보청기도매"				,"stdrDt" : "2015-12-17"				}				,{				"indsLclsCd" : "C"				,"indsLclsNm" : "도매/유통/무역"				,"indsMclsCd" : "C21"				,"indsMclsNm" : "의약/의료품도매"				,"indsSclsCd" : "C21B99"				,"indsSclsNm" : "의료용품도매-기타"				,"stdrDt" : "2015-12-17"				}				,{				"indsLclsCd" : "C"				,"indsLclsNm" : "도매/유통/무역"				,"indsMclsCd" : "C21"				,"indsMclsNm" : "의약/의료품도매"				,"indsSclsCd" : "C21B00"				,"indsSclsNm" : "의료용품도매-종합"				,"stdrDt" : "2015-12-17"				}				,{				"indsLclsCd" : "C"				,"indsLclsNm" : "도매/유통/무역"				,"indsMclsCd" : "C21"				,"indsMclsNm" : "의약/의료품도매"				,"indsSclsCd" : "C21B01"				,"indsSclsNm" : "의수/의족도매"				,"stdrDt" : "2015-12-17"				}				,{				"indsLclsCd" : "C"				,"indsLclsNm" : "도매/유통/무역"				,"indsMclsCd" : "C21"				,"indsMclsNm" : "의약/의료품도매"				,"indsSclsCd" : "C21A01"				,"indsSclsNm" : "의약품도매"				,"stdrDt" : "2015-12-17"				}				,{				"indsLclsCd" : "C"				,"indsLclsNm" : "도매/유통/무역"				,"indsMclsCd" : "C21"				,"indsMclsNm" : "의약/의료품도매"				,"indsSclsCd" : "C21A99"				,"indsSclsNm" : "의약품도매-기타"				,"stdrDt" : "2015-12-17"				}				,{				"indsLclsCd" : "C"				,"indsLclsNm" : "도매/유통/무역"				,"indsMclsCd" : "C21"				,"indsMclsNm" : "의약/의료품도매"				,"indsSclsCd" : "C21A00"				,"indsSclsNm" : "의약품도매-종합"				,"stdrDt" : "2015-12-17"				}				,{				"indsLclsCd" : "C"				,"indsLclsNm" : "도매/유통/무역"				,"indsMclsCd" : "C21"				,"indsMclsNm" : "의약/의료품도매"				,"indsSclsCd" : "C21A02"				,"indsSclsNm" : "한약건재도매"				,"stdrDt" : "2015-12-17"				}				,{				"indsLclsCd" : "C"				,"indsLclsNm" : "도매/유통/무역"				,"indsMclsCd" : "C21"				,"indsMclsNm" : "의약/의료품도매"				,"indsSclsCd" : "C21B03"				,"indsSclsNm" : "한의용품도매"				,"stdrDt" : "2015-12-17"				}			]	}}