{	"header" : {		"description" : "소상공인시장진흥공단 상권정보 업종소분류 코드"		,"columns" : ["상권업종대분류코드","상권업종대분류코드명","상권업종중분류코드","상권업종중분류코드명","상권업종소분류코드","상권업종소분류코드명","데이터기준일자"]		,"resultCode" : "00"		,"resultMsg" : "NORMAL SERVICE"	},	"body" : {			"items" : [				{				"indsLclsCd" : "C"				,"indsLclsNm" : "도매/유통/무역"				,"indsMclsCd" : "C22"				,"indsMclsNm" : "화장품/비누/세정제도매"				,"indsSclsCd" : "C22A02"				,"indsSclsNm" : "비누도매"				,"stdrDt" : "2015-12-17"				}				,{				"indsLclsCd" : "C"				,"indsLclsNm" : "도매/유통/무역"				,"indsMclsCd" : "C22"				,"indsMclsNm" : "화장품/비누/세정제도매"				,"indsSclsCd" : "C22A04"				,"indsSclsNm" : "세제도매"				,"stdrDt" : "2015-12-17"				}				,{				"indsLclsCd" : "C"				,"indsLclsNm" : "도매/유통/무역"				,"indsMclsCd" : "C22"				,"indsMclsNm" : "화장품/비누/세정제도매"				,"indsSclsCd" : "C22A03"				,"indsSclsNm" : "치약샴푸도매"				,"stdrDt" : "2015-12-17"				}				,{				"indsLclsCd" : "C"				,"indsLclsNm" : "도매/유통/무역"				,"indsMclsCd" : "C22"				,"indsMclsNm" : "화장품/비누/세정제도매"				,"indsSclsCd" : "C22A99"				,"indsSclsNm" : "화장품/비누/세정제도매-기타"				,"stdrDt" : "2015-12-17"				}				,{				"indsLclsCd" : "C"				,"indsLclsNm" : "도매/유통/무역"				,"indsMclsCd" : "C22"				,"indsMclsNm" : "화장품/비누/세정제도매"				,"indsSclsCd" : "C22A00"				,"indsSclsNm" : "화장품/비누/세정제도매-종합"				,"stdrDt" : "2015-12-17"				}				,{				"indsLclsCd" : "C"				,"indsLclsNm" : "도매/유통/무역"				,"indsMclsCd" : "C22"				,"indsMclsNm" : "화장품/비누/세정제도매"				,"indsSclsCd" : "C22A01"				,"indsSclsNm" : "화장품도매"				,"stdrDt" : "2015-12-17"				}			]	}}