{	"header" : {		"description" : "소상공인시장진흥공단 상권정보 업종소분류 코드"		,"columns" : ["상권업종대분류코드","상권업종대분류코드명","상권업종중분류코드","상권업종중분류코드명","상권업종소분류코드","상권업종소분류코드명","데이터기준일자"]		,"resultCode" : "00"		,"resultMsg" : "NORMAL SERVICE"	},	"body" : {			"items" : [				{				"indsLclsCd" : "C"				,"indsLclsNm" : "도매/유통/무역"				,"indsMclsCd" : "C23"				,"indsMclsNm" : "종이류도매"				,"indsSclsCd" : "C23A02"				,"indsSclsNm" : "골판지도매"				,"stdrDt" : "2015-12-17"				}				,{				"indsLclsCd" : "C"				,"indsLclsNm" : "도매/유통/무역"				,"indsMclsCd" : "C23"				,"indsMclsNm" : "종이류도매"				,"indsSclsCd" : "C23A99"				,"indsSclsNm" : "종이/종이제품도매-기타"				,"stdrDt" : "2015-12-17"				}				,{				"indsLclsCd" : "C"				,"indsLclsNm" : "도매/유통/무역"				,"indsMclsCd" : "C23"				,"indsMclsNm" : "종이류도매"				,"indsSclsCd" : "C23A00"				,"indsSclsNm" : "종이/종이제품도매-종합"				,"stdrDt" : "2015-12-17"				}				,{				"indsLclsCd" : "C"				,"indsLclsNm" : "도매/유통/무역"				,"indsMclsCd" : "C23"				,"indsMclsNm" : "종이류도매"				,"indsSclsCd" : "C23A01"				,"indsSclsNm" : "종이도매"				,"stdrDt" : "2015-12-17"				}				,{				"indsLclsCd" : "C"				,"indsLclsNm" : "도매/유통/무역"				,"indsMclsCd" : "C23"				,"indsMclsNm" : "종이류도매"				,"indsSclsCd" : "C23A03"				,"indsSclsNm" : "판지도매"				,"stdrDt" : "2015-12-17"				}				,{				"indsLclsCd" : "C"				,"indsLclsNm" : "도매/유통/무역"				,"indsMclsCd" : "C23"				,"indsMclsNm" : "종이류도매"				,"indsSclsCd" : "C23A04"				,"indsSclsNm" : "화장지도매"				,"stdrDt" : "2015-12-17"				}			]	}}