{	"header" : {		"description" : "소상공인시장진흥공단 상권정보 업종소분류 코드"		,"columns" : ["상권업종대분류코드","상권업종대분류코드명","상권업종중분류코드","상권업종중분류코드명","상권업종소분류코드","상권업종소분류코드명","데이터기준일자"]		,"resultCode" : "00"		,"resultMsg" : "NORMAL SERVICE"	},	"body" : {			"items" : [				{				"indsLclsCd" : "C"				,"indsLclsNm" : "도매/유통/무역"				,"indsMclsCd" : "C24"				,"indsMclsNm" : "서적/음반/문구도매"				,"indsSclsCd" : "C24A03"				,"indsSclsNm" : "공테이프/디스크도매"				,"stdrDt" : "2015-12-17"				}				,{				"indsLclsCd" : "C"				,"indsLclsNm" : "도매/유통/무역"				,"indsMclsCd" : "C24"				,"indsMclsNm" : "서적/음반/문구도매"				,"indsSclsCd" : "C24B02"				,"indsSclsNm" : "문구용품도매"				,"stdrDt" : "2015-12-17"				}				,{				"indsLclsCd" : "C"				,"indsLclsNm" : "도매/유통/무역"				,"indsMclsCd" : "C24"				,"indsMclsNm" : "서적/음반/문구도매"				,"indsSclsCd" : "C24B99"				,"indsSclsNm" : "문구용품도매-기타"				,"stdrDt" : "2015-12-17"				}				,{				"indsLclsCd" : "C"				,"indsLclsNm" : "도매/유통/무역"				,"indsMclsCd" : "C24"				,"indsMclsNm" : "서적/음반/문구도매"				,"indsSclsCd" : "C24B00"				,"indsSclsNm" : "문구용품도매-종합"				,"stdrDt" : "2015-12-17"				}				,{				"indsLclsCd" : "C"				,"indsLclsNm" : "도매/유통/무역"				,"indsMclsCd" : "C24"				,"indsMclsNm" : "서적/음반/문구도매"				,"indsSclsCd" : "C24A05"				,"indsSclsNm" : "비디오테이프도매"				,"stdrDt" : "2015-12-17"				}				,{				"indsLclsCd" : "C"				,"indsLclsNm" : "도매/유통/무역"				,"indsMclsCd" : "C24"				,"indsMclsNm" : "서적/음반/문구도매"				,"indsSclsCd" : "C24A99"				,"indsSclsNm" : "서적/기타기록물도매-기타"				,"stdrDt" : "2015-12-17"				}				,{				"indsLclsCd" : "C"				,"indsLclsNm" : "도매/유통/무역"				,"indsMclsCd" : "C24"				,"indsMclsNm" : "서적/음반/문구도매"				,"indsSclsCd" : "C24A00"				,"indsSclsNm" : "서적/기타기록물도매-종합"				,"stdrDt" : "2015-12-17"				}				,{				"indsLclsCd" : "C"				,"indsLclsNm" : "도매/유통/무역"				,"indsMclsCd" : "C24"				,"indsMclsNm" : "서적/음반/문구도매"				,"indsSclsCd" : "C24A01"				,"indsSclsNm" : "서적도매"				,"stdrDt" : "2015-12-17"				}				,{				"indsLclsCd" : "C"				,"indsLclsNm" : "도매/유통/무역"				,"indsMclsCd" : "C24"				,"indsMclsNm" : "서적/음반/문구도매"				,"indsSclsCd" : "C24A04"				,"indsSclsNm" : "음반도매"				,"stdrDt" : "2015-12-17"				}				,{				"indsLclsCd" : "C"				,"indsLclsNm" : "도매/유통/무역"				,"indsMclsCd" : "C24"				,"indsMclsNm" : "서적/음반/문구도매"				,"indsSclsCd" : "C24A02"				,"indsSclsNm" : "잡지도매"				,"stdrDt" : "2015-12-17"				}				,{				"indsLclsCd" : "C"				,"indsLclsNm" : "도매/유통/무역"				,"indsMclsCd" : "C24"				,"indsMclsNm" : "서적/음반/문구도매"				,"indsSclsCd" : "C24B03"				,"indsSclsNm" : "학습교구도매"				,"stdrDt" : "2015-12-17"				}				,{				"indsLclsCd" : "C"				,"indsLclsNm" : "도매/유통/무역"				,"indsMclsCd" : "C24"				,"indsMclsNm" : "서적/음반/문구도매"				,"indsSclsCd" : "C24B01"				,"indsSclsNm" : "회화용품도매"				,"stdrDt" : "2015-12-17"				}			]	}}