{	"header" : {		"description" : "소상공인시장진흥공단 상권정보 업종소분류 코드"		,"columns" : ["상권업종대분류코드","상권업종대분류코드명","상권업종중분류코드","상권업종중분류코드명","상권업종소분류코드","상권업종소분류코드명","데이터기준일자"]		,"resultCode" : "00"		,"resultMsg" : "NORMAL SERVICE"	},	"body" : {			"items" : [				{				"indsLclsCd" : "C"				,"indsLclsNm" : "도매/유통/무역"				,"indsMclsCd" : "C25"				,"indsMclsNm" : "사진/광학/정밀기기도매"				,"indsSclsCd" : "C25A09"				,"indsSclsNm" : "광학기구도매"				,"stdrDt" : "2015-12-17"				}				,{				"indsLclsCd" : "C"				,"indsLclsNm" : "도매/유통/무역"				,"indsMclsCd" : "C25"				,"indsMclsNm" : "사진/광학/정밀기기도매"				,"indsSclsCd" : "C25A02"				,"indsSclsNm" : "광학용품도매"				,"stdrDt" : "2015-12-17"				}				,{				"indsLclsCd" : "C"				,"indsLclsNm" : "도매/유통/무역"				,"indsMclsCd" : "C25"				,"indsMclsNm" : "사진/광학/정밀기기도매"				,"indsSclsCd" : "C25A04"				,"indsSclsNm" : "렌즈도매"				,"stdrDt" : "2015-12-17"				}				,{				"indsLclsCd" : "C"				,"indsLclsNm" : "도매/유통/무역"				,"indsMclsCd" : "C25"				,"indsMclsNm" : "사진/광학/정밀기기도매"				,"indsSclsCd" : "C25A07"				,"indsSclsNm" : "망원경도매"				,"stdrDt" : "2015-12-17"				}				,{				"indsLclsCd" : "C"				,"indsLclsNm" : "도매/유통/무역"				,"indsMclsCd" : "C25"				,"indsMclsNm" : "사진/광학/정밀기기도매"				,"indsSclsCd" : "C25A99"				,"indsSclsNm" : "사진/광학/정밀기기도매-기타"				,"stdrDt" : "2015-12-17"				}				,{				"indsLclsCd" : "C"				,"indsLclsNm" : "도매/유통/무역"				,"indsMclsCd" : "C25"				,"indsMclsNm" : "사진/광학/정밀기기도매"				,"indsSclsCd" : "C25A00"				,"indsSclsNm" : "사진/광학/정밀기기도매-종합"				,"stdrDt" : "2015-12-17"				}				,{				"indsLclsCd" : "C"				,"indsLclsNm" : "도매/유통/무역"				,"indsMclsCd" : "C25"				,"indsMclsNm" : "사진/광학/정밀기기도매"				,"indsSclsCd" : "C25A01"				,"indsSclsNm" : "사진용품도매"				,"stdrDt" : "2015-12-17"				}				,{				"indsLclsCd" : "C"				,"indsLclsNm" : "도매/유통/무역"				,"indsMclsCd" : "C25"				,"indsMclsNm" : "사진/광학/정밀기기도매"				,"indsSclsCd" : "C25A06"				,"indsSclsNm" : "사진필름도매"				,"stdrDt" : "2015-12-17"				}				,{				"indsLclsCd" : "C"				,"indsLclsNm" : "도매/유통/무역"				,"indsMclsCd" : "C25"				,"indsMclsNm" : "사진/광학/정밀기기도매"				,"indsSclsCd" : "C25A03"				,"indsSclsNm" : "안경틀도매"				,"stdrDt" : "2015-12-17"				}				,{				"indsLclsCd" : "C"				,"indsLclsNm" : "도매/유통/무역"				,"indsMclsCd" : "C25"				,"indsMclsNm" : "사진/광학/정밀기기도매"				,"indsSclsCd" : "C25A10"				,"indsSclsNm" : "저울도매"				,"stdrDt" : "2015-12-17"				}				,{				"indsLclsCd" : "C"				,"indsLclsNm" : "도매/유통/무역"				,"indsMclsCd" : "C25"				,"indsMclsNm" : "사진/광학/정밀기기도매"				,"indsSclsCd" : "C25A08"				,"indsSclsNm" : "카메라도매"				,"stdrDt" : "2015-12-17"				}				,{				"indsLclsCd" : "C"				,"indsLclsNm" : "도매/유통/무역"				,"indsMclsCd" : "C25"				,"indsMclsNm" : "사진/광학/정밀기기도매"				,"indsSclsCd" : "C25A05"				,"indsSclsNm" : "현미경도매"				,"stdrDt" : "2015-12-17"				}			]	}}