{	"header" : {		"description" : "소상공인시장진흥공단 상권정보 업종소분류 코드"		,"columns" : ["상권업종대분류코드","상권업종대분류코드명","상권업종중분류코드","상권업종중분류코드명","상권업종소분류코드","상권업종소분류코드명","데이터기준일자"]		,"resultCode" : "00"		,"resultMsg" : "NORMAL SERVICE"	},	"body" : {			"items" : [				{				"indsLclsCd" : "C"				,"indsLclsNm" : "도매/유통/무역"				,"indsMclsCd" : "C26"				,"indsMclsNm" : "취미/오락용품도매"				,"indsSclsCd" : "C26A05"				,"indsSclsNm" : "당구장비도매"				,"stdrDt" : "2015-12-17"				}				,{				"indsLclsCd" : "C"				,"indsLclsNm" : "도매/유통/무역"				,"indsMclsCd" : "C26"				,"indsMclsNm" : "취미/오락용품도매"				,"indsSclsCd" : "C26A06"				,"indsSclsNm" : "바둑용품도매"				,"stdrDt" : "2015-12-17"				}				,{				"indsLclsCd" : "C"				,"indsLclsNm" : "도매/유통/무역"				,"indsMclsCd" : "C26"				,"indsMclsNm" : "취미/오락용품도매"				,"indsSclsCd" : "C26B01"				,"indsSclsNm" : "악기도매"				,"stdrDt" : "2015-12-17"				}				,{				"indsLclsCd" : "C"				,"indsLclsNm" : "도매/유통/무역"				,"indsMclsCd" : "C26"				,"indsMclsNm" : "취미/오락용품도매"				,"indsSclsCd" : "C26A07"				,"indsSclsNm" : "오락게임용품도매"				,"stdrDt" : "2015-12-17"				}				,{				"indsLclsCd" : "C"				,"indsLclsNm" : "도매/유통/무역"				,"indsMclsCd" : "C26"				,"indsMclsNm" : "취미/오락용품도매"				,"indsSclsCd" : "C26A03"				,"indsSclsNm" : "오락용기기도매"				,"stdrDt" : "2015-12-17"				}				,{				"indsLclsCd" : "C"				,"indsLclsNm" : "도매/유통/무역"				,"indsMclsCd" : "C26"				,"indsMclsNm" : "취미/오락용품도매"				,"indsSclsCd" : "C26A01"				,"indsSclsNm" : "인형도매"				,"stdrDt" : "2015-12-17"				}				,{				"indsLclsCd" : "C"				,"indsLclsNm" : "도매/유통/무역"				,"indsMclsCd" : "C26"				,"indsMclsNm" : "취미/오락용품도매"				,"indsSclsCd" : "C26A99"				,"indsSclsNm" : "장난감/오락용품도매-기타"				,"stdrDt" : "2015-12-17"				}				,{				"indsLclsCd" : "C"				,"indsLclsNm" : "도매/유통/무역"				,"indsMclsCd" : "C26"				,"indsMclsNm" : "취미/오락용품도매"				,"indsSclsCd" : "C26A00"				,"indsSclsNm" : "장난감/오락용품도매-종합"				,"stdrDt" : "2015-12-17"				}				,{				"indsLclsCd" : "C"				,"indsLclsNm" : "도매/유통/무역"				,"indsMclsCd" : "C26"				,"indsMclsNm" : "취미/오락용품도매"				,"indsSclsCd" : "C26A02"				,"indsSclsNm" : "장난감도매"				,"stdrDt" : "2015-12-17"				}				,{				"indsLclsCd" : "C"				,"indsLclsNm" : "도매/유통/무역"				,"indsMclsCd" : "C26"				,"indsMclsNm" : "취미/오락용품도매"				,"indsSclsCd" : "C26A04"				,"indsSclsNm" : "전자오락게임기도매"				,"stdrDt" : "2015-12-17"				}			]	}}