{	"header" : {		"description" : "소상공인시장진흥공단 상권정보 업종소분류 코드"		,"columns" : ["상권업종대분류코드","상권업종대분류코드명","상권업종중분류코드","상권업종중분류코드명","상권업종소분류코드","상권업종소분류코드명","데이터기준일자"]		,"resultCode" : "00"		,"resultMsg" : "NORMAL SERVICE"	},	"body" : {			"items" : [				{				"indsLclsCd" : "C"				,"indsLclsNm" : "도매/유통/무역"				,"indsMclsCd" : "C28"				,"indsMclsNm" : "운동용품도매"				,"indsSclsCd" : "C28A02"				,"indsSclsNm" : "경기용품도매"				,"stdrDt" : "2015-12-17"				}				,{				"indsLclsCd" : "C"				,"indsLclsNm" : "도매/유통/무역"				,"indsMclsCd" : "C28"				,"indsMclsNm" : "운동용품도매"				,"indsSclsCd" : "C28A03"				,"indsSclsNm" : "낚시도구도매"				,"stdrDt" : "2015-12-17"				}				,{				"indsLclsCd" : "C"				,"indsLclsNm" : "도매/유통/무역"				,"indsMclsCd" : "C28"				,"indsMclsNm" : "운동용품도매"				,"indsSclsCd" : "C28A04"				,"indsSclsNm" : "등산장비도매"				,"stdrDt" : "2015-12-17"				}				,{				"indsLclsCd" : "C"				,"indsLclsNm" : "도매/유통/무역"				,"indsMclsCd" : "C28"				,"indsMclsNm" : "운동용품도매"				,"indsSclsCd" : "C28A05"				,"indsSclsNm" : "사냥용품도매"				,"stdrDt" : "2015-12-17"				}				,{				"indsLclsCd" : "C"				,"indsLclsNm" : "도매/유통/무역"				,"indsMclsCd" : "C28"				,"indsMclsNm" : "운동용품도매"				,"indsSclsCd" : "C28A99"				,"indsSclsNm" : "운동/경기용품도매-기타"				,"stdrDt" : "2015-12-17"				}				,{				"indsLclsCd" : "C"				,"indsLclsNm" : "도매/유통/무역"				,"indsMclsCd" : "C28"				,"indsMclsNm" : "운동용품도매"				,"indsSclsCd" : "C28A00"				,"indsSclsNm" : "운동/경기용품도매-종합"				,"stdrDt" : "2015-12-17"				}				,{				"indsLclsCd" : "C"				,"indsLclsNm" : "도매/유통/무역"				,"indsMclsCd" : "C28"				,"indsMclsNm" : "운동용품도매"				,"indsSclsCd" : "C28A01"				,"indsSclsNm" : "운동장비도매"				,"stdrDt" : "2015-12-17"				}				,{				"indsLclsCd" : "C"				,"indsLclsNm" : "도매/유통/무역"				,"indsMclsCd" : "C28"				,"indsMclsNm" : "운동용품도매"				,"indsSclsCd" : "C28A06"				,"indsSclsNm" : "자전거/자전거부품도매"				,"stdrDt" : "2015-12-17"				}				,{				"indsLclsCd" : "C"				,"indsLclsNm" : "도매/유통/무역"				,"indsMclsCd" : "C28"				,"indsMclsNm" : "운동용품도매"				,"indsSclsCd" : "C28A07"				,"indsSclsNm" : "잠수장비도매"				,"stdrDt" : "2015-12-17"				}			]	}}