{	"header" : {		"description" : "소상공인시장진흥공단 상권정보 업종소분류 코드"		,"columns" : ["상권업종대분류코드","상권업종대분류코드명","상권업종중분류코드","상권업종중분류코드명","상권업종소분류코드","상권업종소분류코드명","데이터기준일자"]		,"resultCode" : "00"		,"resultMsg" : "NORMAL SERVICE"	},	"body" : {			"items" : [				{				"indsLclsCd" : "C"				,"indsLclsNm" : "도매/유통/무역"				,"indsMclsCd" : "C29"				,"indsMclsNm" : "연료도매"				,"indsSclsCd" : "C29C02"				,"indsSclsNm" : "LPG도매"				,"stdrDt" : "2015-12-17"				}				,{				"indsLclsCd" : "C"				,"indsLclsNm" : "도매/유통/무역"				,"indsMclsCd" : "C29"				,"indsMclsNm" : "연료도매"				,"indsSclsCd" : "C29A04"				,"indsSclsNm" : "갈탄도매"				,"stdrDt" : "2015-12-17"				}				,{				"indsLclsCd" : "C"				,"indsLclsNm" : "도매/유통/무역"				,"indsMclsCd" : "C29"				,"indsMclsNm" : "연료도매"				,"indsSclsCd" : "C29A99"				,"indsSclsNm" : "고체연료/관련제품도매-기타"				,"stdrDt" : "2015-12-17"				}				,{				"indsLclsCd" : "C"				,"indsLclsNm" : "도매/유통/무역"				,"indsMclsCd" : "C29"				,"indsMclsNm" : "연료도매"				,"indsSclsCd" : "C29A00"				,"indsSclsNm" : "고체연료/관련제품도매-종합"				,"stdrDt" : "2015-12-17"				}				,{				"indsLclsCd" : "C"				,"indsLclsNm" : "도매/유통/무역"				,"indsMclsCd" : "C29"				,"indsMclsNm" : "연료도매"				,"indsSclsCd" : "C29C03"				,"indsSclsNm" : "공업용가스도매"				,"stdrDt" : "2015-12-17"				}				,{				"indsLclsCd" : "C"				,"indsLclsNm" : "도매/유통/무역"				,"indsMclsCd" : "C29"				,"indsMclsNm" : "연료도매"				,"indsSclsCd" : "C29C99"				,"indsSclsNm" : "기체연료/관련제품도매-기타"				,"stdrDt" : "2015-12-17"				}				,{				"indsLclsCd" : "C"				,"indsLclsNm" : "도매/유통/무역"				,"indsMclsCd" : "C29"				,"indsMclsNm" : "연료도매"				,"indsSclsCd" : "C29C00"				,"indsSclsNm" : "기체연료/관련제품도매-종합"				,"stdrDt" : "2015-12-17"				}				,{				"indsLclsCd" : "C"				,"indsLclsNm" : "도매/유통/무역"				,"indsMclsCd" : "C29"				,"indsMclsNm" : "연료도매"				,"indsSclsCd" : "C29C01"				,"indsSclsNm" : "기체연료도매"				,"stdrDt" : "2015-12-17"				}				,{				"indsLclsCd" : "C"				,"indsLclsNm" : "도매/유통/무역"				,"indsMclsCd" : "C29"				,"indsMclsNm" : "연료도매"				,"indsSclsCd" : "C29B04"				,"indsSclsNm" : "석유정제제품도매"				,"stdrDt" : "2015-12-17"				}				,{				"indsLclsCd" : "C"				,"indsLclsNm" : "도매/유통/무역"				,"indsMclsCd" : "C29"				,"indsMclsNm" : "연료도매"				,"indsSclsCd" : "C29A02"				,"indsSclsNm" : "석탄도매"				,"stdrDt" : "2015-12-17"				}				,{				"indsLclsCd" : "C"				,"indsLclsNm" : "도매/유통/무역"				,"indsMclsCd" : "C29"				,"indsMclsNm" : "연료도매"				,"indsSclsCd" : "C29A01"				,"indsSclsNm" : "숯도매"				,"stdrDt" : "2015-12-17"				}				,{				"indsLclsCd" : "C"				,"indsLclsNm" : "도매/유통/무역"				,"indsMclsCd" : "C29"				,"indsMclsNm" : "연료도매"				,"indsSclsCd" : "C29B99"				,"indsSclsNm" : "액체연료/관련제품도매-기타"				,"stdrDt" : "2015-12-17"				}				,{				"indsLclsCd" : "C"				,"indsLclsNm" : "도매/유통/무역"				,"indsMclsCd" : "C29"				,"indsMclsNm" : "연료도매"				,"indsSclsCd" : "C29B00"				,"indsSclsNm" : "액체연료/관련제품도매-종합"				,"stdrDt" : "2015-12-17"				}				,{				"indsLclsCd" : "C"				,"indsLclsNm" : "도매/유통/무역"				,"indsMclsCd" : "C29"				,"indsMclsNm" : "연료도매"				,"indsSclsCd" : "C29B01"				,"indsSclsNm" : "액체연료도매"				,"stdrDt" : "2015-12-17"				}				,{				"indsLclsCd" : "C"				,"indsLclsNm" : "도매/유통/무역"				,"indsMclsCd" : "C29"				,"indsMclsNm" : "연료도매"				,"indsSclsCd" : "C29B02"				,"indsSclsNm" : "원유도매"				,"stdrDt" : "2015-12-17"				}				,{				"indsLclsCd" : "C"				,"indsLclsNm" : "도매/유통/무역"				,"indsMclsCd" : "C29"				,"indsMclsNm" : "연료도매"				,"indsSclsCd" : "C29B03"				,"indsSclsNm" : "윤활유/그리스도매"				,"stdrDt" : "2015-12-17"				}				,{				"indsLclsCd" : "C"				,"indsLclsNm" : "도매/유통/무역"				,"indsMclsCd" : "C29"				,"indsMclsNm" : "연료도매"				,"indsSclsCd" : "C29A06"				,"indsSclsNm" : "착화탄도매"				,"stdrDt" : "2015-12-17"				}				,{				"indsLclsCd" : "C"				,"indsLclsNm" : "도매/유통/무역"				,"indsMclsCd" : "C29"				,"indsMclsNm" : "연료도매"				,"indsSclsCd" : "C29A03"				,"indsSclsNm" : "코크스도매"				,"stdrDt" : "2015-12-17"				}				,{				"indsLclsCd" : "C"				,"indsLclsNm" : "도매/유통/무역"				,"indsMclsCd" : "C29"				,"indsMclsNm" : "연료도매"				,"indsSclsCd" : "C29A05"				,"indsSclsNm" : "토탄도매"				,"stdrDt" : "2015-12-17"				}			]	}}