{	"header" : {		"description" : "소상공인시장진흥공단 상권정보 업종소분류 코드"		,"columns" : ["상권업종대분류코드","상권업종대분류코드명","상권업종중분류코드","상권업종중분류코드명","상권업종소분류코드","상권업종소분류코드명","데이터기준일자"]		,"resultCode" : "00"		,"resultMsg" : "NORMAL SERVICE"	},	"body" : {			"items" : [				{				"indsLclsCd" : "C"				,"indsLclsNm" : "도매/유통/무역"				,"indsMclsCd" : "C30"				,"indsMclsNm" : "철근/금속재도매"				,"indsSclsCd" : "C30B01"				,"indsSclsNm" : "금속관도매"				,"stdrDt" : "2015-12-17"				}				,{				"indsLclsCd" : "C"				,"indsLclsNm" : "도매/유통/무역"				,"indsMclsCd" : "C30"				,"indsMclsNm" : "철근/금속재도매"				,"indsSclsCd" : "C30B99"				,"indsSclsNm" : "금속관도매-기타"				,"stdrDt" : "2015-12-17"				}				,{				"indsLclsCd" : "C"				,"indsLclsNm" : "도매/유통/무역"				,"indsMclsCd" : "C30"				,"indsMclsNm" : "철근/금속재도매"				,"indsSclsCd" : "C30B00"				,"indsSclsNm" : "금속관도매-종합"				,"stdrDt" : "2015-12-17"				}				,{				"indsLclsCd" : "C"				,"indsLclsNm" : "도매/유통/무역"				,"indsMclsCd" : "C30"				,"indsMclsNm" : "철근/금속재도매"				,"indsSclsCd" : "C30E00"				,"indsSclsNm" : "금속광물도매"				,"stdrDt" : "2015-12-17"				}				,{				"indsLclsCd" : "C"				,"indsLclsNm" : "도매/유통/무역"				,"indsMclsCd" : "C30"				,"indsMclsNm" : "철근/금속재도매"				,"indsSclsCd" : "C30D01"				,"indsSclsNm" : "금속선도매"				,"stdrDt" : "2015-12-17"				}				,{				"indsLclsCd" : "C"				,"indsLclsNm" : "도매/유통/무역"				,"indsMclsCd" : "C30"				,"indsMclsNm" : "철근/금속재도매"				,"indsSclsCd" : "C30D99"				,"indsSclsNm" : "금속선도매-기타"				,"stdrDt" : "2015-12-17"				}				,{				"indsLclsCd" : "C"				,"indsLclsNm" : "도매/유통/무역"				,"indsMclsCd" : "C30"				,"indsMclsNm" : "철근/금속재도매"				,"indsSclsCd" : "C30D00"				,"indsSclsNm" : "금속선도매-종합"				,"stdrDt" : "2015-12-17"				}				,{				"indsLclsCd" : "C"				,"indsLclsNm" : "도매/유통/무역"				,"indsMclsCd" : "C30"				,"indsMclsNm" : "철근/금속재도매"				,"indsSclsCd" : "C30D04"				,"indsSclsNm" : "금속케이블도매"				,"stdrDt" : "2015-12-17"				}				,{				"indsLclsCd" : "C"				,"indsLclsNm" : "도매/유통/무역"				,"indsMclsCd" : "C30"				,"indsMclsNm" : "철근/금속재도매"				,"indsSclsCd" : "C30C04"				,"indsSclsNm" : "금속판재도매"				,"stdrDt" : "2015-12-17"				}				,{				"indsLclsCd" : "C"				,"indsLclsNm" : "도매/유통/무역"				,"indsMclsCd" : "C30"				,"indsMclsNm" : "철근/금속재도매"				,"indsSclsCd" : "C30C99"				,"indsSclsNm" : "금속판재도매-기타"				,"stdrDt" : "2015-12-17"				}				,{				"indsLclsCd" : "C"				,"indsLclsNm" : "도매/유통/무역"				,"indsMclsCd" : "C30"				,"indsMclsNm" : "철근/금속재도매"				,"indsSclsCd" : "C30C00"				,"indsSclsNm" : "금속판재도매-종합"				,"stdrDt" : "2015-12-17"				}				,{				"indsLclsCd" : "C"				,"indsLclsNm" : "도매/유통/무역"				,"indsMclsCd" : "C30"				,"indsMclsNm" : "철근/금속재도매"				,"indsSclsCd" : "C30B04"				,"indsSclsNm" : "동파이프판매"				,"stdrDt" : "2015-12-17"				}				,{				"indsLclsCd" : "C"				,"indsLclsNm" : "도매/유통/무역"				,"indsMclsCd" : "C30"				,"indsMclsNm" : "철근/금속재도매"				,"indsSclsCd" : "C30F01"				,"indsSclsNm" : "바늘도매"				,"stdrDt" : "2015-12-17"				}				,{				"indsLclsCd" : "C"				,"indsLclsNm" : "도매/유통/무역"				,"indsMclsCd" : "C30"				,"indsMclsNm" : "철근/금속재도매"				,"indsSclsCd" : "C30B03"				,"indsSclsNm" : "비철금속관도매"				,"stdrDt" : "2015-12-17"				}				,{				"indsLclsCd" : "C"				,"indsLclsNm" : "도매/유통/무역"				,"indsMclsCd" : "C30"				,"indsMclsNm" : "철근/금속재도매"				,"indsSclsCd" : "C30C02"				,"indsSclsNm" : "스텐레스판도매"				,"stdrDt" : "2015-12-17"				}				,{				"indsLclsCd" : "C"				,"indsLclsNm" : "도매/유통/무역"				,"indsMclsCd" : "C30"				,"indsMclsNm" : "철근/금속재도매"				,"indsSclsCd" : "C30B02"				,"indsSclsNm" : "철강관도매"				,"stdrDt" : "2015-12-17"				}				,{				"indsLclsCd" : "C"				,"indsLclsNm" : "도매/유통/무역"				,"indsMclsCd" : "C30"				,"indsMclsNm" : "철근/금속재도매"				,"indsSclsCd" : "C30C03"				,"indsSclsNm" : "철강판재도매"				,"stdrDt" : "2015-12-17"				}				,{				"indsLclsCd" : "C"				,"indsLclsNm" : "도매/유통/무역"				,"indsMclsCd" : "C30"				,"indsMclsNm" : "철근/금속재도매"				,"indsSclsCd" : "C30A01"				,"indsSclsNm" : "철근도매"				,"stdrDt" : "2015-12-17"				}				,{				"indsLclsCd" : "C"				,"indsLclsNm" : "도매/유통/무역"				,"indsMclsCd" : "C30"				,"indsMclsNm" : "철근/금속재도매"				,"indsSclsCd" : "C30A99"				,"indsSclsNm" : "철근도매-기타"				,"stdrDt" : "2015-12-17"				}				,{				"indsLclsCd" : "C"				,"indsLclsNm" : "도매/유통/무역"				,"indsMclsCd" : "C30"				,"indsMclsNm" : "철근/금속재도매"				,"indsSclsCd" : "C30A00"				,"indsSclsNm" : "철근도매-종합"				,"stdrDt" : "2015-12-17"				}				,{				"indsLclsCd" : "C"				,"indsLclsNm" : "도매/유통/무역"				,"indsMclsCd" : "C30"				,"indsMclsNm" : "철근/금속재도매"				,"indsSclsCd" : "C30D02"				,"indsSclsNm" : "철망도매"				,"stdrDt" : "2015-12-17"				}				,{				"indsLclsCd" : "C"				,"indsLclsNm" : "도매/유통/무역"				,"indsMclsCd" : "C30"				,"indsMclsNm" : "철근/금속재도매"				,"indsSclsCd" : "C30D03"				,"indsSclsNm" : "철선제품도매"				,"stdrDt" : "2015-12-17"				}				,{				"indsLclsCd" : "C"				,"indsLclsNm" : "도매/유통/무역"				,"indsMclsCd" : "C30"				,"indsMclsNm" : "철근/금속재도매"				,"indsSclsCd" : "C30C01"				,"indsSclsNm" : "함석도매"				,"stdrDt" : "2015-12-17"				}			]	}}