{	"header" : {		"description" : "소상공인시장진흥공단 상권정보 업종소분류 코드"		,"columns" : ["상권업종대분류코드","상권업종대분류코드명","상권업종중분류코드","상권업종중분류코드명","상권업종소분류코드","상권업종소분류코드명","데이터기준일자"]		,"resultCode" : "00"		,"resultMsg" : "NORMAL SERVICE"	},	"body" : {			"items" : [				{				"indsLclsCd" : "C"				,"indsLclsNm" : "도매/유통/무역"				,"indsMclsCd" : "C32"				,"indsMclsNm" : "건축관련자재도매"				,"indsSclsCd" : "C32B01"				,"indsSclsNm" : "골재도매"				,"stdrDt" : "2015-12-17"				}				,{				"indsLclsCd" : "C"				,"indsLclsNm" : "도매/유통/무역"				,"indsMclsCd" : "C32"				,"indsMclsNm" : "건축관련자재도매"				,"indsSclsCd" : "C32E99"				,"indsSclsNm" : "기와/벽돌/블록도매-기타"				,"stdrDt" : "2015-12-17"				}				,{				"indsLclsCd" : "C"				,"indsLclsNm" : "도매/유통/무역"				,"indsMclsCd" : "C32"				,"indsMclsNm" : "건축관련자재도매"				,"indsSclsCd" : "C32E00"				,"indsSclsNm" : "기와/벽돌/블록도매-종합"				,"stdrDt" : "2015-12-17"				}				,{				"indsLclsCd" : "C"				,"indsLclsNm" : "도매/유통/무역"				,"indsMclsCd" : "C32"				,"indsMclsNm" : "건축관련자재도매"				,"indsSclsCd" : "C32E01"				,"indsSclsNm" : "기와도매"				,"stdrDt" : "2015-12-17"				}				,{				"indsLclsCd" : "C"				,"indsLclsNm" : "도매/유통/무역"				,"indsMclsCd" : "C32"				,"indsMclsNm" : "건축관련자재도매"				,"indsSclsCd" : "C32C04"				,"indsSclsNm" : "난방장치도매"				,"stdrDt" : "2015-12-17"				}				,{				"indsLclsCd" : "C"				,"indsLclsNm" : "도매/유통/무역"				,"indsMclsCd" : "C32"				,"indsMclsNm" : "건축관련자재도매"				,"indsSclsCd" : "C32F01"				,"indsSclsNm" : "단열재도매"				,"stdrDt" : "2015-12-17"				}				,{				"indsLclsCd" : "C"				,"indsLclsNm" : "도매/유통/무역"				,"indsMclsCd" : "C32"				,"indsMclsNm" : "건축관련자재도매"				,"indsSclsCd" : "C32F02"				,"indsSclsNm" : "루핑지도매"				,"stdrDt" : "2015-12-17"				}				,{				"indsLclsCd" : "C"				,"indsLclsNm" : "도매/유통/무역"				,"indsMclsCd" : "C32"				,"indsMclsNm" : "건축관련자재도매"				,"indsSclsCd" : "C32A04"				,"indsSclsNm" : "모르타르도매"				,"stdrDt" : "2015-12-17"				}				,{				"indsLclsCd" : "C"				,"indsLclsNm" : "도매/유통/무역"				,"indsMclsCd" : "C32"				,"indsMclsNm" : "건축관련자재도매"				,"indsSclsCd" : "C32F07"				,"indsSclsNm" : "목욕탕/사우나기자재도매"				,"stdrDt" : "2015-12-17"				}				,{				"indsLclsCd" : "C"				,"indsLclsNm" : "도매/유통/무역"				,"indsMclsCd" : "C32"				,"indsMclsNm" : "건축관련자재도매"				,"indsSclsCd" : "C32F08"				,"indsSclsNm" : "방음자재도매"				,"stdrDt" : "2015-12-17"				}				,{				"indsLclsCd" : "C"				,"indsLclsNm" : "도매/유통/무역"				,"indsMclsCd" : "C32"				,"indsMclsNm" : "건축관련자재도매"				,"indsSclsCd" : "C32F09"				,"indsSclsNm" : "배관자재도매"				,"stdrDt" : "2015-12-17"				}				,{				"indsLclsCd" : "C"				,"indsLclsNm" : "도매/유통/무역"				,"indsMclsCd" : "C32"				,"indsMclsNm" : "건축관련자재도매"				,"indsSclsCd" : "C32E03"				,"indsSclsNm" : "벽돌도매"				,"stdrDt" : "2015-12-17"				}				,{				"indsLclsCd" : "C"				,"indsLclsNm" : "도매/유통/무역"				,"indsMclsCd" : "C32"				,"indsMclsNm" : "건축관련자재도매"				,"indsSclsCd" : "C32C02"				,"indsSclsNm" : "보일러도매"				,"stdrDt" : "2015-12-17"				}				,{				"indsLclsCd" : "C"				,"indsLclsNm" : "도매/유통/무역"				,"indsMclsCd" : "C32"				,"indsMclsNm" : "건축관련자재도매"				,"indsSclsCd" : "C32E02"				,"indsSclsNm" : "블록도매"				,"stdrDt" : "2015-12-17"				}				,{				"indsLclsCd" : "C"				,"indsLclsNm" : "도매/유통/무역"				,"indsMclsCd" : "C32"				,"indsMclsNm" : "건축관련자재도매"				,"indsSclsCd" : "C32A99"				,"indsSclsNm" : "석회/시멘트도매-기타"				,"stdrDt" : "2015-12-17"				}				,{				"indsLclsCd" : "C"				,"indsLclsNm" : "도매/유통/무역"				,"indsMclsCd" : "C32"				,"indsMclsNm" : "건축관련자재도매"				,"indsSclsCd" : "C32A00"				,"indsSclsNm" : "석회/시멘트도매-종합"				,"stdrDt" : "2015-12-17"				}				,{				"indsLclsCd" : "C"				,"indsLclsNm" : "도매/유통/무역"				,"indsMclsCd" : "C32"				,"indsMclsNm" : "건축관련자재도매"				,"indsSclsCd" : "C32A01"				,"indsSclsNm" : "석회도매"				,"stdrDt" : "2015-12-17"				}				,{				"indsLclsCd" : "C"				,"indsLclsNm" : "도매/유통/무역"				,"indsMclsCd" : "C32"				,"indsMclsNm" : "건축관련자재도매"				,"indsSclsCd" : "C32F05"				,"indsSclsNm" : "소방설비도매"				,"stdrDt" : "2015-12-17"				}				,{				"indsLclsCd" : "C"				,"indsLclsNm" : "도매/유통/무역"				,"indsMclsCd" : "C32"				,"indsMclsNm" : "건축관련자재도매"				,"indsSclsCd" : "C32C03"				,"indsSclsNm" : "수공구도매"				,"stdrDt" : "2015-12-17"				}				,{				"indsLclsCd" : "C"				,"indsLclsNm" : "도매/유통/무역"				,"indsMclsCd" : "C32"				,"indsMclsNm" : "건축관련자재도매"				,"indsSclsCd" : "C32A03"				,"indsSclsNm" : "시멘트도매"				,"stdrDt" : "2015-12-17"				}				,{				"indsLclsCd" : "C"				,"indsLclsNm" : "도매/유통/무역"				,"indsMclsCd" : "C32"				,"indsMclsNm" : "건축관련자재도매"				,"indsSclsCd" : "C32C05"				,"indsSclsNm" : "열쇠도매"				,"stdrDt" : "2015-12-17"				}				,{				"indsLclsCd" : "C"				,"indsLclsNm" : "도매/유통/무역"				,"indsMclsCd" : "C32"				,"indsMclsNm" : "건축관련자재도매"				,"indsSclsCd" : "C32F04"				,"indsSclsNm" : "위생도자제품도매"				,"stdrDt" : "2015-12-17"				}				,{				"indsLclsCd" : "C"				,"indsLclsNm" : "도매/유통/무역"				,"indsMclsCd" : "C32"				,"indsMclsNm" : "건축관련자재도매"				,"indsSclsCd" : "C32D02"				,"indsSclsNm" : "조립구조재도매"				,"stdrDt" : "2015-12-17"				}				,{				"indsLclsCd" : "C"				,"indsLclsNm" : "도매/유통/무역"				,"indsMclsCd" : "C32"				,"indsMclsNm" : "건축관련자재도매"				,"indsSclsCd" : "C32D01"				,"indsSclsNm" : "조립식건물세트도매"				,"stdrDt" : "2015-12-17"				}				,{				"indsLclsCd" : "C"				,"indsLclsNm" : "도매/유통/무역"				,"indsMclsCd" : "C32"				,"indsMclsNm" : "건축관련자재도매"				,"indsSclsCd" : "C32D99"				,"indsSclsNm" : "조립식건축물/구조재도매-기타"				,"stdrDt" : "2015-12-17"				}				,{				"indsLclsCd" : "C"				,"indsLclsNm" : "도매/유통/무역"				,"indsMclsCd" : "C32"				,"indsMclsNm" : "건축관련자재도매"				,"indsSclsCd" : "C32D00"				,"indsSclsNm" : "조립식건축물/구조재도매-종합"				,"stdrDt" : "2015-12-17"				}				,{				"indsLclsCd" : "C"				,"indsLclsNm" : "도매/유통/무역"				,"indsMclsCd" : "C32"				,"indsMclsNm" : "건축관련자재도매"				,"indsSclsCd" : "C32D03"				,"indsSclsNm" : "조립식벽돌도매"				,"stdrDt" : "2015-12-17"				}				,{				"indsLclsCd" : "C"				,"indsLclsNm" : "도매/유통/무역"				,"indsMclsCd" : "C32"				,"indsMclsNm" : "건축관련자재도매"				,"indsSclsCd" : "C32C99"				,"indsSclsNm" : "철물/수공구/난방장치도매-기타"				,"stdrDt" : "2015-12-17"				}				,{				"indsLclsCd" : "C"				,"indsLclsNm" : "도매/유통/무역"				,"indsMclsCd" : "C32"				,"indsMclsNm" : "건축관련자재도매"				,"indsSclsCd" : "C32C00"				,"indsSclsNm" : "철물/수공구/난방장치도매-종합"				,"stdrDt" : "2015-12-17"				}				,{				"indsLclsCd" : "C"				,"indsLclsNm" : "도매/유통/무역"				,"indsMclsCd" : "C32"				,"indsMclsNm" : "건축관련자재도매"				,"indsSclsCd" : "C32C01"				,"indsSclsNm" : "철물도매"				,"stdrDt" : "2015-12-17"				}				,{				"indsLclsCd" : "C"				,"indsLclsNm" : "도매/유통/무역"				,"indsMclsCd" : "C32"				,"indsMclsNm" : "건축관련자재도매"				,"indsSclsCd" : "C32E04"				,"indsSclsNm" : "콘크리트제품도매"				,"stdrDt" : "2015-12-17"				}				,{				"indsLclsCd" : "C"				,"indsLclsNm" : "도매/유통/무역"				,"indsMclsCd" : "C32"				,"indsMclsNm" : "건축관련자재도매"				,"indsSclsCd" : "C32F03"				,"indsSclsNm" : "타일도매"				,"stdrDt" : "2015-12-17"				}				,{				"indsLclsCd" : "C"				,"indsLclsNm" : "도매/유통/무역"				,"indsMclsCd" : "C32"				,"indsMclsNm" : "건축관련자재도매"				,"indsSclsCd" : "C32F10"				,"indsSclsNm" : "톱도매"				,"stdrDt" : "2015-12-17"				}				,{				"indsLclsCd" : "C"				,"indsLclsNm" : "도매/유통/무역"				,"indsMclsCd" : "C32"				,"indsMclsNm" : "건축관련자재도매"				,"indsSclsCd" : "C32A02"				,"indsSclsNm" : "프라스터도매"				,"stdrDt" : "2015-12-17"				}				,{				"indsLclsCd" : "C"				,"indsLclsNm" : "도매/유통/무역"				,"indsMclsCd" : "C32"				,"indsMclsNm" : "건축관련자재도매"				,"indsSclsCd" : "C32F06"				,"indsSclsNm" : "플라스틱관도매"				,"stdrDt" : "2015-12-17"				}			]	}}