{	"header" : {		"description" : "소상공인시장진흥공단 상권정보 업종소분류 코드"		,"columns" : ["상권업종대분류코드","상권업종대분류코드명","상권업종중분류코드","상권업종중분류코드명","상권업종소분류코드","상권업종소분류코드명","데이터기준일자"]		,"resultCode" : "00"		,"resultMsg" : "NORMAL SERVICE"	},	"body" : {			"items" : [				{				"indsLclsCd" : "C"				,"indsLclsNm" : "도매/유통/무역"				,"indsMclsCd" : "C34"				,"indsMclsNm" : "도료도매"				,"indsSclsCd" : "C34A99"				,"indsSclsNm" : "도료도매-기타"				,"stdrDt" : "2015-12-17"				}				,{				"indsLclsCd" : "C"				,"indsLclsNm" : "도매/유통/무역"				,"indsMclsCd" : "C34"				,"indsMclsNm" : "도료도매"				,"indsSclsCd" : "C34A00"				,"indsSclsNm" : "도료도매-종합"				,"stdrDt" : "2015-12-17"				}				,{				"indsLclsCd" : "C"				,"indsLclsNm" : "도매/유통/무역"				,"indsMclsCd" : "C34"				,"indsMclsNm" : "도료도매"				,"indsSclsCd" : "C34A01"				,"indsSclsNm" : "래커도매"				,"stdrDt" : "2015-12-17"				}				,{				"indsLclsCd" : "C"				,"indsLclsNm" : "도매/유통/무역"				,"indsMclsCd" : "C34"				,"indsMclsNm" : "도료도매"				,"indsSclsCd" : "C34A03"				,"indsSclsNm" : "요업도료도매"				,"stdrDt" : "2015-12-17"				}				,{				"indsLclsCd" : "C"				,"indsLclsNm" : "도매/유통/무역"				,"indsMclsCd" : "C34"				,"indsMclsNm" : "도료도매"				,"indsSclsCd" : "C34A02"				,"indsSclsNm" : "페인트도매"				,"stdrDt" : "2015-12-17"				}			]	}}