{	"header" : {		"description" : "소상공인시장진흥공단 상권정보 업종소분류 코드"		,"columns" : ["상권업종대분류코드","상권업종대분류코드명","상권업종중분류코드","상권업종중분류코드명","상권업종소분류코드","상권업종소분류코드명","데이터기준일자"]		,"resultCode" : "00"		,"resultMsg" : "NORMAL SERVICE"	},	"body" : {			"items" : [				{				"indsLclsCd" : "C"				,"indsLclsNm" : "도매/유통/무역"				,"indsMclsCd" : "C35"				,"indsMclsNm" : "화합물/화학제품도매"				,"indsSclsCd" : "C35D00"				,"indsSclsNm" : "농약도매"				,"stdrDt" : "2015-12-17"				}				,{				"indsLclsCd" : "C"				,"indsLclsNm" : "도매/유통/무역"				,"indsMclsCd" : "C35"				,"indsMclsNm" : "화합물/화학제품도매"				,"indsSclsCd" : "C35C00"				,"indsSclsNm" : "비료도매"				,"stdrDt" : "2015-12-17"				}				,{				"indsLclsCd" : "C"				,"indsLclsNm" : "도매/유통/무역"				,"indsMclsCd" : "C35"				,"indsMclsNm" : "화합물/화학제품도매"				,"indsSclsCd" : "C35A99"				,"indsSclsNm" : "산업용기초화합물도매-기타"				,"stdrDt" : "2015-12-17"				}				,{				"indsLclsCd" : "C"				,"indsLclsNm" : "도매/유통/무역"				,"indsMclsCd" : "C35"				,"indsMclsNm" : "화합물/화학제품도매"				,"indsSclsCd" : "C35A00"				,"indsSclsNm" : "산업용기초화합물도매-종합"				,"stdrDt" : "2015-12-17"				}				,{				"indsLclsCd" : "C"				,"indsLclsNm" : "도매/유통/무역"				,"indsMclsCd" : "C35"				,"indsMclsNm" : "화합물/화학제품도매"				,"indsSclsCd" : "C35B01"				,"indsSclsNm" : "안료도매"				,"stdrDt" : "2015-12-17"				}				,{				"indsLclsCd" : "C"				,"indsLclsNm" : "도매/유통/무역"				,"indsMclsCd" : "C35"				,"indsMclsNm" : "화합물/화학제품도매"				,"indsSclsCd" : "C35B99"				,"indsSclsNm" : "염료/안료/관련제품도매-기타"				,"stdrDt" : "2015-12-17"				}				,{				"indsLclsCd" : "C"				,"indsLclsNm" : "도매/유통/무역"				,"indsMclsCd" : "C35"				,"indsMclsNm" : "화합물/화학제품도매"				,"indsSclsCd" : "C35B00"				,"indsSclsNm" : "염료/안료/관련제품도매-종합"				,"stdrDt" : "2015-12-17"				}				,{				"indsLclsCd" : "C"				,"indsLclsNm" : "도매/유통/무역"				,"indsMclsCd" : "C35"				,"indsMclsNm" : "화합물/화학제품도매"				,"indsSclsCd" : "C35B02"				,"indsSclsNm" : "염료도매"				,"stdrDt" : "2015-12-17"				}				,{				"indsLclsCd" : "C"				,"indsLclsNm" : "도매/유통/무역"				,"indsMclsCd" : "C35"				,"indsMclsNm" : "화합물/화학제품도매"				,"indsSclsCd" : "C35B04"				,"indsSclsNm" : "유연제도매"				,"stdrDt" : "2015-12-17"				}				,{				"indsLclsCd" : "C"				,"indsLclsNm" : "도매/유통/무역"				,"indsMclsCd" : "C35"				,"indsMclsNm" : "화합물/화학제품도매"				,"indsSclsCd" : "C35B03"				,"indsSclsNm" : "착색제도매"				,"stdrDt" : "2015-12-17"				}				,{				"indsLclsCd" : "C"				,"indsLclsNm" : "도매/유통/무역"				,"indsMclsCd" : "C35"				,"indsMclsNm" : "화합물/화학제품도매"				,"indsSclsCd" : "C35A01"				,"indsSclsNm" : "화공약품도매"				,"stdrDt" : "2015-12-17"				}			]	}}