{	"header" : {		"description" : "소상공인시장진흥공단 상권정보 업종소분류 코드"		,"columns" : ["상권업종대분류코드","상권업종대분류코드명","상권업종중분류코드","상권업종중분류코드명","상권업종소분류코드","상권업종소분류코드명","데이터기준일자"]		,"resultCode" : "00"		,"resultMsg" : "NORMAL SERVICE"	},	"body" : {			"items" : [				{				"indsLclsCd" : "C"				,"indsLclsNm" : "도매/유통/무역"				,"indsMclsCd" : "C36"				,"indsMclsNm" : "고무/플라스틱류도매"				,"indsSclsCd" : "C36A03"				,"indsSclsNm" : "플라스틱도매"				,"stdrDt" : "2015-12-17"				}				,{				"indsLclsCd" : "C"				,"indsLclsNm" : "도매/유통/무역"				,"indsMclsCd" : "C36"				,"indsMclsNm" : "고무/플라스틱류도매"				,"indsSclsCd" : "C36A99"				,"indsSclsNm" : "합성고무/플라스틱물질도매-기타"				,"stdrDt" : "2015-12-17"				}				,{				"indsLclsCd" : "C"				,"indsLclsNm" : "도매/유통/무역"				,"indsMclsCd" : "C36"				,"indsMclsNm" : "고무/플라스틱류도매"				,"indsSclsCd" : "C36A00"				,"indsSclsNm" : "합성고무/플라스틱물질도매-종합"				,"stdrDt" : "2015-12-17"				}				,{				"indsLclsCd" : "C"				,"indsLclsNm" : "도매/유통/무역"				,"indsMclsCd" : "C36"				,"indsMclsNm" : "고무/플라스틱류도매"				,"indsSclsCd" : "C36A01"				,"indsSclsNm" : "합성고무도매"				,"stdrDt" : "2015-12-17"				}				,{				"indsLclsCd" : "C"				,"indsLclsNm" : "도매/유통/무역"				,"indsMclsCd" : "C36"				,"indsMclsNm" : "고무/플라스틱류도매"				,"indsSclsCd" : "C36A02"				,"indsSclsNm" : "합성수지도매"				,"stdrDt" : "2015-12-17"				}			]	}}