{	"header" : {		"description" : "소상공인시장진흥공단 상권정보 업종소분류 코드"		,"columns" : ["상권업종대분류코드","상권업종대분류코드명","상권업종중분류코드","상권업종중분류코드명","상권업종소분류코드","상권업종소분류코드명","데이터기준일자"]		,"resultCode" : "00"		,"resultMsg" : "NORMAL SERVICE"	},	"body" : {			"items" : [				{				"indsLclsCd" : "C"				,"indsLclsNm" : "도매/유통/무역"				,"indsMclsCd" : "C37"				,"indsMclsNm" : "재료도매/수집"				,"indsSclsCd" : "C37B02"				,"indsSclsNm" : "고무벨트도매"				,"stdrDt" : "2015-12-17"				}				,{				"indsLclsCd" : "C"				,"indsLclsNm" : "도매/유통/무역"				,"indsMclsCd" : "C37"				,"indsMclsNm" : "재료도매/수집"				,"indsSclsCd" : "C37A02"				,"indsSclsNm" : "금속재생재료수집도매"				,"stdrDt" : "2015-12-17"				}				,{				"indsLclsCd" : "C"				,"indsLclsNm" : "도매/유통/무역"				,"indsMclsCd" : "C37"				,"indsMclsNm" : "재료도매/수집"				,"indsSclsCd" : "C37A03"				,"indsSclsNm" : "비금속재생재료수집도매"				,"stdrDt" : "2015-12-17"				}				,{				"indsLclsCd" : "C"				,"indsLclsNm" : "도매/유통/무역"				,"indsMclsCd" : "C37"				,"indsMclsNm" : "재료도매/수집"				,"indsSclsCd" : "C37A99"				,"indsSclsNm" : "재생재료수집/도매-기타"				,"stdrDt" : "2015-12-17"				}				,{				"indsLclsCd" : "C"				,"indsLclsNm" : "도매/유통/무역"				,"indsMclsCd" : "C37"				,"indsMclsNm" : "재료도매/수집"				,"indsSclsCd" : "C37A00"				,"indsSclsNm" : "재생재료수집/도매-종합"				,"stdrDt" : "2015-12-17"				}				,{				"indsLclsCd" : "C"				,"indsLclsNm" : "도매/유통/무역"				,"indsMclsCd" : "C37"				,"indsMclsNm" : "재료도매/수집"				,"indsSclsCd" : "C37B04"				,"indsSclsNm" : "티타늄도매"				,"stdrDt" : "2015-12-17"				}				,{				"indsLclsCd" : "C"				,"indsLclsNm" : "도매/유통/무역"				,"indsMclsCd" : "C37"				,"indsMclsNm" : "재료도매/수집"				,"indsSclsCd" : "C37A01"				,"indsSclsNm" : "폐품수집도매"				,"stdrDt" : "2015-12-17"				}				,{				"indsLclsCd" : "C"				,"indsLclsNm" : "도매/유통/무역"				,"indsMclsCd" : "C37"				,"indsMclsNm" : "재료도매/수집"				,"indsSclsCd" : "C37B01"				,"indsSclsNm" : "포장재료도매"				,"stdrDt" : "2015-12-17"				}				,{				"indsLclsCd" : "C"				,"indsLclsNm" : "도매/유통/무역"				,"indsMclsCd" : "C37"				,"indsMclsNm" : "재료도매/수집"				,"indsSclsCd" : "C37B03"				,"indsSclsNm" : "플라스틱필름도매"				,"stdrDt" : "2015-12-17"				}			]	}}