{	"header" : {		"description" : "소상공인시장진흥공단 상권정보 업종소분류 코드"		,"columns" : ["상권업종대분류코드","상권업종대분류코드명","상권업종중분류코드","상권업종중분류코드명","상권업종소분류코드","상권업종소분류코드명","데이터기준일자"]		,"resultCode" : "00"		,"resultMsg" : "NORMAL SERVICE"	},	"body" : {			"items" : [				{				"indsLclsCd" : "C"				,"indsLclsNm" : "도매/유통/무역"				,"indsMclsCd" : "C38"				,"indsMclsNm" : "기계장비도매"				,"indsSclsCd" : "C38H03"				,"indsSclsNm" : "X선기구도매"				,"stdrDt" : "2015-12-17"				}				,{				"indsLclsCd" : "C"				,"indsLclsNm" : "도매/유통/무역"				,"indsMclsCd" : "C38"				,"indsMclsNm" : "기계장비도매"				,"indsSclsCd" : "C38C99"				,"indsSclsNm" : "건설/광업용기계장비도매-기타"				,"stdrDt" : "2015-12-17"				}				,{				"indsLclsCd" : "C"				,"indsLclsNm" : "도매/유통/무역"				,"indsMclsCd" : "C38"				,"indsMclsNm" : "기계장비도매"				,"indsSclsCd" : "C38C00"				,"indsSclsNm" : "건설/광업용기계장비도매-종합"				,"stdrDt" : "2015-12-17"				}				,{				"indsLclsCd" : "C"				,"indsLclsNm" : "도매/유통/무역"				,"indsMclsCd" : "C38"				,"indsMclsNm" : "기계장비도매"				,"indsSclsCd" : "C38A06"				,"indsSclsNm" : "공기정화기판매"				,"stdrDt" : "2015-12-17"				}				,{				"indsLclsCd" : "C"				,"indsLclsNm" : "도매/유통/무역"				,"indsMclsCd" : "C38"				,"indsMclsNm" : "기계장비도매"				,"indsSclsCd" : "C38D01"				,"indsSclsNm" : "공작기계도매"				,"stdrDt" : "2015-12-17"				}				,{				"indsLclsCd" : "C"				,"indsLclsNm" : "도매/유통/무역"				,"indsMclsCd" : "C38"				,"indsMclsNm" : "기계장비도매"				,"indsSclsCd" : "C38I07"				,"indsSclsNm" : "과학기구장비도매"				,"stdrDt" : "2015-12-17"				}				,{				"indsLclsCd" : "C"				,"indsLclsNm" : "도매/유통/무역"				,"indsMclsCd" : "C38"				,"indsMclsNm" : "기계장비도매"				,"indsSclsCd" : "C38D99"				,"indsSclsNm" : "금속공작/목공기계도매-기타"				,"stdrDt" : "2015-12-17"				}				,{				"indsLclsCd" : "C"				,"indsLclsNm" : "도매/유통/무역"				,"indsMclsCd" : "C38"				,"indsMclsNm" : "기계장비도매"				,"indsSclsCd" : "C38D00"				,"indsSclsNm" : "금속공작/목공기계도매-종합"				,"stdrDt" : "2015-12-17"				}				,{				"indsLclsCd" : "C"				,"indsLclsNm" : "도매/유통/무역"				,"indsMclsCd" : "C38"				,"indsMclsNm" : "기계장비도매"				,"indsSclsCd" : "C38E03"				,"indsSclsNm" : "금전등록기도매"				,"stdrDt" : "2015-12-17"				}				,{				"indsLclsCd" : "C"				,"indsLclsNm" : "도매/유통/무역"				,"indsMclsCd" : "C38"				,"indsMclsNm" : "기계장비도매"				,"indsSclsCd" : "C38A07"				,"indsSclsNm" : "기계부속품판매"				,"stdrDt" : "2015-12-17"				}				,{				"indsLclsCd" : "C"				,"indsLclsNm" : "도매/유통/무역"				,"indsMclsCd" : "C38"				,"indsMclsNm" : "기계장비도매"				,"indsSclsCd" : "C38H01"				,"indsSclsNm" : "내과/외과기기도매"				,"stdrDt" : "2015-12-17"				}				,{				"indsLclsCd" : "C"				,"indsLclsNm" : "도매/유통/무역"				,"indsMclsCd" : "C38"				,"indsMclsNm" : "기계장비도매"				,"indsSclsCd" : "C38B00"				,"indsSclsNm" : "농업용기계장비도매"				,"stdrDt" : "2015-12-17"				}				,{				"indsLclsCd" : "C"				,"indsLclsNm" : "도매/유통/무역"				,"indsMclsCd" : "C38"				,"indsMclsNm" : "기계장비도매"				,"indsSclsCd" : "C38D02"				,"indsSclsNm" : "목공기계도매"				,"stdrDt" : "2015-12-17"				}				,{				"indsLclsCd" : "C"				,"indsLclsNm" : "도매/유통/무역"				,"indsMclsCd" : "C38"				,"indsMclsNm" : "기계장비도매"				,"indsSclsCd" : "C38F07"				,"indsSclsNm" : "무전기(도매)"				,"stdrDt" : "2015-12-17"				}				,{				"indsLclsCd" : "C"				,"indsLclsNm" : "도매/유통/무역"				,"indsMclsCd" : "C38"				,"indsMclsNm" : "기계장비도매"				,"indsSclsCd" : "C38I03"				,"indsSclsNm" : "물리시험기구도매"				,"stdrDt" : "2015-12-17"				}				,{				"indsLclsCd" : "C"				,"indsLclsNm" : "도매/유통/무역"				,"indsMclsCd" : "C38"				,"indsMclsNm" : "기계장비도매"				,"indsSclsCd" : "C38G03"				,"indsSclsNm" : "반도체도매"				,"stdrDt" : "2015-12-17"				}				,{				"indsLclsCd" : "C"				,"indsLclsNm" : "도매/유통/무역"				,"indsMclsCd" : "C38"				,"indsMclsNm" : "기계장비도매"				,"indsSclsCd" : "C38F03"				,"indsSclsNm" : "반송장비도매"				,"stdrDt" : "2015-12-17"				}				,{				"indsLclsCd" : "C"				,"indsLclsNm" : "도매/유통/무역"				,"indsMclsCd" : "C38"				,"indsMclsNm" : "기계장비도매"				,"indsSclsCd" : "C38G01"				,"indsSclsNm" : "발전기도매"				,"stdrDt" : "2015-12-17"				}				,{				"indsLclsCd" : "C"				,"indsLclsNm" : "도매/유통/무역"				,"indsMclsCd" : "C38"				,"indsMclsNm" : "기계장비도매"				,"indsSclsCd" : "C38F04"				,"indsSclsNm" : "방송장비도매"				,"stdrDt" : "2015-12-17"				}				,{				"indsLclsCd" : "C"				,"indsLclsNm" : "도매/유통/무역"				,"indsMclsCd" : "C38"				,"indsMclsNm" : "기계장비도매"				,"indsSclsCd" : "C38J11"				,"indsSclsNm" : "방직기도매"				,"stdrDt" : "2015-12-17"				}				,{				"indsLclsCd" : "C"				,"indsLclsNm" : "도매/유통/무역"				,"indsMclsCd" : "C38"				,"indsMclsNm" : "기계장비도매"				,"indsSclsCd" : "C38A05"				,"indsSclsNm" : "밸브도매"				,"stdrDt" : "2015-12-17"				}				,{				"indsLclsCd" : "C"				,"indsLclsNm" : "도매/유통/무역"				,"indsMclsCd" : "C38"				,"indsMclsNm" : "기계장비도매"				,"indsSclsCd" : "C38A03"				,"indsSclsNm" : "베어링도매"				,"stdrDt" : "2015-12-17"				}				,{				"indsLclsCd" : "C"				,"indsLclsNm" : "도매/유통/무역"				,"indsMclsCd" : "C38"				,"indsMclsNm" : "기계장비도매"				,"indsSclsCd" : "C38E04"				,"indsSclsNm" : "복사기도매"				,"stdrDt" : "2015-12-17"				}				,{				"indsLclsCd" : "C"				,"indsLclsNm" : "도매/유통/무역"				,"indsMclsCd" : "C38"				,"indsMclsNm" : "기계장비도매"				,"indsSclsCd" : "C38J06"				,"indsSclsNm" : "비금속제품성형기계도매"				,"stdrDt" : "2015-12-17"				}				,{				"indsLclsCd" : "C"				,"indsLclsNm" : "도매/유통/무역"				,"indsMclsCd" : "C38"				,"indsMclsNm" : "기계장비도매"				,"indsSclsCd" : "C38E99"				,"indsSclsNm" : "사무용기계도매-기타"				,"stdrDt" : "2015-12-17"				}				,{				"indsLclsCd" : "C"				,"indsLclsNm" : "도매/유통/무역"				,"indsMclsCd" : "C38"				,"indsMclsNm" : "기계장비도매"				,"indsSclsCd" : "C38E00"				,"indsSclsNm" : "사무용기계도매-종합"				,"stdrDt" : "2015-12-17"				}				,{				"indsLclsCd" : "C"				,"indsLclsNm" : "도매/유통/무역"				,"indsMclsCd" : "C38"				,"indsMclsNm" : "기계장비도매"				,"indsSclsCd" : "C38A04"				,"indsSclsNm" : "산업용노/오븐/버너도매"				,"stdrDt" : "2015-12-17"				}				,{				"indsLclsCd" : "C"				,"indsLclsNm" : "도매/유통/무역"				,"indsMclsCd" : "C38"				,"indsMclsNm" : "기계장비도매"				,"indsSclsCd" : "C38J13"				,"indsSclsNm" : "산업용분쇄기판매"				,"stdrDt" : "2015-12-17"				}				,{				"indsLclsCd" : "C"				,"indsLclsNm" : "도매/유통/무역"				,"indsMclsCd" : "C38"				,"indsMclsNm" : "기계장비도매"				,"indsSclsCd" : "C38J01"				,"indsSclsNm" : "산업용수송장비도매"				,"stdrDt" : "2015-12-17"				}				,{				"indsLclsCd" : "C"				,"indsLclsNm" : "도매/유통/무역"				,"indsMclsCd" : "C38"				,"indsMclsNm" : "기계장비도매"				,"indsSclsCd" : "C38J07"				,"indsSclsNm" : "상업용기계장비도매"				,"stdrDt" : "2015-12-17"				}				,{				"indsLclsCd" : "C"				,"indsLclsNm" : "도매/유통/무역"				,"indsMclsCd" : "C38"				,"indsMclsNm" : "기계장비도매"				,"indsSclsCd" : "C38D05"				,"indsSclsNm" : "선반도매"				,"stdrDt" : "2015-12-17"				}				,{				"indsLclsCd" : "C"				,"indsLclsNm" : "도매/유통/무역"				,"indsMclsCd" : "C38"				,"indsMclsNm" : "기계장비도매"				,"indsSclsCd" : "C38J12"				,"indsSclsNm" : "섬유가공기도매"				,"stdrDt" : "2015-12-17"				}				,{				"indsLclsCd" : "C"				,"indsLclsNm" : "도매/유통/무역"				,"indsMclsCd" : "C38"				,"indsMclsNm" : "기계장비도매"				,"indsSclsCd" : "C38J02"				,"indsSclsNm" : "섬유기계장비도매"				,"stdrDt" : "2015-12-17"				}				,{				"indsLclsCd" : "C"				,"indsLclsNm" : "도매/유통/무역"				,"indsMclsCd" : "C38"				,"indsMclsNm" : "기계장비도매"				,"indsSclsCd" : "C38E05"				,"indsSclsNm" : "소프트웨어도매"				,"stdrDt" : "2015-12-17"				}				,{				"indsLclsCd" : "C"				,"indsLclsNm" : "도매/유통/무역"				,"indsMclsCd" : "C38"				,"indsMclsNm" : "기계장비도매"				,"indsSclsCd" : "C38A02"				,"indsSclsNm" : "송풍기/환풍기도매"				,"stdrDt" : "2015-12-17"				}				,{				"indsLclsCd" : "C"				,"indsLclsNm" : "도매/유통/무역"				,"indsMclsCd" : "C38"				,"indsMclsNm" : "기계장비도매"				,"indsSclsCd" : "C38H04"				,"indsSclsNm" : "수의기기도매"				,"stdrDt" : "2015-12-17"				}				,{				"indsLclsCd" : "C"				,"indsLclsNm" : "도매/유통/무역"				,"indsMclsCd" : "C38"				,"indsMclsNm" : "기계장비도매"				,"indsSclsCd" : "C38E07"				,"indsSclsNm" : "순찰시계판매"				,"stdrDt" : "2015-12-17"				}				,{				"indsLclsCd" : "C"				,"indsLclsNm" : "도매/유통/무역"				,"indsMclsCd" : "C38"				,"indsMclsNm" : "기계장비도매"				,"indsSclsCd" : "C38J05"				,"indsSclsNm" : "식품기계장비도매"				,"stdrDt" : "2015-12-17"				}				,{				"indsLclsCd" : "C"				,"indsLclsNm" : "도매/유통/무역"				,"indsMclsCd" : "C38"				,"indsMclsNm" : "기계장비도매"				,"indsSclsCd" : "C38I06"				,"indsSclsNm" : "영화촬영기도매"				,"stdrDt" : "2015-12-17"				}				,{				"indsLclsCd" : "C"				,"indsLclsNm" : "도매/유통/무역"				,"indsMclsCd" : "C38"				,"indsMclsNm" : "기계장비도매"				,"indsSclsCd" : "C38F06"				,"indsSclsNm" : "위성방송설비도매"				,"stdrDt" : "2015-12-17"				}				,{				"indsLclsCd" : "C"				,"indsLclsNm" : "도매/유통/무역"				,"indsMclsCd" : "C38"				,"indsMclsNm" : "기계장비도매"				,"indsSclsCd" : "C38D03"				,"indsSclsNm" : "유압기계도매"				,"stdrDt" : "2015-12-17"				}				,{				"indsLclsCd" : "C"				,"indsLclsNm" : "도매/유통/무역"				,"indsMclsCd" : "C38"				,"indsMclsNm" : "기계장비도매"				,"indsSclsCd" : "C38H99"				,"indsSclsNm" : "의료용기기도매-기타"				,"stdrDt" : "2015-12-17"				}				,{				"indsLclsCd" : "C"				,"indsLclsNm" : "도매/유통/무역"				,"indsMclsCd" : "C38"				,"indsMclsNm" : "기계장비도매"				,"indsSclsCd" : "C38H00"				,"indsSclsNm" : "의료용기기도매-종합"				,"stdrDt" : "2015-12-17"				}				,{				"indsLclsCd" : "C"				,"indsLclsNm" : "도매/유통/무역"				,"indsMclsCd" : "C38"				,"indsMclsNm" : "기계장비도매"				,"indsSclsCd" : "C38I05"				,"indsSclsNm" : "이화학용기구도매"				,"stdrDt" : "2015-12-17"				}				,{				"indsLclsCd" : "C"				,"indsLclsNm" : "도매/유통/무역"				,"indsMclsCd" : "C38"				,"indsMclsNm" : "기계장비도매"				,"indsSclsCd" : "C38J09"				,"indsSclsNm" : "인쇄기도매"				,"stdrDt" : "2015-12-17"				}				,{				"indsLclsCd" : "C"				,"indsLclsNm" : "도매/유통/무역"				,"indsMclsCd" : "C38"				,"indsMclsNm" : "기계장비도매"				,"indsSclsCd" : "C38A99"				,"indsSclsNm" : "일반기계장비도매-기타"				,"stdrDt" : "2015-12-17"				}				,{				"indsLclsCd" : "C"				,"indsLclsNm" : "도매/유통/무역"				,"indsMclsCd" : "C38"				,"indsMclsNm" : "기계장비도매"				,"indsSclsCd" : "C38A00"				,"indsSclsNm" : "일반기계장비도매-종합"				,"stdrDt" : "2015-12-17"				}				,{				"indsLclsCd" : "C"				,"indsLclsNm" : "도매/유통/무역"				,"indsMclsCd" : "C38"				,"indsMclsNm" : "기계장비도매"				,"indsSclsCd" : "C38G99"				,"indsSclsNm" : "전기기계장비도매-기타"				,"stdrDt" : "2015-12-17"				}				,{				"indsLclsCd" : "C"				,"indsLclsNm" : "도매/유통/무역"				,"indsMclsCd" : "C38"				,"indsMclsNm" : "기계장비도매"				,"indsSclsCd" : "C38G00"				,"indsSclsNm" : "전기기계장비도매-종합"				,"stdrDt" : "2015-12-17"				}				,{				"indsLclsCd" : "C"				,"indsLclsNm" : "도매/유통/무역"				,"indsMclsCd" : "C38"				,"indsMclsNm" : "기계장비도매"				,"indsSclsCd" : "C38I04"				,"indsSclsNm" : "전기측정기기도매"				,"stdrDt" : "2015-12-17"				}				,{				"indsLclsCd" : "C"				,"indsLclsNm" : "도매/유통/무역"				,"indsMclsCd" : "C38"				,"indsMclsNm" : "기계장비도매"				,"indsSclsCd" : "C38G05"				,"indsSclsNm" : "전기케이블도매"				,"stdrDt" : "2015-12-17"				}				,{				"indsLclsCd" : "C"				,"indsLclsNm" : "도매/유통/무역"				,"indsMclsCd" : "C38"				,"indsMclsNm" : "기계장비도매"				,"indsSclsCd" : "C38I99"				,"indsSclsNm" : "전문및과학기기도매-기타"				,"stdrDt" : "2015-12-17"				}				,{				"indsLclsCd" : "C"				,"indsLclsNm" : "도매/유통/무역"				,"indsMclsCd" : "C38"				,"indsMclsNm" : "기계장비도매"				,"indsSclsCd" : "C38I00"				,"indsSclsNm" : "전문및과학기기도매-종합"				,"stdrDt" : "2015-12-17"				}				,{				"indsLclsCd" : "C"				,"indsLclsNm" : "도매/유통/무역"				,"indsMclsCd" : "C38"				,"indsMclsNm" : "기계장비도매"				,"indsSclsCd" : "C38E02"				,"indsSclsNm" : "전자계산기도매"				,"stdrDt" : "2015-12-17"				}				,{				"indsLclsCd" : "C"				,"indsLclsNm" : "도매/유통/무역"				,"indsMclsCd" : "C38"				,"indsMclsNm" : "기계장비도매"				,"indsSclsCd" : "C38G04"				,"indsSclsNm" : "전자부품도매"				,"stdrDt" : "2015-12-17"				}				,{				"indsLclsCd" : "C"				,"indsLclsNm" : "도매/유통/무역"				,"indsMclsCd" : "C38"				,"indsMclsNm" : "기계장비도매"				,"indsSclsCd" : "C38F01"				,"indsSclsNm" : "전화기도매"				,"stdrDt" : "2015-12-17"				}				,{				"indsLclsCd" : "C"				,"indsLclsNm" : "도매/유통/무역"				,"indsMclsCd" : "C38"				,"indsMclsNm" : "기계장비도매"				,"indsSclsCd" : "C38I01"				,"indsSclsNm" : "제도기도매"				,"stdrDt" : "2015-12-17"				}				,{				"indsLclsCd" : "C"				,"indsLclsNm" : "도매/유통/무역"				,"indsMclsCd" : "C38"				,"indsMclsNm" : "기계장비도매"				,"indsSclsCd" : "C38J10"				,"indsSclsNm" : "제본기도매"				,"stdrDt" : "2015-12-17"				}				,{				"indsLclsCd" : "C"				,"indsLclsNm" : "도매/유통/무역"				,"indsMclsCd" : "C38"				,"indsMclsNm" : "기계장비도매"				,"indsSclsCd" : "C38J03"				,"indsSclsNm" : "제지용기계장비도매"				,"stdrDt" : "2015-12-17"				}				,{				"indsLclsCd" : "C"				,"indsLclsNm" : "도매/유통/무역"				,"indsMclsCd" : "C38"				,"indsMclsNm" : "기계장비도매"				,"indsSclsCd" : "C38D06"				,"indsSclsNm" : "주조기도매"				,"stdrDt" : "2015-12-17"				}				,{				"indsLclsCd" : "C"				,"indsLclsNm" : "도매/유통/무역"				,"indsMclsCd" : "C38"				,"indsMclsNm" : "기계장비도매"				,"indsSclsCd" : "C38C01"				,"indsSclsNm" : "중장비도매"				,"stdrDt" : "2015-12-17"				}				,{				"indsLclsCd" : "C"				,"indsLclsNm" : "도매/유통/무역"				,"indsMclsCd" : "C38"				,"indsMclsNm" : "기계장비도매"				,"indsSclsCd" : "C38C03"				,"indsSclsNm" : "중장비매매중개"				,"stdrDt" : "2015-12-17"				}				,{				"indsLclsCd" : "C"				,"indsLclsNm" : "도매/유통/무역"				,"indsMclsCd" : "C38"				,"indsMclsNm" : "기계장비도매"				,"indsSclsCd" : "C38C02"				,"indsSclsNm" : "중장비부품도매"				,"stdrDt" : "2015-12-17"				}				,{				"indsLclsCd" : "C"				,"indsLclsNm" : "도매/유통/무역"				,"indsMclsCd" : "C38"				,"indsMclsNm" : "기계장비도매"				,"indsSclsCd" : "C38C04"				,"indsSclsNm" : "중장비정비"				,"stdrDt" : "2015-12-17"				}				,{				"indsLclsCd" : "C"				,"indsLclsNm" : "도매/유통/무역"				,"indsMclsCd" : "C38"				,"indsMclsNm" : "기계장비도매"				,"indsSclsCd" : "C38J08"				,"indsSclsNm" : "직조기도매"				,"stdrDt" : "2015-12-17"				}				,{				"indsLclsCd" : "C"				,"indsLclsNm" : "도매/유통/무역"				,"indsMclsCd" : "C38"				,"indsMclsNm" : "기계장비도매"				,"indsSclsCd" : "C38G02"				,"indsSclsNm" : "축전기도매"				,"stdrDt" : "2015-12-17"				}				,{				"indsLclsCd" : "C"				,"indsLclsNm" : "도매/유통/무역"				,"indsMclsCd" : "C38"				,"indsMclsNm" : "기계장비도매"				,"indsSclsCd" : "C38E06"				,"indsSclsNm" : "출퇴근기록기판매"				,"stdrDt" : "2015-12-17"				}				,{				"indsLclsCd" : "C"				,"indsLclsNm" : "도매/유통/무역"				,"indsMclsCd" : "C38"				,"indsMclsNm" : "기계장비도매"				,"indsSclsCd" : "C38I02"				,"indsSclsNm" : "측량기기도매"				,"stdrDt" : "2015-12-17"				}				,{				"indsLclsCd" : "C"				,"indsLclsNm" : "도매/유통/무역"				,"indsMclsCd" : "C38"				,"indsMclsNm" : "기계장비도매"				,"indsSclsCd" : "C38H02"				,"indsSclsNm" : "치과기기도매"				,"stdrDt" : "2015-12-17"				}				,{				"indsLclsCd" : "C"				,"indsLclsNm" : "도매/유통/무역"				,"indsMclsCd" : "C38"				,"indsMclsNm" : "기계장비도매"				,"indsSclsCd" : "C38E01"				,"indsSclsNm" : "컴퓨터도매"				,"stdrDt" : "2015-12-17"				}				,{				"indsLclsCd" : "C"				,"indsLclsNm" : "도매/유통/무역"				,"indsMclsCd" : "C38"				,"indsMclsNm" : "기계장비도매"				,"indsSclsCd" : "C38F02"				,"indsSclsNm" : "통신기기도매"				,"stdrDt" : "2015-12-17"				}				,{				"indsLclsCd" : "C"				,"indsLclsNm" : "도매/유통/무역"				,"indsMclsCd" : "C38"				,"indsMclsNm" : "기계장비도매"				,"indsSclsCd" : "C38F99"				,"indsSclsNm" : "통신장비도매-기타"				,"stdrDt" : "2015-12-17"				}				,{				"indsLclsCd" : "C"				,"indsLclsNm" : "도매/유통/무역"				,"indsMclsCd" : "C38"				,"indsMclsNm" : "기계장비도매"				,"indsSclsCd" : "C38F00"				,"indsSclsNm" : "통신장비도매-종합"				,"stdrDt" : "2015-12-17"				}				,{				"indsLclsCd" : "C"				,"indsLclsNm" : "도매/유통/무역"				,"indsMclsCd" : "C38"				,"indsMclsNm" : "기계장비도매"				,"indsSclsCd" : "C38F05"				,"indsSclsNm" : "통신케이블도매"				,"stdrDt" : "2015-12-17"				}				,{				"indsLclsCd" : "C"				,"indsLclsNm" : "도매/유통/무역"				,"indsMclsCd" : "C38"				,"indsMclsNm" : "기계장비도매"				,"indsSclsCd" : "C38A01"				,"indsSclsNm" : "펌프도매"				,"stdrDt" : "2015-12-17"				}				,{				"indsLclsCd" : "C"				,"indsLclsNm" : "도매/유통/무역"				,"indsMclsCd" : "C38"				,"indsMclsNm" : "기계장비도매"				,"indsSclsCd" : "C38D04"				,"indsSclsNm" : "프레스기도매"				,"stdrDt" : "2015-12-17"				}				,{				"indsLclsCd" : "C"				,"indsLclsNm" : "도매/유통/무역"				,"indsMclsCd" : "C38"				,"indsMclsNm" : "기계장비도매"				,"indsSclsCd" : "C38J04"				,"indsSclsNm" : "화학기계장비도매"				,"stdrDt" : "2015-12-17"				}			]	}}