{	"header" : {		"description" : "소상공인시장진흥공단 상권정보 업종소분류 코드"		,"columns" : ["상권업종대분류코드","상권업종대분류코드명","상권업종중분류코드","상권업종중분류코드명","상권업종소분류코드","상권업종소분류코드명","데이터기준일자"]		,"resultCode" : "00"		,"resultMsg" : "NORMAL SERVICE"	},	"body" : {			"items" : [				{				"indsLclsCd" : "C"				,"indsLclsNm" : "도매/유통/무역"				,"indsMclsCd" : "C39"				,"indsMclsNm" : "무역업"				,"indsSclsCd" : "C39A04"				,"indsSclsNm" : "가정용품무역"				,"stdrDt" : "2015-12-17"				}				,{				"indsLclsCd" : "C"				,"indsLclsNm" : "도매/유통/무역"				,"indsMclsCd" : "C39"				,"indsMclsNm" : "무역업"				,"indsSclsCd" : "C39A02"				,"indsSclsNm" : "농축산물무역"				,"stdrDt" : "2015-12-17"				}				,{				"indsLclsCd" : "C"				,"indsLclsNm" : "도매/유통/무역"				,"indsMclsCd" : "C39"				,"indsMclsNm" : "무역업"				,"indsSclsCd" : "C39A07"				,"indsSclsNm" : "담배무역"				,"stdrDt" : "2015-12-17"				}				,{				"indsLclsCd" : "C"				,"indsLclsNm" : "도매/유통/무역"				,"indsMclsCd" : "C39"				,"indsMclsNm" : "무역업"				,"indsSclsCd" : "C39A99"				,"indsSclsNm" : "무역업-기타"				,"stdrDt" : "2015-12-17"				}				,{				"indsLclsCd" : "C"				,"indsLclsNm" : "도매/유통/무역"				,"indsMclsCd" : "C39"				,"indsMclsNm" : "무역업"				,"indsSclsCd" : "C39A00"				,"indsSclsNm" : "무역업-종합"				,"stdrDt" : "2015-12-17"				}				,{				"indsLclsCd" : "C"				,"indsLclsNm" : "도매/유통/무역"				,"indsMclsCd" : "C39"				,"indsMclsNm" : "무역업"				,"indsSclsCd" : "C39B00"				,"indsSclsNm" : "무역중개"				,"stdrDt" : "2015-12-17"				}				,{				"indsLclsCd" : "C"				,"indsLclsNm" : "도매/유통/무역"				,"indsMclsCd" : "C39"				,"indsMclsNm" : "무역업"				,"indsSclsCd" : "C39A06"				,"indsSclsNm" : "산업용기계장비무역"				,"stdrDt" : "2015-12-17"				}				,{				"indsLclsCd" : "C"				,"indsLclsNm" : "도매/유통/무역"				,"indsMclsCd" : "C39"				,"indsMclsNm" : "무역업"				,"indsSclsCd" : "C39A05"				,"indsSclsNm" : "산업용중간재무역"				,"stdrDt" : "2015-12-17"				}				,{				"indsLclsCd" : "C"				,"indsLclsNm" : "도매/유통/무역"				,"indsMclsCd" : "C39"				,"indsMclsNm" : "무역업"				,"indsSclsCd" : "C39A01"				,"indsSclsNm" : "수산물무역"				,"stdrDt" : "2015-12-17"				}				,{				"indsLclsCd" : "C"				,"indsLclsNm" : "도매/유통/무역"				,"indsMclsCd" : "C39"				,"indsMclsNm" : "무역업"				,"indsSclsCd" : "C39A03"				,"indsSclsNm" : "음식료품무역"				,"stdrDt" : "2015-12-17"				}			]	}}