{	"header" : {		"description" : "소상공인시장진흥공단 상권정보 업종소분류 코드"		,"columns" : ["상권업종대분류코드","상권업종대분류코드명","상권업종중분류코드","상권업종중분류코드명","상권업종소분류코드","상권업종소분류코드명","데이터기준일자"]		,"resultCode" : "00"		,"resultMsg" : "NORMAL SERVICE"	},	"body" : {			"items" : [				{				"indsLclsCd" : "C"				,"indsLclsNm" : "도매/유통/무역"				,"indsMclsCd" : "C40"				,"indsMclsNm" : "상품중개"				,"indsSclsCd" : "C40A01"				,"indsSclsNm" : "곡물/사료중개"				,"stdrDt" : "2015-12-17"				}				,{				"indsLclsCd" : "C"				,"indsLclsNm" : "도매/유통/무역"				,"indsMclsCd" : "C40"				,"indsMclsNm" : "상품중개"				,"indsSclsCd" : "C40C99"				,"indsSclsNm" : "골동품/예술품중개-기타"				,"stdrDt" : "2015-12-17"				}				,{				"indsLclsCd" : "C"				,"indsLclsNm" : "도매/유통/무역"				,"indsMclsCd" : "C40"				,"indsMclsNm" : "상품중개"				,"indsSclsCd" : "C40C00"				,"indsSclsNm" : "골동품/예술품중개-종합"				,"stdrDt" : "2015-12-17"				}				,{				"indsLclsCd" : "C"				,"indsLclsNm" : "도매/유통/무역"				,"indsMclsCd" : "C40"				,"indsMclsNm" : "상품중개"				,"indsSclsCd" : "C40C01"				,"indsSclsNm" : "골동품중개"				,"stdrDt" : "2015-12-17"				}				,{				"indsLclsCd" : "C"				,"indsLclsNm" : "도매/유통/무역"				,"indsMclsCd" : "C40"				,"indsMclsNm" : "상품중개"				,"indsSclsCd" : "C40A04"				,"indsSclsNm" : "과실/채소중개"				,"stdrDt" : "2015-12-17"				}				,{				"indsLclsCd" : "C"				,"indsLclsNm" : "도매/유통/무역"				,"indsMclsCd" : "C40"				,"indsMclsNm" : "상품중개"				,"indsSclsCd" : "C40D00"				,"indsSclsNm" : "기타상품중개"				,"stdrDt" : "2015-12-17"				}				,{				"indsLclsCd" : "C"				,"indsLclsNm" : "도매/유통/무역"				,"indsMclsCd" : "C40"				,"indsMclsNm" : "상품중개"				,"indsSclsCd" : "C40A99"				,"indsSclsNm" : "농축수산물중개-기타"				,"stdrDt" : "2015-12-17"				}				,{				"indsLclsCd" : "C"				,"indsLclsNm" : "도매/유통/무역"				,"indsMclsCd" : "C40"				,"indsMclsNm" : "상품중개"				,"indsSclsCd" : "C40A00"				,"indsSclsNm" : "농축수산물중개-종합"				,"stdrDt" : "2015-12-17"				}				,{				"indsLclsCd" : "C"				,"indsLclsNm" : "도매/유통/무역"				,"indsMclsCd" : "C40"				,"indsMclsNm" : "상품중개"				,"indsSclsCd" : "C40B02"				,"indsSclsNm" : "담배중개"				,"stdrDt" : "2015-12-17"				}				,{				"indsLclsCd" : "C"				,"indsLclsNm" : "도매/유통/무역"				,"indsMclsCd" : "C40"				,"indsMclsNm" : "상품중개"				,"indsSclsCd" : "C40A03"				,"indsSclsNm" : "동물중개"				,"stdrDt" : "2015-12-17"				}				,{				"indsLclsCd" : "C"				,"indsLclsNm" : "도매/유통/무역"				,"indsMclsCd" : "C40"				,"indsMclsNm" : "상품중개"				,"indsSclsCd" : "C40A05"				,"indsSclsNm" : "수산물중개"				,"stdrDt" : "2015-12-17"				}				,{				"indsLclsCd" : "C"				,"indsLclsNm" : "도매/유통/무역"				,"indsMclsCd" : "C40"				,"indsMclsNm" : "상품중개"				,"indsSclsCd" : "C40C02"				,"indsSclsNm" : "예술품중개"				,"stdrDt" : "2015-12-17"				}				,{				"indsLclsCd" : "C"				,"indsLclsNm" : "도매/유통/무역"				,"indsMclsCd" : "C40"				,"indsMclsNm" : "상품중개"				,"indsSclsCd" : "C40B99"				,"indsSclsNm" : "음식료품/담배중개-기타"				,"stdrDt" : "2015-12-17"				}				,{				"indsLclsCd" : "C"				,"indsLclsNm" : "도매/유통/무역"				,"indsMclsCd" : "C40"				,"indsMclsNm" : "상품중개"				,"indsSclsCd" : "C40B00"				,"indsSclsNm" : "음식료품/담배중개-종합"				,"stdrDt" : "2015-12-17"				}				,{				"indsLclsCd" : "C"				,"indsLclsNm" : "도매/유통/무역"				,"indsMclsCd" : "C40"				,"indsMclsNm" : "상품중개"				,"indsSclsCd" : "C40B01"				,"indsSclsNm" : "음식료품중개"				,"stdrDt" : "2015-12-17"				}				,{				"indsLclsCd" : "C"				,"indsLclsNm" : "도매/유통/무역"				,"indsMclsCd" : "C40"				,"indsMclsNm" : "상품중개"				,"indsSclsCd" : "C40A06"				,"indsSclsNm" : "축산물중개"				,"stdrDt" : "2015-12-17"				}				,{				"indsLclsCd" : "C"				,"indsLclsNm" : "도매/유통/무역"				,"indsMclsCd" : "C40"				,"indsMclsNm" : "상품중개"				,"indsSclsCd" : "C40A02"				,"indsSclsNm" : "화훼작물중개"				,"stdrDt" : "2015-12-17"				}			]	}}