{	"header" : {		"description" : "소상공인시장진흥공단 상권정보 업종소분류 코드"		,"columns" : ["상권업종대분류코드","상권업종대분류코드명","상권업종중분류코드","상권업종중분류코드명","상권업종소분류코드","상권업종소분류코드명","데이터기준일자"]		,"resultCode" : "00"		,"resultMsg" : "NORMAL SERVICE"	},	"body" : {			"items" : [				{				"indsLclsCd" : "C"				,"indsLclsNm" : "도매/유통/무역"				,"indsMclsCd" : "C41"				,"indsMclsNm" : "기타유통관련업"				,"indsSclsCd" : "C41A08"				,"indsSclsNm" : "광고재료도매"				,"stdrDt" : "2015-12-17"				}				,{				"indsLclsCd" : "C"				,"indsLclsNm" : "도매/유통/무역"				,"indsMclsCd" : "C41"				,"indsMclsNm" : "기타유통관련업"				,"indsSclsCd" : "C41A03"				,"indsSclsNm" : "납품업"				,"stdrDt" : "2015-12-17"				}				,{				"indsLclsCd" : "C"				,"indsLclsNm" : "도매/유통/무역"				,"indsMclsCd" : "C41"				,"indsMclsNm" : "기타유통관련업"				,"indsSclsCd" : "C41A01"				,"indsSclsNm" : "상품연쇄화사업"				,"stdrDt" : "2015-12-17"				}				,{				"indsLclsCd" : "C"				,"indsLclsNm" : "도매/유통/무역"				,"indsMclsCd" : "C41"				,"indsMclsNm" : "기타유통관련업"				,"indsSclsCd" : "C41A07"				,"indsSclsNm" : "선구/어구도매"				,"stdrDt" : "2015-12-17"				}				,{				"indsLclsCd" : "C"				,"indsLclsNm" : "도매/유통/무역"				,"indsMclsCd" : "C41"				,"indsMclsNm" : "기타유통관련업"				,"indsSclsCd" : "C41A05"				,"indsSclsNm" : "수산물위탁판매"				,"stdrDt" : "2015-12-17"				}				,{				"indsLclsCd" : "C"				,"indsLclsNm" : "도매/유통/무역"				,"indsMclsCd" : "C41"				,"indsMclsNm" : "기타유통관련업"				,"indsSclsCd" : "C41A02"				,"indsSclsNm" : "이미용기재도매"				,"stdrDt" : "2015-12-17"				}				,{				"indsLclsCd" : "C"				,"indsLclsNm" : "도매/유통/무역"				,"indsMclsCd" : "C41"				,"indsMclsNm" : "기타유통관련업"				,"indsSclsCd" : "C41A06"				,"indsSclsNm" : "일회용품도매"				,"stdrDt" : "2015-12-17"				}				,{				"indsLclsCd" : "C"				,"indsLclsNm" : "도매/유통/무역"				,"indsMclsCd" : "C41"				,"indsMclsNm" : "기타유통관련업"				,"indsSclsCd" : "C41A04"				,"indsSclsNm" : "호텔용품공급"				,"stdrDt" : "2015-12-17"				}			]	}}