{	"header" : {		"description" : "소상공인시장진흥공단 상권정보 업종소분류 코드"		,"columns" : ["상권업종대분류코드","상권업종대분류코드명","상권업종중분류코드","상권업종중분류코드명","상권업종소분류코드","상권업종소분류코드명","데이터기준일자"]		,"resultCode" : "00"		,"resultMsg" : "NORMAL SERVICE"	},	"body" : {			"items" : [				{				"indsLclsCd" : "D"				,"indsLclsNm" : "소매"				,"indsMclsCd" : "D01"				,"indsMclsNm" : "음/식료품소매"				,"indsSclsCd" : "D01A18"				,"indsSclsNm" : "건과류판매"				,"stdrDt" : "2015-12-17"				}				,{				"indsLclsCd" : "D"				,"indsLclsNm" : "소매"				,"indsMclsCd" : "D01"				,"indsMclsNm" : "음/식료품소매"				,"indsSclsCd" : "D01A11"				,"indsSclsNm" : "건어물상"				,"stdrDt" : "2015-12-17"				}				,{				"indsLclsCd" : "D"				,"indsLclsNm" : "소매"				,"indsMclsCd" : "D01"				,"indsMclsNm" : "음/식료품소매"				,"indsSclsCd" : "D01A15"				,"indsSclsNm" : "곡물소매"				,"stdrDt" : "2015-12-17"				}				,{				"indsLclsCd" : "D"				,"indsLclsNm" : "소매"				,"indsMclsCd" : "D01"				,"indsMclsNm" : "음/식료품소매"				,"indsSclsCd" : "D01A02"				,"indsSclsNm" : "김치판매"				,"stdrDt" : "2015-12-17"				}				,{				"indsLclsCd" : "D"				,"indsLclsNm" : "소매"				,"indsMclsCd" : "D01"				,"indsMclsNm" : "음/식료품소매"				,"indsSclsCd" : "D01A24"				,"indsSclsNm" : "냉동식품판매"				,"stdrDt" : "2015-12-17"				}				,{				"indsLclsCd" : "D"				,"indsLclsNm" : "소매"				,"indsMclsCd" : "D01"				,"indsMclsNm" : "음/식료품소매"				,"indsSclsCd" : "D01A04"				,"indsSclsNm" : "닭집"				,"stdrDt" : "2015-12-17"				}				,{				"indsLclsCd" : "D"				,"indsLclsNm" : "소매"				,"indsMclsCd" : "D01"				,"indsMclsNm" : "음/식료품소매"				,"indsSclsCd" : "D01A25"				,"indsSclsNm" : "두유판매"				,"stdrDt" : "2015-12-17"				}				,{				"indsLclsCd" : "D"				,"indsLclsNm" : "소매"				,"indsMclsCd" : "D01"				,"indsMclsNm" : "음/식료품소매"				,"indsSclsCd" : "D01A26"				,"indsSclsNm" : "드라이아이스판매"				,"stdrDt" : "2015-12-17"				}				,{				"indsLclsCd" : "D"				,"indsLclsNm" : "소매"				,"indsMclsCd" : "D01"				,"indsMclsNm" : "음/식료품소매"				,"indsSclsCd" : "D01A05"				,"indsSclsNm" : "머리고기전문"				,"stdrDt" : "2015-12-17"				}				,{				"indsLclsCd" : "D"				,"indsLclsNm" : "소매"				,"indsMclsCd" : "D01"				,"indsMclsNm" : "음/식료품소매"				,"indsSclsCd" : "D01A14"				,"indsSclsNm" : "미곡상"				,"stdrDt" : "2015-12-17"				}				,{				"indsLclsCd" : "D"				,"indsLclsNm" : "소매"				,"indsMclsCd" : "D01"				,"indsMclsNm" : "음/식료품소매"				,"indsSclsCd" : "D01A07"				,"indsSclsNm" : "반찬가게"				,"stdrDt" : "2015-12-17"				}				,{				"indsLclsCd" : "D"				,"indsLclsNm" : "소매"				,"indsMclsCd" : "D01"				,"indsMclsNm" : "음/식료품소매"				,"indsSclsCd" : "D01A19"				,"indsSclsNm" : "생수판매"				,"stdrDt" : "2015-12-17"				}				,{				"indsLclsCd" : "D"				,"indsLclsNm" : "소매"				,"indsMclsCd" : "D01"				,"indsMclsNm" : "음/식료품소매"				,"indsSclsCd" : "D01A12"				,"indsSclsNm" : "수산물소매"				,"stdrDt" : "2015-12-17"				}				,{				"indsLclsCd" : "D"				,"indsLclsNm" : "소매"				,"indsMclsCd" : "D01"				,"indsMclsNm" : "음/식료품소매"				,"indsSclsCd" : "D01A01"				,"indsSclsNm" : "식료품점"				,"stdrDt" : "2015-12-17"				}				,{				"indsLclsCd" : "D"				,"indsLclsNm" : "소매"				,"indsMclsCd" : "D01"				,"indsMclsNm" : "음/식료품소매"				,"indsSclsCd" : "D01A22"				,"indsSclsNm" : "식용유판매"				,"stdrDt" : "2015-12-17"				}				,{				"indsLclsCd" : "D"				,"indsLclsNm" : "소매"				,"indsMclsCd" : "D01"				,"indsMclsNm" : "음/식료품소매"				,"indsSclsCd" : "D01A09"				,"indsSclsNm" : "식자재판매"				,"stdrDt" : "2015-12-17"				}				,{				"indsLclsCd" : "D"				,"indsLclsNm" : "소매"				,"indsMclsCd" : "D01"				,"indsMclsNm" : "음/식료품소매"				,"indsSclsCd" : "D01A10"				,"indsSclsNm" : "어물상"				,"stdrDt" : "2015-12-17"				}				,{				"indsLclsCd" : "D"				,"indsLclsNm" : "소매"				,"indsMclsCd" : "D01"				,"indsMclsNm" : "음/식료품소매"				,"indsSclsCd" : "D01A20"				,"indsSclsNm" : "얼음가게"				,"stdrDt" : "2015-12-17"				}				,{				"indsLclsCd" : "D"				,"indsLclsNm" : "소매"				,"indsMclsCd" : "D01"				,"indsMclsNm" : "음/식료품소매"				,"indsSclsCd" : "D01A21"				,"indsSclsNm" : "우유판매"				,"stdrDt" : "2015-12-17"				}				,{				"indsLclsCd" : "D"				,"indsLclsNm" : "소매"				,"indsMclsCd" : "D01"				,"indsMclsNm" : "음/식료품소매"				,"indsSclsCd" : "D01A23"				,"indsSclsNm" : "유과판매"				,"stdrDt" : "2015-12-17"				}				,{				"indsLclsCd" : "D"				,"indsLclsNm" : "소매"				,"indsMclsCd" : "D01"				,"indsMclsNm" : "음/식료품소매"				,"indsSclsCd" : "D01A08"				,"indsSclsNm" : "유기농식품판매"				,"stdrDt" : "2015-12-17"				}				,{				"indsLclsCd" : "D"				,"indsLclsNm" : "소매"				,"indsMclsCd" : "D01"				,"indsMclsNm" : "음/식료품소매"				,"indsSclsCd" : "D01A06"				,"indsSclsNm" : "육류소매"				,"stdrDt" : "2015-12-17"				}				,{				"indsLclsCd" : "D"				,"indsLclsNm" : "소매"				,"indsMclsCd" : "D01"				,"indsMclsNm" : "음/식료품소매"				,"indsSclsCd" : "D01A03"				,"indsSclsNm" : "정육점"				,"stdrDt" : "2015-12-17"				}				,{				"indsLclsCd" : "D"				,"indsLclsNm" : "소매"				,"indsMclsCd" : "D01"				,"indsMclsNm" : "음/식료품소매"				,"indsSclsCd" : "D01A27"				,"indsSclsNm" : "제과재료판매"				,"stdrDt" : "2015-12-17"				}				,{				"indsLclsCd" : "D"				,"indsLclsNm" : "소매"				,"indsMclsCd" : "D01"				,"indsMclsNm" : "음/식료품소매"				,"indsSclsCd" : "D01A13"				,"indsSclsNm" : "청과물소매"				,"stdrDt" : "2015-12-17"				}			]	}}