{	"header" : {		"description" : "소상공인시장진흥공단 상권정보 업종소분류 코드"		,"columns" : ["상권업종대분류코드","상권업종대분류코드명","상권업종중분류코드","상권업종중분류코드명","상권업종소분류코드","상권업종소분류코드명","데이터기준일자"]		,"resultCode" : "00"		,"resultMsg" : "NORMAL SERVICE"	},	"body" : {			"items" : [				{				"indsLclsCd" : "D"				,"indsLclsNm" : "소매"				,"indsMclsCd" : "D02"				,"indsMclsNm" : "선물/팬시/기념품"				,"indsSclsCd" : "D02A07"				,"indsSclsNm" : "공예품판매"				,"stdrDt" : "2015-12-17"				}				,{				"indsLclsCd" : "D"				,"indsLclsNm" : "소매"				,"indsMclsCd" : "D02"				,"indsMclsNm" : "선물/팬시/기념품"				,"indsSclsCd" : "D02A08"				,"indsSclsNm" : "관광/민예품/선물용품소매"				,"stdrDt" : "2015-12-17"				}				,{				"indsLclsCd" : "D"				,"indsLclsNm" : "소매"				,"indsMclsCd" : "D02"				,"indsMclsNm" : "선물/팬시/기념품"				,"indsSclsCd" : "D02A04"				,"indsSclsNm" : "기념패/휘장"				,"stdrDt" : "2015-12-17"				}				,{				"indsLclsCd" : "D"				,"indsLclsNm" : "소매"				,"indsMclsCd" : "D02"				,"indsMclsNm" : "선물/팬시/기념품"				,"indsSclsCd" : "D02A02"				,"indsSclsNm" : "꽃집/꽃배달"				,"stdrDt" : "2015-12-17"				}				,{				"indsLclsCd" : "D"				,"indsLclsNm" : "소매"				,"indsMclsCd" : "D02"				,"indsMclsNm" : "선물/팬시/기념품"				,"indsSclsCd" : "D02A01"				,"indsSclsNm" : "선물용품판매"				,"stdrDt" : "2015-12-17"				}				,{				"indsLclsCd" : "D"				,"indsLclsNm" : "소매"				,"indsMclsCd" : "D02"				,"indsMclsNm" : "선물/팬시/기념품"				,"indsSclsCd" : "D02A03"				,"indsSclsNm" : "캐릭터상품"				,"stdrDt" : "2015-12-17"				}				,{				"indsLclsCd" : "D"				,"indsLclsNm" : "소매"				,"indsMclsCd" : "D02"				,"indsMclsNm" : "선물/팬시/기념품"				,"indsSclsCd" : "D02A05"				,"indsSclsNm" : "토산품/기념품점"				,"stdrDt" : "2015-12-17"				}				,{				"indsLclsCd" : "D"				,"indsLclsNm" : "소매"				,"indsMclsCd" : "D02"				,"indsMclsNm" : "선물/팬시/기념품"				,"indsSclsCd" : "D02A06"				,"indsSclsNm" : "황토상품전문점"				,"stdrDt" : "2015-12-17"				}			]	}}