{	"header" : {		"description" : "소상공인시장진흥공단 상권정보 업종소분류 코드"		,"columns" : ["상권업종대분류코드","상권업종대분류코드명","상권업종중분류코드","상권업종중분류코드명","상권업종소분류코드","상권업종소분류코드명","데이터기준일자"]		,"resultCode" : "00"		,"resultMsg" : "NORMAL SERVICE"	},	"body" : {			"items" : [				{				"indsLclsCd" : "D"				,"indsLclsNm" : "소매"				,"indsMclsCd" : "D03"				,"indsMclsNm" : "종합소매점"				,"indsSclsCd" : "D03B06"				,"indsSclsNm" : "구판장/직판장"				,"stdrDt" : "2015-12-17"				}				,{				"indsLclsCd" : "D"				,"indsLclsNm" : "소매"				,"indsMclsCd" : "D03"				,"indsMclsNm" : "종합소매점"				,"indsSclsCd" : "D03B02"				,"indsSclsNm" : "면세백화점"				,"stdrDt" : "2015-12-17"				}				,{				"indsLclsCd" : "D"				,"indsLclsNm" : "소매"				,"indsMclsCd" : "D03"				,"indsMclsNm" : "종합소매점"				,"indsSclsCd" : "D03B01"				,"indsSclsNm" : "백화점"				,"stdrDt" : "2015-12-17"				}				,{				"indsLclsCd" : "D"				,"indsLclsNm" : "소매"				,"indsMclsCd" : "D03"				,"indsMclsNm" : "종합소매점"				,"indsSclsCd" : "D03A04"				,"indsSclsNm" : "생활용품판매"				,"stdrDt" : "2015-12-17"				}				,{				"indsLclsCd" : "D"				,"indsLclsNm" : "소매"				,"indsMclsCd" : "D03"				,"indsMclsNm" : "종합소매점"				,"indsSclsCd" : "D03A05"				,"indsSclsNm" : "수입품판매점"				,"stdrDt" : "2015-12-17"				}				,{				"indsLclsCd" : "D"				,"indsLclsNm" : "소매"				,"indsMclsCd" : "D03"				,"indsMclsNm" : "종합소매점"				,"indsSclsCd" : "D03A02"				,"indsSclsNm" : "수퍼마켓"				,"stdrDt" : "2015-12-17"				}				,{				"indsLclsCd" : "D"				,"indsLclsNm" : "소매"				,"indsMclsCd" : "D03"				,"indsMclsNm" : "종합소매점"				,"indsSclsCd" : "D03B04"				,"indsSclsNm" : "시장/종합상가"				,"stdrDt" : "2015-12-17"				}				,{				"indsLclsCd" : "D"				,"indsLclsNm" : "소매"				,"indsMclsCd" : "D03"				,"indsMclsNm" : "종합소매점"				,"indsSclsCd" : "D03B03"				,"indsSclsNm" : "아케이드/쇼핑센타"				,"stdrDt" : "2015-12-17"				}				,{				"indsLclsCd" : "D"				,"indsLclsNm" : "소매"				,"indsMclsCd" : "D03"				,"indsMclsNm" : "종합소매점"				,"indsSclsCd" : "D03B09"				,"indsSclsNm" : "어판장"				,"stdrDt" : "2015-12-17"				}				,{				"indsLclsCd" : "D"				,"indsLclsNm" : "소매"				,"indsMclsCd" : "D03"				,"indsMclsNm" : "종합소매점"				,"indsSclsCd" : "D03A03"				,"indsSclsNm" : "잡화점"				,"stdrDt" : "2015-12-17"				}				,{				"indsLclsCd" : "D"				,"indsLclsNm" : "소매"				,"indsMclsCd" : "D03"				,"indsMclsNm" : "종합소매점"				,"indsSclsCd" : "D03B05"				,"indsSclsNm" : "조합/연금매장"				,"stdrDt" : "2015-12-17"				}				,{				"indsLclsCd" : "D"				,"indsLclsNm" : "소매"				,"indsMclsCd" : "D03"				,"indsMclsNm" : "종합소매점"				,"indsSclsCd" : "D03A06"				,"indsSclsNm" : "종합소매"				,"stdrDt" : "2015-12-17"				}				,{				"indsLclsCd" : "D"				,"indsLclsNm" : "소매"				,"indsMclsCd" : "D03"				,"indsMclsNm" : "종합소매점"				,"indsSclsCd" : "D03A01"				,"indsSclsNm" : "편의점"				,"stdrDt" : "2015-12-17"				}				,{				"indsLclsCd" : "D"				,"indsLclsNm" : "소매"				,"indsMclsCd" : "D03"				,"indsMclsNm" : "종합소매점"				,"indsSclsCd" : "D03B10"				,"indsSclsNm" : "할인점"				,"stdrDt" : "2015-12-17"				}				,{				"indsLclsCd" : "D"				,"indsLclsNm" : "소매"				,"indsMclsCd" : "D03"				,"indsMclsNm" : "종합소매점"				,"indsSclsCd" : "D03A07"				,"indsSclsNm" : "혼수전문점"				,"stdrDt" : "2015-12-17"				}			]	}}