{	"header" : {		"description" : "소상공인시장진흥공단 상권정보 업종소분류 코드"		,"columns" : ["상권업종대분류코드","상권업종대분류코드명","상권업종중분류코드","상권업종중분류코드명","상권업종소분류코드","상권업종소분류코드명","데이터기준일자"]		,"resultCode" : "00"		,"resultMsg" : "NORMAL SERVICE"	},	"body" : {			"items" : [				{				"indsLclsCd" : "D"				,"indsLclsNm" : "소매"				,"indsMclsCd" : "D04"				,"indsMclsNm" : "취미/오락관련소매"				,"indsSclsCd" : "D04A04"				,"indsSclsNm" : "그림/액자판매"				,"stdrDt" : "2015-12-17"				}				,{				"indsLclsCd" : "D"				,"indsLclsNm" : "소매"				,"indsMclsCd" : "D04"				,"indsMclsNm" : "취미/오락관련소매"				,"indsSclsCd" : "D04A06"				,"indsSclsNm" : "바둑/장기용품판매"				,"stdrDt" : "2015-12-17"				}				,{				"indsLclsCd" : "D"				,"indsLclsNm" : "소매"				,"indsMclsCd" : "D04"				,"indsMclsNm" : "취미/오락관련소매"				,"indsSclsCd" : "D04A13"				,"indsSclsNm" : "수족관"				,"stdrDt" : "2015-12-17"				}				,{				"indsLclsCd" : "D"				,"indsLclsNm" : "소매"				,"indsMclsCd" : "D04"				,"indsMclsNm" : "취미/오락관련소매"				,"indsSclsCd" : "D04A09"				,"indsSclsNm" : "악기판매"				,"stdrDt" : "2015-12-17"				}				,{				"indsLclsCd" : "D"				,"indsLclsNm" : "소매"				,"indsMclsCd" : "D04"				,"indsMclsNm" : "취미/오락관련소매"				,"indsSclsCd" : "D04A07"				,"indsSclsNm" : "액자점"				,"stdrDt" : "2015-12-17"				}				,{				"indsLclsCd" : "D"				,"indsLclsNm" : "소매"				,"indsMclsCd" : "D04"				,"indsMclsNm" : "취미/오락관련소매"				,"indsSclsCd" : "D04A02"				,"indsSclsNm" : "오락게임기구/장난감소매"				,"stdrDt" : "2015-12-17"				}				,{				"indsLclsCd" : "D"				,"indsLclsNm" : "소매"				,"indsMclsCd" : "D04"				,"indsMclsNm" : "취미/오락관련소매"				,"indsSclsCd" : "D04A01"				,"indsSclsNm" : "완구점"				,"stdrDt" : "2015-12-17"				}				,{				"indsLclsCd" : "D"				,"indsLclsNm" : "소매"				,"indsMclsCd" : "D04"				,"indsMclsNm" : "취미/오락관련소매"				,"indsSclsCd" : "D04A11"				,"indsSclsNm" : "우표/공중전화카드수집상"				,"stdrDt" : "2015-12-17"				}				,{				"indsLclsCd" : "D"				,"indsLclsNm" : "소매"				,"indsMclsCd" : "D04"				,"indsMclsNm" : "취미/오락관련소매"				,"indsSclsCd" : "D04A03"				,"indsSclsNm" : "이벤트용품판매"				,"stdrDt" : "2015-12-17"				}				,{				"indsLclsCd" : "D"				,"indsLclsNm" : "소매"				,"indsMclsCd" : "D04"				,"indsMclsNm" : "취미/오락관련소매"				,"indsSclsCd" : "D04A14"				,"indsSclsNm" : "전자오락기구판매"				,"stdrDt" : "2015-12-17"				}				,{				"indsLclsCd" : "D"				,"indsLclsNm" : "소매"				,"indsMclsCd" : "D04"				,"indsMclsNm" : "취미/오락관련소매"				,"indsSclsCd" : "D04A05"				,"indsSclsNm" : "조립모형소매"				,"stdrDt" : "2015-12-17"				}				,{				"indsLclsCd" : "D"				,"indsLclsNm" : "소매"				,"indsMclsCd" : "D04"				,"indsMclsNm" : "취미/오락관련소매"				,"indsSclsCd" : "D04A10"				,"indsSclsNm" : "지점토판매"				,"stdrDt" : "2015-12-17"				}				,{				"indsLclsCd" : "D"				,"indsLclsNm" : "소매"				,"indsMclsCd" : "D04"				,"indsMclsNm" : "취미/오락관련소매"				,"indsSclsCd" : "D04A12"				,"indsSclsNm" : "화폐수집상"				,"stdrDt" : "2015-12-17"				}			]	}}