{	"header" : {		"description" : "소상공인시장진흥공단 상권정보 업종소분류 코드"		,"columns" : ["상권업종대분류코드","상권업종대분류코드명","상권업종중분류코드","상권업종중분류코드명","상권업종소분류코드","상권업종소분류코드명","데이터기준일자"]		,"resultCode" : "00"		,"resultMsg" : "NORMAL SERVICE"	},	"body" : {			"items" : [				{				"indsLclsCd" : "D"				,"indsLclsNm" : "소매"				,"indsMclsCd" : "D05"				,"indsMclsNm" : "의복의류"				,"indsSclsCd" : "D05A11"				,"indsSclsNm" : "가죽/모피의류"				,"stdrDt" : "2015-12-17"				}				,{				"indsLclsCd" : "D"				,"indsLclsNm" : "소매"				,"indsMclsCd" : "D05"				,"indsMclsNm" : "의복의류"				,"indsSclsCd" : "D05A16"				,"indsSclsNm" : "교복판매"				,"stdrDt" : "2015-12-17"				}				,{				"indsLclsCd" : "D"				,"indsLclsNm" : "소매"				,"indsMclsCd" : "D05"				,"indsMclsNm" : "의복의류"				,"indsSclsCd" : "D05A09"				,"indsSclsNm" : "남성의류전문점"				,"stdrDt" : "2015-12-17"				}				,{				"indsLclsCd" : "D"				,"indsLclsNm" : "소매"				,"indsMclsCd" : "D05"				,"indsMclsNm" : "의복의류"				,"indsSclsCd" : "D05A08"				,"indsSclsNm" : "맞춤양복/양복점"				,"stdrDt" : "2015-12-17"				}				,{				"indsLclsCd" : "D"				,"indsLclsNm" : "소매"				,"indsMclsCd" : "D05"				,"indsMclsNm" : "의복의류"				,"indsSclsCd" : "D05A06"				,"indsSclsNm" : "맞춤양장/양장점"				,"stdrDt" : "2015-12-17"				}				,{				"indsLclsCd" : "D"				,"indsLclsNm" : "소매"				,"indsMclsCd" : "D05"				,"indsMclsNm" : "의복의류"				,"indsSclsCd" : "D05A15"				,"indsSclsNm" : "법복(승복)판매"				,"stdrDt" : "2015-12-17"				}				,{				"indsLclsCd" : "D"				,"indsLclsNm" : "소매"				,"indsMclsCd" : "D05"				,"indsMclsNm" : "의복의류"				,"indsSclsCd" : "D05A18"				,"indsSclsNm" : "섬유/직물/주단"				,"stdrDt" : "2015-12-17"				}				,{				"indsLclsCd" : "D"				,"indsLclsNm" : "소매"				,"indsMclsCd" : "D05"				,"indsMclsNm" : "의복의류"				,"indsSclsCd" : "D05A07"				,"indsSclsNm" : "셔츠/내의/속옷"				,"stdrDt" : "2015-12-17"				}				,{				"indsLclsCd" : "D"				,"indsLclsNm" : "소매"				,"indsMclsCd" : "D05"				,"indsMclsNm" : "의복의류"				,"indsSclsCd" : "D05A05"				,"indsSclsNm" : "아동복판매"				,"stdrDt" : "2015-12-17"				}				,{				"indsLclsCd" : "D"				,"indsLclsNm" : "소매"				,"indsMclsCd" : "D05"				,"indsMclsNm" : "의복의류"				,"indsSclsCd" : "D05A04"				,"indsSclsNm" : "여성내의전문점"				,"stdrDt" : "2015-12-17"				}				,{				"indsLclsCd" : "D"				,"indsLclsNm" : "소매"				,"indsMclsCd" : "D05"				,"indsMclsNm" : "의복의류"				,"indsSclsCd" : "D05A03"				,"indsSclsNm" : "여성의류전문점"				,"stdrDt" : "2015-12-17"				}				,{				"indsLclsCd" : "D"				,"indsLclsNm" : "소매"				,"indsMclsCd" : "D05"				,"indsMclsNm" : "의복의류"				,"indsSclsCd" : "D05A12"				,"indsSclsNm" : "예복/웨딩드레스"				,"stdrDt" : "2015-12-17"				}				,{				"indsLclsCd" : "D"				,"indsLclsNm" : "소매"				,"indsMclsCd" : "D05"				,"indsMclsNm" : "의복의류"				,"indsSclsCd" : "D05A14"				,"indsSclsNm" : "유니폼/맞춤복/단체복"				,"stdrDt" : "2015-12-17"				}				,{				"indsLclsCd" : "D"				,"indsLclsNm" : "소매"				,"indsMclsCd" : "D05"				,"indsMclsNm" : "의복의류"				,"indsSclsCd" : "D05A01"				,"indsSclsNm" : "일반의류"				,"stdrDt" : "2015-12-17"				}				,{				"indsLclsCd" : "D"				,"indsLclsNm" : "소매"				,"indsMclsCd" : "D05"				,"indsMclsNm" : "의복의류"				,"indsSclsCd" : "D05A13"				,"indsSclsNm" : "청바지판매"				,"stdrDt" : "2015-12-17"				}				,{				"indsLclsCd" : "D"				,"indsLclsNm" : "소매"				,"indsMclsCd" : "D05"				,"indsMclsNm" : "의복의류"				,"indsSclsCd" : "D05A02"				,"indsSclsNm" : "캐쥬얼/스포츠의류"				,"stdrDt" : "2015-12-17"				}				,{				"indsLclsCd" : "D"				,"indsLclsNm" : "소매"				,"indsMclsCd" : "D05"				,"indsMclsNm" : "의복의류"				,"indsSclsCd" : "D05A19"				,"indsSclsNm" : "특수복판매"				,"stdrDt" : "2015-12-17"				}				,{				"indsLclsCd" : "D"				,"indsLclsNm" : "소매"				,"indsMclsCd" : "D05"				,"indsMclsNm" : "의복의류"				,"indsSclsCd" : "D05A10"				,"indsSclsNm" : "한복/갈옷/민속옷"				,"stdrDt" : "2015-12-17"				}			]	}}