{	"header" : {		"description" : "소상공인시장진흥공단 상권정보 업종소분류 코드"		,"columns" : ["상권업종대분류코드","상권업종대분류코드명","상권업종중분류코드","상권업종중분류코드명","상권업종소분류코드","상권업종소분류코드명","데이터기준일자"]		,"resultCode" : "00"		,"resultMsg" : "NORMAL SERVICE"	},	"body" : {			"items" : [				{				"indsLclsCd" : "D"				,"indsLclsNm" : "소매"				,"indsMclsCd" : "D06"				,"indsMclsNm" : "가방/신발/액세서리"				,"indsSclsCd" : "D06A08"				,"indsSclsNm" : "가발판매"				,"stdrDt" : "2015-12-17"				}				,{				"indsLclsCd" : "D"				,"indsLclsNm" : "소매"				,"indsMclsCd" : "D06"				,"indsMclsNm" : "가방/신발/액세서리"				,"indsSclsCd" : "D06A10"				,"indsSclsNm" : "가방/가죽제품소매"				,"stdrDt" : "2015-12-17"				}				,{				"indsLclsCd" : "D"				,"indsLclsNm" : "소매"				,"indsMclsCd" : "D06"				,"indsMclsNm" : "가방/신발/액세서리"				,"indsSclsCd" : "D06A02"				,"indsSclsNm" : "구두제화/캐주얼화"				,"stdrDt" : "2015-12-17"				}				,{				"indsLclsCd" : "D"				,"indsLclsNm" : "소매"				,"indsMclsCd" : "D06"				,"indsMclsNm" : "가방/신발/액세서리"				,"indsSclsCd" : "D06A03"				,"indsSclsNm" : "기능성신발판매"				,"stdrDt" : "2015-12-17"				}				,{				"indsLclsCd" : "D"				,"indsLclsNm" : "소매"				,"indsMclsCd" : "D06"				,"indsMclsNm" : "가방/신발/액세서리"				,"indsSclsCd" : "D06A01"				,"indsSclsNm" : "신발소매"				,"stdrDt" : "2015-12-17"				}				,{				"indsLclsCd" : "D"				,"indsLclsNm" : "소매"				,"indsMclsCd" : "D06"				,"indsMclsNm" : "가방/신발/액세서리"				,"indsSclsCd" : "D06A05"				,"indsSclsNm" : "액세서리판매"				,"stdrDt" : "2015-12-17"				}				,{				"indsLclsCd" : "D"				,"indsLclsNm" : "소매"				,"indsMclsCd" : "D06"				,"indsMclsNm" : "가방/신발/액세서리"				,"indsSclsCd" : "D06A07"				,"indsSclsNm" : "양품점"				,"stdrDt" : "2015-12-17"				}				,{				"indsLclsCd" : "D"				,"indsLclsNm" : "소매"				,"indsMclsCd" : "D06"				,"indsMclsNm" : "가방/신발/액세서리"				,"indsSclsCd" : "D06A09"				,"indsSclsNm" : "우산/우의판매"				,"stdrDt" : "2015-12-17"				}				,{				"indsLclsCd" : "D"				,"indsLclsNm" : "소매"				,"indsMclsCd" : "D06"				,"indsMclsNm" : "가방/신발/액세서리"				,"indsSclsCd" : "D06A11"				,"indsSclsNm" : "재봉용품판매"				,"stdrDt" : "2015-12-17"				}				,{				"indsLclsCd" : "D"				,"indsLclsNm" : "소매"				,"indsMclsCd" : "D06"				,"indsMclsNm" : "가방/신발/액세서리"				,"indsSclsCd" : "D06A06"				,"indsSclsNm" : "휴대폰튜닝"				,"stdrDt" : "2015-12-17"				}			]	}}