{	"header" : {		"description" : "소상공인시장진흥공단 상권정보 업종소분류 코드"		,"columns" : ["상권업종대분류코드","상권업종대분류코드명","상권업종중분류코드","상권업종중분류코드명","상권업종소분류코드","상권업종소분류코드명","데이터기준일자"]		,"resultCode" : "00"		,"resultMsg" : "NORMAL SERVICE"	},	"body" : {			"items" : [				{				"indsLclsCd" : "D"				,"indsLclsNm" : "소매"				,"indsMclsCd" : "D07"				,"indsMclsNm" : "가정/주방/인테리어"				,"indsSclsCd" : "D07A18"				,"indsSclsNm" : "가스레인지판매"				,"stdrDt" : "2015-12-17"				}				,{				"indsLclsCd" : "D"				,"indsLclsNm" : "소매"				,"indsMclsCd" : "D07"				,"indsMclsNm" : "가정/주방/인테리어"				,"indsSclsCd" : "D07A04"				,"indsSclsNm" : "그릇판매"				,"stdrDt" : "2015-12-17"				}				,{				"indsLclsCd" : "D"				,"indsLclsNm" : "소매"				,"indsMclsCd" : "D07"				,"indsMclsNm" : "가정/주방/인테리어"				,"indsSclsCd" : "D07A07"				,"indsSclsNm" : "등세공품판매"				,"stdrDt" : "2015-12-17"				}				,{				"indsLclsCd" : "D"				,"indsLclsNm" : "소매"				,"indsMclsCd" : "D07"				,"indsMclsNm" : "가정/주방/인테리어"				,"indsSclsCd" : "D07A11"				,"indsSclsNm" : "리본공예판매"				,"stdrDt" : "2015-12-17"				}				,{				"indsLclsCd" : "D"				,"indsLclsNm" : "소매"				,"indsMclsCd" : "D07"				,"indsMclsNm" : "가정/주방/인테리어"				,"indsSclsCd" : "D07A16"				,"indsSclsNm" : "비데판매"				,"stdrDt" : "2015-12-17"				}				,{				"indsLclsCd" : "D"				,"indsLclsNm" : "소매"				,"indsMclsCd" : "D07"				,"indsMclsNm" : "가정/주방/인테리어"				,"indsSclsCd" : "D07A13"				,"indsSclsNm" : "비즈공예"				,"stdrDt" : "2015-12-17"				}				,{				"indsLclsCd" : "D"				,"indsLclsNm" : "소매"				,"indsMclsCd" : "D07"				,"indsMclsNm" : "가정/주방/인테리어"				,"indsSclsCd" : "D07A12"				,"indsSclsNm" : "십자수/뜨개"				,"stdrDt" : "2015-12-17"				}				,{				"indsLclsCd" : "D"				,"indsLclsNm" : "소매"				,"indsMclsCd" : "D07"				,"indsMclsNm" : "가정/주방/인테리어"				,"indsSclsCd" : "D07A15"				,"indsSclsNm" : "유리/페인트/철물건축자재"				,"stdrDt" : "2015-12-17"				}				,{				"indsLclsCd" : "D"				,"indsLclsNm" : "소매"				,"indsMclsCd" : "D07"				,"indsMclsNm" : "가정/주방/인테리어"				,"indsSclsCd" : "D07A01"				,"indsSclsNm" : "인테리어/욕실용품/커튼"				,"stdrDt" : "2015-12-17"				}				,{				"indsLclsCd" : "D"				,"indsLclsNm" : "소매"				,"indsMclsCd" : "D07"				,"indsMclsNm" : "가정/주방/인테리어"				,"indsSclsCd" : "D07A05"				,"indsSclsNm" : "정수기연수기"				,"stdrDt" : "2015-12-17"				}				,{				"indsLclsCd" : "D"				,"indsLclsNm" : "소매"				,"indsMclsCd" : "D07"				,"indsMclsNm" : "가정/주방/인테리어"				,"indsSclsCd" : "D07A10"				,"indsSclsNm" : "조명기구/전기용품"				,"stdrDt" : "2015-12-17"				}				,{				"indsLclsCd" : "D"				,"indsLclsNm" : "소매"				,"indsMclsCd" : "D07"				,"indsMclsNm" : "가정/주방/인테리어"				,"indsSclsCd" : "D07A17"				,"indsSclsNm" : "주방가구판매"				,"stdrDt" : "2015-12-17"				}				,{				"indsLclsCd" : "D"				,"indsLclsNm" : "소매"				,"indsMclsCd" : "D07"				,"indsMclsNm" : "가정/주방/인테리어"				,"indsSclsCd" : "D07A02"				,"indsSclsNm" : "주방용품"				,"stdrDt" : "2015-12-17"				}				,{				"indsLclsCd" : "D"				,"indsLclsNm" : "소매"				,"indsMclsCd" : "D07"				,"indsMclsNm" : "가정/주방/인테리어"				,"indsSclsCd" : "D07A14"				,"indsSclsNm" : "지물판매"				,"stdrDt" : "2015-12-17"				}				,{				"indsLclsCd" : "D"				,"indsLclsNm" : "소매"				,"indsMclsCd" : "D07"				,"indsMclsNm" : "가정/주방/인테리어"				,"indsSclsCd" : "D07A03"				,"indsSclsNm" : "침구/수예품"				,"stdrDt" : "2015-12-17"				}				,{				"indsLclsCd" : "D"				,"indsLclsNm" : "소매"				,"indsMclsCd" : "D07"				,"indsMclsNm" : "가정/주방/인테리어"				,"indsSclsCd" : "D07A06"				,"indsSclsNm" : "카페트판매"				,"stdrDt" : "2015-12-17"				}				,{				"indsLclsCd" : "D"				,"indsLclsNm" : "소매"				,"indsMclsCd" : "D07"				,"indsMclsNm" : "가정/주방/인테리어"				,"indsSclsCd" : "D07A08"				,"indsSclsNm" : "퀼트전문"				,"stdrDt" : "2015-12-17"				}				,{				"indsLclsCd" : "D"				,"indsLclsNm" : "소매"				,"indsMclsCd" : "D07"				,"indsMclsNm" : "가정/주방/인테리어"				,"indsSclsCd" : "D07A19"				,"indsSclsNm" : "풍선도소매"				,"stdrDt" : "2015-12-17"				}				,{				"indsLclsCd" : "D"				,"indsLclsNm" : "소매"				,"indsMclsCd" : "D07"				,"indsMclsNm" : "가정/주방/인테리어"				,"indsSclsCd" : "D07A09"				,"indsSclsNm" : "홈패션"				,"stdrDt" : "2015-12-17"				}			]	}}