{	"header" : {		"description" : "소상공인시장진흥공단 상권정보 업종소분류 코드"		,"columns" : ["상권업종대분류코드","상권업종대분류코드명","상권업종중분류코드","상권업종중분류코드명","상권업종소분류코드","상권업종소분류코드명","데이터기준일자"]		,"resultCode" : "00"		,"resultMsg" : "NORMAL SERVICE"	},	"body" : {			"items" : [				{				"indsLclsCd" : "D"				,"indsLclsNm" : "소매"				,"indsMclsCd" : "D08"				,"indsMclsNm" : "사무/문구/컴퓨터"				,"indsSclsCd" : "D08A01"				,"indsSclsNm" : "사무/문구용품"				,"stdrDt" : "2015-12-17"				}				,{				"indsLclsCd" : "D"				,"indsLclsNm" : "소매"				,"indsMclsCd" : "D08"				,"indsMclsNm" : "사무/문구/컴퓨터"				,"indsSclsCd" : "D08A02"				,"indsSclsNm" : "사무용기기소매"				,"stdrDt" : "2015-12-17"				}				,{				"indsLclsCd" : "D"				,"indsLclsNm" : "소매"				,"indsMclsCd" : "D08"				,"indsMclsNm" : "사무/문구/컴퓨터"				,"indsSclsCd" : "D08A10"				,"indsSclsNm" : "인장/도장"				,"stdrDt" : "2015-12-17"				}				,{				"indsLclsCd" : "D"				,"indsLclsNm" : "소매"				,"indsMclsCd" : "D08"				,"indsMclsNm" : "사무/문구/컴퓨터"				,"indsSclsCd" : "D08A08"				,"indsSclsNm" : "잉크충전"				,"stdrDt" : "2015-12-17"				}				,{				"indsLclsCd" : "D"				,"indsLclsNm" : "소매"				,"indsMclsCd" : "D08"				,"indsMclsNm" : "사무/문구/컴퓨터"				,"indsSclsCd" : "D08A03"				,"indsSclsNm" : "컴퓨터/사무용기기종합"				,"stdrDt" : "2015-12-17"				}				,{				"indsLclsCd" : "D"				,"indsLclsNm" : "소매"				,"indsMclsCd" : "D08"				,"indsMclsNm" : "사무/문구/컴퓨터"				,"indsSclsCd" : "D08A04"				,"indsSclsNm" : "컴퓨터/주변기기"				,"stdrDt" : "2015-12-17"				}				,{				"indsLclsCd" : "D"				,"indsLclsNm" : "소매"				,"indsMclsCd" : "D08"				,"indsMclsNm" : "사무/문구/컴퓨터"				,"indsSclsCd" : "D08A05"				,"indsSclsNm" : "컴퓨터전문매장"				,"stdrDt" : "2015-12-17"				}				,{				"indsLclsCd" : "D"				,"indsLclsNm" : "소매"				,"indsMclsCd" : "D08"				,"indsMclsNm" : "사무/문구/컴퓨터"				,"indsSclsCd" : "D08A11"				,"indsSclsNm" : "컴퓨터프로그램판매"				,"stdrDt" : "2015-12-17"				}				,{				"indsLclsCd" : "D"				,"indsLclsNm" : "소매"				,"indsMclsCd" : "D08"				,"indsMclsNm" : "사무/문구/컴퓨터"				,"indsSclsCd" : "D08A06"				,"indsSclsNm" : "화방/필방"				,"stdrDt" : "2015-12-17"				}			]	}}