{	"header" : {		"description" : "소상공인시장진흥공단 상권정보 업종소분류 코드"		,"columns" : ["상권업종대분류코드","상권업종대분류코드명","상권업종중분류코드","상권업종중분류코드명","상권업종소분류코드","상권업종소분류코드명","데이터기준일자"]		,"resultCode" : "00"		,"resultMsg" : "NORMAL SERVICE"	},	"body" : {			"items" : [				{				"indsLclsCd" : "D"				,"indsLclsNm" : "소매"				,"indsMclsCd" : "D09"				,"indsMclsNm" : "애견/애완/동물"				,"indsSclsCd" : "D09A01"				,"indsSclsNm" : "애견/애완/동물사육판매"				,"stdrDt" : "2015-12-17"				}				,{				"indsLclsCd" : "D"				,"indsLclsNm" : "소매"				,"indsMclsCd" : "D09"				,"indsMclsNm" : "애견/애완/동물"				,"indsSclsCd" : "D09A02"				,"indsSclsNm" : "애완동물 미용실"				,"stdrDt" : "2015-12-17"				}			]	}}