{	"header" : {		"description" : "소상공인시장진흥공단 상권정보 업종소분류 코드"		,"columns" : ["상권업종대분류코드","상권업종대분류코드명","상권업종중분류코드","상권업종중분류코드명","상권업종소분류코드","상권업종소분류코드명","데이터기준일자"]		,"resultCode" : "00"		,"resultMsg" : "NORMAL SERVICE"	},	"body" : {			"items" : [				{				"indsLclsCd" : "D"				,"indsLclsNm" : "소매"				,"indsMclsCd" : "D10"				,"indsMclsNm" : "건강/미용식품"				,"indsSclsCd" : "D10A04"				,"indsSclsNm" : "건강식품판매"				,"stdrDt" : "2015-12-17"				}				,{				"indsLclsCd" : "D"				,"indsLclsNm" : "소매"				,"indsMclsCd" : "D10"				,"indsMclsNm" : "건강/미용식품"				,"indsSclsCd" : "D10A07"				,"indsSclsNm" : "건강원"				,"stdrDt" : "2015-12-17"				}				,{				"indsLclsCd" : "D"				,"indsLclsNm" : "소매"				,"indsMclsCd" : "D10"				,"indsMclsNm" : "건강/미용식품"				,"indsSclsCd" : "D10A08"				,"indsSclsNm" : "금연관련제품판매"				,"stdrDt" : "2015-12-17"				}				,{				"indsLclsCd" : "D"				,"indsLclsNm" : "소매"				,"indsMclsCd" : "D10"				,"indsMclsNm" : "건강/미용식품"				,"indsSclsCd" : "D10A06"				,"indsSclsNm" : "녹즙판매"				,"stdrDt" : "2015-12-17"				}				,{				"indsLclsCd" : "D"				,"indsLclsNm" : "소매"				,"indsMclsCd" : "D10"				,"indsMclsNm" : "건강/미용식품"				,"indsSclsCd" : "D10A01"				,"indsSclsNm" : "다이어트상품판매"				,"stdrDt" : "2015-12-17"				}				,{				"indsLclsCd" : "D"				,"indsLclsNm" : "소매"				,"indsMclsCd" : "D10"				,"indsMclsNm" : "건강/미용식품"				,"indsSclsCd" : "D10A02"				,"indsSclsNm" : "생식판매"				,"stdrDt" : "2015-12-17"				}				,{				"indsLclsCd" : "D"				,"indsLclsNm" : "소매"				,"indsMclsCd" : "D10"				,"indsMclsNm" : "건강/미용식품"				,"indsSclsCd" : "D10A03"				,"indsSclsNm" : "선식판매"				,"stdrDt" : "2015-12-17"				}				,{				"indsLclsCd" : "D"				,"indsLclsNm" : "소매"				,"indsMclsCd" : "D10"				,"indsMclsNm" : "건강/미용식품"				,"indsSclsCd" : "D10A05"				,"indsSclsNm" : "인삼제품판매"				,"stdrDt" : "2015-12-17"				}			]	}}