{	"header" : {		"description" : "소상공인시장진흥공단 상권정보 업종소분류 코드"		,"columns" : ["상권업종대분류코드","상권업종대분류코드명","상권업종중분류코드","상권업종중분류코드명","상권업종소분류코드","상권업종소분류코드명","데이터기준일자"]		,"resultCode" : "00"		,"resultMsg" : "NORMAL SERVICE"	},	"body" : {			"items" : [				{				"indsLclsCd" : "D1"				,"indsLclsNm" : "전기, 가스, 증기 공급"				,"indsMclsCd" : "D101"				,"indsMclsNm" : "전기"				,"indsSclsCd" : "D10105"				,"indsSclsNm" : "기타 발전업"				,"stdrDt" : "2023-02-28"				}				,{				"indsLclsCd" : "D1"				,"indsLclsNm" : "전기, 가스, 증기 공급"				,"indsMclsCd" : "D101"				,"indsMclsNm" : "전기"				,"indsSclsCd" : "D10106"				,"indsSclsNm" : "송전 및 배전업"				,"stdrDt" : "2023-02-28"				}				,{				"indsLclsCd" : "D1"				,"indsLclsNm" : "전기, 가스, 증기 공급"				,"indsMclsCd" : "D101"				,"indsMclsNm" : "전기"				,"indsSclsCd" : "D10102"				,"indsSclsNm" : "수력 발전업"				,"stdrDt" : "2023-02-28"				}				,{				"indsLclsCd" : "D1"				,"indsLclsNm" : "전기, 가스, 증기 공급"				,"indsMclsCd" : "D101"				,"indsMclsNm" : "전기"				,"indsSclsCd" : "D10101"				,"indsSclsNm" : "원자력 발전업"				,"stdrDt" : "2023-02-28"				}				,{				"indsLclsCd" : "D1"				,"indsLclsNm" : "전기, 가스, 증기 공급"				,"indsMclsCd" : "D101"				,"indsMclsNm" : "전기"				,"indsSclsCd" : "D10107"				,"indsSclsNm" : "전기 판매업"				,"stdrDt" : "2023-02-28"				}				,{				"indsLclsCd" : "D1"				,"indsLclsNm" : "전기, 가스, 증기 공급"				,"indsMclsCd" : "D101"				,"indsMclsNm" : "전기"				,"indsSclsCd" : "D10104"				,"indsSclsNm" : "태양력 발전업"				,"stdrDt" : "2023-02-28"				}				,{				"indsLclsCd" : "D1"				,"indsLclsNm" : "전기, 가스, 증기 공급"				,"indsMclsCd" : "D101"				,"indsMclsNm" : "전기"				,"indsSclsCd" : "D10103"				,"indsSclsNm" : "화력 발전업"				,"stdrDt" : "2023-02-28"				}			]	}}