{	"header" : {		"description" : "소상공인시장진흥공단 상권정보 업종소분류 코드"		,"columns" : ["상권업종대분류코드","상권업종대분류코드명","상권업종중분류코드","상권업종중분류코드명","상권업종소분류코드","상권업종소분류코드명","데이터기준일자"]		,"resultCode" : "00"		,"resultMsg" : "NORMAL SERVICE"	},	"body" : {			"items" : [				{				"indsLclsCd" : "D1"				,"indsLclsNm" : "전기, 가스, 증기 공급"				,"indsMclsCd" : "D103"				,"indsMclsNm" : "냉온수, 공기조절"				,"indsSclsCd" : "D10301"				,"indsSclsNm" : "증기, 냉ㆍ온수 및 공기 조절 공급업"				,"stdrDt" : "2023-02-28"				}			]	}}