{	"header" : {		"description" : "소상공인시장진흥공단 상권정보 업종소분류 코드"		,"columns" : ["상권업종대분류코드","상권업종대분류코드명","상권업종중분류코드","상권업종중분류코드명","상권업종소분류코드","상권업종소분류코드명","데이터기준일자"]		,"resultCode" : "00"		,"resultMsg" : "NORMAL SERVICE"	},	"body" : {			"items" : [				{				"indsLclsCd" : "D"				,"indsLclsNm" : "소매"				,"indsMclsCd" : "D11"				,"indsMclsNm" : "유아용품"				,"indsSclsCd" : "D11A01"				,"indsSclsNm" : "유아/임부복"				,"stdrDt" : "2015-12-17"				}				,{				"indsLclsCd" : "D"				,"indsLclsNm" : "소매"				,"indsMclsCd" : "D11"				,"indsMclsNm" : "유아용품"				,"indsSclsCd" : "D11A02"				,"indsSclsNm" : "유아식품판매"				,"stdrDt" : "2015-12-17"				}				,{				"indsLclsCd" : "D"				,"indsLclsNm" : "소매"				,"indsMclsCd" : "D11"				,"indsMclsNm" : "유아용품"				,"indsSclsCd" : "D11A04"				,"indsSclsNm" : "유아용품/장난감대여판매"				,"stdrDt" : "2015-12-17"				}				,{				"indsLclsCd" : "D"				,"indsLclsNm" : "소매"				,"indsMclsCd" : "D11"				,"indsMclsNm" : "유아용품"				,"indsSclsCd" : "D11A03"				,"indsSclsNm" : "유아용품판매"				,"stdrDt" : "2015-12-17"				}			]	}}