{	"header" : {		"description" : "소상공인시장진흥공단 상권정보 업종소분류 코드"		,"columns" : ["상권업종대분류코드","상권업종대분류코드명","상권업종중분류코드","상권업종중분류코드명","상권업종소분류코드","상권업종소분류코드명","데이터기준일자"]		,"resultCode" : "00"		,"resultMsg" : "NORMAL SERVICE"	},	"body" : {			"items" : [				{				"indsLclsCd" : "D"				,"indsLclsNm" : "소매"				,"indsMclsCd" : "D12"				,"indsMclsNm" : "가전제품소매"				,"indsSclsCd" : "D12A03"				,"indsSclsNm" : "노래방기기판매"				,"stdrDt" : "2015-12-17"				}				,{				"indsLclsCd" : "D"				,"indsLclsNm" : "소매"				,"indsMclsCd" : "D12"				,"indsMclsNm" : "가전제품소매"				,"indsSclsCd" : "D12A04"				,"indsSclsNm" : "수입가전제품판매"				,"stdrDt" : "2015-12-17"				}				,{				"indsLclsCd" : "D"				,"indsLclsNm" : "소매"				,"indsMclsCd" : "D12"				,"indsMclsNm" : "가전제품소매"				,"indsSclsCd" : "D12A02"				,"indsSclsNm" : "오디오전문점"				,"stdrDt" : "2015-12-17"				}				,{				"indsLclsCd" : "D"				,"indsLclsNm" : "소매"				,"indsMclsCd" : "D12"				,"indsMclsNm" : "가전제품소매"				,"indsSclsCd" : "D12A01"				,"indsSclsNm" : "일반가전제품"				,"stdrDt" : "2015-12-17"				}				,{				"indsLclsCd" : "D"				,"indsLclsNm" : "소매"				,"indsMclsCd" : "D12"				,"indsMclsNm" : "가전제품소매"				,"indsSclsCd" : "D12A05"				,"indsSclsNm" : "전화기판매"				,"stdrDt" : "2015-12-17"				}			]	}}