{	"header" : {		"description" : "소상공인시장진흥공단 상권정보 업종소분류 코드"		,"columns" : ["상권업종대분류코드","상권업종대분류코드명","상권업종중분류코드","상권업종중분류코드명","상권업종소분류코드","상권업종소분류코드명","데이터기준일자"]		,"resultCode" : "00"		,"resultMsg" : "NORMAL SERVICE"	},	"body" : {			"items" : [				{				"indsLclsCd" : "D"				,"indsLclsNm" : "소매"				,"indsMclsCd" : "D13"				,"indsMclsNm" : "책/서적/도서"				,"indsSclsCd" : "D13A04"				,"indsSclsNm" : "고서적판매"				,"stdrDt" : "2015-12-17"				}				,{				"indsLclsCd" : "D"				,"indsLclsNm" : "소매"				,"indsMclsCd" : "D13"				,"indsMclsNm" : "책/서적/도서"				,"indsSclsCd" : "D13A08"				,"indsSclsNm" : "기독교서적판매"				,"stdrDt" : "2015-12-17"				}				,{				"indsLclsCd" : "D"				,"indsLclsNm" : "소매"				,"indsMclsCd" : "D13"				,"indsMclsNm" : "책/서적/도서"				,"indsSclsCd" : "D13A07"				,"indsSclsNm" : "불교서적판매"				,"stdrDt" : "2015-12-17"				}				,{				"indsLclsCd" : "D"				,"indsLclsNm" : "소매"				,"indsMclsCd" : "D13"				,"indsMclsNm" : "책/서적/도서"				,"indsSclsCd" : "D13A03"				,"indsSclsNm" : "서적/신문소매"				,"stdrDt" : "2015-12-17"				}				,{				"indsLclsCd" : "D"				,"indsLclsNm" : "소매"				,"indsMclsCd" : "D13"				,"indsMclsNm" : "책/서적/도서"				,"indsSclsCd" : "D13A01"				,"indsSclsNm" : "서점"				,"stdrDt" : "2015-12-17"				}				,{				"indsLclsCd" : "D"				,"indsLclsNm" : "소매"				,"indsMclsCd" : "D13"				,"indsMclsNm" : "책/서적/도서"				,"indsSclsCd" : "D13A12"				,"indsSclsNm" : "외국서적판매"				,"stdrDt" : "2015-12-17"				}				,{				"indsLclsCd" : "D"				,"indsLclsNm" : "소매"				,"indsMclsCd" : "D13"				,"indsMclsNm" : "책/서적/도서"				,"indsSclsCd" : "D13A06"				,"indsSclsNm" : "잡지/신문소매"				,"stdrDt" : "2015-12-17"				}				,{				"indsLclsCd" : "D"				,"indsLclsNm" : "소매"				,"indsMclsCd" : "D13"				,"indsMclsNm" : "책/서적/도서"				,"indsSclsCd" : "D13A11"				,"indsSclsNm" : "종교서적판매"				,"stdrDt" : "2015-12-17"				}				,{				"indsLclsCd" : "D"				,"indsLclsNm" : "소매"				,"indsMclsCd" : "D13"				,"indsMclsNm" : "책/서적/도서"				,"indsSclsCd" : "D13A10"				,"indsSclsNm" : "중고서적판매"				,"stdrDt" : "2015-12-17"				}				,{				"indsLclsCd" : "D"				,"indsLclsNm" : "소매"				,"indsMclsCd" : "D13"				,"indsMclsNm" : "책/서적/도서"				,"indsSclsCd" : "D13A13"				,"indsSclsNm" : "지도판매"				,"stdrDt" : "2015-12-17"				}				,{				"indsLclsCd" : "D"				,"indsLclsNm" : "소매"				,"indsMclsCd" : "D13"				,"indsMclsNm" : "책/서적/도서"				,"indsSclsCd" : "D13A09"				,"indsSclsNm" : "천주교서적판매"				,"stdrDt" : "2015-12-17"				}				,{				"indsLclsCd" : "D"				,"indsLclsNm" : "소매"				,"indsMclsCd" : "D13"				,"indsMclsNm" : "책/서적/도서"				,"indsSclsCd" : "D13A05"				,"indsSclsNm" : "컴퓨터서적판매"				,"stdrDt" : "2015-12-17"				}				,{				"indsLclsCd" : "D"				,"indsLclsNm" : "소매"				,"indsMclsCd" : "D13"				,"indsMclsNm" : "책/서적/도서"				,"indsSclsCd" : "D13A02"				,"indsSclsNm" : "할인/아동도서"				,"stdrDt" : "2015-12-17"				}			]	}}