{	"header" : {		"description" : "소상공인시장진흥공단 상권정보 업종소분류 코드"		,"columns" : ["상권업종대분류코드","상권업종대분류코드명","상권업종중분류코드","상권업종중분류코드명","상권업종소분류코드","상권업종소분류코드명","데이터기준일자"]		,"resultCode" : "00"		,"resultMsg" : "NORMAL SERVICE"	},	"body" : {			"items" : [				{				"indsLclsCd" : "D"				,"indsLclsNm" : "소매"				,"indsMclsCd" : "D14"				,"indsMclsNm" : "운동/경기용품소매"				,"indsSclsCd" : "D14A02"				,"indsSclsNm" : "건강/헬스용품"				,"stdrDt" : "2015-12-17"				}				,{				"indsLclsCd" : "D"				,"indsLclsNm" : "소매"				,"indsMclsCd" : "D14"				,"indsMclsNm" : "운동/경기용품소매"				,"indsSclsCd" : "D14A06"				,"indsSclsNm" : "골프용품판매"				,"stdrDt" : "2015-12-17"				}				,{				"indsLclsCd" : "D"				,"indsLclsNm" : "소매"				,"indsMclsCd" : "D14"				,"indsMclsNm" : "운동/경기용품소매"				,"indsSclsCd" : "D14A05"				,"indsSclsNm" : "낚시용품판매"				,"stdrDt" : "2015-12-17"				}				,{				"indsLclsCd" : "D"				,"indsLclsNm" : "소매"				,"indsMclsCd" : "D14"				,"indsMclsNm" : "운동/경기용품소매"				,"indsSclsCd" : "D14A08"				,"indsSclsNm" : "등산용품판매"				,"stdrDt" : "2015-12-17"				}				,{				"indsLclsCd" : "D"				,"indsLclsNm" : "소매"				,"indsMclsCd" : "D14"				,"indsMclsNm" : "운동/경기용품소매"				,"indsSclsCd" : "D14A11"				,"indsSclsNm" : "볼링용품판매"				,"stdrDt" : "2015-12-17"				}				,{				"indsLclsCd" : "D"				,"indsLclsNm" : "소매"				,"indsMclsCd" : "D14"				,"indsMclsNm" : "운동/경기용품소매"				,"indsSclsCd" : "D14A13"				,"indsSclsNm" : "석궁용품판매"				,"stdrDt" : "2015-12-17"				}				,{				"indsLclsCd" : "D"				,"indsLclsNm" : "소매"				,"indsMclsCd" : "D14"				,"indsMclsNm" : "운동/경기용품소매"				,"indsSclsCd" : "D14A12"				,"indsSclsNm" : "수상운동용품판매"				,"stdrDt" : "2015-12-17"				}				,{				"indsLclsCd" : "D"				,"indsLclsNm" : "소매"				,"indsMclsCd" : "D14"				,"indsMclsNm" : "운동/경기용품소매"				,"indsSclsCd" : "D14A07"				,"indsSclsNm" : "수영용품판매"				,"stdrDt" : "2015-12-17"				}				,{				"indsLclsCd" : "D"				,"indsLclsNm" : "소매"				,"indsMclsCd" : "D14"				,"indsMclsNm" : "운동/경기용품소매"				,"indsSclsCd" : "D14A09"				,"indsSclsNm" : "스키장비판매"				,"stdrDt" : "2015-12-17"				}				,{				"indsLclsCd" : "D"				,"indsLclsNm" : "소매"				,"indsMclsCd" : "D14"				,"indsMclsNm" : "운동/경기용품소매"				,"indsSclsCd" : "D14A01"				,"indsSclsNm" : "운동/경기용품"				,"stdrDt" : "2015-12-17"				}				,{				"indsLclsCd" : "D"				,"indsLclsNm" : "소매"				,"indsMclsCd" : "D14"				,"indsMclsNm" : "운동/경기용품소매"				,"indsSclsCd" : "D14A10"				,"indsSclsNm" : "인라인스케이트판매"				,"stdrDt" : "2015-12-17"				}				,{				"indsLclsCd" : "D"				,"indsLclsNm" : "소매"				,"indsMclsCd" : "D14"				,"indsMclsNm" : "운동/경기용품소매"				,"indsSclsCd" : "D14A03"				,"indsSclsNm" : "자전거판매"				,"stdrDt" : "2015-12-17"				}				,{				"indsLclsCd" : "D"				,"indsLclsNm" : "소매"				,"indsMclsCd" : "D14"				,"indsMclsNm" : "운동/경기용품소매"				,"indsSclsCd" : "D14A14"				,"indsSclsNm" : "총포상"				,"stdrDt" : "2015-12-17"				}			]	}}