{	"header" : {		"description" : "소상공인시장진흥공단 상권정보 업종소분류 코드"		,"columns" : ["상권업종대분류코드","상권업종대분류코드명","상권업종중분류코드","상권업종중분류코드명","상권업종소분류코드","상권업종소분류코드명","데이터기준일자"]		,"resultCode" : "00"		,"resultMsg" : "NORMAL SERVICE"	},	"body" : {			"items" : [				{				"indsLclsCd" : "D"				,"indsLclsNm" : "소매"				,"indsMclsCd" : "D15"				,"indsMclsNm" : "가구소매"				,"indsSclsCd" : "D15A08"				,"indsSclsNm" : "가구판매-돌침대"				,"stdrDt" : "2015-12-17"				}				,{				"indsLclsCd" : "D"				,"indsLclsNm" : "소매"				,"indsMclsCd" : "D15"				,"indsMclsNm" : "가구소매"				,"indsSclsCd" : "D15A06"				,"indsSclsNm" : "가구판매-등가구"				,"stdrDt" : "2015-12-17"				}				,{				"indsLclsCd" : "D"				,"indsLclsNm" : "소매"				,"indsMclsCd" : "D15"				,"indsMclsNm" : "가구소매"				,"indsSclsCd" : "D15A02"				,"indsSclsNm" : "가구판매-사무용가구"				,"stdrDt" : "2015-12-17"				}				,{				"indsLclsCd" : "D"				,"indsLclsNm" : "소매"				,"indsMclsCd" : "D15"				,"indsMclsNm" : "가구소매"				,"indsSclsCd" : "D15A07"				,"indsSclsNm" : "가구판매-수입가구"				,"stdrDt" : "2015-12-17"				}				,{				"indsLclsCd" : "D"				,"indsLclsNm" : "소매"				,"indsMclsCd" : "D15"				,"indsMclsNm" : "가구소매"				,"indsSclsCd" : "D15A03"				,"indsSclsNm" : "가구판매-응접세트"				,"stdrDt" : "2015-12-17"				}				,{				"indsLclsCd" : "D"				,"indsLclsNm" : "소매"				,"indsMclsCd" : "D15"				,"indsMclsNm" : "가구소매"				,"indsSclsCd" : "D15A05"				,"indsSclsNm" : "가구판매-장농"				,"stdrDt" : "2015-12-17"				}				,{				"indsLclsCd" : "D"				,"indsLclsNm" : "소매"				,"indsMclsCd" : "D15"				,"indsMclsNm" : "가구소매"				,"indsSclsCd" : "D15A04"				,"indsSclsNm" : "가구판매-침대전문"				,"stdrDt" : "2015-12-17"				}				,{				"indsLclsCd" : "D"				,"indsLclsNm" : "소매"				,"indsMclsCd" : "D15"				,"indsMclsNm" : "가구소매"				,"indsSclsCd" : "D15A01"				,"indsSclsNm" : "일반가구소매"				,"stdrDt" : "2015-12-17"				}			]	}}