{	"header" : {		"description" : "소상공인시장진흥공단 상권정보 업종소분류 코드"		,"columns" : ["상권업종대분류코드","상권업종대분류코드명","상권업종중분류코드","상권업종중분류코드명","상권업종소분류코드","상권업종소분류코드명","데이터기준일자"]		,"resultCode" : "00"		,"resultMsg" : "NORMAL SERVICE"	},	"body" : {			"items" : [				{				"indsLclsCd" : "D"				,"indsLclsNm" : "소매"				,"indsMclsCd" : "D16"				,"indsMclsNm" : "화장품소매"				,"indsSclsCd" : "D16A02"				,"indsSclsNm" : "향수전문점"				,"stdrDt" : "2015-12-17"				}				,{				"indsLclsCd" : "D"				,"indsLclsNm" : "소매"				,"indsMclsCd" : "D16"				,"indsMclsNm" : "화장품소매"				,"indsSclsCd" : "D16A01"				,"indsSclsNm" : "화장품판매점"				,"stdrDt" : "2015-12-17"				}			]	}}