{	"header" : {		"description" : "소상공인시장진흥공단 상권정보 업종소분류 코드"		,"columns" : ["상권업종대분류코드","상권업종대분류코드명","상권업종중분류코드","상권업종중분류코드명","상권업종소분류코드","상권업종소분류코드명","데이터기준일자"]		,"resultCode" : "00"		,"resultMsg" : "NORMAL SERVICE"	},	"body" : {			"items" : [				{				"indsLclsCd" : "D"				,"indsLclsNm" : "소매"				,"indsMclsCd" : "D17"				,"indsMclsNm" : "예술품/골동품/수석/분재"				,"indsSclsCd" : "D17A02"				,"indsSclsNm" : "골동품판매"				,"stdrDt" : "2015-12-17"				}				,{				"indsLclsCd" : "D"				,"indsLclsNm" : "소매"				,"indsMclsCd" : "D17"				,"indsMclsNm" : "예술품/골동품/수석/분재"				,"indsSclsCd" : "D17A06"				,"indsSclsNm" : "분재판매"				,"stdrDt" : "2015-12-17"				}				,{				"indsLclsCd" : "D"				,"indsLclsNm" : "소매"				,"indsMclsCd" : "D17"				,"indsMclsNm" : "예술품/골동품/수석/분재"				,"indsSclsCd" : "D17A05"				,"indsSclsNm" : "수석판매"				,"stdrDt" : "2015-12-17"				}				,{				"indsLclsCd" : "D"				,"indsLclsNm" : "소매"				,"indsMclsCd" : "D17"				,"indsMclsNm" : "예술품/골동품/수석/분재"				,"indsSclsCd" : "D17A01"				,"indsSclsNm" : "예술품/골동품소매"				,"stdrDt" : "2015-12-17"				}				,{				"indsLclsCd" : "D"				,"indsLclsNm" : "소매"				,"indsMclsCd" : "D17"				,"indsMclsNm" : "예술품/골동품/수석/분재"				,"indsSclsCd" : "D17A04"				,"indsSclsNm" : "표구점"				,"stdrDt" : "2015-12-17"				}				,{				"indsLclsCd" : "D"				,"indsLclsNm" : "소매"				,"indsMclsCd" : "D17"				,"indsMclsNm" : "예술품/골동품/수석/분재"				,"indsSclsCd" : "D17A03"				,"indsSclsNm" : "화랑"				,"stdrDt" : "2015-12-17"				}			]	}}