{	"header" : {		"description" : "소상공인시장진흥공단 상권정보 업종소분류 코드"		,"columns" : ["상권업종대분류코드","상권업종대분류코드명","상권업종중분류코드","상권업종중분류코드명","상권업종소분류코드","상권업종소분류코드명","데이터기준일자"]		,"resultCode" : "00"		,"resultMsg" : "NORMAL SERVICE"	},	"body" : {			"items" : [				{				"indsLclsCd" : "D"				,"indsLclsNm" : "소매"				,"indsMclsCd" : "D18"				,"indsMclsNm" : "사진/광학/정밀기기소매"				,"indsSclsCd" : "D18A11"				,"indsSclsNm" : "경보기판매"				,"stdrDt" : "2015-12-17"				}				,{				"indsLclsCd" : "D"				,"indsLclsNm" : "소매"				,"indsMclsCd" : "D18"				,"indsMclsNm" : "사진/광학/정밀기기소매"				,"indsSclsCd" : "D18A07"				,"indsSclsNm" : "금고판매"				,"stdrDt" : "2015-12-17"				}				,{				"indsLclsCd" : "D"				,"indsLclsNm" : "소매"				,"indsMclsCd" : "D18"				,"indsMclsNm" : "사진/광학/정밀기기소매"				,"indsSclsCd" : "D18A08"				,"indsSclsNm" : "무전기(판매/수리)"				,"stdrDt" : "2015-12-17"				}				,{				"indsLclsCd" : "D"				,"indsLclsNm" : "소매"				,"indsMclsCd" : "D18"				,"indsMclsNm" : "사진/광학/정밀기기소매"				,"indsSclsCd" : "D18A01"				,"indsSclsNm" : "사진/광학/정밀기기소매"				,"stdrDt" : "2015-12-17"				}				,{				"indsLclsCd" : "D"				,"indsLclsNm" : "소매"				,"indsMclsCd" : "D18"				,"indsMclsNm" : "사진/광학/정밀기기소매"				,"indsSclsCd" : "D18A04"				,"indsSclsNm" : "안경원"				,"stdrDt" : "2015-12-17"				}				,{				"indsLclsCd" : "D"				,"indsLclsNm" : "소매"				,"indsMclsCd" : "D18"				,"indsMclsNm" : "사진/광학/정밀기기소매"				,"indsSclsCd" : "D18A10"				,"indsSclsNm" : "영사기판매"				,"stdrDt" : "2015-12-17"				}				,{				"indsLclsCd" : "D"				,"indsLclsNm" : "소매"				,"indsMclsCd" : "D18"				,"indsMclsNm" : "사진/광학/정밀기기소매"				,"indsSclsCd" : "D18A06"				,"indsSclsNm" : "저울판매"				,"stdrDt" : "2015-12-17"				}				,{				"indsLclsCd" : "D"				,"indsLclsNm" : "소매"				,"indsMclsCd" : "D18"				,"indsMclsNm" : "사진/광학/정밀기기소매"				,"indsSclsCd" : "D18A03"				,"indsSclsNm" : "카메라판매"				,"stdrDt" : "2015-12-17"				}				,{				"indsLclsCd" : "D"				,"indsLclsNm" : "소매"				,"indsMclsCd" : "D18"				,"indsMclsNm" : "사진/광학/정밀기기소매"				,"indsSclsCd" : "D18A12"				,"indsSclsNm" : "특수사진기"				,"stdrDt" : "2015-12-17"				}				,{				"indsLclsCd" : "D"				,"indsLclsNm" : "소매"				,"indsMclsCd" : "D18"				,"indsMclsNm" : "사진/광학/정밀기기소매"				,"indsSclsCd" : "D18A09"				,"indsSclsNm" : "필름판매점"				,"stdrDt" : "2015-12-17"				}				,{				"indsLclsCd" : "D"				,"indsLclsNm" : "소매"				,"indsMclsCd" : "D18"				,"indsMclsNm" : "사진/광학/정밀기기소매"				,"indsSclsCd" : "D18A02"				,"indsSclsNm" : "핸드폰소매"				,"stdrDt" : "2015-12-17"				}				,{				"indsLclsCd" : "D"				,"indsLclsNm" : "소매"				,"indsMclsCd" : "D18"				,"indsMclsNm" : "사진/광학/정밀기기소매"				,"indsSclsCd" : "D18A05"				,"indsSclsNm" : "현미경/망원경판매"				,"stdrDt" : "2015-12-17"				}			]	}}