{	"header" : {		"description" : "소상공인시장진흥공단 상권정보 업종소분류 코드"		,"columns" : ["상권업종대분류코드","상권업종대분류코드명","상권업종중분류코드","상권업종중분류코드명","상권업종소분류코드","상권업종소분류코드명","데이터기준일자"]		,"resultCode" : "00"		,"resultMsg" : "NORMAL SERVICE"	},	"body" : {			"items" : [				{				"indsLclsCd" : "D"				,"indsLclsNm" : "소매"				,"indsMclsCd" : "D19"				,"indsMclsNm" : "종교용품판매"				,"indsSclsCd" : "D19A01"				,"indsSclsNm" : "종교용품판매"				,"stdrDt" : "2015-12-17"				}				,{				"indsLclsCd" : "D"				,"indsLclsNm" : "소매"				,"indsMclsCd" : "D19"				,"indsMclsNm" : "종교용품판매"				,"indsSclsCd" : "D19A03"				,"indsSclsNm" : "종교용품판매-기독교"				,"stdrDt" : "2015-12-17"				}				,{				"indsLclsCd" : "D"				,"indsLclsNm" : "소매"				,"indsMclsCd" : "D19"				,"indsMclsNm" : "종교용품판매"				,"indsSclsCd" : "D19A02"				,"indsSclsNm" : "종교용품판매-불교"				,"stdrDt" : "2015-12-17"				}				,{				"indsLclsCd" : "D"				,"indsLclsNm" : "소매"				,"indsMclsCd" : "D19"				,"indsMclsNm" : "종교용품판매"				,"indsSclsCd" : "D19A04"				,"indsSclsNm" : "종교용품판매-천주교"				,"stdrDt" : "2015-12-17"				}			]	}}