{	"header" : {		"description" : "소상공인시장진흥공단 상권정보 업종소분류 코드"		,"columns" : ["상권업종대분류코드","상권업종대분류코드명","상권업종중분류코드","상권업종중분류코드명","상권업종소분류코드","상권업종소분류코드명","데이터기준일자"]		,"resultCode" : "00"		,"resultMsg" : "NORMAL SERVICE"	},	"body" : {			"items" : [				{				"indsLclsCd" : "D"				,"indsLclsNm" : "소매"				,"indsMclsCd" : "D20"				,"indsMclsNm" : "의약/의료품소매"				,"indsSclsCd" : "D20A04"				,"indsSclsNm" : "건강보조기구판매"				,"stdrDt" : "2015-12-17"				}				,{				"indsLclsCd" : "D"				,"indsLclsNm" : "소매"				,"indsMclsCd" : "D20"				,"indsMclsNm" : "의약/의료품소매"				,"indsSclsCd" : "D20A02"				,"indsSclsNm" : "보청기판매"				,"stdrDt" : "2015-12-17"				}				,{				"indsLclsCd" : "D"				,"indsLclsNm" : "소매"				,"indsMclsCd" : "D20"				,"indsMclsNm" : "의약/의료품소매"				,"indsSclsCd" : "D20A01"				,"indsSclsNm" : "의료용품소매"				,"stdrDt" : "2015-12-17"				}				,{				"indsLclsCd" : "D"				,"indsLclsNm" : "소매"				,"indsMclsCd" : "D20"				,"indsMclsNm" : "의약/의료품소매"				,"indsSclsCd" : "D20B01"				,"indsSclsNm" : "의약품소매"				,"stdrDt" : "2015-12-17"				}				,{				"indsLclsCd" : "D"				,"indsLclsNm" : "소매"				,"indsMclsCd" : "D20"				,"indsMclsNm" : "의약/의료품소매"				,"indsSclsCd" : "D20A03"				,"indsSclsNm" : "의족/의수판매"				,"stdrDt" : "2015-12-17"				}			]	}}