{	"header" : {		"description" : "소상공인시장진흥공단 상권정보 업종소분류 코드"		,"columns" : ["상권업종대분류코드","상권업종대분류코드명","상권업종중분류코드","상권업종중분류코드명","상권업종소분류코드","상권업종소분류코드명","데이터기준일자"]		,"resultCode" : "00"		,"resultMsg" : "NORMAL SERVICE"	},	"body" : {			"items" : [				{				"indsLclsCd" : "D"				,"indsLclsNm" : "소매"				,"indsMclsCd" : "D21"				,"indsMclsNm" : "철물/난방/건설자재소매"				,"indsSclsCd" : "D21A01"				,"indsSclsNm" : "건축백화점"				,"stdrDt" : "2015-12-17"				}				,{				"indsLclsCd" : "D"				,"indsLclsNm" : "소매"				,"indsMclsCd" : "D21"				,"indsMclsNm" : "철물/난방/건설자재소매"				,"indsSclsCd" : "D21A03"				,"indsSclsNm" : "목제품판매"				,"stdrDt" : "2015-12-17"				}				,{				"indsLclsCd" : "D"				,"indsLclsNm" : "소매"				,"indsMclsCd" : "D21"				,"indsMclsNm" : "철물/난방/건설자재소매"				,"indsSclsCd" : "D21A02"				,"indsSclsNm" : "보일러/냉난방용품"				,"stdrDt" : "2015-12-17"				}				,{				"indsLclsCd" : "D"				,"indsLclsNm" : "소매"				,"indsMclsCd" : "D21"				,"indsMclsNm" : "철물/난방/건설자재소매"				,"indsSclsCd" : "D21A08"				,"indsSclsNm" : "셔터/새시판매"				,"stdrDt" : "2015-12-17"				}				,{				"indsLclsCd" : "D"				,"indsLclsNm" : "소매"				,"indsMclsCd" : "D21"				,"indsMclsNm" : "철물/난방/건설자재소매"				,"indsSclsCd" : "D21A09"				,"indsSclsNm" : "심야전기보일러판매"				,"stdrDt" : "2015-12-17"				}				,{				"indsLclsCd" : "D"				,"indsLclsNm" : "소매"				,"indsMclsCd" : "D21"				,"indsMclsNm" : "철물/난방/건설자재소매"				,"indsSclsCd" : "D21A07"				,"indsSclsNm" : "열쇠판매/수리"				,"stdrDt" : "2015-12-17"				}				,{				"indsLclsCd" : "D"				,"indsLclsNm" : "소매"				,"indsMclsCd" : "D21"				,"indsMclsNm" : "철물/난방/건설자재소매"				,"indsSclsCd" : "D21A04"				,"indsSclsNm" : "조립식앵글판매"				,"stdrDt" : "2015-12-17"				}				,{				"indsLclsCd" : "D"				,"indsLclsNm" : "소매"				,"indsMclsCd" : "D21"				,"indsMclsNm" : "철물/난방/건설자재소매"				,"indsSclsCd" : "D21A05"				,"indsSclsNm" : "진열장판매"				,"stdrDt" : "2015-12-17"				}				,{				"indsLclsCd" : "D"				,"indsLclsNm" : "소매"				,"indsMclsCd" : "D21"				,"indsMclsNm" : "철물/난방/건설자재소매"				,"indsSclsCd" : "D21A06"				,"indsSclsNm" : "철물/건설자재소매"				,"stdrDt" : "2015-12-17"				}				,{				"indsLclsCd" : "D"				,"indsLclsNm" : "소매"				,"indsMclsCd" : "D21"				,"indsMclsNm" : "철물/난방/건설자재소매"				,"indsSclsCd" : "D21A11"				,"indsSclsNm" : "태양열온수기판매"				,"stdrDt" : "2015-12-17"				}			]	}}