{	"header" : {		"description" : "소상공인시장진흥공단 상권정보 업종소분류 코드"		,"columns" : ["상권업종대분류코드","상권업종대분류코드명","상권업종중분류코드","상권업종중분류코드명","상권업종소분류코드","상권업종소분류코드명","데이터기준일자"]		,"resultCode" : "00"		,"resultMsg" : "NORMAL SERVICE"	},	"body" : {			"items" : [				{				"indsLclsCd" : "D"				,"indsLclsNm" : "소매"				,"indsMclsCd" : "D22"				,"indsMclsNm" : "페인트/유리제품소매"				,"indsSclsCd" : "D22A02"				,"indsSclsNm" : "도료염료"				,"stdrDt" : "2015-12-17"				}				,{				"indsLclsCd" : "D"				,"indsLclsNm" : "소매"				,"indsMclsCd" : "D22"				,"indsMclsNm" : "페인트/유리제품소매"				,"indsSclsCd" : "D22A03"				,"indsSclsNm" : "유리/거울판매"				,"stdrDt" : "2015-12-17"				}				,{				"indsLclsCd" : "D"				,"indsLclsNm" : "소매"				,"indsMclsCd" : "D22"				,"indsMclsNm" : "페인트/유리제품소매"				,"indsSclsCd" : "D22A01"				,"indsSclsNm" : "페인트/유리제품소매"				,"stdrDt" : "2015-12-17"				}			]	}}