{	"header" : {		"description" : "소상공인시장진흥공단 상권정보 업종소분류 코드"		,"columns" : ["상권업종대분류코드","상권업종대분류코드명","상권업종중분류코드","상권업종중분류코드명","상권업종소분류코드","상권업종소분류코드명","데이터기준일자"]		,"resultCode" : "00"		,"resultMsg" : "NORMAL SERVICE"	},	"body" : {			"items" : [				{				"indsLclsCd" : "D"				,"indsLclsNm" : "소매"				,"indsMclsCd" : "D23"				,"indsMclsNm" : "자동차/자동차용품"				,"indsSclsCd" : "D23A05"				,"indsSclsNm" : "네비게이션판매"				,"stdrDt" : "2015-12-17"				}				,{				"indsLclsCd" : "D"				,"indsLclsNm" : "소매"				,"indsMclsCd" : "D23"				,"indsMclsNm" : "자동차/자동차용품"				,"indsSclsCd" : "D23A09"				,"indsSclsNm" : "수입자동차판매"				,"stdrDt" : "2015-12-17"				}				,{				"indsLclsCd" : "D"				,"indsLclsNm" : "소매"				,"indsMclsCd" : "D23"				,"indsMclsNm" : "자동차/자동차용품"				,"indsSclsCd" : "D23A10"				,"indsSclsNm" : "수입중고자동차판매"				,"stdrDt" : "2015-12-17"				}				,{				"indsLclsCd" : "D"				,"indsLclsNm" : "소매"				,"indsMclsCd" : "D23"				,"indsMclsNm" : "자동차/자동차용품"				,"indsSclsCd" : "D23A06"				,"indsSclsNm" : "자동차부품판매"				,"stdrDt" : "2015-12-17"				}				,{				"indsLclsCd" : "D"				,"indsLclsNm" : "소매"				,"indsMclsCd" : "D23"				,"indsMclsNm" : "자동차/자동차용품"				,"indsSclsCd" : "D23A11"				,"indsSclsNm" : "자동차유리전문점"				,"stdrDt" : "2015-12-17"				}				,{				"indsLclsCd" : "D"				,"indsLclsNm" : "소매"				,"indsMclsCd" : "D23"				,"indsMclsNm" : "자동차/자동차용품"				,"indsSclsCd" : "D23A07"				,"indsSclsNm" : "자동차장식품판매"				,"stdrDt" : "2015-12-17"				}				,{				"indsLclsCd" : "D"				,"indsLclsNm" : "소매"				,"indsMclsCd" : "D23"				,"indsMclsNm" : "자동차/자동차용품"				,"indsSclsCd" : "D23A01"				,"indsSclsNm" : "자동차판매"				,"stdrDt" : "2015-12-17"				}				,{				"indsLclsCd" : "D"				,"indsLclsNm" : "소매"				,"indsMclsCd" : "D23"				,"indsMclsNm" : "자동차/자동차용품"				,"indsSclsCd" : "D23A02"				,"indsSclsNm" : "중고자동차판매"				,"stdrDt" : "2015-12-17"				}				,{				"indsLclsCd" : "D"				,"indsLclsNm" : "소매"				,"indsMclsCd" : "D23"				,"indsMclsNm" : "자동차/자동차용품"				,"indsSclsCd" : "D23A08"				,"indsSclsNm" : "중고타이어판매"				,"stdrDt" : "2015-12-17"				}				,{				"indsLclsCd" : "D"				,"indsLclsNm" : "소매"				,"indsMclsCd" : "D23"				,"indsMclsNm" : "자동차/자동차용품"				,"indsSclsCd" : "D23A03"				,"indsSclsNm" : "카오디오전문"				,"stdrDt" : "2015-12-17"				}				,{				"indsLclsCd" : "D"				,"indsLclsNm" : "소매"				,"indsMclsCd" : "D23"				,"indsMclsNm" : "자동차/자동차용품"				,"indsSclsCd" : "D23A04"				,"indsSclsNm" : "타이어판매"				,"stdrDt" : "2015-12-17"				}			]	}}