{	"header" : {		"description" : "소상공인시장진흥공단 상권정보 업종소분류 코드"		,"columns" : ["상권업종대분류코드","상권업종대분류코드명","상권업종중분류코드","상권업종중분류코드명","상권업종소분류코드","상권업종소분류코드명","데이터기준일자"]		,"resultCode" : "00"		,"resultMsg" : "NORMAL SERVICE"	},	"body" : {			"items" : [				{				"indsLclsCd" : "D"				,"indsLclsNm" : "소매"				,"indsMclsCd" : "D24"				,"indsMclsNm" : "중고품소매/교환"				,"indsSclsCd" : "D24A01"				,"indsSclsNm" : "물물교환센타"				,"stdrDt" : "2015-12-17"				}				,{				"indsLclsCd" : "D"				,"indsLclsNm" : "소매"				,"indsMclsCd" : "D24"				,"indsMclsNm" : "중고품소매/교환"				,"indsSclsCd" : "D24A02"				,"indsSclsNm" : "재활용/고물수집"				,"stdrDt" : "2015-12-17"				}				,{				"indsLclsCd" : "D"				,"indsLclsNm" : "소매"				,"indsMclsCd" : "D24"				,"indsMclsNm" : "중고품소매/교환"				,"indsSclsCd" : "D24A03"				,"indsSclsNm" : "중고가전가구"				,"stdrDt" : "2015-12-17"				}				,{				"indsLclsCd" : "D"				,"indsLclsNm" : "소매"				,"indsMclsCd" : "D24"				,"indsMclsNm" : "중고품소매/교환"				,"indsSclsCd" : "D24A04"				,"indsSclsNm" : "중고명품판매교환"				,"stdrDt" : "2015-12-17"				}			]	}}