{	"header" : {		"description" : "소상공인시장진흥공단 상권정보 업종소분류 코드"		,"columns" : ["상권업종대분류코드","상권업종대분류코드명","상권업종중분류코드","상권업종중분류코드명","상권업종소분류코드","상권업종소분류코드명","데이터기준일자"]		,"resultCode" : "00"		,"resultMsg" : "NORMAL SERVICE"	},	"body" : {			"items" : [				{				"indsLclsCd" : "D"				,"indsLclsNm" : "소매"				,"indsMclsCd" : "D25"				,"indsMclsNm" : "기타판매업"				,"indsSclsCd" : "D25A12"				,"indsSclsNm" : "LPG판매"				,"stdrDt" : "2015-12-17"				}				,{				"indsLclsCd" : "D"				,"indsLclsNm" : "소매"				,"indsMclsCd" : "D25"				,"indsMclsNm" : "기타판매업"				,"indsSclsCd" : "D25A10"				,"indsSclsNm" : "가정용연료소매"				,"stdrDt" : "2015-12-17"				}				,{				"indsLclsCd" : "D"				,"indsLclsNm" : "소매"				,"indsMclsCd" : "D25"				,"indsMclsNm" : "기타판매업"				,"indsSclsCd" : "D25A24"				,"indsSclsNm" : "광촉매판매"				,"stdrDt" : "2015-12-17"				}				,{				"indsLclsCd" : "D"				,"indsLclsNm" : "소매"				,"indsMclsCd" : "D25"				,"indsMclsNm" : "기타판매업"				,"indsSclsCd" : "D25A03"				,"indsSclsNm" : "노점/유사이동판매"				,"stdrDt" : "2015-12-17"				}				,{				"indsLclsCd" : "D"				,"indsLclsNm" : "소매"				,"indsMclsCd" : "D25"				,"indsMclsNm" : "기타판매업"				,"indsSclsCd" : "D25A15"				,"indsSclsNm" : "농기구판매"				,"stdrDt" : "2015-12-17"				}				,{				"indsLclsCd" : "D"				,"indsLclsNm" : "소매"				,"indsMclsCd" : "D25"				,"indsMclsNm" : "기타판매업"				,"indsSclsCd" : "D25A17"				,"indsSclsNm" : "농자재판매"				,"stdrDt" : "2015-12-17"				}				,{				"indsLclsCd" : "D"				,"indsLclsNm" : "소매"				,"indsMclsCd" : "D25"				,"indsMclsNm" : "기타판매업"				,"indsSclsCd" : "D25A04"				,"indsSclsNm" : "담배소매"				,"stdrDt" : "2015-12-17"				}				,{				"indsLclsCd" : "D"				,"indsLclsNm" : "소매"				,"indsMclsCd" : "D25"				,"indsMclsNm" : "기타판매업"				,"indsSclsCd" : "D25A16"				,"indsSclsNm" : "동물약품판매"				,"stdrDt" : "2015-12-17"				}				,{				"indsLclsCd" : "D"				,"indsLclsNm" : "소매"				,"indsMclsCd" : "D25"				,"indsMclsNm" : "기타판매업"				,"indsSclsCd" : "D25A14"				,"indsSclsNm" : "미싱판매"				,"stdrDt" : "2015-12-17"				}				,{				"indsLclsCd" : "D"				,"indsLclsNm" : "소매"				,"indsMclsCd" : "D25"				,"indsMclsNm" : "기타판매업"				,"indsSclsCd" : "D25A02"				,"indsSclsNm" : "복권판매"				,"stdrDt" : "2015-12-17"				}				,{				"indsLclsCd" : "D"				,"indsLclsNm" : "소매"				,"indsMclsCd" : "D25"				,"indsMclsNm" : "기타판매업"				,"indsSclsCd" : "D25A25"				,"indsSclsNm" : "사료소매"				,"stdrDt" : "2015-12-17"				}				,{				"indsLclsCd" : "D"				,"indsLclsNm" : "소매"				,"indsMclsCd" : "D25"				,"indsMclsNm" : "기타판매업"				,"indsSclsCd" : "D25A11"				,"indsSclsNm" : "성인용품판매"				,"stdrDt" : "2015-12-17"				}				,{				"indsLclsCd" : "D"				,"indsLclsNm" : "소매"				,"indsMclsCd" : "D25"				,"indsMclsNm" : "기타판매업"				,"indsSclsCd" : "D25A22"				,"indsSclsNm" : "세탁기구판매"				,"stdrDt" : "2015-12-17"				}				,{				"indsLclsCd" : "D"				,"indsLclsNm" : "소매"				,"indsMclsCd" : "D25"				,"indsMclsNm" : "기타판매업"				,"indsSclsCd" : "D25A05"				,"indsSclsNm" : "수입담배판매"				,"stdrDt" : "2015-12-17"				}				,{				"indsLclsCd" : "D"				,"indsLclsNm" : "소매"				,"indsMclsCd" : "D25"				,"indsMclsNm" : "기타판매업"				,"indsSclsCd" : "D25A19"				,"indsSclsNm" : "신용카드조회기판매"				,"stdrDt" : "2015-12-17"				}				,{				"indsLclsCd" : "D"				,"indsLclsNm" : "소매"				,"indsMclsCd" : "D25"				,"indsMclsNm" : "기타판매업"				,"indsSclsCd" : "D25A21"				,"indsSclsNm" : "안전보호구판매"				,"stdrDt" : "2015-12-17"				}				,{				"indsLclsCd" : "D"				,"indsLclsNm" : "소매"				,"indsMclsCd" : "D25"				,"indsMclsNm" : "기타판매업"				,"indsSclsCd" : "D25A06"				,"indsSclsNm" : "업소용가전제품"				,"stdrDt" : "2015-12-17"				}				,{				"indsLclsCd" : "D"				,"indsLclsNm" : "소매"				,"indsMclsCd" : "D25"				,"indsMclsNm" : "기타판매업"				,"indsSclsCd" : "D25A07"				,"indsSclsNm" : "연탄판매"				,"stdrDt" : "2015-12-17"				}				,{				"indsLclsCd" : "D"				,"indsLclsNm" : "소매"				,"indsMclsCd" : "D25"				,"indsMclsNm" : "기타판매업"				,"indsSclsCd" : "D25A08"				,"indsSclsNm" : "유류판매"				,"stdrDt" : "2015-12-17"				}				,{				"indsLclsCd" : "D"				,"indsLclsNm" : "소매"				,"indsMclsCd" : "D25"				,"indsMclsNm" : "기타판매업"				,"indsSclsCd" : "D25A01"				,"indsSclsNm" : "음반/테이프/CD"				,"stdrDt" : "2015-12-17"				}				,{				"indsLclsCd" : "D"				,"indsLclsNm" : "소매"				,"indsMclsCd" : "D25"				,"indsMclsNm" : "기타판매업"				,"indsSclsCd" : "D25A18"				,"indsSclsNm" : "자동판매기운영"				,"stdrDt" : "2015-12-17"				}				,{				"indsLclsCd" : "D"				,"indsLclsNm" : "소매"				,"indsMclsCd" : "D25"				,"indsMclsNm" : "기타판매업"				,"indsSclsCd" : "D25A09"				,"indsSclsNm" : "제기용품판매"				,"stdrDt" : "2015-12-17"				}				,{				"indsLclsCd" : "D"				,"indsLclsNm" : "소매"				,"indsMclsCd" : "D25"				,"indsMclsNm" : "기타판매업"				,"indsSclsCd" : "D25A23"				,"indsSclsNm" : "통신판매"				,"stdrDt" : "2015-12-17"				}				,{				"indsLclsCd" : "D"				,"indsLclsNm" : "소매"				,"indsMclsCd" : "D25"				,"indsMclsNm" : "기타판매업"				,"indsSclsCd" : "D25A13"				,"indsSclsNm" : "파라솔판매"				,"stdrDt" : "2015-12-17"				}				,{				"indsLclsCd" : "D"				,"indsLclsNm" : "소매"				,"indsMclsCd" : "D25"				,"indsMclsNm" : "기타판매업"				,"indsSclsCd" : "D25A20"				,"indsSclsNm" : "호신용품판매"				,"stdrDt" : "2015-12-17"				}			]	}}