{	"header" : {		"description" : "소상공인시장진흥공단 상권정보 업종소분류 코드"		,"columns" : ["상권업종대분류코드","상권업종대분류코드명","상권업종중분류코드","상권업종중분류코드명","상권업종소분류코드","상권업종소분류코드명","데이터기준일자"]		,"resultCode" : "00"		,"resultMsg" : "NORMAL SERVICE"	},	"body" : {			"items" : [				{				"indsLclsCd" : "D"				,"indsLclsNm" : "소매"				,"indsMclsCd" : "D26"				,"indsMclsNm" : "시계/귀금속소매"				,"indsSclsCd" : "D26A03"				,"indsSclsNm" : "금은방"				,"stdrDt" : "2015-12-17"				}				,{				"indsLclsCd" : "D"				,"indsLclsNm" : "소매"				,"indsMclsCd" : "D26"				,"indsMclsNm" : "시계/귀금속소매"				,"indsSclsCd" : "D26A04"				,"indsSclsNm" : "다이아몬드매매"				,"stdrDt" : "2015-12-17"				}				,{				"indsLclsCd" : "D"				,"indsLclsNm" : "소매"				,"indsMclsCd" : "D26"				,"indsMclsNm" : "시계/귀금속소매"				,"indsSclsCd" : "D26A01"				,"indsSclsNm" : "시계/귀금속"				,"stdrDt" : "2015-12-17"				}				,{				"indsLclsCd" : "D"				,"indsLclsNm" : "소매"				,"indsMclsCd" : "D26"				,"indsMclsNm" : "시계/귀금속소매"				,"indsSclsCd" : "D26A02"				,"indsSclsNm" : "시계방"				,"stdrDt" : "2015-12-17"				}			]	}}