{	"header" : {		"description" : "소상공인시장진흥공단 상권정보 업종소분류 코드"		,"columns" : ["상권업종대분류코드","상권업종대분류코드명","상권업종중분류코드","상권업종중분류코드명","상권업종소분류코드","상권업종소분류코드명","데이터기준일자"]		,"resultCode" : "00"		,"resultMsg" : "NORMAL SERVICE"	},	"body" : {			"items" : [				{				"indsLclsCd" : "E"				,"indsLclsNm" : "전기/가스/수도"				,"indsMclsCd" : "E01"				,"indsMclsNm" : "전기"				,"indsSclsCd" : "E01A01"				,"indsSclsNm" : "발전소"				,"stdrDt" : "2015-12-17"				}				,{				"indsLclsCd" : "E"				,"indsLclsNm" : "전기/가스/수도"				,"indsMclsCd" : "E01"				,"indsMclsNm" : "전기"				,"indsSclsCd" : "E01A02"				,"indsSclsNm" : "송/배전소"				,"stdrDt" : "2015-12-17"				}				,{				"indsLclsCd" : "E"				,"indsLclsNm" : "전기/가스/수도"				,"indsMclsCd" : "E01"				,"indsMclsNm" : "전기"				,"indsSclsCd" : "E01A03"				,"indsSclsNm" : "전기사업관리소"				,"stdrDt" : "2015-12-17"				}				,{				"indsLclsCd" : "E"				,"indsLclsNm" : "전기/가스/수도"				,"indsMclsCd" : "E01"				,"indsMclsNm" : "전기"				,"indsSclsCd" : "E01A04"				,"indsSclsNm" : "전기안전관리대행"				,"stdrDt" : "2015-12-17"				}				,{				"indsLclsCd" : "E"				,"indsLclsNm" : "전기/가스/수도"				,"indsMclsCd" : "E01"				,"indsMclsNm" : "전기"				,"indsSclsCd" : "E01A99"				,"indsSclsNm" : "전기업-기타"				,"stdrDt" : "2015-12-17"				}				,{				"indsLclsCd" : "E"				,"indsLclsNm" : "전기/가스/수도"				,"indsMclsCd" : "E01"				,"indsMclsNm" : "전기"				,"indsSclsCd" : "E01A00"				,"indsSclsNm" : "전기업-종합"				,"stdrDt" : "2015-12-17"				}			]	}}