{	"header" : {		"description" : "소상공인시장진흥공단 상권정보 업종소분류 코드"		,"columns" : ["상권업종대분류코드","상권업종대분류코드명","상권업종중분류코드","상권업종중분류코드명","상권업종소분류코드","상권업종소분류코드명","데이터기준일자"]		,"resultCode" : "00"		,"resultMsg" : "NORMAL SERVICE"	},	"body" : {			"items" : [				{				"indsLclsCd" : "E"				,"indsLclsNm" : "전기/가스/수도"				,"indsMclsCd" : "E02"				,"indsMclsNm" : "가스"				,"indsSclsCd" : "E02A02"				,"indsSclsNm" : "LPG공급"				,"stdrDt" : "2015-12-17"				}				,{				"indsLclsCd" : "E"				,"indsLclsNm" : "전기/가스/수도"				,"indsMclsCd" : "E02"				,"indsMclsNm" : "가스"				,"indsSclsCd" : "E02A03"				,"indsSclsNm" : "가스관리사업소"				,"stdrDt" : "2015-12-17"				}				,{				"indsLclsCd" : "E"				,"indsLclsNm" : "전기/가스/수도"				,"indsMclsCd" : "E02"				,"indsMclsNm" : "가스"				,"indsSclsCd" : "E02A99"				,"indsSclsNm" : "가스제조/공급-기타"				,"stdrDt" : "2015-12-17"				}				,{				"indsLclsCd" : "E"				,"indsLclsNm" : "전기/가스/수도"				,"indsMclsCd" : "E02"				,"indsMclsNm" : "가스"				,"indsSclsCd" : "E02A00"				,"indsSclsNm" : "가스제조/공급-종합"				,"stdrDt" : "2015-12-17"				}				,{				"indsLclsCd" : "E"				,"indsLclsNm" : "전기/가스/수도"				,"indsMclsCd" : "E02"				,"indsMclsNm" : "가스"				,"indsSclsCd" : "E02A01"				,"indsSclsNm" : "도시가스공급"				,"stdrDt" : "2015-12-17"				}			]	}}