{	"header" : {		"description" : "소상공인시장진흥공단 상권정보 업종소분류 코드"		,"columns" : ["상권업종대분류코드","상권업종대분류코드명","상권업종중분류코드","상권업종중분류코드명","상권업종소분류코드","상권업종소분류코드명","데이터기준일자"]		,"resultCode" : "00"		,"resultMsg" : "NORMAL SERVICE"	},	"body" : {			"items" : [				{				"indsLclsCd" : "E"				,"indsLclsNm" : "전기/가스/수도"				,"indsMclsCd" : "E03"				,"indsMclsNm" : "증기/온수/기타"				,"indsSclsCd" : "E03A01"				,"indsSclsNm" : "열생산/공급"				,"stdrDt" : "2015-12-17"				}				,{				"indsLclsCd" : "E"				,"indsLclsNm" : "전기/가스/수도"				,"indsMclsCd" : "E03"				,"indsMclsNm" : "증기/온수/기타"				,"indsSclsCd" : "E03A02"				,"indsSclsNm" : "온수생산/공급"				,"stdrDt" : "2015-12-17"				}				,{				"indsLclsCd" : "E"				,"indsLclsNm" : "전기/가스/수도"				,"indsMclsCd" : "E03"				,"indsMclsNm" : "증기/온수/기타"				,"indsSclsCd" : "E03A99"				,"indsSclsNm" : "증기생산/온수공급-기타"				,"stdrDt" : "2015-12-17"				}				,{				"indsLclsCd" : "E"				,"indsLclsNm" : "전기/가스/수도"				,"indsMclsCd" : "E03"				,"indsMclsNm" : "증기/온수/기타"				,"indsSclsCd" : "E03A00"				,"indsSclsNm" : "증기생산/온수공급-종합"				,"stdrDt" : "2015-12-17"				}			]	}}