{	"header" : {		"description" : "소상공인시장진흥공단 상권정보 업종소분류 코드"		,"columns" : ["상권업종대분류코드","상권업종대분류코드명","상권업종중분류코드","상권업종중분류코드명","상권업종소분류코드","상권업종소분류코드명","데이터기준일자"]		,"resultCode" : "00"		,"resultMsg" : "NORMAL SERVICE"	},	"body" : {			"items" : [				{				"indsLclsCd" : "E"				,"indsLclsNm" : "전기/가스/수도"				,"indsMclsCd" : "E04"				,"indsMclsNm" : "수도"				,"indsSclsCd" : "E04A99"				,"indsSclsNm" : "수도사업-기타"				,"stdrDt" : "2015-12-17"				}				,{				"indsLclsCd" : "E"				,"indsLclsNm" : "전기/가스/수도"				,"indsMclsCd" : "E04"				,"indsMclsNm" : "수도"				,"indsSclsCd" : "E04A00"				,"indsSclsNm" : "수도사업-종합"				,"stdrDt" : "2015-12-17"				}				,{				"indsLclsCd" : "E"				,"indsLclsNm" : "전기/가스/수도"				,"indsMclsCd" : "E04"				,"indsMclsNm" : "수도"				,"indsSclsCd" : "E04A02"				,"indsSclsNm" : "정수장"				,"stdrDt" : "2015-12-17"				}				,{				"indsLclsCd" : "E"				,"indsLclsNm" : "전기/가스/수도"				,"indsMclsCd" : "E04"				,"indsMclsNm" : "수도"				,"indsSclsCd" : "E04A01"				,"indsSclsNm" : "취수장"				,"stdrDt" : "2015-12-17"				}			]	}}