{	"header" : {		"description" : "소상공인시장진흥공단 상권정보 업종중분류 코드"		,"columns" : ["상권업종대분류코드","상권업종대분류코드명","상권업종중분류코드","상권업종중분류코드명","데이터기준일자"]		,"resultCode" : "00"		,"resultMsg" : "NORMAL SERVICE"	},	"body" : {			"items" : [				{				"indsLclsCd" : "E1"				,"indsLclsNm" : "수도, 하수 처리, 원료 재생업"				,"indsMclsCd" : "E101"				,"indsMclsNm" : "수도"				,"stdrDt" : "2023-02-28"				}				,{				"indsLclsCd" : "E1"				,"indsLclsNm" : "수도, 하수 처리, 원료 재생업"				,"indsMclsCd" : "E105"				,"indsMclsNm" : "원료재생"				,"stdrDt" : "2023-02-28"				}				,{				"indsLclsCd" : "E1"				,"indsLclsNm" : "수도, 하수 처리, 원료 재생업"				,"indsMclsCd" : "E103"				,"indsMclsNm" : "폐기물 수집, 운반"				,"stdrDt" : "2023-02-28"				}				,{				"indsLclsCd" : "E1"				,"indsLclsNm" : "수도, 하수 처리, 원료 재생업"				,"indsMclsCd" : "E104"				,"indsMclsNm" : "폐기물 처리"				,"stdrDt" : "2023-02-28"				}				,{				"indsLclsCd" : "E1"				,"indsLclsNm" : "수도, 하수 처리, 원료 재생업"				,"indsMclsCd" : "E102"				,"indsMclsNm" : "하수, 분뇨"				,"stdrDt" : "2023-02-28"				}				,{				"indsLclsCd" : "E1"				,"indsLclsNm" : "수도, 하수 처리, 원료 재생업"				,"indsMclsCd" : "E106"				,"indsMclsNm" : "환경 정화, 복원"				,"stdrDt" : "2023-02-28"				}			]	}}