{	"header" : {		"description" : "소상공인시장진흥공단 상권정보 업종소분류 코드"		,"columns" : ["상권업종대분류코드","상권업종대분류코드명","상권업종중분류코드","상권업종중분류코드명","상권업종소분류코드","상권업종소분류코드명","데이터기준일자"]		,"resultCode" : "00"		,"resultMsg" : "NORMAL SERVICE"	},	"body" : {			"items" : [				{				"indsLclsCd" : "E1"				,"indsLclsNm" : "수도, 하수 처리, 원료 재생업"				,"indsMclsCd" : "E101"				,"indsMclsNm" : "수도"				,"indsSclsCd" : "E10102"				,"indsSclsNm" : "산업용수 공급업"				,"stdrDt" : "2023-02-28"				}				,{				"indsLclsCd" : "E1"				,"indsLclsNm" : "수도, 하수 처리, 원료 재생업"				,"indsMclsCd" : "E101"				,"indsMclsNm" : "수도"				,"indsSclsCd" : "E10101"				,"indsSclsNm" : "생활용수 공급업"				,"stdrDt" : "2023-02-28"				}			]	}}