{	"header" : {		"description" : "소상공인시장진흥공단 상권정보 업종소분류 코드"		,"columns" : ["상권업종대분류코드","상권업종대분류코드명","상권업종중분류코드","상권업종중분류코드명","상권업종소분류코드","상권업종소분류코드명","데이터기준일자"]		,"resultCode" : "00"		,"resultMsg" : "NORMAL SERVICE"	},	"body" : {			"items" : [				{				"indsLclsCd" : "E1"				,"indsLclsNm" : "수도, 하수 처리, 원료 재생업"				,"indsMclsCd" : "E104"				,"indsMclsNm" : "폐기물 처리"				,"indsSclsCd" : "E10403"				,"indsSclsNm" : "건설 폐기물 처리업"				,"stdrDt" : "2023-02-28"				}				,{				"indsLclsCd" : "E1"				,"indsLclsNm" : "수도, 하수 처리, 원료 재생업"				,"indsMclsCd" : "E104"				,"indsMclsNm" : "폐기물 처리"				,"indsSclsCd" : "E10404"				,"indsSclsNm" : "방사성 폐기물 수집, 운반 및 처리업"				,"stdrDt" : "2023-02-28"				}				,{				"indsLclsCd" : "E1"				,"indsLclsNm" : "수도, 하수 처리, 원료 재생업"				,"indsMclsCd" : "E104"				,"indsMclsNm" : "폐기물 처리"				,"indsSclsCd" : "E10401"				,"indsSclsNm" : "지정 외 폐기물 처리업"				,"stdrDt" : "2023-02-28"				}				,{				"indsLclsCd" : "E1"				,"indsLclsNm" : "수도, 하수 처리, 원료 재생업"				,"indsMclsCd" : "E104"				,"indsMclsNm" : "폐기물 처리"				,"indsSclsCd" : "E10402"				,"indsSclsNm" : "지정 폐기물 처리업"				,"stdrDt" : "2023-02-28"				}			]	}}