{	"header" : {		"description" : "소상공인시장진흥공단 상권정보 업종소분류 코드"		,"columns" : ["상권업종대분류코드","상권업종대분류코드명","상권업종중분류코드","상권업종중분류코드명","상권업종소분류코드","상권업종소분류코드명","데이터기준일자"]		,"resultCode" : "00"		,"resultMsg" : "NORMAL SERVICE"	},	"body" : {			"items" : [				{				"indsLclsCd" : "E1"				,"indsLclsNm" : "수도, 하수 처리, 원료 재생업"				,"indsMclsCd" : "E105"				,"indsMclsNm" : "원료재생"				,"indsSclsCd" : "E10502"				,"indsSclsNm" : "금속류 원료 재생업"				,"stdrDt" : "2023-02-28"				}				,{				"indsLclsCd" : "E1"				,"indsLclsNm" : "수도, 하수 처리, 원료 재생업"				,"indsMclsCd" : "E105"				,"indsMclsNm" : "원료재생"				,"indsSclsCd" : "E10501"				,"indsSclsNm" : "금속류 해체 및 선별업"				,"stdrDt" : "2023-02-28"				}				,{				"indsLclsCd" : "E1"				,"indsLclsNm" : "수도, 하수 처리, 원료 재생업"				,"indsMclsCd" : "E105"				,"indsMclsNm" : "원료재생"				,"indsSclsCd" : "E10504"				,"indsSclsNm" : "비금속류 원료 재생업"				,"stdrDt" : "2023-02-28"				}				,{				"indsLclsCd" : "E1"				,"indsLclsNm" : "수도, 하수 처리, 원료 재생업"				,"indsMclsCd" : "E105"				,"indsMclsNm" : "원료재생"				,"indsSclsCd" : "E10503"				,"indsSclsNm" : "비금속류 해체 및 선별업"				,"stdrDt" : "2023-02-28"				}			]	}}