{	"header" : {		"description" : "소상공인시장진흥공단 상권정보 업종소분류 코드"		,"columns" : ["상권업종대분류코드","상권업종대분류코드명","상권업종중분류코드","상권업종중분류코드명","상권업종소분류코드","상권업종소분류코드명","데이터기준일자"]		,"resultCode" : "00"		,"resultMsg" : "NORMAL SERVICE"	},	"body" : {			"items" : [				{				"indsLclsCd" : "E1"				,"indsLclsNm" : "수도, 하수 처리, 원료 재생업"				,"indsMclsCd" : "E106"				,"indsMclsNm" : "환경 정화, 복원"				,"indsSclsCd" : "E10699"				,"indsSclsNm" : "기타 환경 정화 및 복원업"				,"stdrDt" : "2023-02-28"				}				,{				"indsLclsCd" : "E1"				,"indsLclsNm" : "수도, 하수 처리, 원료 재생업"				,"indsMclsCd" : "E106"				,"indsMclsNm" : "환경 정화, 복원"				,"indsSclsCd" : "E10601"				,"indsSclsNm" : "토양 및 지하수 정화업"				,"stdrDt" : "2023-02-28"				}			]	}}