{	"header" : {		"description" : "소상공인시장진흥공단 상권정보 업종소분류 코드"		,"columns" : ["상권업종대분류코드","상권업종대분류코드명","상권업종중분류코드","상권업종중분류코드명","상권업종소분류코드","상권업종소분류코드명","데이터기준일자"]		,"resultCode" : "00"		,"resultMsg" : "NORMAL SERVICE"	},	"body" : {			"items" : [				{				"indsLclsCd" : "F"				,"indsLclsNm" : "생활서비스"				,"indsMclsCd" : "F01"				,"indsMclsNm" : "이/미용/건강"				,"indsSclsCd" : "F01A04"				,"indsSclsNm" : "남성미용실"				,"stdrDt" : "2015-12-17"				}				,{				"indsLclsCd" : "F"				,"indsLclsNm" : "생활서비스"				,"indsMclsCd" : "F01"				,"indsMclsNm" : "이/미용/건강"				,"indsSclsCd" : "F01A05"				,"indsSclsNm" : "미용실-어린이"				,"stdrDt" : "2015-12-17"				}				,{				"indsLclsCd" : "F"				,"indsLclsNm" : "생활서비스"				,"indsMclsCd" : "F01"				,"indsMclsNm" : "이/미용/건강"				,"indsSclsCd" : "F01A02"				,"indsSclsNm" : "발/네일케어"				,"stdrDt" : "2015-12-17"				}				,{				"indsLclsCd" : "F"				,"indsLclsNm" : "생활서비스"				,"indsMclsCd" : "F01"				,"indsMclsNm" : "이/미용/건강"				,"indsSclsCd" : "F01A03"				,"indsSclsNm" : "비만/피부관리"				,"stdrDt" : "2015-12-17"				}				,{				"indsLclsCd" : "F"				,"indsLclsNm" : "생활서비스"				,"indsMclsCd" : "F01"				,"indsMclsNm" : "이/미용/건강"				,"indsSclsCd" : "F01A01"				,"indsSclsNm" : "여성미용실"				,"stdrDt" : "2015-12-17"				}			]	}}