{	"header" : {		"description" : "소상공인시장진흥공단 상권정보 업종소분류 코드"		,"columns" : ["상권업종대분류코드","상권업종대분류코드명","상권업종중분류코드","상권업종중분류코드명","상권업종소분류코드","상권업종소분류코드명","데이터기준일자"]		,"resultCode" : "00"		,"resultMsg" : "NORMAL SERVICE"	},	"body" : {			"items" : [				{				"indsLclsCd" : "F"				,"indsLclsNm" : "생활서비스"				,"indsMclsCd" : "F02"				,"indsMclsNm" : "세탁/가사서비스"				,"indsSclsCd" : "F02A08"				,"indsSclsNm" : "가죽모피세탁"				,"stdrDt" : "2015-12-17"				}				,{				"indsLclsCd" : "F"				,"indsLclsNm" : "생활서비스"				,"indsMclsCd" : "F02"				,"indsMclsNm" : "세탁/가사서비스"				,"indsSclsCd" : "F02A09"				,"indsSclsNm" : "냉온수기소독/수리"				,"stdrDt" : "2015-12-17"				}				,{				"indsLclsCd" : "F"				,"indsLclsNm" : "생활서비스"				,"indsMclsCd" : "F02"				,"indsMclsNm" : "세탁/가사서비스"				,"indsSclsCd" : "F02A04"				,"indsSclsNm" : "방앗간/정미소"				,"stdrDt" : "2015-12-17"				}				,{				"indsLclsCd" : "F"				,"indsLclsNm" : "생활서비스"				,"indsMclsCd" : "F02"				,"indsMclsNm" : "세탁/가사서비스"				,"indsSclsCd" : "F02A03"				,"indsSclsNm" : "세탁대행"				,"stdrDt" : "2015-12-17"				}				,{				"indsLclsCd" : "F"				,"indsLclsNm" : "생활서비스"				,"indsMclsCd" : "F02"				,"indsMclsNm" : "세탁/가사서비스"				,"indsSclsCd" : "F02A01"				,"indsSclsNm" : "세탁소/빨래방"				,"stdrDt" : "2015-12-17"				}				,{				"indsLclsCd" : "F"				,"indsLclsNm" : "생활서비스"				,"indsMclsCd" : "F02"				,"indsMclsNm" : "세탁/가사서비스"				,"indsSclsCd" : "F02A06"				,"indsSclsNm" : "소파침대카펫트세탁"				,"stdrDt" : "2015-12-17"				}				,{				"indsLclsCd" : "F"				,"indsLclsNm" : "생활서비스"				,"indsMclsCd" : "F02"				,"indsMclsNm" : "세탁/가사서비스"				,"indsSclsCd" : "F02A07"				,"indsSclsNm" : "솜틀집"				,"stdrDt" : "2015-12-17"				}				,{				"indsLclsCd" : "F"				,"indsLclsNm" : "생활서비스"				,"indsMclsCd" : "F02"				,"indsMclsNm" : "세탁/가사서비스"				,"indsSclsCd" : "F02A02"				,"indsSclsNm" : "신발세탁"				,"stdrDt" : "2015-12-17"				}				,{				"indsLclsCd" : "F"				,"indsLclsNm" : "생활서비스"				,"indsMclsCd" : "F02"				,"indsMclsNm" : "세탁/가사서비스"				,"indsSclsCd" : "F02A05"				,"indsSclsNm" : "청소/소독"				,"stdrDt" : "2015-12-17"				}			]	}}