{	"header" : {		"description" : "소상공인시장진흥공단 상권정보 업종소분류 코드"		,"columns" : ["상권업종대분류코드","상권업종대분류코드명","상권업종중분류코드","상권업종중분류코드명","상권업종소분류코드","상권업종소분류코드명","데이터기준일자"]		,"resultCode" : "00"		,"resultMsg" : "NORMAL SERVICE"	},	"body" : {			"items" : [				{				"indsLclsCd" : "F"				,"indsLclsNm" : "생활서비스"				,"indsMclsCd" : "F03"				,"indsMclsNm" : "개인/가정용품수리"				,"indsSclsCd" : "F03A04"				,"indsSclsNm" : "가구수리"				,"stdrDt" : "2015-12-17"				}				,{				"indsLclsCd" : "F"				,"indsLclsNm" : "생활서비스"				,"indsMclsCd" : "F03"				,"indsMclsNm" : "개인/가정용품수리"				,"indsSclsCd" : "F03A03"				,"indsSclsNm" : "가방구두수전"				,"stdrDt" : "2015-12-17"				}				,{				"indsLclsCd" : "F"				,"indsLclsNm" : "생활서비스"				,"indsMclsCd" : "F03"				,"indsMclsNm" : "개인/가정용품수리"				,"indsSclsCd" : "F03A02"				,"indsSclsNm" : "가전제품수리"				,"stdrDt" : "2015-12-17"				}				,{				"indsLclsCd" : "F"				,"indsLclsNm" : "생활서비스"				,"indsMclsCd" : "F03"				,"indsMclsNm" : "개인/가정용품수리"				,"indsSclsCd" : "F03A09"				,"indsSclsNm" : "가죽/모피수선"				,"stdrDt" : "2015-12-17"				}				,{				"indsLclsCd" : "F"				,"indsLclsNm" : "생활서비스"				,"indsMclsCd" : "F03"				,"indsMclsNm" : "개인/가정용품수리"				,"indsSclsCd" : "F03A01"				,"indsSclsNm" : "개인/가정용품수리-종합"				,"stdrDt" : "2015-12-17"				}				,{				"indsLclsCd" : "F"				,"indsLclsNm" : "생활서비스"				,"indsMclsCd" : "F03"				,"indsMclsNm" : "개인/가정용품수리"				,"indsSclsCd" : "F03A13"				,"indsSclsNm" : "골동품수리"				,"stdrDt" : "2015-12-17"				}				,{				"indsLclsCd" : "F"				,"indsLclsNm" : "생활서비스"				,"indsMclsCd" : "F03"				,"indsMclsNm" : "개인/가정용품수리"				,"indsSclsCd" : "F03A15"				,"indsSclsNm" : "금고수리"				,"stdrDt" : "2015-12-17"				}				,{				"indsLclsCd" : "F"				,"indsLclsNm" : "생활서비스"				,"indsMclsCd" : "F03"				,"indsMclsNm" : "개인/가정용품수리"				,"indsSclsCd" : "F03A16"				,"indsSclsNm" : "농기구수리"				,"stdrDt" : "2015-12-17"				}				,{				"indsLclsCd" : "F"				,"indsLclsNm" : "생활서비스"				,"indsMclsCd" : "F03"				,"indsMclsNm" : "개인/가정용품수리"				,"indsSclsCd" : "F03A11"				,"indsSclsNm" : "악기수선"				,"stdrDt" : "2015-12-17"				}				,{				"indsLclsCd" : "F"				,"indsLclsNm" : "생활서비스"				,"indsMclsCd" : "F03"				,"indsMclsNm" : "개인/가정용품수리"				,"indsSclsCd" : "F03A10"				,"indsSclsNm" : "액세서리수선"				,"stdrDt" : "2015-12-17"				}				,{				"indsLclsCd" : "F"				,"indsLclsNm" : "생활서비스"				,"indsMclsCd" : "F03"				,"indsMclsNm" : "개인/가정용품수리"				,"indsSclsCd" : "F03A05"				,"indsSclsNm" : "에어컨수리/설치"				,"stdrDt" : "2015-12-17"				}				,{				"indsLclsCd" : "F"				,"indsLclsNm" : "생활서비스"				,"indsMclsCd" : "F03"				,"indsMclsNm" : "개인/가정용품수리"				,"indsSclsCd" : "F03A12"				,"indsSclsNm" : "열쇠제작"				,"stdrDt" : "2015-12-17"				}				,{				"indsLclsCd" : "F"				,"indsLclsNm" : "생활서비스"				,"indsMclsCd" : "F03"				,"indsMclsNm" : "개인/가정용품수리"				,"indsSclsCd" : "F03A08"				,"indsSclsNm" : "옷수선"				,"stdrDt" : "2015-12-17"				}				,{				"indsLclsCd" : "F"				,"indsLclsNm" : "생활서비스"				,"indsMclsCd" : "F03"				,"indsMclsNm" : "개인/가정용품수리"				,"indsSclsCd" : "F03A06"				,"indsSclsNm" : "정보통신기기수리"				,"stdrDt" : "2015-12-17"				}				,{				"indsLclsCd" : "F"				,"indsLclsNm" : "생활서비스"				,"indsMclsCd" : "F03"				,"indsMclsNm" : "개인/가정용품수리"				,"indsSclsCd" : "F03A07"				,"indsSclsNm" : "컴퓨터수리"				,"stdrDt" : "2015-12-17"				}				,{				"indsLclsCd" : "F"				,"indsLclsNm" : "생활서비스"				,"indsMclsCd" : "F03"				,"indsMclsNm" : "개인/가정용품수리"				,"indsSclsCd" : "F03A14"				,"indsSclsNm" : "피아노조율"				,"stdrDt" : "2015-12-17"				}			]	}}