{	"header" : {		"description" : "소상공인시장진흥공단 상권정보 업종소분류 코드"		,"columns" : ["상권업종대분류코드","상권업종대분류코드명","상권업종중분류코드","상권업종중분류코드명","상권업종소분류코드","상권업종소분류코드명","데이터기준일자"]		,"resultCode" : "00"		,"resultMsg" : "NORMAL SERVICE"	},	"body" : {			"items" : [				{				"indsLclsCd" : "F"				,"indsLclsNm" : "생활서비스"				,"indsMclsCd" : "F04"				,"indsMclsNm" : "운송/배달/택배"				,"indsSclsCd" : "F04A13"				,"indsSclsNm" : "문서송달대행"				,"stdrDt" : "2015-12-17"				}				,{				"indsLclsCd" : "F"				,"indsLclsNm" : "생활서비스"				,"indsMclsCd" : "F04"				,"indsMclsNm" : "운송/배달/택배"				,"indsSclsCd" : "F04A11"				,"indsSclsNm" : "물품보관소"				,"stdrDt" : "2015-12-17"				}				,{				"indsLclsCd" : "F"				,"indsLclsNm" : "생활서비스"				,"indsMclsCd" : "F04"				,"indsMclsNm" : "운송/배달/택배"				,"indsSclsCd" : "F04A04"				,"indsSclsNm" : "용달/개별화물"				,"stdrDt" : "2015-12-17"				}				,{				"indsLclsCd" : "F"				,"indsLclsNm" : "생활서비스"				,"indsMclsCd" : "F04"				,"indsMclsNm" : "운송/배달/택배"				,"indsSclsCd" : "F04B08"				,"indsSclsNm" : "우체국/우편물취급소"				,"stdrDt" : "2015-12-17"				}				,{				"indsLclsCd" : "F"				,"indsLclsNm" : "생활서비스"				,"indsMclsCd" : "F04"				,"indsMclsNm" : "운송/배달/택배"				,"indsSclsCd" : "F04A07"				,"indsSclsNm" : "운전대행/대리운전"				,"stdrDt" : "2015-12-17"				}				,{				"indsLclsCd" : "F"				,"indsLclsNm" : "생활서비스"				,"indsMclsCd" : "F04"				,"indsMclsNm" : "운송/배달/택배"				,"indsSclsCd" : "F04A12"				,"indsSclsNm" : "이삿짐보관"				,"stdrDt" : "2015-12-17"				}				,{				"indsLclsCd" : "F"				,"indsLclsNm" : "생활서비스"				,"indsMclsCd" : "F04"				,"indsMclsNm" : "운송/배달/택배"				,"indsSclsCd" : "F04A06"				,"indsSclsNm" : "종합이삿짐대행"				,"stdrDt" : "2015-12-17"				}				,{				"indsLclsCd" : "F"				,"indsLclsNm" : "생활서비스"				,"indsMclsCd" : "F04"				,"indsMclsNm" : "운송/배달/택배"				,"indsSclsCd" : "F04A02"				,"indsSclsNm" : "퀵배달"				,"stdrDt" : "2015-12-17"				}				,{				"indsLclsCd" : "F"				,"indsLclsNm" : "생활서비스"				,"indsMclsCd" : "F04"				,"indsMclsNm" : "운송/배달/택배"				,"indsSclsCd" : "F04A01"				,"indsSclsNm" : "택배업"				,"stdrDt" : "2015-12-17"				}				,{				"indsLclsCd" : "F"				,"indsLclsNm" : "생활서비스"				,"indsMclsCd" : "F04"				,"indsMclsNm" : "운송/배달/택배"				,"indsSclsCd" : "F04A09"				,"indsSclsNm" : "피아노운반"				,"stdrDt" : "2015-12-17"				}				,{				"indsLclsCd" : "F"				,"indsLclsNm" : "생활서비스"				,"indsMclsCd" : "F04"				,"indsMclsNm" : "운송/배달/택배"				,"indsSclsCd" : "F04A10"				,"indsSclsNm" : "화물운송-용달"				,"stdrDt" : "2015-12-17"				}				,{				"indsLclsCd" : "F"				,"indsLclsNm" : "생활서비스"				,"indsMclsCd" : "F04"				,"indsMclsNm" : "운송/배달/택배"				,"indsSclsCd" : "F04A05"				,"indsSclsNm" : "화물운송대리"				,"stdrDt" : "2015-12-17"				}			]	}}