{	"header" : {		"description" : "소상공인시장진흥공단 상권정보 업종소분류 코드"		,"columns" : ["상권업종대분류코드","상권업종대분류코드명","상권업종중분류코드","상권업종중분류코드명","상권업종소분류코드","상권업종소분류코드명","데이터기준일자"]		,"resultCode" : "00"		,"resultMsg" : "NORMAL SERVICE"	},	"body" : {			"items" : [				{				"indsLclsCd" : "F"				,"indsLclsNm" : "생활서비스"				,"indsMclsCd" : "F05"				,"indsMclsNm" : "인력/고용/용역알선"				,"indsSclsCd" : "F05A01"				,"indsSclsNm" : "가사도우미알선"				,"stdrDt" : "2015-12-17"				}				,{				"indsLclsCd" : "F"				,"indsLclsNm" : "생활서비스"				,"indsMclsCd" : "F05"				,"indsMclsNm" : "인력/고용/용역알선"				,"indsSclsCd" : "F05A02"				,"indsSclsNm" : "인력공급/고용알선"				,"stdrDt" : "2015-12-17"				}				,{				"indsLclsCd" : "F"				,"indsLclsNm" : "생활서비스"				,"indsMclsCd" : "F05"				,"indsMclsNm" : "인력/고용/용역알선"				,"indsSclsCd" : "F05A03"				,"indsSclsNm" : "해외취업알선"				,"stdrDt" : "2015-12-17"				}			]	}}