{	"header" : {		"description" : "소상공인시장진흥공단 상권정보 업종소분류 코드"		,"columns" : ["상권업종대분류코드","상권업종대분류코드명","상권업종중분류코드","상권업종중분류코드명","상권업종소분류코드","상권업종소분류코드명","데이터기준일자"]		,"resultCode" : "00"		,"resultMsg" : "NORMAL SERVICE"	},	"body" : {			"items" : [				{				"indsLclsCd" : "F"				,"indsLclsNm" : "생활서비스"				,"indsMclsCd" : "F06"				,"indsMclsNm" : "사진"				,"indsSclsCd" : "F06A01"				,"indsSclsNm" : "사진관"				,"stdrDt" : "2015-12-17"				}				,{				"indsLclsCd" : "F"				,"indsLclsNm" : "생활서비스"				,"indsMclsCd" : "F06"				,"indsMclsNm" : "사진"				,"indsSclsCd" : "F06A02"				,"indsSclsNm" : "상업사진"				,"stdrDt" : "2015-12-17"				}				,{				"indsLclsCd" : "F"				,"indsLclsNm" : "생활서비스"				,"indsMclsCd" : "F06"				,"indsMclsNm" : "사진"				,"indsSclsCd" : "F06A03"				,"indsSclsNm" : "스티커사진방"				,"stdrDt" : "2015-12-17"				}			]	}}