{	"header" : {		"description" : "소상공인시장진흥공단 상권정보 업종소분류 코드"		,"columns" : ["상권업종대분류코드","상권업종대분류코드명","상권업종중분류코드","상권업종중분류코드명","상권업종소분류코드","상권업종소분류코드명","데이터기준일자"]		,"resultCode" : "00"		,"resultMsg" : "NORMAL SERVICE"	},	"body" : {			"items" : [				{				"indsLclsCd" : "F"				,"indsLclsNm" : "생활서비스"				,"indsMclsCd" : "F07"				,"indsMclsNm" : "물품기기대여"				,"indsSclsCd" : "F07A16"				,"indsSclsNm" : "가방대여"				,"stdrDt" : "2015-12-17"				}				,{				"indsLclsCd" : "F"				,"indsLclsNm" : "생활서비스"				,"indsMclsCd" : "F07"				,"indsMclsNm" : "물품기기대여"				,"indsSclsCd" : "F07A01"				,"indsSclsNm" : "가정용가구/기기임대"				,"stdrDt" : "2015-12-17"				}				,{				"indsLclsCd" : "F"				,"indsLclsNm" : "생활서비스"				,"indsMclsCd" : "F07"				,"indsMclsNm" : "물품기기대여"				,"indsSclsCd" : "F07A04"				,"indsSclsNm" : "도서/만화대여"				,"stdrDt" : "2015-12-17"				}				,{				"indsLclsCd" : "F"				,"indsLclsNm" : "생활서비스"				,"indsMclsCd" : "F07"				,"indsMclsNm" : "물품기기대여"				,"indsSclsCd" : "F07A15"				,"indsSclsNm" : "도자기대여"				,"stdrDt" : "2015-12-17"				}				,{				"indsLclsCd" : "F"				,"indsLclsNm" : "생활서비스"				,"indsMclsCd" : "F07"				,"indsMclsNm" : "물품기기대여"				,"indsSclsCd" : "F07A11"				,"indsSclsNm" : "렌트카"				,"stdrDt" : "2015-12-17"				}				,{				"indsLclsCd" : "F"				,"indsLclsNm" : "생활서비스"				,"indsMclsCd" : "F07"				,"indsMclsNm" : "물품기기대여"				,"indsSclsCd" : "F07A05"				,"indsSclsNm" : "명품대여"				,"stdrDt" : "2015-12-17"				}				,{				"indsLclsCd" : "F"				,"indsLclsNm" : "생활서비스"				,"indsMclsCd" : "F07"				,"indsMclsNm" : "물품기기대여"				,"indsSclsCd" : "F07A19"				,"indsSclsNm" : "목재대여"				,"stdrDt" : "2015-12-17"				}				,{				"indsLclsCd" : "F"				,"indsLclsNm" : "생활서비스"				,"indsMclsCd" : "F07"				,"indsMclsNm" : "물품기기대여"				,"indsSclsCd" : "F07A08"				,"indsSclsNm" : "물수건대여"				,"stdrDt" : "2015-12-17"				}				,{				"indsLclsCd" : "F"				,"indsLclsNm" : "생활서비스"				,"indsMclsCd" : "F07"				,"indsMclsNm" : "물품기기대여"				,"indsSclsCd" : "F07A99"				,"indsSclsNm" : "물품대여종합"				,"stdrDt" : "2015-12-17"				}				,{				"indsLclsCd" : "F"				,"indsLclsNm" : "생활서비스"				,"indsMclsCd" : "F07"				,"indsMclsNm" : "물품기기대여"				,"indsSclsCd" : "F07A03"				,"indsSclsNm" : "비디오/오디오테이프대여"				,"stdrDt" : "2015-12-17"				}				,{				"indsLclsCd" : "F"				,"indsLclsNm" : "생활서비스"				,"indsMclsCd" : "F07"				,"indsMclsNm" : "물품기기대여"				,"indsSclsCd" : "F07A12"				,"indsSclsNm" : "비디오카메라대여"				,"stdrDt" : "2015-12-17"				}				,{				"indsLclsCd" : "F"				,"indsLclsNm" : "생활서비스"				,"indsMclsCd" : "F07"				,"indsMclsNm" : "물품기기대여"				,"indsSclsCd" : "F07A10"				,"indsSclsNm" : "사무기기대여"				,"stdrDt" : "2015-12-17"				}				,{				"indsLclsCd" : "F"				,"indsLclsNm" : "생활서비스"				,"indsMclsCd" : "F07"				,"indsMclsNm" : "물품기기대여"				,"indsSclsCd" : "F07A18"				,"indsSclsNm" : "사진/원고/기록물대여"				,"stdrDt" : "2015-12-17"				}				,{				"indsLclsCd" : "F"				,"indsLclsNm" : "생활서비스"				,"indsMclsCd" : "F07"				,"indsMclsNm" : "물품기기대여"				,"indsSclsCd" : "F07A06"				,"indsSclsNm" : "생활용품대여"				,"stdrDt" : "2015-12-17"				}				,{				"indsLclsCd" : "F"				,"indsLclsNm" : "생활서비스"				,"indsMclsCd" : "F07"				,"indsMclsNm" : "물품기기대여"				,"indsSclsCd" : "F07A13"				,"indsSclsNm" : "악기대여"				,"stdrDt" : "2015-12-17"				}				,{				"indsLclsCd" : "F"				,"indsLclsNm" : "생활서비스"				,"indsMclsCd" : "F07"				,"indsMclsNm" : "물품기기대여"				,"indsSclsCd" : "F07A17"				,"indsSclsNm" : "연극공연/영화제작용품임대"				,"stdrDt" : "2015-12-17"				}				,{				"indsLclsCd" : "F"				,"indsLclsNm" : "생활서비스"				,"indsMclsCd" : "F07"				,"indsMclsNm" : "물품기기대여"				,"indsSclsCd" : "F07A02"				,"indsSclsNm" : "오락/스포츠용품대여"				,"stdrDt" : "2015-12-17"				}				,{				"indsLclsCd" : "F"				,"indsLclsNm" : "생활서비스"				,"indsMclsCd" : "F07"				,"indsMclsNm" : "물품기기대여"				,"indsSclsCd" : "F07A07"				,"indsSclsNm" : "의류/한복대여"				,"stdrDt" : "2015-12-17"				}				,{				"indsLclsCd" : "F"				,"indsLclsNm" : "생활서비스"				,"indsMclsCd" : "F07"				,"indsMclsNm" : "물품기기대여"				,"indsSclsCd" : "F07A14"				,"indsSclsNm" : "장식품대여"				,"stdrDt" : "2015-12-17"				}				,{				"indsLclsCd" : "F"				,"indsLclsNm" : "생활서비스"				,"indsMclsCd" : "F07"				,"indsMclsNm" : "물품기기대여"				,"indsSclsCd" : "F07A09"				,"indsSclsNm" : "컴퓨터대여"				,"stdrDt" : "2015-12-17"				}				,{				"indsLclsCd" : "F"				,"indsLclsNm" : "생활서비스"				,"indsMclsCd" : "F07"				,"indsMclsNm" : "물품기기대여"				,"indsSclsCd" : "F07A20"				,"indsSclsNm" : "화환/화분대여"				,"stdrDt" : "2015-12-17"				}			]	}}