{	"header" : {		"description" : "소상공인시장진흥공단 상권정보 업종소분류 코드"		,"columns" : ["상권업종대분류코드","상권업종대분류코드명","상권업종중분류코드","상권업종중분류코드명","상권업종소분류코드","상권업종소분류코드명","데이터기준일자"]		,"resultCode" : "00"		,"resultMsg" : "NORMAL SERVICE"	},	"body" : {			"items" : [				{				"indsLclsCd" : "F"				,"indsLclsNm" : "생활서비스"				,"indsMclsCd" : "F08"				,"indsMclsNm" : "대행업"				,"indsSclsCd" : "F08A03"				,"indsSclsNm" : "고객관리대행"				,"stdrDt" : "2015-12-17"				}				,{				"indsLclsCd" : "F"				,"indsLclsNm" : "생활서비스"				,"indsMclsCd" : "F08"				,"indsMclsNm" : "대행업"				,"indsSclsCd" : "F08A08"				,"indsSclsNm" : "꽃꽂이(대행)"				,"stdrDt" : "2015-12-17"				}				,{				"indsLclsCd" : "F"				,"indsLclsNm" : "생활서비스"				,"indsMclsCd" : "F08"				,"indsMclsNm" : "대행업"				,"indsSclsCd" : "F08A06"				,"indsSclsNm" : "복사대행"				,"stdrDt" : "2015-12-17"				}				,{				"indsLclsCd" : "F"				,"indsLclsNm" : "생활서비스"				,"indsMclsCd" : "F08"				,"indsMclsNm" : "대행업"				,"indsSclsCd" : "F08A05"				,"indsSclsNm" : "사무대리서비스"				,"stdrDt" : "2015-12-17"				}				,{				"indsLclsCd" : "F"				,"indsLclsNm" : "생활서비스"				,"indsMclsCd" : "F08"				,"indsMclsNm" : "대행업"				,"indsSclsCd" : "F08A02"				,"indsSclsNm" : "신용조사/흥신소"				,"stdrDt" : "2015-12-17"				}				,{				"indsLclsCd" : "F"				,"indsLclsNm" : "생활서비스"				,"indsMclsCd" : "F08"				,"indsMclsNm" : "대행업"				,"indsSclsCd" : "F08A01"				,"indsSclsNm" : "심부름센터"				,"stdrDt" : "2015-12-17"				}				,{				"indsLclsCd" : "F"				,"indsLclsNm" : "생활서비스"				,"indsMclsCd" : "F08"				,"indsMclsNm" : "대행업"				,"indsSclsCd" : "F08A07"				,"indsSclsNm" : "이민유학알선"				,"stdrDt" : "2015-12-17"				}				,{				"indsLclsCd" : "F"				,"indsLclsNm" : "생활서비스"				,"indsMclsCd" : "F08"				,"indsMclsNm" : "대행업"				,"indsSclsCd" : "F08A04"				,"indsSclsNm" : "전단지배포대행"				,"stdrDt" : "2015-12-17"				}			]	}}