{	"header" : {		"description" : "소상공인시장진흥공단 상권정보 업종소분류 코드"		,"columns" : ["상권업종대분류코드","상권업종대분류코드명","상권업종중분류코드","상권업종중분류코드명","상권업종소분류코드","상권업종소분류코드명","데이터기준일자"]		,"resultCode" : "00"		,"resultMsg" : "NORMAL SERVICE"	},	"body" : {			"items" : [				{				"indsLclsCd" : "F"				,"indsLclsNm" : "생활서비스"				,"indsMclsCd" : "F09"				,"indsMclsNm" : "대중목욕탕/휴게"				,"indsSclsCd" : "F09A03"				,"indsSclsNm" : "목욕업-찜질방"				,"stdrDt" : "2015-12-17"				}				,{				"indsLclsCd" : "F"				,"indsLclsNm" : "생활서비스"				,"indsMclsCd" : "F09"				,"indsMclsNm" : "대중목욕탕/휴게"				,"indsSclsCd" : "F09A02"				,"indsSclsNm" : "사우나/증기탕/온천"				,"stdrDt" : "2015-12-17"				}				,{				"indsLclsCd" : "F"				,"indsLclsNm" : "생활서비스"				,"indsMclsCd" : "F09"				,"indsMclsNm" : "대중목욕탕/휴게"				,"indsSclsCd" : "F09A01"				,"indsSclsNm" : "욕탕업-종합"				,"stdrDt" : "2015-12-17"				}				,{				"indsLclsCd" : "F"				,"indsLclsNm" : "생활서비스"				,"indsMclsCd" : "F09"				,"indsMclsNm" : "대중목욕탕/휴게"				,"indsSclsCd" : "F09A04"				,"indsSclsNm" : "휴게텔"				,"stdrDt" : "2015-12-17"				}			]	}}