{	"header" : {		"description" : "소상공인시장진흥공단 상권정보 업종소분류 코드"		,"columns" : ["상권업종대분류코드","상권업종대분류코드명","상권업종중분류코드","상권업종중분류코드명","상권업종소분류코드","상권업종소분류코드명","데이터기준일자"]		,"resultCode" : "00"		,"resultMsg" : "NORMAL SERVICE"	},	"body" : {			"items" : [				{				"indsLclsCd" : "F1"				,"indsLclsNm" : "건설업"				,"indsMclsCd" : "F101"				,"indsMclsNm" : "건물건설"				,"indsSclsCd" : "F10103"				,"indsSclsNm" : "기타 공동 주택 건설업"				,"stdrDt" : "2023-02-28"				}				,{				"indsLclsCd" : "F1"				,"indsLclsNm" : "건설업"				,"indsMclsCd" : "F101"				,"indsMclsNm" : "건물건설"				,"indsSclsCd" : "F10199"				,"indsSclsNm" : "기타 비주거용 건물 건설업"				,"stdrDt" : "2023-02-28"				}				,{				"indsLclsCd" : "F1"				,"indsLclsNm" : "건설업"				,"indsMclsCd" : "F101"				,"indsMclsNm" : "건물건설"				,"indsSclsCd" : "F10101"				,"indsSclsNm" : "단독 주택 건설업"				,"stdrDt" : "2023-02-28"				}				,{				"indsLclsCd" : "F1"				,"indsLclsNm" : "건설업"				,"indsMclsCd" : "F101"				,"indsMclsNm" : "건물건설"				,"indsSclsCd" : "F10104"				,"indsSclsNm" : "사무ㆍ상업용 및 공공기관용 건물 건설업"				,"stdrDt" : "2023-02-28"				}				,{				"indsLclsCd" : "F1"				,"indsLclsNm" : "건설업"				,"indsMclsCd" : "F101"				,"indsMclsNm" : "건물건설"				,"indsSclsCd" : "F10102"				,"indsSclsNm" : "아파트 건설업"				,"stdrDt" : "2023-02-28"				}				,{				"indsLclsCd" : "F1"				,"indsLclsNm" : "건설업"				,"indsMclsCd" : "F101"				,"indsMclsNm" : "건물건설"				,"indsSclsCd" : "F10105"				,"indsSclsNm" : "제조업 및 유사 산업용 건물 건설업"				,"stdrDt" : "2023-02-28"				}			]	}}