{	"header" : {		"description" : "소상공인시장진흥공단 상권정보 업종소분류 코드"		,"columns" : ["상권업종대분류코드","상권업종대분류코드명","상권업종중분류코드","상권업종중분류코드명","상권업종소분류코드","상권업종소분류코드명","데이터기준일자"]		,"resultCode" : "00"		,"resultMsg" : "NORMAL SERVICE"	},	"body" : {			"items" : [				{				"indsLclsCd" : "F1"				,"indsLclsNm" : "건설업"				,"indsMclsCd" : "F102"				,"indsMclsNm" : "토목건설"				,"indsSclsCd" : "F10203"				,"indsSclsNm" : "교량, 터널 및 철도 건설업"				,"stdrDt" : "2023-02-28"				}				,{				"indsLclsCd" : "F1"				,"indsLclsNm" : "건설업"				,"indsMclsCd" : "F102"				,"indsMclsNm" : "토목건설"				,"indsSclsCd" : "F10299"				,"indsSclsNm" : "기타 토목 시설물 건설업"				,"stdrDt" : "2023-02-28"				}				,{				"indsLclsCd" : "F1"				,"indsLclsNm" : "건설업"				,"indsMclsCd" : "F102"				,"indsMclsNm" : "토목건설"				,"indsSclsCd" : "F10202"				,"indsSclsNm" : "도로 건설업"				,"stdrDt" : "2023-02-28"				}				,{				"indsLclsCd" : "F1"				,"indsLclsNm" : "건설업"				,"indsMclsCd" : "F102"				,"indsMclsNm" : "토목건설"				,"indsSclsCd" : "F10206"				,"indsSclsNm" : "산업 생산시설 종합 건설업"				,"stdrDt" : "2023-02-28"				}				,{				"indsLclsCd" : "F1"				,"indsLclsNm" : "건설업"				,"indsMclsCd" : "F102"				,"indsMclsNm" : "토목건설"				,"indsSclsCd" : "F10207"				,"indsSclsNm" : "조경 건설업"				,"stdrDt" : "2023-02-28"				}				,{				"indsLclsCd" : "F1"				,"indsLclsNm" : "건설업"				,"indsMclsCd" : "F102"				,"indsMclsNm" : "토목건설"				,"indsSclsCd" : "F10201"				,"indsSclsNm" : "지반조성 건설업"				,"stdrDt" : "2023-02-28"				}				,{				"indsLclsCd" : "F1"				,"indsLclsNm" : "건설업"				,"indsMclsCd" : "F102"				,"indsMclsNm" : "토목건설"				,"indsSclsCd" : "F10204"				,"indsSclsNm" : "항만, 수로, 댐 및 유사 구조물 건설업"				,"stdrDt" : "2023-02-28"				}				,{				"indsLclsCd" : "F1"				,"indsLclsNm" : "건설업"				,"indsMclsCd" : "F102"				,"indsMclsNm" : "토목건설"				,"indsSclsCd" : "F10205"				,"indsSclsNm" : "환경설비 건설업"				,"stdrDt" : "2023-02-28"				}			]	}}