{	"header" : {		"description" : "소상공인시장진흥공단 상권정보 업종소분류 코드"		,"columns" : ["상권업종대분류코드","상권업종대분류코드명","상권업종중분류코드","상권업종중분류코드명","상권업종소분류코드","상권업종소분류코드명","데이터기준일자"]		,"resultCode" : "00"		,"resultMsg" : "NORMAL SERVICE"	},	"body" : {			"items" : [				{				"indsLclsCd" : "F1"				,"indsLclsNm" : "건설업"				,"indsMclsCd" : "F103"				,"indsMclsNm" : "기반조성, 축조"				,"indsSclsCd" : "F10301"				,"indsSclsNm" : "건물 및 구축물 해체 공사업"				,"stdrDt" : "2023-02-28"				}				,{				"indsLclsCd" : "F1"				,"indsLclsNm" : "건설업"				,"indsMclsCd" : "F103"				,"indsMclsNm" : "기반조성, 축조"				,"indsSclsCd" : "F10305"				,"indsSclsNm" : "기타 기반조성 관련 전문공사업"				,"stdrDt" : "2023-02-28"				}				,{				"indsLclsCd" : "F1"				,"indsLclsNm" : "건설업"				,"indsMclsCd" : "F103"				,"indsMclsNm" : "기반조성, 축조"				,"indsSclsCd" : "F10399"				,"indsSclsNm" : "기타 옥외 시설물 축조관련 전문공사업"				,"stdrDt" : "2023-02-28"				}				,{				"indsLclsCd" : "F1"				,"indsLclsNm" : "건설업"				,"indsMclsCd" : "F103"				,"indsMclsNm" : "기반조성, 축조"				,"indsSclsCd" : "F10303"				,"indsSclsNm" : "보링, 그라우팅 및 관정 공사업"				,"stdrDt" : "2023-02-28"				}				,{				"indsLclsCd" : "F1"				,"indsLclsNm" : "건설업"				,"indsMclsCd" : "F103"				,"indsMclsNm" : "기반조성, 축조"				,"indsSclsCd" : "F10312"				,"indsSclsNm" : "비계 및 형틀 공사업"				,"stdrDt" : "2023-02-28"				}				,{				"indsLclsCd" : "F1"				,"indsLclsNm" : "건설업"				,"indsMclsCd" : "F103"				,"indsMclsNm" : "기반조성, 축조"				,"indsSclsCd" : "F10311"				,"indsSclsNm" : "수중 공사업"				,"stdrDt" : "2023-02-28"				}				,{				"indsLclsCd" : "F1"				,"indsLclsNm" : "건설업"				,"indsMclsCd" : "F103"				,"indsMclsNm" : "기반조성, 축조"				,"indsSclsCd" : "F10308"				,"indsSclsNm" : "조적 및 석공사업"				,"stdrDt" : "2023-02-28"				}				,{				"indsLclsCd" : "F1"				,"indsLclsNm" : "건설업"				,"indsMclsCd" : "F103"				,"indsMclsNm" : "기반조성, 축조"				,"indsSclsCd" : "F10313"				,"indsSclsNm" : "지붕, 내ㆍ외벽 축조 관련 전문공사업"				,"stdrDt" : "2023-02-28"				}				,{				"indsLclsCd" : "F1"				,"indsLclsNm" : "건설업"				,"indsMclsCd" : "F103"				,"indsMclsNm" : "기반조성, 축조"				,"indsSclsCd" : "F10306"				,"indsSclsNm" : "철골 및 관련 구조물 공사업"				,"stdrDt" : "2023-02-28"				}				,{				"indsLclsCd" : "F1"				,"indsLclsNm" : "건설업"				,"indsMclsCd" : "F103"				,"indsMclsNm" : "기반조성, 축조"				,"indsSclsCd" : "F10310"				,"indsSclsNm" : "철도 궤도 전문공사업"				,"stdrDt" : "2023-02-28"				}				,{				"indsLclsCd" : "F1"				,"indsLclsNm" : "건설업"				,"indsMclsCd" : "F103"				,"indsMclsNm" : "기반조성, 축조"				,"indsSclsCd" : "F10307"				,"indsSclsNm" : "콘크리트 및 철근 공사업"				,"stdrDt" : "2023-02-28"				}				,{				"indsLclsCd" : "F1"				,"indsLclsNm" : "건설업"				,"indsMclsCd" : "F103"				,"indsMclsNm" : "기반조성, 축조"				,"indsSclsCd" : "F10302"				,"indsSclsNm" : "토공사업"				,"stdrDt" : "2023-02-28"				}				,{				"indsLclsCd" : "F1"				,"indsLclsNm" : "건설업"				,"indsMclsCd" : "F103"				,"indsMclsNm" : "기반조성, 축조"				,"indsSclsCd" : "F10304"				,"indsSclsNm" : "파일공사 및 축조관련 기초 공사업"				,"stdrDt" : "2023-02-28"				}				,{				"indsLclsCd" : "F1"				,"indsLclsNm" : "건설업"				,"indsMclsCd" : "F103"				,"indsMclsNm" : "기반조성, 축조"				,"indsSclsCd" : "F10309"				,"indsSclsNm" : "포장 공사업"				,"stdrDt" : "2023-02-28"				}			]	}}