{	"header" : {		"description" : "소상공인시장진흥공단 상권정보 업종소분류 코드"		,"columns" : ["상권업종대분류코드","상권업종대분류코드명","상권업종중분류코드","상권업종중분류코드명","상권업종소분류코드","상권업종소분류코드명","데이터기준일자"]		,"resultCode" : "00"		,"resultMsg" : "NORMAL SERVICE"	},	"body" : {			"items" : [				{				"indsLclsCd" : "F1"				,"indsLclsNm" : "건설업"				,"indsMclsCd" : "F104"				,"indsMclsNm" : "건물설비"				,"indsSclsCd" : "F10402"				,"indsSclsNm" : "건물용 기계ㆍ장비 설치 공사업"				,"stdrDt" : "2023-02-28"				}				,{				"indsLclsCd" : "F1"				,"indsLclsNm" : "건설업"				,"indsMclsCd" : "F104"				,"indsMclsNm" : "건물설비"				,"indsSclsCd" : "F10499"				,"indsSclsNm" : "기타 건물 관련설비 설치 공사업"				,"stdrDt" : "2023-02-28"				}				,{				"indsLclsCd" : "F1"				,"indsLclsNm" : "건설업"				,"indsMclsCd" : "F104"				,"indsMclsNm" : "건물설비"				,"indsSclsCd" : "F10403"				,"indsSclsNm" : "방음, 방진 및 내화 공사업"				,"stdrDt" : "2023-02-28"				}				,{				"indsLclsCd" : "F1"				,"indsLclsNm" : "건설업"				,"indsMclsCd" : "F104"				,"indsMclsNm" : "건물설비"				,"indsSclsCd" : "F10401"				,"indsSclsNm" : "배관 및 냉ㆍ난방 공사업"				,"stdrDt" : "2023-02-28"				}				,{				"indsLclsCd" : "F1"				,"indsLclsNm" : "건설업"				,"indsMclsCd" : "F104"				,"indsMclsNm" : "건물설비"				,"indsSclsCd" : "F10404"				,"indsSclsNm" : "소방시설 공사업"				,"stdrDt" : "2023-02-28"				}			]	}}