{	"header" : {		"description" : "소상공인시장진흥공단 상권정보 업종소분류 코드"		,"columns" : ["상권업종대분류코드","상권업종대분류코드명","상권업종중분류코드","상권업종중분류코드명","상권업종소분류코드","상권업종소분류코드명","데이터기준일자"]		,"resultCode" : "00"		,"resultMsg" : "NORMAL SERVICE"	},	"body" : {			"items" : [				{				"indsLclsCd" : "F1"				,"indsLclsNm" : "건설업"				,"indsMclsCd" : "F105"				,"indsMclsNm" : "전기, 통신"				,"indsSclsCd" : "F10502"				,"indsSclsNm" : "내부 전기배선 공사업"				,"stdrDt" : "2023-02-28"				}				,{				"indsLclsCd" : "F1"				,"indsLclsNm" : "건설업"				,"indsMclsCd" : "F105"				,"indsMclsNm" : "전기, 통신"				,"indsSclsCd" : "F10504"				,"indsSclsNm" : "내부 통신배선 공사업"				,"stdrDt" : "2023-02-28"				}				,{				"indsLclsCd" : "F1"				,"indsLclsNm" : "건설업"				,"indsMclsCd" : "F105"				,"indsMclsNm" : "전기, 통신"				,"indsSclsCd" : "F10501"				,"indsSclsNm" : "일반 전기 공사업"				,"stdrDt" : "2023-02-28"				}				,{				"indsLclsCd" : "F1"				,"indsLclsNm" : "건설업"				,"indsMclsCd" : "F105"				,"indsMclsNm" : "전기, 통신"				,"indsSclsCd" : "F10503"				,"indsSclsNm" : "일반 통신 공사업"				,"stdrDt" : "2023-02-28"				}			]	}}