{	"header" : {		"description" : "소상공인시장진흥공단 상권정보 업종소분류 코드"		,"columns" : ["상권업종대분류코드","상권업종대분류코드명","상권업종중분류코드","상권업종중분류코드명","상권업종소분류코드","상권업종소분류코드명","데이터기준일자"]		,"resultCode" : "00"		,"resultMsg" : "NORMAL SERVICE"	},	"body" : {			"items" : [				{				"indsLclsCd" : "F1"				,"indsLclsNm" : "건설업"				,"indsMclsCd" : "F106"				,"indsMclsNm" : "실내건축, 마무리"				,"indsSclsCd" : "F10605"				,"indsSclsNm" : "건물용 금속 공작물 설치 공사업"				,"stdrDt" : "2023-02-28"				}				,{				"indsLclsCd" : "F1"				,"indsLclsNm" : "건설업"				,"indsMclsCd" : "F106"				,"indsMclsNm" : "실내건축, 마무리"				,"indsSclsCd" : "F10699"				,"indsSclsNm" : "그 외 기타 건축 마무리 공사업"				,"stdrDt" : "2023-02-28"				}				,{				"indsLclsCd" : "F1"				,"indsLclsNm" : "건설업"				,"indsMclsCd" : "F106"				,"indsMclsNm" : "실내건축, 마무리"				,"indsSclsCd" : "F10602"				,"indsSclsNm" : "도배, 실내 장식 및 내장 목공사업"				,"stdrDt" : "2023-02-28"				}				,{				"indsLclsCd" : "F1"				,"indsLclsNm" : "건설업"				,"indsMclsCd" : "F106"				,"indsMclsNm" : "실내건축, 마무리"				,"indsSclsCd" : "F10601"				,"indsSclsNm" : "도장 공사업"				,"stdrDt" : "2023-02-28"				}				,{				"indsLclsCd" : "F1"				,"indsLclsNm" : "건설업"				,"indsMclsCd" : "F106"				,"indsMclsNm" : "실내건축, 마무리"				,"indsSclsCd" : "F10604"				,"indsSclsNm" : "미장, 타일 및 방수 공사업"				,"stdrDt" : "2023-02-28"				}				,{				"indsLclsCd" : "F1"				,"indsLclsNm" : "건설업"				,"indsMclsCd" : "F106"				,"indsMclsNm" : "실내건축, 마무리"				,"indsSclsCd" : "F10603"				,"indsSclsNm" : "유리 및 창호 공사업"				,"stdrDt" : "2023-02-28"				}			]	}}