{	"header" : {		"description" : "소상공인시장진흥공단 상권정보 업종소분류 코드"		,"columns" : ["상권업종대분류코드","상권업종대분류코드명","상권업종중분류코드","상권업종중분류코드명","상권업종소분류코드","상권업종소분류코드명","데이터기준일자"]		,"resultCode" : "00"		,"resultMsg" : "NORMAL SERVICE"	},	"body" : {			"items" : [				{				"indsLclsCd" : "F1"				,"indsLclsNm" : "건설업"				,"indsMclsCd" : "F107"				,"indsMclsNm" : "시설물 유지"				,"indsSclsCd" : "F10701"				,"indsSclsNm" : "시설물 유지관리 공사업"				,"stdrDt" : "2023-02-28"				}			]	}}