{	"header" : {		"description" : "소상공인시장진흥공단 상권정보 업종소분류 코드"		,"columns" : ["상권업종대분류코드","상권업종대분류코드명","상권업종중분류코드","상권업종중분류코드명","상권업종소분류코드","상권업종소분류코드명","데이터기준일자"]		,"resultCode" : "00"		,"resultMsg" : "NORMAL SERVICE"	},	"body" : {			"items" : [				{				"indsLclsCd" : "F"				,"indsLclsNm" : "생활서비스"				,"indsMclsCd" : "F11"				,"indsMclsNm" : "개인서비스"				,"indsSclsCd" : "F11A04"				,"indsSclsNm" : "대서소"				,"stdrDt" : "2015-12-17"				}				,{				"indsLclsCd" : "F"				,"indsLclsNm" : "생활서비스"				,"indsMclsCd" : "F11"				,"indsMclsNm" : "개인서비스"				,"indsSclsCd" : "F11A05"				,"indsSclsNm" : "번역/통역서비스"				,"stdrDt" : "2015-12-17"				}				,{				"indsLclsCd" : "F"				,"indsLclsNm" : "생활서비스"				,"indsMclsCd" : "F11"				,"indsMclsNm" : "개인서비스"				,"indsSclsCd" : "F11A02"				,"indsSclsNm" : "운명감정작명"				,"stdrDt" : "2015-12-17"				}				,{				"indsLclsCd" : "F"				,"indsLclsNm" : "생활서비스"				,"indsMclsCd" : "F11"				,"indsMclsNm" : "개인서비스"				,"indsSclsCd" : "F11A06"				,"indsSclsNm" : "초상화제작"				,"stdrDt" : "2015-12-17"				}				,{				"indsLclsCd" : "F"				,"indsLclsNm" : "생활서비스"				,"indsMclsCd" : "F11"				,"indsMclsNm" : "개인서비스"				,"indsSclsCd" : "F11A01"				,"indsSclsNm" : "탐정/경호"				,"stdrDt" : "2015-12-17"				}				,{				"indsLclsCd" : "F"				,"indsLclsNm" : "생활서비스"				,"indsMclsCd" : "F11"				,"indsMclsNm" : "개인서비스"				,"indsSclsCd" : "F11A03"				,"indsSclsNm" : "호스피스"				,"stdrDt" : "2015-12-17"				}			]	}}