{	"header" : {		"description" : "소상공인시장진흥공단 상권정보 업종소분류 코드"		,"columns" : ["상권업종대분류코드","상권업종대분류코드명","상권업종중분류코드","상권업종중분류코드명","상권업종소분류코드","상권업종소분류코드명","데이터기준일자"]		,"resultCode" : "00"		,"resultMsg" : "NORMAL SERVICE"	},	"body" : {			"items" : [				{				"indsLclsCd" : "F"				,"indsLclsNm" : "생활서비스"				,"indsMclsCd" : "F12"				,"indsMclsNm" : "광고/인쇄"				,"indsSclsCd" : "F12A02"				,"indsSclsNm" : "간판제작종합"				,"stdrDt" : "2015-12-17"				}				,{				"indsLclsCd" : "F"				,"indsLclsNm" : "생활서비스"				,"indsMclsCd" : "F12"				,"indsMclsNm" : "광고/인쇄"				,"indsSclsCd" : "F12A08"				,"indsSclsNm" : "광고대행-전화번호부"				,"stdrDt" : "2015-12-17"				}				,{				"indsLclsCd" : "F"				,"indsLclsNm" : "생활서비스"				,"indsMclsCd" : "F12"				,"indsMclsNm" : "광고/인쇄"				,"indsSclsCd" : "F12A03"				,"indsSclsNm" : "광고물제작"				,"stdrDt" : "2015-12-17"				}				,{				"indsLclsCd" : "F"				,"indsLclsNm" : "생활서비스"				,"indsMclsCd" : "F12"				,"indsMclsNm" : "광고/인쇄"				,"indsSclsCd" : "F12A05"				,"indsSclsNm" : "광고물제작-종합"				,"stdrDt" : "2015-12-17"				}				,{				"indsLclsCd" : "F"				,"indsLclsNm" : "생활서비스"				,"indsMclsCd" : "F12"				,"indsMclsNm" : "광고/인쇄"				,"indsSclsCd" : "F12A07"				,"indsSclsNm" : "생활정보제공서비스"				,"stdrDt" : "2015-12-17"				}				,{				"indsLclsCd" : "F"				,"indsLclsNm" : "생활서비스"				,"indsMclsCd" : "F12"				,"indsMclsNm" : "광고/인쇄"				,"indsSclsCd" : "F12A01"				,"indsSclsNm" : "인쇄종합"				,"stdrDt" : "2015-12-17"				}				,{				"indsLclsCd" : "F"				,"indsLclsNm" : "생활서비스"				,"indsMclsCd" : "F12"				,"indsMclsNm" : "광고/인쇄"				,"indsSclsCd" : "F12A04"				,"indsSclsNm" : "지역정보지"				,"stdrDt" : "2015-12-17"				}				,{				"indsLclsCd" : "F"				,"indsLclsNm" : "생활서비스"				,"indsMclsCd" : "F12"				,"indsMclsNm" : "광고/인쇄"				,"indsSclsCd" : "F12A10"				,"indsSclsNm" : "차트제작"				,"stdrDt" : "2015-12-17"				}				,{				"indsLclsCd" : "F"				,"indsLclsNm" : "생활서비스"				,"indsMclsCd" : "F12"				,"indsMclsNm" : "광고/인쇄"				,"indsSclsCd" : "F12A09"				,"indsSclsNm" : "컴퓨터입력대행"				,"stdrDt" : "2015-12-17"				}				,{				"indsLclsCd" : "F"				,"indsLclsNm" : "생활서비스"				,"indsMclsCd" : "F12"				,"indsMclsNm" : "광고/인쇄"				,"indsSclsCd" : "F12A06"				,"indsSclsNm" : "편집대행"				,"stdrDt" : "2015-12-17"				}			]	}}