{	"header" : {		"description" : "소상공인시장진흥공단 상권정보 업종소분류 코드"		,"columns" : ["상권업종대분류코드","상권업종대분류코드명","상권업종중분류코드","상권업종중분류코드명","상권업종소분류코드","상권업종소분류코드명","데이터기준일자"]		,"resultCode" : "00"		,"resultMsg" : "NORMAL SERVICE"	},	"body" : {			"items" : [				{				"indsLclsCd" : "F"				,"indsLclsNm" : "생활서비스"				,"indsMclsCd" : "F13"				,"indsMclsNm" : "기타서비스업"				,"indsSclsCd" : "F13A20"				,"indsSclsNm" : "골프회원권거래소"				,"stdrDt" : "2015-12-17"				}				,{				"indsLclsCd" : "F"				,"indsLclsNm" : "생활서비스"				,"indsMclsCd" : "F13"				,"indsMclsNm" : "기타서비스업"				,"indsSclsCd" : "F13A21"				,"indsSclsNm" : "공연티켓예매"				,"stdrDt" : "2015-12-17"				}				,{				"indsLclsCd" : "F"				,"indsLclsNm" : "생활서비스"				,"indsMclsCd" : "F13"				,"indsMclsNm" : "기타서비스업"				,"indsSclsCd" : "F13A15"				,"indsSclsNm" : "국제회의용역"				,"stdrDt" : "2015-12-17"				}				,{				"indsLclsCd" : "F"				,"indsLclsNm" : "생활서비스"				,"indsMclsCd" : "F13"				,"indsMclsNm" : "기타서비스업"				,"indsSclsCd" : "F13A16"				,"indsSclsNm" : "도면제작대행"				,"stdrDt" : "2015-12-17"				}				,{				"indsLclsCd" : "F"				,"indsLclsNm" : "생활서비스"				,"indsMclsCd" : "F13"				,"indsMclsNm" : "기타서비스업"				,"indsSclsCd" : "F13A08"				,"indsSclsNm" : "디스플레이대행"				,"stdrDt" : "2015-12-17"				}				,{				"indsLclsCd" : "F"				,"indsLclsNm" : "생활서비스"				,"indsMclsCd" : "F13"				,"indsMclsNm" : "기타서비스업"				,"indsSclsCd" : "F13A02"				,"indsSclsNm" : "물품감정서비스"				,"stdrDt" : "2015-12-17"				}				,{				"indsLclsCd" : "F"				,"indsLclsNm" : "생활서비스"				,"indsMclsCd" : "F13"				,"indsMclsNm" : "기타서비스업"				,"indsSclsCd" : "F13A10"				,"indsSclsNm" : "박제표본"				,"stdrDt" : "2015-12-17"				}				,{				"indsLclsCd" : "F"				,"indsLclsNm" : "생활서비스"				,"indsMclsCd" : "F13"				,"indsMclsNm" : "기타서비스업"				,"indsSclsCd" : "F13A07"				,"indsSclsNm" : "보석감정"				,"stdrDt" : "2015-12-17"				}				,{				"indsLclsCd" : "F"				,"indsLclsNm" : "생활서비스"				,"indsMclsCd" : "F13"				,"indsMclsNm" : "기타서비스업"				,"indsSclsCd" : "F13A01"				,"indsSclsNm" : "사업경영상담"				,"stdrDt" : "2015-12-17"				}				,{				"indsLclsCd" : "F"				,"indsLclsNm" : "생활서비스"				,"indsMclsCd" : "F13"				,"indsMclsNm" : "기타서비스업"				,"indsSclsCd" : "F13A12"				,"indsSclsNm" : "사업중개업"				,"stdrDt" : "2015-12-17"				}				,{				"indsLclsCd" : "F"				,"indsLclsNm" : "생활서비스"				,"indsMclsCd" : "F13"				,"indsMclsNm" : "기타서비스업"				,"indsSclsCd" : "F13A19"				,"indsSclsNm" : "상품권판매"				,"stdrDt" : "2015-12-17"				}				,{				"indsLclsCd" : "F"				,"indsLclsNm" : "생활서비스"				,"indsMclsCd" : "F13"				,"indsMclsNm" : "기타서비스업"				,"indsSclsCd" : "F13A13"				,"indsSclsNm" : "상품전시"				,"stdrDt" : "2015-12-17"				}				,{				"indsLclsCd" : "F"				,"indsLclsNm" : "생활서비스"				,"indsMclsCd" : "F13"				,"indsMclsNm" : "기타서비스업"				,"indsSclsCd" : "F13A03"				,"indsSclsNm" : "상품포장"				,"stdrDt" : "2015-12-17"				}				,{				"indsLclsCd" : "F"				,"indsLclsNm" : "생활서비스"				,"indsMclsCd" : "F13"				,"indsMclsNm" : "기타서비스업"				,"indsSclsCd" : "F13A09"				,"indsSclsNm" : "작곡"				,"stdrDt" : "2015-12-17"				}				,{				"indsLclsCd" : "F"				,"indsLclsNm" : "생활서비스"				,"indsMclsCd" : "F13"				,"indsMclsNm" : "기타서비스업"				,"indsSclsCd" : "F13A14"				,"indsSclsNm" : "조감도/투시도전문"				,"stdrDt" : "2015-12-17"				}				,{				"indsLclsCd" : "F"				,"indsLclsNm" : "생활서비스"				,"indsMclsCd" : "F13"				,"indsMclsNm" : "기타서비스업"				,"indsSclsCd" : "F13A17"				,"indsSclsNm" : "지도제작"				,"stdrDt" : "2015-12-17"				}				,{				"indsLclsCd" : "F"				,"indsLclsNm" : "생활서비스"				,"indsMclsCd" : "F13"				,"indsMclsNm" : "기타서비스업"				,"indsSclsCd" : "F13A18"				,"indsSclsNm" : "지물재단"				,"stdrDt" : "2015-12-17"				}				,{				"indsLclsCd" : "F"				,"indsLclsNm" : "생활서비스"				,"indsMclsCd" : "F13"				,"indsMclsNm" : "기타서비스업"				,"indsSclsCd" : "F13A11"				,"indsSclsNm" : "패션디자인"				,"stdrDt" : "2015-12-17"				}				,{				"indsLclsCd" : "F"				,"indsLclsNm" : "생활서비스"				,"indsMclsCd" : "F13"				,"indsMclsNm" : "기타서비스업"				,"indsSclsCd" : "F13A04"				,"indsSclsNm" : "패션쇼대행"				,"stdrDt" : "2015-12-17"				}				,{				"indsLclsCd" : "F"				,"indsLclsNm" : "생활서비스"				,"indsMclsCd" : "F13"				,"indsMclsNm" : "기타서비스업"				,"indsSclsCd" : "F13A06"				,"indsSclsNm" : "펜팔소개"				,"stdrDt" : "2015-12-17"				}				,{				"indsLclsCd" : "F"				,"indsLclsNm" : "생활서비스"				,"indsMclsCd" : "F13"				,"indsMclsNm" : "기타서비스업"				,"indsSclsCd" : "F13A05"				,"indsSclsNm" : "필체감정"				,"stdrDt" : "2015-12-17"				}			]	}}