{	"header" : {		"description" : "소상공인시장진흥공단 상권정보 업종소분류 코드"		,"columns" : ["상권업종대분류코드","상권업종대분류코드명","상권업종중분류코드","상권업종중분류코드명","상권업종소분류코드","상권업종소분류코드명","데이터기준일자"]		,"resultCode" : "00"		,"resultMsg" : "NORMAL SERVICE"	},	"body" : {			"items" : [				{				"indsLclsCd" : "F"				,"indsLclsNm" : "생활서비스"				,"indsMclsCd" : "F14"				,"indsMclsNm" : "자동차/이륜차"				,"indsSclsCd" : "F14A05"				,"indsSclsNm" : "광택전문"				,"stdrDt" : "2015-12-17"				}				,{				"indsLclsCd" : "F"				,"indsLclsNm" : "생활서비스"				,"indsMclsCd" : "F14"				,"indsMclsNm" : "자동차/이륜차"				,"indsSclsCd" : "F14A04"				,"indsSclsNm" : "세차장"				,"stdrDt" : "2015-12-17"				}				,{				"indsLclsCd" : "F"				,"indsLclsNm" : "생활서비스"				,"indsMclsCd" : "F14"				,"indsMclsNm" : "자동차/이륜차"				,"indsSclsCd" : "F14A03"				,"indsSclsNm" : "오토바이판매/수리"				,"stdrDt" : "2015-12-17"				}				,{				"indsLclsCd" : "F"				,"indsLclsNm" : "생활서비스"				,"indsMclsCd" : "F14"				,"indsMclsNm" : "자동차/이륜차"				,"indsSclsCd" : "F14A08"				,"indsSclsNm" : "자동차검사소"				,"stdrDt" : "2015-12-17"				}				,{				"indsLclsCd" : "F"				,"indsLclsNm" : "생활서비스"				,"indsMclsCd" : "F14"				,"indsMclsNm" : "자동차/이륜차"				,"indsSclsCd" : "F14A06"				,"indsSclsNm" : "자동차등록/검사/폐차대행"				,"stdrDt" : "2015-12-17"				}				,{				"indsLclsCd" : "F"				,"indsLclsNm" : "생활서비스"				,"indsMclsCd" : "F14"				,"indsMclsNm" : "자동차/이륜차"				,"indsSclsCd" : "F14A01"				,"indsSclsNm" : "자동차정비/카센타"				,"stdrDt" : "2015-12-17"				}				,{				"indsLclsCd" : "F"				,"indsLclsNm" : "생활서비스"				,"indsMclsCd" : "F14"				,"indsMclsNm" : "자동차/이륜차"				,"indsSclsCd" : "F14A02"				,"indsSclsNm" : "자전거판매/수리"				,"stdrDt" : "2015-12-17"				}				,{				"indsLclsCd" : "F"				,"indsLclsNm" : "생활서비스"				,"indsMclsCd" : "F14"				,"indsMclsNm" : "자동차/이륜차"				,"indsSclsCd" : "F14A07"				,"indsSclsNm" : "주차장운영"				,"stdrDt" : "2015-12-17"				}			]	}}