{	"header" : {		"description" : "소상공인시장진흥공단 상권정보 업종소분류 코드"		,"columns" : ["상권업종대분류코드","상권업종대분류코드명","상권업종중분류코드","상권업종중분류코드명","상권업종소분류코드","상권업종소분류코드명","데이터기준일자"]		,"resultCode" : "00"		,"resultMsg" : "NORMAL SERVICE"	},	"body" : {			"items" : [				{				"indsLclsCd" : "F"				,"indsLclsNm" : "생활서비스"				,"indsMclsCd" : "F15"				,"indsMclsNm" : "주택수리"				,"indsSclsCd" : "F15A05"				,"indsSclsNm" : "가스설비"				,"stdrDt" : "2015-12-17"				}				,{				"indsLclsCd" : "F"				,"indsLclsNm" : "생활서비스"				,"indsMclsCd" : "F15"				,"indsMclsNm" : "주택수리"				,"indsSclsCd" : "F15A02"				,"indsSclsNm" : "미장타일도배도장"				,"stdrDt" : "2015-12-17"				}				,{				"indsLclsCd" : "F"				,"indsLclsNm" : "생활서비스"				,"indsMclsCd" : "F15"				,"indsMclsNm" : "주택수리"				,"indsSclsCd" : "F15A03"				,"indsSclsNm" : "배관난방보일러"				,"stdrDt" : "2015-12-17"				}				,{				"indsLclsCd" : "F"				,"indsLclsNm" : "생활서비스"				,"indsMclsCd" : "F15"				,"indsMclsNm" : "주택수리"				,"indsSclsCd" : "F15A06"				,"indsSclsNm" : "수도설비"				,"stdrDt" : "2015-12-17"				}				,{				"indsLclsCd" : "F"				,"indsLclsNm" : "생활서비스"				,"indsMclsCd" : "F15"				,"indsMclsNm" : "주택수리"				,"indsSclsCd" : "F15A04"				,"indsSclsNm" : "유리창호"				,"stdrDt" : "2015-12-17"				}				,{				"indsLclsCd" : "F"				,"indsLclsNm" : "생활서비스"				,"indsMclsCd" : "F15"				,"indsMclsNm" : "주택수리"				,"indsSclsCd" : "F15A07"				,"indsSclsNm" : "조립칸막이/파티션"				,"stdrDt" : "2015-12-17"				}				,{				"indsLclsCd" : "F"				,"indsLclsNm" : "생활서비스"				,"indsMclsCd" : "F15"				,"indsMclsNm" : "주택수리"				,"indsSclsCd" : "F15A01"				,"indsSclsNm" : "주택수리종합"				,"stdrDt" : "2015-12-17"				}			]	}}