{	"header" : {		"description" : "소상공인시장진흥공단 상권정보 업종소분류 코드"		,"columns" : ["상권업종대분류코드","상권업종대분류코드명","상권업종중분류코드","상권업종중분류코드명","상권업종소분류코드","상권업종소분류코드명","데이터기준일자"]		,"resultCode" : "00"		,"resultMsg" : "NORMAL SERVICE"	},	"body" : {			"items" : [				{				"indsLclsCd" : "F"				,"indsLclsNm" : "생활서비스"				,"indsMclsCd" : "F16"				,"indsMclsNm" : "주유소/충전소"				,"indsSclsCd" : "F16A01"				,"indsSclsNm" : "주유소"				,"stdrDt" : "2015-12-17"				}				,{				"indsLclsCd" : "F"				,"indsLclsNm" : "생활서비스"				,"indsMclsCd" : "F16"				,"indsMclsNm" : "주유소/충전소"				,"indsSclsCd" : "F16A02"				,"indsSclsNm" : "차량가스충전소"				,"stdrDt" : "2015-12-17"				}				,{				"indsLclsCd" : "F"				,"indsLclsNm" : "생활서비스"				,"indsMclsCd" : "F16"				,"indsMclsNm" : "주유소/충전소"				,"indsSclsCd" : "F16A03"				,"indsSclsNm" : "차량연료소매-종합"				,"stdrDt" : "2015-12-17"				}			]	}}