{	"header" : {		"description" : "소상공인시장진흥공단 상권정보 업종소분류 코드"		,"columns" : ["상권업종대분류코드","상권업종대분류코드명","상권업종중분류코드","상권업종중분류코드명","상권업종소분류코드","상권업종소분류코드명","데이터기준일자"]		,"resultCode" : "00"		,"resultMsg" : "NORMAL SERVICE"	},	"body" : {			"items" : [				{				"indsLclsCd" : "F"				,"indsLclsNm" : "생활서비스"				,"indsMclsCd" : "F17"				,"indsMclsNm" : "예식/의례/관혼상제"				,"indsSclsCd" : "F17A05"				,"indsSclsNm" : "결혼상담소"				,"stdrDt" : "2015-12-17"				}				,{				"indsLclsCd" : "F"				,"indsLclsNm" : "생활서비스"				,"indsMclsCd" : "F17"				,"indsMclsNm" : "예식/의례/관혼상제"				,"indsSclsCd" : "F17A01"				,"indsSclsNm" : "예식장/예식서비스"				,"stdrDt" : "2015-12-17"				}				,{				"indsLclsCd" : "F"				,"indsLclsNm" : "생활서비스"				,"indsMclsCd" : "F17"				,"indsMclsNm" : "예식/의례/관혼상제"				,"indsSclsCd" : "F17A03"				,"indsSclsNm" : "제사음식"				,"stdrDt" : "2015-12-17"				}				,{				"indsLclsCd" : "F"				,"indsLclsNm" : "생활서비스"				,"indsMclsCd" : "F17"				,"indsMclsNm" : "예식/의례/관혼상제"				,"indsSclsCd" : "F17A04"				,"indsSclsNm" : "폐백전문"				,"stdrDt" : "2015-12-17"				}				,{				"indsLclsCd" : "F"				,"indsLclsNm" : "생활서비스"				,"indsMclsCd" : "F17"				,"indsMclsNm" : "예식/의례/관혼상제"				,"indsSclsCd" : "F17A02"				,"indsSclsNm" : "회갑연서비스"				,"stdrDt" : "2015-12-17"				}			]	}}