{	"header" : {		"description" : "소상공인시장진흥공단 상권정보 업종소분류 코드"		,"columns" : ["상권업종대분류코드","상권업종대분류코드명","상권업종중분류코드","상권업종중분류코드명","상권업종소분류코드","상권업종소분류코드명","데이터기준일자"]		,"resultCode" : "00"		,"resultMsg" : "NORMAL SERVICE"	},	"body" : {			"items" : [				{				"indsLclsCd" : "F"				,"indsLclsNm" : "생활서비스"				,"indsMclsCd" : "F18"				,"indsMclsNm" : "장례/묘지"				,"indsSclsCd" : "F18A02"				,"indsSclsNm" : "묘지관리-종합"				,"stdrDt" : "2015-12-17"				}				,{				"indsLclsCd" : "F"				,"indsLclsNm" : "생활서비스"				,"indsMclsCd" : "F18"				,"indsMclsNm" : "장례/묘지"				,"indsSclsCd" : "F18A01"				,"indsSclsNm" : "장의사/관련서비스-종합"				,"stdrDt" : "2015-12-17"				}			]	}}