{	"header" : {		"description" : "소상공인시장진흥공단 상권정보 업종소분류 코드"		,"columns" : ["상권업종대분류코드","상권업종대분류코드명","상권업종중분류코드","상권업종중분류코드명","상권업종소분류코드","상권업종소분류코드명","데이터기준일자"]		,"resultCode" : "00"		,"resultMsg" : "NORMAL SERVICE"	},	"body" : {			"items" : [				{				"indsLclsCd" : "F"				,"indsLclsNm" : "생활서비스"				,"indsMclsCd" : "F19"				,"indsMclsNm" : "법무세무회계"				,"indsSclsCd" : "F19B08"				,"indsSclsNm" : "공인노무사"				,"stdrDt" : "2015-12-17"				}				,{				"indsLclsCd" : "F"				,"indsLclsNm" : "생활서비스"				,"indsMclsCd" : "F19"				,"indsMclsNm" : "법무세무회계"				,"indsSclsCd" : "F19B07"				,"indsSclsNm" : "공인회계사"				,"stdrDt" : "2015-12-17"				}				,{				"indsLclsCd" : "F"				,"indsLclsNm" : "생활서비스"				,"indsMclsCd" : "F19"				,"indsMclsNm" : "법무세무회계"				,"indsSclsCd" : "F19B05"				,"indsSclsNm" : "공증인"				,"stdrDt" : "2015-12-17"				}				,{				"indsLclsCd" : "F"				,"indsLclsNm" : "생활서비스"				,"indsMclsCd" : "F19"				,"indsMclsNm" : "법무세무회계"				,"indsSclsCd" : "F19B10"				,"indsSclsNm" : "관세사"				,"stdrDt" : "2015-12-17"				}				,{				"indsLclsCd" : "F"				,"indsLclsNm" : "생활서비스"				,"indsMclsCd" : "F19"				,"indsMclsNm" : "법무세무회계"				,"indsSclsCd" : "F19B01"				,"indsSclsNm" : "법무관련서비스-종합"				,"stdrDt" : "2015-12-17"				}				,{				"indsLclsCd" : "F"				,"indsLclsNm" : "생활서비스"				,"indsMclsCd" : "F19"				,"indsMclsNm" : "법무세무회계"				,"indsSclsCd" : "F19B02"				,"indsSclsNm" : "법무사"				,"stdrDt" : "2015-12-17"				}				,{				"indsLclsCd" : "F"				,"indsLclsNm" : "생활서비스"				,"indsMclsCd" : "F19"				,"indsMclsNm" : "법무세무회계"				,"indsSclsCd" : "F19B12"				,"indsSclsNm" : "변리사"				,"stdrDt" : "2015-12-17"				}				,{				"indsLclsCd" : "F"				,"indsLclsNm" : "생활서비스"				,"indsMclsCd" : "F19"				,"indsMclsNm" : "법무세무회계"				,"indsSclsCd" : "F19B11"				,"indsSclsNm" : "변호사"				,"stdrDt" : "2015-12-17"				}				,{				"indsLclsCd" : "F"				,"indsLclsNm" : "생활서비스"				,"indsMclsCd" : "F19"				,"indsMclsNm" : "법무세무회계"				,"indsSclsCd" : "F19B03"				,"indsSclsNm" : "세무사"				,"stdrDt" : "2015-12-17"				}				,{				"indsLclsCd" : "F"				,"indsLclsNm" : "생활서비스"				,"indsMclsCd" : "F19"				,"indsMclsNm" : "법무세무회계"				,"indsSclsCd" : "F19B14"				,"indsSclsNm" : "속기사무소"				,"stdrDt" : "2015-12-17"				}				,{				"indsLclsCd" : "F"				,"indsLclsNm" : "생활서비스"				,"indsMclsCd" : "F19"				,"indsMclsNm" : "법무세무회계"				,"indsSclsCd" : "F19B13"				,"indsSclsNm" : "손해사정인"				,"stdrDt" : "2015-12-17"				}				,{				"indsLclsCd" : "F"				,"indsLclsNm" : "생활서비스"				,"indsMclsCd" : "F19"				,"indsMclsNm" : "법무세무회계"				,"indsSclsCd" : "F19B09"				,"indsSclsNm" : "행정서사"				,"stdrDt" : "2015-12-17"				}				,{				"indsLclsCd" : "F"				,"indsLclsNm" : "생활서비스"				,"indsMclsCd" : "F19"				,"indsMclsNm" : "법무세무회계"				,"indsSclsCd" : "F19B06"				,"indsSclsNm" : "회계관련서비스-종합"				,"stdrDt" : "2015-12-17"				}			]	}}