{	"header" : {		"description" : "소상공인시장진흥공단 상권정보 업종소분류 코드"		,"columns" : ["상권업종대분류코드","상권업종대분류코드명","상권업종중분류코드","상권업종중분류코드명","상권업종소분류코드","상권업종소분류코드명","데이터기준일자"]		,"resultCode" : "00"		,"resultMsg" : "NORMAL SERVICE"	},	"body" : {			"items" : [				{				"indsLclsCd" : "F"				,"indsLclsNm" : "생활서비스"				,"indsMclsCd" : "F20"				,"indsMclsNm" : "행사/이벤트"				,"indsSclsCd" : "F20A05"				,"indsSclsNm" : "연예인대리업"				,"stdrDt" : "2015-12-17"				}				,{				"indsLclsCd" : "F"				,"indsLclsNm" : "생활서비스"				,"indsMclsCd" : "F20"				,"indsMclsNm" : "행사/이벤트"				,"indsSclsCd" : "F20A04"				,"indsSclsNm" : "응원기획"				,"stdrDt" : "2015-12-17"				}				,{				"indsLclsCd" : "F"				,"indsLclsNm" : "생활서비스"				,"indsMclsCd" : "F20"				,"indsMclsNm" : "행사/이벤트"				,"indsSclsCd" : "F20A02"				,"indsSclsNm" : "이벤트기획"				,"stdrDt" : "2015-12-17"				}				,{				"indsLclsCd" : "F"				,"indsLclsNm" : "생활서비스"				,"indsMclsCd" : "F20"				,"indsMclsNm" : "행사/이벤트"				,"indsSclsCd" : "F20A01"				,"indsSclsNm" : "출장파티/연회대행"				,"stdrDt" : "2015-12-17"				}				,{				"indsLclsCd" : "F"				,"indsLclsNm" : "생활서비스"				,"indsMclsCd" : "F20"				,"indsMclsNm" : "행사/이벤트"				,"indsSclsCd" : "F20A03"				,"indsSclsNm" : "행사대행"				,"stdrDt" : "2015-12-17"				}			]	}}