{	"header" : {		"description" : "소상공인시장진흥공단 상권정보 업종중분류 코드"		,"columns" : ["상권업종대분류코드","상권업종대분류코드명","상권업종중분류코드","상권업종중분류코드명","데이터기준일자"]		,"resultCode" : "00"		,"resultMsg" : "NORMAL SERVICE"	},	"body" : {			"items" : [				{				"indsLclsCd" : "G"				,"indsLclsNm" : "교통/운송"				,"indsMclsCd" : "G14"				,"indsMclsNm" : "관광서비스"				,"stdrDt" : "2015-12-17"				}				,{				"indsLclsCd" : "G"				,"indsLclsNm" : "교통/운송"				,"indsMclsCd" : "G02"				,"indsMclsNm" : "버스운송"				,"stdrDt" : "2015-12-17"				}				,{				"indsLclsCd" : "G"				,"indsLclsNm" : "교통/운송"				,"indsMclsCd" : "G06"				,"indsMclsNm" : "선박/해운"				,"stdrDt" : "2015-12-17"				}				,{				"indsLclsCd" : "G"				,"indsLclsNm" : "교통/운송"				,"indsMclsCd" : "G09"				,"indsMclsNm" : "역/터미널/자동차시설"				,"stdrDt" : "2015-12-17"				}				,{				"indsLclsCd" : "G"				,"indsLclsNm" : "교통/운송"				,"indsMclsCd" : "G12"				,"indsMclsNm" : "운송중개/대행서비스"				,"stdrDt" : "2015-12-17"				}				,{				"indsLclsCd" : "G"				,"indsLclsNm" : "교통/운송"				,"indsMclsCd" : "G04"				,"indsMclsNm" : "자동차/이륜차"				,"stdrDt" : "2015-12-17"				}				,{				"indsLclsCd" : "G"				,"indsLclsNm" : "교통/운송"				,"indsMclsCd" : "G01"				,"indsMclsNm" : "철도운송"				,"stdrDt" : "2015-12-17"				}				,{				"indsLclsCd" : "G"				,"indsLclsNm" : "교통/운송"				,"indsMclsCd" : "G03"				,"indsMclsNm" : "택시운송"				,"stdrDt" : "2015-12-17"				}				,{				"indsLclsCd" : "G"				,"indsLclsNm" : "교통/운송"				,"indsMclsCd" : "G07"				,"indsMclsNm" : "항공"				,"stdrDt" : "2015-12-17"				}				,{				"indsLclsCd" : "G"				,"indsLclsNm" : "교통/운송"				,"indsMclsCd" : "G10"				,"indsMclsNm" : "항구/선박시설"				,"stdrDt" : "2015-12-17"				}				,{				"indsLclsCd" : "G"				,"indsLclsNm" : "교통/운송"				,"indsMclsCd" : "G05"				,"indsMclsNm" : "화물운송"				,"stdrDt" : "2015-12-17"				}				,{				"indsLclsCd" : "G"				,"indsLclsNm" : "교통/운송"				,"indsMclsCd" : "G08"				,"indsMclsNm" : "화물취급/보관창고"				,"stdrDt" : "2015-12-17"				}			]	}}