{	"header" : {		"description" : "소상공인시장진흥공단 상권정보 업종소분류 코드"		,"columns" : ["상권업종대분류코드","상권업종대분류코드명","상권업종중분류코드","상권업종중분류코드명","상권업종소분류코드","상권업종소분류코드명","데이터기준일자"]		,"resultCode" : "00"		,"resultMsg" : "NORMAL SERVICE"	},	"body" : {			"items" : [				{				"indsLclsCd" : "G"				,"indsLclsNm" : "교통/운송"				,"indsMclsCd" : "G01"				,"indsMclsNm" : "철도운송"				,"indsSclsCd" : "G01B02"				,"indsSclsNm" : "구역내철도운송-기타"				,"stdrDt" : "2015-12-17"				}				,{				"indsLclsCd" : "G"				,"indsLclsNm" : "교통/운송"				,"indsMclsCd" : "G01"				,"indsMclsNm" : "철도운송"				,"indsSclsCd" : "G01B00"				,"indsSclsNm" : "구역내철도운송-종합"				,"stdrDt" : "2015-12-17"				}				,{				"indsLclsCd" : "G"				,"indsLclsNm" : "교통/운송"				,"indsMclsCd" : "G01"				,"indsMclsNm" : "철도운송"				,"indsSclsCd" : "G01A00"				,"indsSclsNm" : "도시간철도운송"				,"stdrDt" : "2015-12-17"				}				,{				"indsLclsCd" : "G"				,"indsLclsNm" : "교통/운송"				,"indsMclsCd" : "G01"				,"indsMclsNm" : "철도운송"				,"indsSclsCd" : "G01B01"				,"indsSclsNm" : "지하철"				,"stdrDt" : "2015-12-17"				}			]	}}