{	"header" : {		"description" : "소상공인시장진흥공단 상권정보 업종소분류 코드"		,"columns" : ["상권업종대분류코드","상권업종대분류코드명","상권업종중분류코드","상권업종중분류코드명","상권업종소분류코드","상권업종소분류코드명","데이터기준일자"]		,"resultCode" : "00"		,"resultMsg" : "NORMAL SERVICE"	},	"body" : {			"items" : [				{				"indsLclsCd" : "G"				,"indsLclsNm" : "교통/운송"				,"indsMclsCd" : "G02"				,"indsMclsNm" : "버스운송"				,"indsSclsCd" : "G02A02"				,"indsSclsNm" : "고속버스"				,"stdrDt" : "2015-12-17"				}				,{				"indsLclsCd" : "G"				,"indsLclsNm" : "교통/운송"				,"indsMclsCd" : "G02"				,"indsMclsNm" : "버스운송"				,"indsSclsCd" : "G02B02"				,"indsSclsNm" : "공항버스"				,"stdrDt" : "2015-12-17"				}				,{				"indsLclsCd" : "G"				,"indsLclsNm" : "교통/운송"				,"indsMclsCd" : "G02"				,"indsMclsNm" : "버스운송"				,"indsSclsCd" : "G02C03"				,"indsSclsNm" : "기타비노선여객육상운송"				,"stdrDt" : "2015-12-17"				}				,{				"indsLclsCd" : "G"				,"indsLclsNm" : "교통/운송"				,"indsMclsCd" : "G02"				,"indsMclsNm" : "버스운송"				,"indsSclsCd" : "G02B03"				,"indsSclsNm" : "마을버스"				,"stdrDt" : "2015-12-17"				}				,{				"indsLclsCd" : "G"				,"indsLclsNm" : "교통/운송"				,"indsMclsCd" : "G02"				,"indsMclsNm" : "버스운송"				,"indsSclsCd" : "G02B01"				,"indsSclsNm" : "시내버스"				,"stdrDt" : "2015-12-17"				}				,{				"indsLclsCd" : "G"				,"indsLclsNm" : "교통/운송"				,"indsMclsCd" : "G02"				,"indsMclsNm" : "버스운송"				,"indsSclsCd" : "G02B99"				,"indsSclsNm" : "시내버스운송-기타"				,"stdrDt" : "2015-12-17"				}				,{				"indsLclsCd" : "G"				,"indsLclsNm" : "교통/운송"				,"indsMclsCd" : "G02"				,"indsMclsNm" : "버스운송"				,"indsSclsCd" : "G02B00"				,"indsSclsNm" : "시내버스운송-종합"				,"stdrDt" : "2015-12-17"				}				,{				"indsLclsCd" : "G"				,"indsLclsNm" : "교통/운송"				,"indsMclsCd" : "G02"				,"indsMclsNm" : "버스운송"				,"indsSclsCd" : "G02A01"				,"indsSclsNm" : "시외버스"				,"stdrDt" : "2015-12-17"				}				,{				"indsLclsCd" : "G"				,"indsLclsNm" : "교통/운송"				,"indsMclsCd" : "G02"				,"indsMclsNm" : "버스운송"				,"indsSclsCd" : "G02A99"				,"indsSclsNm" : "시외버스운송-기타"				,"stdrDt" : "2015-12-17"				}				,{				"indsLclsCd" : "G"				,"indsLclsNm" : "교통/운송"				,"indsMclsCd" : "G02"				,"indsMclsNm" : "버스운송"				,"indsSclsCd" : "G02A00"				,"indsSclsNm" : "시외버스운송-종합"				,"stdrDt" : "2015-12-17"				}				,{				"indsLclsCd" : "G"				,"indsLclsNm" : "교통/운송"				,"indsMclsCd" : "G02"				,"indsMclsNm" : "버스운송"				,"indsSclsCd" : "G02A03"				,"indsSclsNm" : "직행버스"				,"stdrDt" : "2015-12-17"				}				,{				"indsLclsCd" : "G"				,"indsLclsNm" : "교통/운송"				,"indsMclsCd" : "G02"				,"indsMclsNm" : "버스운송"				,"indsSclsCd" : "G02C01"				,"indsSclsNm" : "케이블카운영"				,"stdrDt" : "2015-12-17"				}				,{				"indsLclsCd" : "G"				,"indsLclsNm" : "교통/운송"				,"indsMclsCd" : "G02"				,"indsMclsNm" : "버스운송"				,"indsSclsCd" : "G02C02"				,"indsSclsNm" : "학교버스운영대행"				,"stdrDt" : "2015-12-17"				}			]	}}