{	"header" : {		"description" : "소상공인시장진흥공단 상권정보 업종소분류 코드"		,"columns" : ["상권업종대분류코드","상권업종대분류코드명","상권업종중분류코드","상권업종중분류코드명","상권업종소분류코드","상권업종소분류코드명","데이터기준일자"]		,"resultCode" : "00"		,"resultMsg" : "NORMAL SERVICE"	},	"body" : {			"items" : [				{				"indsLclsCd" : "G"				,"indsLclsNm" : "교통/운송"				,"indsMclsCd" : "G03"				,"indsMclsNm" : "택시운송"				,"indsSclsCd" : "G03A05"				,"indsSclsNm" : "대형택시"				,"stdrDt" : "2015-12-17"				}				,{				"indsLclsCd" : "G"				,"indsLclsNm" : "교통/운송"				,"indsMclsCd" : "G03"				,"indsMclsNm" : "택시운송"				,"indsSclsCd" : "G03A04"				,"indsSclsNm" : "콜밴"				,"stdrDt" : "2015-12-17"				}				,{				"indsLclsCd" : "G"				,"indsLclsNm" : "교통/운송"				,"indsMclsCd" : "G03"				,"indsMclsNm" : "택시운송"				,"indsSclsCd" : "G03A03"				,"indsSclsNm" : "콜택시-모범"				,"stdrDt" : "2015-12-17"				}				,{				"indsLclsCd" : "G"				,"indsLclsNm" : "교통/운송"				,"indsMclsCd" : "G03"				,"indsMclsNm" : "택시운송"				,"indsSclsCd" : "G03A02"				,"indsSclsNm" : "콜택시-일반"				,"stdrDt" : "2015-12-17"				}				,{				"indsLclsCd" : "G"				,"indsLclsNm" : "교통/운송"				,"indsMclsCd" : "G03"				,"indsMclsNm" : "택시운송"				,"indsSclsCd" : "G03A99"				,"indsSclsNm" : "택시운송-기타"				,"stdrDt" : "2015-12-17"				}				,{				"indsLclsCd" : "G"				,"indsLclsNm" : "교통/운송"				,"indsMclsCd" : "G03"				,"indsMclsNm" : "택시운송"				,"indsSclsCd" : "G03A00"				,"indsSclsNm" : "택시운송-종합"				,"stdrDt" : "2015-12-17"				}				,{				"indsLclsCd" : "G"				,"indsLclsNm" : "교통/운송"				,"indsMclsCd" : "G03"				,"indsMclsNm" : "택시운송"				,"indsSclsCd" : "G03A01"				,"indsSclsNm" : "택시회사"				,"stdrDt" : "2015-12-17"				}			]	}}