{	"header" : {		"description" : "소상공인시장진흥공단 상권정보 업종소분류 코드"		,"columns" : ["상권업종대분류코드","상권업종대분류코드명","상권업종중분류코드","상권업종중분류코드명","상권업종소분류코드","상권업종소분류코드명","데이터기준일자"]		,"resultCode" : "00"		,"resultMsg" : "NORMAL SERVICE"	},	"body" : {			"items" : [				{				"indsLclsCd" : "G"				,"indsLclsNm" : "교통/운송"				,"indsMclsCd" : "G04"				,"indsMclsNm" : "자동차/이륜차"				,"indsSclsCd" : "G04B01"				,"indsSclsNm" : "버스임대"				,"stdrDt" : "2015-12-17"				}				,{				"indsLclsCd" : "G"				,"indsLclsNm" : "교통/운송"				,"indsMclsCd" : "G04"				,"indsMclsNm" : "자동차/이륜차"				,"indsSclsCd" : "G04B02"				,"indsSclsNm" : "자동차구난/견인운송"				,"stdrDt" : "2015-12-17"				}				,{				"indsLclsCd" : "G"				,"indsLclsNm" : "교통/운송"				,"indsMclsCd" : "G04"				,"indsMclsNm" : "자동차/이륜차"				,"indsSclsCd" : "G04B03"				,"indsSclsNm" : "장의차량"				,"stdrDt" : "2015-12-17"				}			]	}}