{	"header" : {		"description" : "소상공인시장진흥공단 상권정보 업종소분류 코드"		,"columns" : ["상권업종대분류코드","상권업종대분류코드명","상권업종중분류코드","상권업종중분류코드명","상권업종소분류코드","상권업종소분류코드명","데이터기준일자"]		,"resultCode" : "00"		,"resultMsg" : "NORMAL SERVICE"	},	"body" : {			"items" : [				{				"indsLclsCd" : "G"				,"indsLclsNm" : "교통/운송"				,"indsMclsCd" : "G05"				,"indsMclsNm" : "화물운송"				,"indsSclsCd" : "G05F02"				,"indsSclsNm" : "가스운송"				,"stdrDt" : "2015-12-17"				}				,{				"indsLclsCd" : "G"				,"indsLclsNm" : "교통/운송"				,"indsMclsCd" : "G05"				,"indsMclsNm" : "화물운송"				,"indsSclsCd" : "G05E00"				,"indsSclsNm" : "기타도로화물운송"				,"stdrDt" : "2015-12-17"				}				,{				"indsLclsCd" : "G"				,"indsLclsNm" : "교통/운송"				,"indsMclsCd" : "G05"				,"indsMclsNm" : "화물운송"				,"indsSclsCd" : "G05B05"				,"indsSclsNm" : "냉동차운송"				,"stdrDt" : "2015-12-17"				}				,{				"indsLclsCd" : "G"				,"indsLclsNm" : "교통/운송"				,"indsMclsCd" : "G05"				,"indsMclsNm" : "화물운송"				,"indsSclsCd" : "G05B03"				,"indsSclsNm" : "덤프트럭화물운송"				,"stdrDt" : "2015-12-17"				}				,{				"indsLclsCd" : "G"				,"indsLclsNm" : "교통/운송"				,"indsMclsCd" : "G05"				,"indsMclsNm" : "화물운송"				,"indsSclsCd" : "G05F04"				,"indsSclsNm" : "액체운송"				,"stdrDt" : "2015-12-17"				}				,{				"indsLclsCd" : "G"				,"indsLclsNm" : "교통/운송"				,"indsMclsCd" : "G05"				,"indsMclsNm" : "화물운송"				,"indsSclsCd" : "G05F03"				,"indsSclsNm" : "연료운송"				,"stdrDt" : "2015-12-17"				}				,{				"indsLclsCd" : "G"				,"indsLclsNm" : "교통/운송"				,"indsMclsCd" : "G05"				,"indsMclsNm" : "화물운송"				,"indsSclsCd" : "G05C99"				,"indsSclsNm" : "일반화물자동차운송-기타"				,"stdrDt" : "2015-12-17"				}				,{				"indsLclsCd" : "G"				,"indsLclsNm" : "교통/운송"				,"indsMclsCd" : "G05"				,"indsMclsNm" : "화물운송"				,"indsSclsCd" : "G05C00"				,"indsSclsNm" : "일반화물자동차운송-종합"				,"stdrDt" : "2015-12-17"				}				,{				"indsLclsCd" : "G"				,"indsLclsNm" : "교통/운송"				,"indsMclsCd" : "G05"				,"indsMclsNm" : "화물운송"				,"indsSclsCd" : "G05A99"				,"indsSclsNm" : "정기노선도로화물운송-기타"				,"stdrDt" : "2015-12-17"				}				,{				"indsLclsCd" : "G"				,"indsLclsNm" : "교통/운송"				,"indsMclsCd" : "G05"				,"indsMclsNm" : "화물운송"				,"indsSclsCd" : "G05A00"				,"indsSclsNm" : "정기노선도로화물운송-종합"				,"stdrDt" : "2015-12-17"				}				,{				"indsLclsCd" : "G"				,"indsLclsNm" : "교통/운송"				,"indsMclsCd" : "G05"				,"indsMclsNm" : "화물운송"				,"indsSclsCd" : "G05B06"				,"indsSclsNm" : "중장비운송"				,"stdrDt" : "2015-12-17"				}				,{				"indsLclsCd" : "G"				,"indsLclsNm" : "교통/운송"				,"indsMclsCd" : "G05"				,"indsMclsNm" : "화물운송"				,"indsSclsCd" : "G05B07"				,"indsSclsNm" : "차량운송"				,"stdrDt" : "2015-12-17"				}				,{				"indsLclsCd" : "G"				,"indsLclsNm" : "교통/운송"				,"indsMclsCd" : "G05"				,"indsMclsNm" : "화물운송"				,"indsSclsCd" : "G05B01"				,"indsSclsNm" : "컨테이너화물운송"				,"stdrDt" : "2015-12-17"				}				,{				"indsLclsCd" : "G"				,"indsLclsNm" : "교통/운송"				,"indsMclsCd" : "G05"				,"indsMclsNm" : "화물운송"				,"indsSclsCd" : "G05B02"				,"indsSclsNm" : "탱크로리운송"				,"stdrDt" : "2015-12-17"				}				,{				"indsLclsCd" : "G"				,"indsLclsNm" : "교통/운송"				,"indsMclsCd" : "G05"				,"indsMclsNm" : "화물운송"				,"indsSclsCd" : "G05B99"				,"indsSclsNm" : "특수화물자동차운송-기타"				,"stdrDt" : "2015-12-17"				}				,{				"indsLclsCd" : "G"				,"indsLclsNm" : "교통/운송"				,"indsMclsCd" : "G05"				,"indsMclsNm" : "화물운송"				,"indsSclsCd" : "G05B00"				,"indsSclsNm" : "특수화물자동차운송-종합"				,"stdrDt" : "2015-12-17"				}				,{				"indsLclsCd" : "G"				,"indsLclsNm" : "교통/운송"				,"indsMclsCd" : "G05"				,"indsMclsNm" : "화물운송"				,"indsSclsCd" : "G05F99"				,"indsSclsNm" : "파이프라인운송-기타"				,"stdrDt" : "2015-12-17"				}				,{				"indsLclsCd" : "G"				,"indsLclsNm" : "교통/운송"				,"indsMclsCd" : "G05"				,"indsMclsNm" : "화물운송"				,"indsSclsCd" : "G05F00"				,"indsSclsNm" : "파이프라인운송-종합"				,"stdrDt" : "2015-12-17"				}				,{				"indsLclsCd" : "G"				,"indsLclsNm" : "교통/운송"				,"indsMclsCd" : "G05"				,"indsMclsNm" : "화물운송"				,"indsSclsCd" : "G05F01"				,"indsSclsNm" : "파이프라인유지관리"				,"stdrDt" : "2015-12-17"				}				,{				"indsLclsCd" : "G"				,"indsLclsNm" : "교통/운송"				,"indsMclsCd" : "G05"				,"indsMclsNm" : "화물운송"				,"indsSclsCd" : "G05C04"				,"indsSclsNm" : "화물운송-고속"				,"stdrDt" : "2015-12-17"				}				,{				"indsLclsCd" : "G"				,"indsLclsNm" : "교통/운송"				,"indsMclsCd" : "G05"				,"indsMclsNm" : "화물운송"				,"indsSclsCd" : "G05C02"				,"indsSclsNm" : "화물운송-구역"				,"stdrDt" : "2015-12-17"				}				,{				"indsLclsCd" : "G"				,"indsLclsNm" : "교통/운송"				,"indsMclsCd" : "G05"				,"indsMclsNm" : "화물운송"				,"indsSclsCd" : "G05C05"				,"indsSclsNm" : "화물운송-수출"				,"stdrDt" : "2015-12-17"				}				,{				"indsLclsCd" : "G"				,"indsLclsNm" : "교통/운송"				,"indsMclsCd" : "G05"				,"indsMclsNm" : "화물운송"				,"indsSclsCd" : "G05C01"				,"indsSclsNm" : "화물운송-전국"				,"stdrDt" : "2015-12-17"				}				,{				"indsLclsCd" : "G"				,"indsLclsNm" : "교통/운송"				,"indsMclsCd" : "G05"				,"indsMclsNm" : "화물운송"				,"indsSclsCd" : "G05A01"				,"indsSclsNm" : "화물운송-정기"				,"stdrDt" : "2015-12-17"				}			]	}}