{	"header" : {		"description" : "소상공인시장진흥공단 상권정보 업종소분류 코드"		,"columns" : ["상권업종대분류코드","상권업종대분류코드명","상권업종중분류코드","상권업종중분류코드명","상권업종소분류코드","상권업종소분류코드명","데이터기준일자"]		,"resultCode" : "00"		,"resultMsg" : "NORMAL SERVICE"	},	"body" : {			"items" : [				{				"indsLclsCd" : "G"				,"indsLclsNm" : "교통/운송"				,"indsMclsCd" : "G06"				,"indsMclsNm" : "선박/해운"				,"indsSclsCd" : "G06E01"				,"indsSclsNm" : "관광선"				,"stdrDt" : "2015-12-17"				}				,{				"indsLclsCd" : "G"				,"indsLclsNm" : "교통/운송"				,"indsMclsCd" : "G06"				,"indsMclsNm" : "선박/해운"				,"indsSclsCd" : "G06B01"				,"indsSclsNm" : "국내선박화물운송"				,"stdrDt" : "2015-12-17"				}				,{				"indsLclsCd" : "G"				,"indsLclsNm" : "교통/운송"				,"indsMclsCd" : "G06"				,"indsMclsNm" : "선박/해운"				,"indsSclsCd" : "G06A01"				,"indsSclsNm" : "국내여객선"				,"stdrDt" : "2015-12-17"				}				,{				"indsLclsCd" : "G"				,"indsLclsNm" : "교통/운송"				,"indsMclsCd" : "G06"				,"indsMclsNm" : "선박/해운"				,"indsSclsCd" : "G06D02"				,"indsSclsNm" : "국제냉장/냉동선박운영"				,"stdrDt" : "2015-12-17"				}				,{				"indsLclsCd" : "G"				,"indsLclsNm" : "교통/운송"				,"indsMclsCd" : "G06"				,"indsMclsNm" : "선박/해운"				,"indsSclsCd" : "G06C01"				,"indsSclsNm" : "국제여객선"				,"stdrDt" : "2015-12-17"				}				,{				"indsLclsCd" : "G"				,"indsLclsNm" : "교통/운송"				,"indsMclsCd" : "G06"				,"indsMclsNm" : "선박/해운"				,"indsSclsCd" : "G06D01"				,"indsSclsNm" : "국제컨테이너선박운영"				,"stdrDt" : "2015-12-17"				}				,{				"indsLclsCd" : "G"				,"indsLclsNm" : "교통/운송"				,"indsMclsCd" : "G06"				,"indsMclsNm" : "선박/해운"				,"indsSclsCd" : "G06D03"				,"indsSclsNm" : "국제해운"				,"stdrDt" : "2015-12-17"				}				,{				"indsLclsCd" : "G"				,"indsLclsNm" : "교통/운송"				,"indsMclsCd" : "G06"				,"indsMclsNm" : "선박/해운"				,"indsSclsCd" : "G06D99"				,"indsSclsNm" : "국제화물운송-기타"				,"stdrDt" : "2015-12-17"				}				,{				"indsLclsCd" : "G"				,"indsLclsNm" : "교통/운송"				,"indsMclsCd" : "G06"				,"indsMclsNm" : "선박/해운"				,"indsSclsCd" : "G06D00"				,"indsSclsNm" : "국제화물운송-종합"				,"stdrDt" : "2015-12-17"				}				,{				"indsLclsCd" : "G"				,"indsLclsNm" : "교통/운송"				,"indsMclsCd" : "G06"				,"indsMclsNm" : "선박/해운"				,"indsSclsCd" : "G06G03"				,"indsSclsNm" : "내륙수상예인선"				,"stdrDt" : "2015-12-17"				}				,{				"indsLclsCd" : "G"				,"indsLclsNm" : "교통/운송"				,"indsMclsCd" : "G06"				,"indsMclsNm" : "선박/해운"				,"indsSclsCd" : "G06G04"				,"indsSclsNm" : "내륙유람선"				,"stdrDt" : "2015-12-17"				}				,{				"indsLclsCd" : "G"				,"indsLclsNm" : "교통/운송"				,"indsMclsCd" : "G06"				,"indsMclsNm" : "선박/해운"				,"indsSclsCd" : "G06F01"				,"indsSclsNm" : "내륙화물선"				,"stdrDt" : "2015-12-17"				}				,{				"indsLclsCd" : "G"				,"indsLclsNm" : "교통/운송"				,"indsMclsCd" : "G06"				,"indsMclsNm" : "선박/해운"				,"indsSclsCd" : "G06J00"				,"indsSclsNm" : "선박구난"				,"stdrDt" : "2015-12-17"				}				,{				"indsLclsCd" : "G"				,"indsLclsNm" : "교통/운송"				,"indsMclsCd" : "G06"				,"indsMclsNm" : "선박/해운"				,"indsSclsCd" : "G06K02"				,"indsSclsNm" : "선박급수"				,"stdrDt" : "2015-12-17"				}				,{				"indsLclsCd" : "G"				,"indsLclsNm" : "교통/운송"				,"indsMclsCd" : "G06"				,"indsMclsNm" : "선박/해운"				,"indsSclsCd" : "G06I00"				,"indsSclsNm" : "선박청소"				,"stdrDt" : "2015-12-17"				}				,{				"indsLclsCd" : "G"				,"indsLclsNm" : "교통/운송"				,"indsMclsCd" : "G06"				,"indsMclsNm" : "선박/해운"				,"indsSclsCd" : "G06H00"				,"indsSclsNm" : "수로안내"				,"stdrDt" : "2015-12-17"				}				,{				"indsLclsCd" : "G"				,"indsLclsNm" : "교통/운송"				,"indsMclsCd" : "G06"				,"indsMclsNm" : "선박/해운"				,"indsSclsCd" : "G06G01"				,"indsSclsNm" : "예인선"				,"stdrDt" : "2015-12-17"				}				,{				"indsLclsCd" : "G"				,"indsLclsNm" : "교통/운송"				,"indsMclsCd" : "G06"				,"indsMclsNm" : "선박/해운"				,"indsSclsCd" : "G06K01"				,"indsSclsNm" : "해상급유"				,"stdrDt" : "2015-12-17"				}				,{				"indsLclsCd" : "G"				,"indsLclsNm" : "교통/운송"				,"indsMclsCd" : "G06"				,"indsMclsNm" : "선박/해운"				,"indsSclsCd" : "G06G02"				,"indsSclsNm" : "해상유람선"				,"stdrDt" : "2015-12-17"				}			]	}}