{	"header" : {		"description" : "소상공인시장진흥공단 상권정보 업종소분류 코드"		,"columns" : ["상권업종대분류코드","상권업종대분류코드명","상권업종중분류코드","상권업종중분류코드명","상권업종소분류코드","상권업종소분류코드명","데이터기준일자"]		,"resultCode" : "00"		,"resultMsg" : "NORMAL SERVICE"	},	"body" : {			"items" : [				{				"indsLclsCd" : "G"				,"indsLclsNm" : "교통/운송"				,"indsMclsCd" : "G07"				,"indsMclsNm" : "항공"				,"indsSclsCd" : "G07E03"				,"indsSclsNm" : "공항지상서비스"				,"stdrDt" : "2015-12-17"				}				,{				"indsLclsCd" : "G"				,"indsLclsNm" : "교통/운송"				,"indsMclsCd" : "G07"				,"indsMclsNm" : "항공"				,"indsSclsCd" : "G07C01"				,"indsSclsNm" : "공항터미널운영"				,"stdrDt" : "2015-12-17"				}				,{				"indsLclsCd" : "G"				,"indsLclsNm" : "교통/운송"				,"indsMclsCd" : "G07"				,"indsMclsNm" : "항공"				,"indsSclsCd" : "G07E02"				,"indsSclsNm" : "관제탑운영"				,"stdrDt" : "2015-12-17"				}				,{				"indsLclsCd" : "G"				,"indsLclsNm" : "교통/운송"				,"indsMclsCd" : "G07"				,"indsMclsNm" : "항공"				,"indsSclsCd" : "G07B01"				,"indsSclsNm" : "부정기항공여객운송"				,"stdrDt" : "2015-12-17"				}				,{				"indsLclsCd" : "G"				,"indsLclsNm" : "교통/운송"				,"indsMclsCd" : "G07"				,"indsMclsNm" : "항공"				,"indsSclsCd" : "G07B99"				,"indsSclsNm" : "부정기항공운송-기타"				,"stdrDt" : "2015-12-17"				}				,{				"indsLclsCd" : "G"				,"indsLclsNm" : "교통/운송"				,"indsMclsCd" : "G07"				,"indsMclsNm" : "항공"				,"indsSclsCd" : "G07B00"				,"indsSclsNm" : "부정기항공운송-종합"				,"stdrDt" : "2015-12-17"				}				,{				"indsLclsCd" : "G"				,"indsLclsNm" : "교통/운송"				,"indsMclsCd" : "G07"				,"indsMclsNm" : "항공"				,"indsSclsCd" : "G07B02"				,"indsSclsNm" : "부정기항공화물운송"				,"stdrDt" : "2015-12-17"				}				,{				"indsLclsCd" : "G"				,"indsLclsNm" : "교통/운송"				,"indsMclsCd" : "G07"				,"indsMclsNm" : "항공"				,"indsSclsCd" : "G07E01"				,"indsSclsNm" : "비행관제서비스"				,"stdrDt" : "2015-12-17"				}				,{				"indsLclsCd" : "G"				,"indsLclsNm" : "교통/운송"				,"indsMclsCd" : "G07"				,"indsMclsNm" : "항공"				,"indsSclsCd" : "G07A99"				,"indsSclsNm" : "정기항공운송-기타"				,"stdrDt" : "2015-12-17"				}				,{				"indsLclsCd" : "G"				,"indsLclsNm" : "교통/운송"				,"indsMclsCd" : "G07"				,"indsMclsNm" : "항공"				,"indsSclsCd" : "G07A00"				,"indsSclsNm" : "정기항공운송-종합"				,"stdrDt" : "2015-12-17"				}				,{				"indsLclsCd" : "G"				,"indsLclsNm" : "교통/운송"				,"indsMclsCd" : "G07"				,"indsMclsNm" : "항공"				,"indsSclsCd" : "G07D01"				,"indsSclsNm" : "항공기정비"				,"stdrDt" : "2015-12-17"				}				,{				"indsLclsCd" : "G"				,"indsLclsNm" : "교통/운송"				,"indsMclsCd" : "G07"				,"indsMclsNm" : "항공"				,"indsSclsCd" : "G07D99"				,"indsSclsNm" : "항공기지상관리-기타"				,"stdrDt" : "2015-12-17"				}				,{				"indsLclsCd" : "G"				,"indsLclsNm" : "교통/운송"				,"indsMclsCd" : "G07"				,"indsMclsNm" : "항공"				,"indsSclsCd" : "G07D00"				,"indsSclsNm" : "항공기지상관리-종합"				,"stdrDt" : "2015-12-17"				}				,{				"indsLclsCd" : "G"				,"indsLclsNm" : "교통/운송"				,"indsMclsCd" : "G07"				,"indsMclsNm" : "항공"				,"indsSclsCd" : "G07D02"				,"indsSclsNm" : "항공기청소"				,"stdrDt" : "2015-12-17"				}				,{				"indsLclsCd" : "G"				,"indsLclsNm" : "교통/운송"				,"indsMclsCd" : "G07"				,"indsMclsNm" : "항공"				,"indsSclsCd" : "G07A01"				,"indsSclsNm" : "항공사"				,"stdrDt" : "2015-12-17"				}				,{				"indsLclsCd" : "G"				,"indsLclsNm" : "교통/운송"				,"indsMclsCd" : "G07"				,"indsMclsNm" : "항공"				,"indsSclsCd" : "G07C99"				,"indsSclsNm" : "항공터미널시설운영-기타"				,"stdrDt" : "2015-12-17"				}				,{				"indsLclsCd" : "G"				,"indsLclsNm" : "교통/운송"				,"indsMclsCd" : "G07"				,"indsMclsNm" : "항공"				,"indsSclsCd" : "G07C00"				,"indsSclsNm" : "항공터미널시설운영-종합"				,"stdrDt" : "2015-12-17"				}				,{				"indsLclsCd" : "G"				,"indsLclsNm" : "교통/운송"				,"indsMclsCd" : "G07"				,"indsMclsNm" : "항공"				,"indsSclsCd" : "G07A02"				,"indsSclsNm" : "항공화물-국내"				,"stdrDt" : "2015-12-17"				}				,{				"indsLclsCd" : "G"				,"indsLclsNm" : "교통/운송"				,"indsMclsCd" : "G07"				,"indsMclsNm" : "항공"				,"indsSclsCd" : "G07A03"				,"indsSclsNm" : "항공화물-국제"				,"stdrDt" : "2015-12-17"				}			]	}}