{	"header" : {		"description" : "소상공인시장진흥공단 상권정보 업종소분류 코드"		,"columns" : ["상권업종대분류코드","상권업종대분류코드명","상권업종중분류코드","상권업종중분류코드명","상권업종소분류코드","상권업종소분류코드명","데이터기준일자"]		,"resultCode" : "00"		,"resultMsg" : "NORMAL SERVICE"	},	"body" : {			"items" : [				{				"indsLclsCd" : "G"				,"indsLclsNm" : "교통/운송"				,"indsMclsCd" : "G08"				,"indsMclsNm" : "화물취급/보관창고"				,"indsSclsCd" : "G08F01"				,"indsSclsNm" : "가스성화물보관소"				,"stdrDt" : "2015-12-17"				}				,{				"indsLclsCd" : "G"				,"indsLclsNm" : "교통/운송"				,"indsMclsCd" : "G08"				,"indsMclsNm" : "화물취급/보관창고"				,"indsSclsCd" : "G08G01"				,"indsSclsNm" : "곡물창고"				,"stdrDt" : "2015-12-17"				}				,{				"indsLclsCd" : "G"				,"indsLclsNm" : "교통/운송"				,"indsMclsCd" : "G08"				,"indsMclsNm" : "화물취급/보관창고"				,"indsSclsCd" : "G08G02"				,"indsSclsNm" : "과일창고"				,"stdrDt" : "2015-12-17"				}				,{				"indsLclsCd" : "G"				,"indsLclsNm" : "교통/운송"				,"indsMclsCd" : "G08"				,"indsMclsNm" : "화물취급/보관창고"				,"indsSclsCd" : "G08E02"				,"indsSclsNm" : "냉동창고"				,"stdrDt" : "2015-12-17"				}				,{				"indsLclsCd" : "G"				,"indsLclsNm" : "교통/운송"				,"indsMclsCd" : "G08"				,"indsMclsNm" : "화물취급/보관창고"				,"indsSclsCd" : "G08E01"				,"indsSclsNm" : "냉장창고"				,"stdrDt" : "2015-12-17"				}				,{				"indsLclsCd" : "G"				,"indsLclsNm" : "교통/운송"				,"indsMclsCd" : "G08"				,"indsMclsNm" : "화물취급/보관창고"				,"indsSclsCd" : "G08E99"				,"indsSclsNm" : "냉장창고업-기타"				,"stdrDt" : "2015-12-17"				}				,{				"indsLclsCd" : "G"				,"indsLclsNm" : "교통/운송"				,"indsMclsCd" : "G08"				,"indsMclsNm" : "화물취급/보관창고"				,"indsSclsCd" : "G08E00"				,"indsSclsNm" : "냉장창고업-종합"				,"stdrDt" : "2015-12-17"				}				,{				"indsLclsCd" : "G"				,"indsLclsNm" : "교통/운송"				,"indsMclsCd" : "G08"				,"indsMclsNm" : "화물취급/보관창고"				,"indsSclsCd" : "G08G99"				,"indsSclsNm" : "농산물창고-기타"				,"stdrDt" : "2015-12-17"				}				,{				"indsLclsCd" : "G"				,"indsLclsNm" : "교통/운송"				,"indsMclsCd" : "G08"				,"indsMclsNm" : "화물취급/보관창고"				,"indsSclsCd" : "G08G00"				,"indsSclsNm" : "농산물창고-종합"				,"stdrDt" : "2015-12-17"				}				,{				"indsLclsCd" : "G"				,"indsLclsNm" : "교통/운송"				,"indsMclsCd" : "G08"				,"indsMclsNm" : "화물취급/보관창고"				,"indsSclsCd" : "G08D99"				,"indsSclsNm" : "보통창고업-기타"				,"stdrDt" : "2015-12-17"				}				,{				"indsLclsCd" : "G"				,"indsLclsNm" : "교통/운송"				,"indsMclsCd" : "G08"				,"indsMclsNm" : "화물취급/보관창고"				,"indsSclsCd" : "G08D00"				,"indsSclsNm" : "보통창고업-종합"				,"stdrDt" : "2015-12-17"				}				,{				"indsLclsCd" : "G"				,"indsLclsNm" : "교통/운송"				,"indsMclsCd" : "G08"				,"indsMclsNm" : "화물취급/보관창고"				,"indsSclsCd" : "G08C99"				,"indsSclsNm" : "수상화물취급-기타"				,"stdrDt" : "2015-12-17"				}				,{				"indsLclsCd" : "G"				,"indsLclsNm" : "교통/운송"				,"indsMclsCd" : "G08"				,"indsMclsNm" : "화물취급/보관창고"				,"indsSclsCd" : "G08C00"				,"indsSclsNm" : "수상화물취급-종합"				,"stdrDt" : "2015-12-17"				}				,{				"indsLclsCd" : "G"				,"indsLclsNm" : "교통/운송"				,"indsMclsCd" : "G08"				,"indsMclsNm" : "화물취급/보관창고"				,"indsSclsCd" : "G08C01"				,"indsSclsNm" : "수상화물하역"				,"stdrDt" : "2015-12-17"				}				,{				"indsLclsCd" : "G"				,"indsLclsNm" : "교통/운송"				,"indsMclsCd" : "G08"				,"indsMclsNm" : "화물취급/보관창고"				,"indsSclsCd" : "G08F03"				,"indsSclsNm" : "액체인화물창고"				,"stdrDt" : "2015-12-17"				}				,{				"indsLclsCd" : "G"				,"indsLclsNm" : "교통/운송"				,"indsMclsCd" : "G08"				,"indsMclsNm" : "화물취급/보관창고"				,"indsSclsCd" : "G08F04"				,"indsSclsNm" : "위험물창고"				,"stdrDt" : "2015-12-17"				}				,{				"indsLclsCd" : "G"				,"indsLclsNm" : "교통/운송"				,"indsMclsCd" : "G08"				,"indsMclsNm" : "화물취급/보관창고"				,"indsSclsCd" : "G08F99"				,"indsSclsNm" : "위험물품보관-기타"				,"stdrDt" : "2015-12-17"				}				,{				"indsLclsCd" : "G"				,"indsLclsNm" : "교통/운송"				,"indsMclsCd" : "G08"				,"indsMclsNm" : "화물취급/보관창고"				,"indsSclsCd" : "G08F00"				,"indsSclsNm" : "위험물품보관-종합"				,"stdrDt" : "2015-12-17"				}				,{				"indsLclsCd" : "G"				,"indsLclsNm" : "교통/운송"				,"indsMclsCd" : "G08"				,"indsMclsNm" : "화물취급/보관창고"				,"indsSclsCd" : "G08A00"				,"indsSclsNm" : "육상화물취급"				,"stdrDt" : "2015-12-17"				}				,{				"indsLclsCd" : "G"				,"indsLclsNm" : "교통/운송"				,"indsMclsCd" : "G08"				,"indsMclsNm" : "화물취급/보관창고"				,"indsSclsCd" : "G08B02"				,"indsSclsNm" : "이민화물취급"				,"stdrDt" : "2015-12-17"				}				,{				"indsLclsCd" : "G"				,"indsLclsNm" : "교통/운송"				,"indsMclsCd" : "G08"				,"indsMclsNm" : "화물취급/보관창고"				,"indsSclsCd" : "G08F05"				,"indsSclsNm" : "저유소"				,"stdrDt" : "2015-12-17"				}				,{				"indsLclsCd" : "G"				,"indsLclsNm" : "교통/운송"				,"indsMclsCd" : "G08"				,"indsMclsNm" : "화물취급/보관창고"				,"indsSclsCd" : "G08D01"				,"indsSclsNm" : "창고"				,"stdrDt" : "2015-12-17"				}				,{				"indsLclsCd" : "G"				,"indsLclsNm" : "교통/운송"				,"indsMclsCd" : "G08"				,"indsMclsNm" : "화물취급/보관창고"				,"indsSclsCd" : "G08B01"				,"indsSclsNm" : "특수항공화물취급"				,"stdrDt" : "2015-12-17"				}				,{				"indsLclsCd" : "G"				,"indsLclsNm" : "교통/운송"				,"indsMclsCd" : "G08"				,"indsMclsNm" : "화물취급/보관창고"				,"indsSclsCd" : "G08B99"				,"indsSclsNm" : "항공화물취급-기타"				,"stdrDt" : "2015-12-17"				}				,{				"indsLclsCd" : "G"				,"indsLclsNm" : "교통/운송"				,"indsMclsCd" : "G08"				,"indsMclsNm" : "화물취급/보관창고"				,"indsSclsCd" : "G08B00"				,"indsSclsNm" : "항공화물취급-종합"				,"stdrDt" : "2015-12-17"				}				,{				"indsLclsCd" : "G"				,"indsLclsNm" : "교통/운송"				,"indsMclsCd" : "G08"				,"indsMclsNm" : "화물취급/보관창고"				,"indsSclsCd" : "G08F02"				,"indsSclsNm" : "화학물창고"				,"stdrDt" : "2015-12-17"				}			]	}}