{	"header" : {		"description" : "소상공인시장진흥공단 상권정보 업종소분류 코드"		,"columns" : ["상권업종대분류코드","상권업종대분류코드명","상권업종중분류코드","상권업종중분류코드명","상권업종소분류코드","상권업종소분류코드명","데이터기준일자"]		,"resultCode" : "00"		,"resultMsg" : "NORMAL SERVICE"	},	"body" : {			"items" : [				{				"indsLclsCd" : "G"				,"indsLclsNm" : "교통/운송"				,"indsMclsCd" : "G09"				,"indsMclsNm" : "역/터미널/자동차시설"				,"indsSclsCd" : "G09B03"				,"indsSclsNm" : "고속버스터미널"				,"stdrDt" : "2015-12-17"				}				,{				"indsLclsCd" : "G"				,"indsLclsNm" : "교통/운송"				,"indsMclsCd" : "G09"				,"indsMclsNm" : "역/터미널/자동차시설"				,"indsSclsCd" : "G09B01"				,"indsSclsNm" : "시내버스터미널"				,"stdrDt" : "2015-12-17"				}				,{				"indsLclsCd" : "G"				,"indsLclsNm" : "교통/운송"				,"indsMclsCd" : "G09"				,"indsMclsNm" : "역/터미널/자동차시설"				,"indsSclsCd" : "G09B02"				,"indsSclsNm" : "시외버스터미널"				,"stdrDt" : "2015-12-17"				}				,{				"indsLclsCd" : "G"				,"indsLclsNm" : "교통/운송"				,"indsMclsCd" : "G09"				,"indsMclsNm" : "역/터미널/자동차시설"				,"indsSclsCd" : "G09B99"				,"indsSclsNm" : "여객자동차터미널시설운영-기타"				,"stdrDt" : "2015-12-17"				}				,{				"indsLclsCd" : "G"				,"indsLclsNm" : "교통/운송"				,"indsMclsCd" : "G09"				,"indsMclsNm" : "역/터미널/자동차시설"				,"indsSclsCd" : "G09B00"				,"indsSclsNm" : "여객자동차터미널시설운영-종합"				,"stdrDt" : "2015-12-17"				}				,{				"indsLclsCd" : "G"				,"indsLclsNm" : "교통/운송"				,"indsMclsCd" : "G09"				,"indsMclsNm" : "역/터미널/자동차시설"				,"indsSclsCd" : "G09D02"				,"indsSclsNm" : "유료도로매표소"				,"stdrDt" : "2015-12-17"				}				,{				"indsLclsCd" : "G"				,"indsLclsNm" : "교통/운송"				,"indsMclsCd" : "G09"				,"indsMclsNm" : "역/터미널/자동차시설"				,"indsSclsCd" : "G09A02"				,"indsSclsNm" : "지하철역"				,"stdrDt" : "2015-12-17"				}				,{				"indsLclsCd" : "G"				,"indsLclsNm" : "교통/운송"				,"indsMclsCd" : "G09"				,"indsMclsNm" : "역/터미널/자동차시설"				,"indsSclsCd" : "G09D05"				,"indsSclsNm" : "차고"				,"stdrDt" : "2015-12-17"				}				,{				"indsLclsCd" : "G"				,"indsLclsNm" : "교통/운송"				,"indsMclsCd" : "G09"				,"indsMclsNm" : "역/터미널/자동차시설"				,"indsSclsCd" : "G09A01"				,"indsSclsNm" : "철도역"				,"stdrDt" : "2015-12-17"				}				,{				"indsLclsCd" : "G"				,"indsLclsNm" : "교통/운송"				,"indsMclsCd" : "G09"				,"indsMclsNm" : "역/터미널/자동차시설"				,"indsSclsCd" : "G09A99"				,"indsSclsNm" : "철도운수유지서비스-기타"				,"stdrDt" : "2015-12-17"				}				,{				"indsLclsCd" : "G"				,"indsLclsNm" : "교통/운송"				,"indsMclsCd" : "G09"				,"indsMclsNm" : "역/터미널/자동차시설"				,"indsSclsCd" : "G09A00"				,"indsSclsNm" : "철도운수유지서비스-종합"				,"stdrDt" : "2015-12-17"				}				,{				"indsLclsCd" : "G"				,"indsLclsNm" : "교통/운송"				,"indsMclsCd" : "G09"				,"indsMclsNm" : "역/터미널/자동차시설"				,"indsSclsCd" : "G09D01"				,"indsSclsNm" : "톨게이트"				,"stdrDt" : "2015-12-17"				}				,{				"indsLclsCd" : "G"				,"indsLclsNm" : "교통/운송"				,"indsMclsCd" : "G09"				,"indsMclsNm" : "역/터미널/자동차시설"				,"indsSclsCd" : "G09C00"				,"indsSclsNm" : "화물터미널"				,"stdrDt" : "2015-12-17"				}			]	}}