{	"header" : {		"description" : "소상공인시장진흥공단 상권정보 업종소분류 코드"		,"columns" : ["상권업종대분류코드","상권업종대분류코드명","상권업종중분류코드","상권업종중분류코드명","상권업종소분류코드","상권업종소분류코드명","데이터기준일자"]		,"resultCode" : "00"		,"resultMsg" : "NORMAL SERVICE"	},	"body" : {			"items" : [				{				"indsLclsCd" : "G"				,"indsLclsNm" : "교통/운송"				,"indsMclsCd" : "G10"				,"indsMclsNm" : "항구/선박시설"				,"indsSclsCd" : "G10A02"				,"indsSclsNm" : "국내여객선터미널"				,"stdrDt" : "2015-12-17"				}				,{				"indsLclsCd" : "G"				,"indsLclsNm" : "교통/운송"				,"indsMclsCd" : "G10"				,"indsMclsNm" : "항구/선박시설"				,"indsSclsCd" : "G10A03"				,"indsSclsNm" : "국제여객선터미널"				,"stdrDt" : "2015-12-17"				}				,{				"indsLclsCd" : "G"				,"indsLclsNm" : "교통/운송"				,"indsMclsCd" : "G10"				,"indsMclsNm" : "항구/선박시설"				,"indsSclsCd" : "G10A01"				,"indsSclsNm" : "선착장"				,"stdrDt" : "2015-12-17"				}				,{				"indsLclsCd" : "G"				,"indsLclsNm" : "교통/운송"				,"indsMclsCd" : "G10"				,"indsMclsNm" : "항구/선박시설"				,"indsSclsCd" : "G10A99"				,"indsSclsNm" : "항구/해상터미널시설운영-기타"				,"stdrDt" : "2015-12-17"				}				,{				"indsLclsCd" : "G"				,"indsLclsNm" : "교통/운송"				,"indsMclsCd" : "G10"				,"indsMclsNm" : "항구/선박시설"				,"indsSclsCd" : "G10A00"				,"indsSclsNm" : "항구/해상터미널시설운영-종합"				,"stdrDt" : "2015-12-17"				}				,{				"indsLclsCd" : "G"				,"indsLclsNm" : "교통/운송"				,"indsMclsCd" : "G10"				,"indsMclsNm" : "항구/선박시설"				,"indsSclsCd" : "G10A04"				,"indsSclsNm" : "항만시설운영"				,"stdrDt" : "2015-12-17"				}			]	}}