{	"header" : {		"description" : "소상공인시장진흥공단 상권정보 업종소분류 코드"		,"columns" : ["상권업종대분류코드","상권업종대분류코드명","상권업종중분류코드","상권업종중분류코드명","상권업종소분류코드","상권업종소분류코드명","데이터기준일자"]		,"resultCode" : "00"		,"resultMsg" : "NORMAL SERVICE"	},	"body" : {			"items" : [				{				"indsLclsCd" : "G1"				,"indsLclsNm" : "도매업"				,"indsMclsCd" : "G102"				,"indsMclsNm" : "자동차 부품 도매"				,"indsSclsCd" : "G10202"				,"indsSclsNm" : "자동차 부품 도매업"				,"stdrDt" : "2023-02-28"				}				,{				"indsLclsCd" : "G1"				,"indsLclsNm" : "도매업"				,"indsMclsCd" : "G102"				,"indsMclsNm" : "자동차 부품 도매"				,"indsSclsCd" : "G10201"				,"indsSclsNm" : "타이어 도매업"				,"stdrDt" : "2023-02-28"				}			]	}}