{	"header" : {		"description" : "소상공인시장진흥공단 상권정보 업종소분류 코드"		,"columns" : ["상권업종대분류코드","상권업종대분류코드명","상권업종중분류코드","상권업종중분류코드명","상권업종소분류코드","상권업종소분류코드명","데이터기준일자"]		,"resultCode" : "00"		,"resultMsg" : "NORMAL SERVICE"	},	"body" : {			"items" : [				{				"indsLclsCd" : "G1"				,"indsLclsNm" : "도매업"				,"indsMclsCd" : "G104"				,"indsMclsNm" : "상품중계"				,"indsSclsCd" : "G10407"				,"indsSclsNm" : "그 외 기타 특정 상품 중개업"				,"stdrDt" : "2023-02-28"				}				,{				"indsLclsCd" : "G1"				,"indsLclsNm" : "도매업"				,"indsMclsCd" : "G104"				,"indsMclsNm" : "상품중계"				,"indsSclsCd" : "G10406"				,"indsSclsNm" : "기계 및 장비 중개업"				,"stdrDt" : "2023-02-28"				}				,{				"indsLclsCd" : "G1"				,"indsLclsNm" : "도매업"				,"indsMclsCd" : "G104"				,"indsMclsNm" : "상품중계"				,"indsSclsCd" : "G10404"				,"indsSclsNm" : "목재 및 건축자재 중개업"				,"stdrDt" : "2023-02-28"				}				,{				"indsLclsCd" : "G1"				,"indsLclsNm" : "도매업"				,"indsMclsCd" : "G104"				,"indsMclsNm" : "상품중계"				,"indsSclsCd" : "G10401"				,"indsSclsNm" : "산업용 농ㆍ축산물, 섬유 원료 및 동물 중개업"				,"stdrDt" : "2023-02-28"				}				,{				"indsLclsCd" : "G1"				,"indsLclsNm" : "도매업"				,"indsMclsCd" : "G104"				,"indsMclsNm" : "상품중계"				,"indsSclsCd" : "G10408"				,"indsSclsNm" : "상품 종합 중개업"				,"stdrDt" : "2023-02-28"				}				,{				"indsLclsCd" : "G1"				,"indsLclsNm" : "도매업"				,"indsMclsCd" : "G104"				,"indsMclsNm" : "상품중계"				,"indsSclsCd" : "G10403"				,"indsSclsNm" : "섬유, 의복, 신발 및 가죽제품 중개업"				,"stdrDt" : "2023-02-28"				}				,{				"indsLclsCd" : "G1"				,"indsLclsNm" : "도매업"				,"indsMclsCd" : "G104"				,"indsMclsNm" : "상품중계"				,"indsSclsCd" : "G10405"				,"indsSclsNm" : "연료, 광물, 1차 금속, 비료 및 화학제품 중개업"				,"stdrDt" : "2023-02-28"				}				,{				"indsLclsCd" : "G1"				,"indsLclsNm" : "도매업"				,"indsMclsCd" : "G104"				,"indsMclsNm" : "상품중계"				,"indsSclsCd" : "G10402"				,"indsSclsNm" : "음ㆍ식료품 및 담배 중개업"				,"stdrDt" : "2023-02-28"				}			]	}}