{	"header" : {		"description" : "소상공인시장진흥공단 상권정보 업종소분류 코드"		,"columns" : ["상권업종대분류코드","상권업종대분류코드명","상권업종중분류코드","상권업종중분류코드명","상권업종소분류코드","상권업종소분류코드명","데이터기준일자"]		,"resultCode" : "00"		,"resultMsg" : "NORMAL SERVICE"	},	"body" : {			"items" : [				{				"indsLclsCd" : "G1"				,"indsLclsNm" : "도매업"				,"indsMclsCd" : "G105"				,"indsMclsNm" : "농축산 도매"				,"indsSclsCd" : "G10501"				,"indsSclsNm" : "곡물 및 유지작물 도매업"				,"stdrDt" : "2023-02-28"				}				,{				"indsLclsCd" : "G1"				,"indsLclsNm" : "도매업"				,"indsMclsCd" : "G105"				,"indsMclsNm" : "농축산 도매"				,"indsSclsCd" : "G10599"				,"indsSclsNm" : "기타 산업용 농산물 도매업"				,"stdrDt" : "2023-02-28"				}				,{				"indsLclsCd" : "G1"				,"indsLclsNm" : "도매업"				,"indsMclsCd" : "G105"				,"indsMclsNm" : "농축산 도매"				,"indsSclsCd" : "G10503"				,"indsSclsNm" : "사료 도매업"				,"stdrDt" : "2023-02-28"				}				,{				"indsLclsCd" : "G1"				,"indsLclsNm" : "도매업"				,"indsMclsCd" : "G105"				,"indsMclsNm" : "농축산 도매"				,"indsSclsCd" : "G10505"				,"indsSclsNm" : "육지 동물 및 애완 동물 도매업"				,"stdrDt" : "2023-02-28"				}				,{				"indsLclsCd" : "G1"				,"indsLclsNm" : "도매업"				,"indsMclsCd" : "G105"				,"indsMclsNm" : "농축산 도매"				,"indsSclsCd" : "G10502"				,"indsSclsNm" : "종자 및 묘목 도매업"				,"stdrDt" : "2023-02-28"				}				,{				"indsLclsCd" : "G1"				,"indsLclsNm" : "도매업"				,"indsMclsCd" : "G105"				,"indsMclsNm" : "농축산 도매"				,"indsSclsCd" : "G10504"				,"indsSclsNm" : "화훼류 및 식물 도매업"				,"stdrDt" : "2023-02-28"				}			]	}}