{	"header" : {		"description" : "소상공인시장진흥공단 상권정보 업종소분류 코드"		,"columns" : ["상권업종대분류코드","상권업종대분류코드명","상권업종중분류코드","상권업종중분류코드명","상권업종소분류코드","상권업종소분류코드명","데이터기준일자"]		,"resultCode" : "00"		,"resultMsg" : "NORMAL SERVICE"	},	"body" : {			"items" : [				{				"indsLclsCd" : "G1"				,"indsLclsNm" : "도매업"				,"indsMclsCd" : "G106"				,"indsMclsNm" : "음식료, 담배 도매"				,"indsSclsCd" : "G10604"				,"indsSclsNm" : "건어물 및 젓갈류 도매업"				,"stdrDt" : "2023-02-28"				}				,{				"indsLclsCd" : "G1"				,"indsLclsNm" : "도매업"				,"indsMclsCd" : "G106"				,"indsMclsNm" : "음식료, 담배 도매"				,"indsSclsCd" : "G10601"				,"indsSclsNm" : "과실류 도매업"				,"stdrDt" : "2023-02-28"				}				,{				"indsLclsCd" : "G1"				,"indsLclsNm" : "도매업"				,"indsMclsCd" : "G106"				,"indsMclsNm" : "음식료, 담배 도매"				,"indsSclsCd" : "G10613"				,"indsSclsNm" : "기타 가공식품 도매업"				,"stdrDt" : "2023-02-28"				}				,{				"indsLclsCd" : "G1"				,"indsLclsNm" : "도매업"				,"indsMclsCd" : "G106"				,"indsMclsNm" : "음식료, 담배 도매"				,"indsSclsCd" : "G10606"				,"indsSclsNm" : "기타 신선 식품 및 단순 가공 식품 도매업"				,"stdrDt" : "2023-02-28"				}				,{				"indsLclsCd" : "G1"				,"indsLclsNm" : "도매업"				,"indsMclsCd" : "G106"				,"indsMclsNm" : "음식료, 담배 도매"				,"indsSclsCd" : "G10610"				,"indsSclsNm" : "낙농품 및 동ㆍ식물성 유지 도매업"				,"stdrDt" : "2023-02-28"				}				,{				"indsLclsCd" : "G1"				,"indsLclsNm" : "도매업"				,"indsMclsCd" : "G106"				,"indsMclsNm" : "음식료, 담배 도매"				,"indsSclsCd" : "G10616"				,"indsSclsNm" : "담배/전자담배 도매업"				,"stdrDt" : "2023-02-28"				}				,{				"indsLclsCd" : "G1"				,"indsLclsNm" : "도매업"				,"indsMclsCd" : "G106"				,"indsMclsNm" : "음식료, 담배 도매"				,"indsSclsCd" : "G10615"				,"indsSclsNm" : "비알코올 음료 도매업"				,"stdrDt" : "2023-02-28"				}				,{				"indsLclsCd" : "G1"				,"indsLclsNm" : "도매업"				,"indsMclsCd" : "G106"				,"indsMclsNm" : "음식료, 담배 도매"				,"indsSclsCd" : "G10609"				,"indsSclsNm" : "빵류, 과자류, 당류, 초콜릿 도매업"				,"stdrDt" : "2023-02-28"				}				,{				"indsLclsCd" : "G1"				,"indsLclsNm" : "도매업"				,"indsMclsCd" : "G106"				,"indsMclsNm" : "음식료, 담배 도매"				,"indsSclsCd" : "G10608"				,"indsSclsNm" : "수산물 가공식품 도매업"				,"stdrDt" : "2023-02-28"				}				,{				"indsLclsCd" : "G1"				,"indsLclsNm" : "도매업"				,"indsMclsCd" : "G106"				,"indsMclsNm" : "음식료, 담배 도매"				,"indsSclsCd" : "G10605"				,"indsSclsNm" : "신선, 냉동 및 기타 수산물 도매업"				,"stdrDt" : "2023-02-28"				}				,{				"indsLclsCd" : "G1"				,"indsLclsNm" : "도매업"				,"indsMclsCd" : "G106"				,"indsMclsNm" : "음식료, 담배 도매"				,"indsSclsCd" : "G10607"				,"indsSclsNm" : "육류 가공식품 도매업"				,"stdrDt" : "2023-02-28"				}				,{				"indsLclsCd" : "G1"				,"indsLclsNm" : "도매업"				,"indsMclsCd" : "G106"				,"indsMclsNm" : "음식료, 담배 도매"				,"indsSclsCd" : "G10603"				,"indsSclsNm" : "육류 도매업"				,"stdrDt" : "2023-02-28"				}				,{				"indsLclsCd" : "G1"				,"indsLclsNm" : "도매업"				,"indsMclsCd" : "G106"				,"indsMclsNm" : "음식료, 담배 도매"				,"indsSclsCd" : "G10612"				,"indsSclsNm" : "조미료 도매업"				,"stdrDt" : "2023-02-28"				}				,{				"indsLclsCd" : "G1"				,"indsLclsNm" : "도매업"				,"indsMclsCd" : "G106"				,"indsMclsNm" : "음식료, 담배 도매"				,"indsSclsCd" : "G10614"				,"indsSclsNm" : "주류 도매업"				,"stdrDt" : "2023-02-28"				}				,{				"indsLclsCd" : "G1"				,"indsLclsNm" : "도매업"				,"indsMclsCd" : "G106"				,"indsMclsNm" : "음식료, 담배 도매"				,"indsSclsCd" : "G10602"				,"indsSclsNm" : "채소류, 서류 및 향신작물류 도매업"				,"stdrDt" : "2023-02-28"				}				,{				"indsLclsCd" : "G1"				,"indsLclsNm" : "도매업"				,"indsMclsCd" : "G106"				,"indsMclsNm" : "음식료, 담배 도매"				,"indsSclsCd" : "G10611"				,"indsSclsNm" : "커피 및 차류 도매업"				,"stdrDt" : "2023-02-28"				}			]	}}