{	"header" : {		"description" : "소상공인시장진흥공단 상권정보 업종소분류 코드"		,"columns" : ["상권업종대분류코드","상권업종대분류코드명","상권업종중분류코드","상권업종중분류코드명","상권업종소분류코드","상권업종소분류코드명","데이터기준일자"]		,"resultCode" : "00"		,"resultMsg" : "NORMAL SERVICE"	},	"body" : {			"items" : [				{				"indsLclsCd" : "G1"				,"indsLclsNm" : "도매업"				,"indsMclsCd" : "G107"				,"indsMclsNm" : "생활용품 도매"				,"indsSclsCd" : "G10726"				,"indsSclsNm" : "가방 및 보호용 케이스 도매업"				,"stdrDt" : "2023-02-28"				}				,{				"indsLclsCd" : "G1"				,"indsLclsNm" : "도매업"				,"indsMclsCd" : "G107"				,"indsMclsNm" : "생활용품 도매"				,"indsSclsCd" : "G10706"				,"indsSclsNm" : "가죽 및 모피 제품 도매업"				,"stdrDt" : "2023-02-28"				}				,{				"indsLclsCd" : "G1"				,"indsLclsNm" : "도매업"				,"indsMclsCd" : "G107"				,"indsMclsNm" : "생활용품 도매"				,"indsSclsCd" : "G10799"				,"indsSclsNm" : "그 외 기타 생활용품 도매업"				,"stdrDt" : "2023-02-28"				}				,{				"indsLclsCd" : "G1"				,"indsLclsNm" : "도매업"				,"indsMclsCd" : "G107"				,"indsMclsNm" : "생활용품 도매"				,"indsSclsCd" : "G10713"				,"indsSclsNm" : "기타 비전기식 생활용 기기 및 기구 도매업"				,"stdrDt" : "2023-02-28"				}				,{				"indsLclsCd" : "G1"				,"indsLclsNm" : "도매업"				,"indsMclsCd" : "G107"				,"indsMclsNm" : "생활용품 도매"				,"indsSclsCd" : "G10708"				,"indsSclsNm" : "기타 생활용 섬유 및 직물 제품 도매업"				,"stdrDt" : "2023-02-28"				}				,{				"indsLclsCd" : "G1"				,"indsLclsNm" : "도매업"				,"indsMclsCd" : "G107"				,"indsMclsNm" : "생활용품 도매"				,"indsSclsCd" : "G10703"				,"indsSclsNm" : "남녀용 겉옷 및 셔츠 도매업"				,"stdrDt" : "2023-02-28"				}				,{				"indsLclsCd" : "G1"				,"indsLclsNm" : "도매업"				,"indsMclsCd" : "G107"				,"indsMclsNm" : "생활용품 도매"				,"indsSclsCd" : "G10719"				,"indsSclsNm" : "문구용품, 회화용품, 사무용품 도매업"				,"stdrDt" : "2023-02-28"				}				,{				"indsLclsCd" : "G1"				,"indsLclsNm" : "도매업"				,"indsMclsCd" : "G107"				,"indsMclsNm" : "생활용품 도매"				,"indsSclsCd" : "G10717"				,"indsSclsNm" : "비누 및 세정제 도매업"				,"stdrDt" : "2023-02-28"				}				,{				"indsLclsCd" : "G1"				,"indsLclsNm" : "도매업"				,"indsMclsCd" : "G107"				,"indsMclsNm" : "생활용품 도매"				,"indsSclsCd" : "G10710"				,"indsSclsNm" : "생활용 가구 도매업"				,"stdrDt" : "2023-02-28"				}				,{				"indsLclsCd" : "G1"				,"indsLclsNm" : "도매업"				,"indsMclsCd" : "G107"				,"indsMclsNm" : "생활용품 도매"				,"indsSclsCd" : "G10701"				,"indsSclsNm" : "생활용 섬유 및 실 도매업"				,"stdrDt" : "2023-02-28"				}				,{				"indsLclsCd" : "G1"				,"indsLclsNm" : "도매업"				,"indsMclsCd" : "G107"				,"indsMclsNm" : "생활용품 도매"				,"indsSclsCd" : "G10712"				,"indsSclsNm" : "생활용 유리ㆍ요업ㆍ목재ㆍ금속 제품 및 날붙이 도매업"				,"stdrDt" : "2023-02-28"				}				,{				"indsLclsCd" : "G1"				,"indsLclsNm" : "도매업"				,"indsMclsCd" : "G107"				,"indsMclsNm" : "생활용품 도매"				,"indsSclsCd" : "G10718"				,"indsSclsNm" : "생활용 포장 및 위생용품, 봉투 및 유사 제품 도매업"				,"stdrDt" : "2023-02-28"				}				,{				"indsLclsCd" : "G1"				,"indsLclsNm" : "도매업"				,"indsMclsCd" : "G107"				,"indsMclsNm" : "생활용품 도매"				,"indsSclsCd" : "G10720"				,"indsSclsNm" : "서적, 잡지 및 기타 인쇄물 도매업"				,"stdrDt" : "2023-02-28"				}				,{				"indsLclsCd" : "G1"				,"indsLclsNm" : "도매업"				,"indsMclsCd" : "G107"				,"indsMclsNm" : "생활용품 도매"				,"indsSclsCd" : "G10705"				,"indsSclsNm" : "속옷 및 잠옷 도매업"				,"stdrDt" : "2023-02-28"				}				,{				"indsLclsCd" : "G1"				,"indsLclsNm" : "도매업"				,"indsMclsCd" : "G107"				,"indsMclsNm" : "생활용품 도매"				,"indsSclsCd" : "G10727"				,"indsSclsNm" : "시계 및 귀금속 제품 도매업"				,"stdrDt" : "2023-02-28"				}				,{				"indsLclsCd" : "G1"				,"indsLclsNm" : "도매업"				,"indsMclsCd" : "G107"				,"indsMclsNm" : "생활용품 도매"				,"indsSclsCd" : "G10709"				,"indsSclsNm" : "신발 도매업"				,"stdrDt" : "2023-02-28"				}				,{				"indsLclsCd" : "G1"				,"indsLclsNm" : "도매업"				,"indsMclsCd" : "G107"				,"indsMclsNm" : "생활용품 도매"				,"indsSclsCd" : "G10722"				,"indsSclsNm" : "악기 도매업"				,"stdrDt" : "2023-02-28"				}				,{				"indsLclsCd" : "G1"				,"indsLclsNm" : "도매업"				,"indsMclsCd" : "G107"				,"indsMclsNm" : "생활용품 도매"				,"indsSclsCd" : "G10728"				,"indsSclsNm" : "안경, 사진장비 및 광학용품 도매업"				,"stdrDt" : "2023-02-28"				}				,{				"indsLclsCd" : "G1"				,"indsLclsNm" : "도매업"				,"indsMclsCd" : "G107"				,"indsMclsNm" : "생활용품 도매"				,"indsSclsCd" : "G10724"				,"indsSclsNm" : "운동 및 경기용품 도매업"				,"stdrDt" : "2023-02-28"				}				,{				"indsLclsCd" : "G1"				,"indsLclsNm" : "도매업"				,"indsMclsCd" : "G107"				,"indsMclsNm" : "생활용품 도매"				,"indsSclsCd" : "G10704"				,"indsSclsNm" : "유아용 의류 도매업"				,"stdrDt" : "2023-02-28"				}				,{				"indsLclsCd" : "G1"				,"indsLclsNm" : "도매업"				,"indsMclsCd" : "G107"				,"indsMclsNm" : "생활용품 도매"				,"indsSclsCd" : "G10721"				,"indsSclsNm" : "음반 및 비디오물 도매업"				,"stdrDt" : "2023-02-28"				}				,{				"indsLclsCd" : "G1"				,"indsLclsNm" : "도매업"				,"indsMclsCd" : "G107"				,"indsMclsNm" : "생활용품 도매"				,"indsSclsCd" : "G10715"				,"indsSclsNm" : "의료용품 도매업"				,"stdrDt" : "2023-02-28"				}				,{				"indsLclsCd" : "G1"				,"indsLclsNm" : "도매업"				,"indsMclsCd" : "G107"				,"indsMclsNm" : "생활용품 도매"				,"indsSclsCd" : "G10707"				,"indsSclsNm" : "의복 액세서리 및 모조 장신구 도매업"				,"stdrDt" : "2023-02-28"				}				,{				"indsLclsCd" : "G1"				,"indsLclsNm" : "도매업"				,"indsMclsCd" : "G107"				,"indsMclsNm" : "생활용품 도매"				,"indsSclsCd" : "G10714"				,"indsSclsNm" : "의약품 도매업"				,"stdrDt" : "2023-02-28"				}				,{				"indsLclsCd" : "G1"				,"indsLclsNm" : "도매업"				,"indsMclsCd" : "G107"				,"indsMclsNm" : "생활용품 도매"				,"indsSclsCd" : "G10725"				,"indsSclsNm" : "자전거 및 기타 운송장비 도매업"				,"stdrDt" : "2023-02-28"				}				,{				"indsLclsCd" : "G1"				,"indsLclsNm" : "도매업"				,"indsMclsCd" : "G107"				,"indsMclsNm" : "생활용품 도매"				,"indsSclsCd" : "G10723"				,"indsSclsNm" : "장난감 및 취미, 오락용품 도매업"				,"stdrDt" : "2023-02-28"				}				,{				"indsLclsCd" : "G1"				,"indsLclsNm" : "도매업"				,"indsMclsCd" : "G107"				,"indsMclsNm" : "생활용품 도매"				,"indsSclsCd" : "G10711"				,"indsSclsNm" : "전구, 램프 및 조명장치 도매업"				,"stdrDt" : "2023-02-28"				}				,{				"indsLclsCd" : "G1"				,"indsLclsNm" : "도매업"				,"indsMclsCd" : "G107"				,"indsMclsNm" : "생활용품 도매"				,"indsSclsCd" : "G10702"				,"indsSclsNm" : "커튼 및 침구용품 도매업"				,"stdrDt" : "2023-02-28"				}				,{				"indsLclsCd" : "G1"				,"indsLclsNm" : "도매업"				,"indsMclsCd" : "G107"				,"indsMclsNm" : "생활용품 도매"				,"indsSclsCd" : "G10716"				,"indsSclsNm" : "화장품 및 화장용품 도매업"				,"stdrDt" : "2023-02-28"				}			]	}}