{	"header" : {		"description" : "소상공인시장진흥공단 상권정보 업종소분류 코드"		,"columns" : ["상권업종대분류코드","상권업종대분류코드명","상권업종중분류코드","상권업종중분류코드명","상권업종소분류코드","상권업종소분류코드명","데이터기준일자"]		,"resultCode" : "00"		,"resultMsg" : "NORMAL SERVICE"	},	"body" : {			"items" : [				{				"indsLclsCd" : "G1"				,"indsLclsNm" : "도매업"				,"indsMclsCd" : "G108"				,"indsMclsNm" : "기계장비 도매"				,"indsSclsCd" : "G10802"				,"indsSclsNm" : "가전제품 및 부품 도매업"				,"stdrDt" : "2023-02-28"				}				,{				"indsLclsCd" : "G1"				,"indsLclsNm" : "도매업"				,"indsMclsCd" : "G108"				,"indsMclsNm" : "기계장비 도매"				,"indsSclsCd" : "G10805"				,"indsSclsNm" : "건설ㆍ광업용 기계 및 장비 도매업"				,"stdrDt" : "2023-02-28"				}				,{				"indsLclsCd" : "G1"				,"indsLclsNm" : "도매업"				,"indsMclsCd" : "G108"				,"indsMclsNm" : "기계장비 도매"				,"indsSclsCd" : "G10806"				,"indsSclsNm" : "공작용 기계 및 장비 도매업"				,"stdrDt" : "2023-02-28"				}				,{				"indsLclsCd" : "G1"				,"indsLclsNm" : "도매업"				,"indsMclsCd" : "G108"				,"indsMclsNm" : "기계장비 도매"				,"indsSclsCd" : "G10899"				,"indsSclsNm" : "그 외 기타 기계 및 장비 도매업"				,"stdrDt" : "2023-02-28"				}				,{				"indsLclsCd" : "G1"				,"indsLclsNm" : "도매업"				,"indsMclsCd" : "G108"				,"indsMclsNm" : "기계장비 도매"				,"indsSclsCd" : "G10807"				,"indsSclsNm" : "기타 산업용 기계 및 장비 도매업"				,"stdrDt" : "2023-02-28"				}				,{				"indsLclsCd" : "G1"				,"indsLclsNm" : "도매업"				,"indsMclsCd" : "G108"				,"indsMclsNm" : "기계장비 도매"				,"indsSclsCd" : "G10804"				,"indsSclsNm" : "농림업용 기계 및 장비 도매업"				,"stdrDt" : "2023-02-28"				}				,{				"indsLclsCd" : "G1"				,"indsLclsNm" : "도매업"				,"indsMclsCd" : "G108"				,"indsMclsNm" : "기계장비 도매"				,"indsSclsCd" : "G10808"				,"indsSclsNm" : "사무용 가구 및 기기 도매업"				,"stdrDt" : "2023-02-28"				}				,{				"indsLclsCd" : "G1"				,"indsLclsNm" : "도매업"				,"indsMclsCd" : "G108"				,"indsMclsNm" : "기계장비 도매"				,"indsSclsCd" : "G10811"				,"indsSclsNm" : "수송용 운송장비 도매업"				,"stdrDt" : "2023-02-28"				}				,{				"indsLclsCd" : "G1"				,"indsLclsNm" : "도매업"				,"indsMclsCd" : "G108"				,"indsMclsNm" : "기계장비 도매"				,"indsSclsCd" : "G10809"				,"indsSclsNm" : "의료 기기 도매업"				,"stdrDt" : "2023-02-28"				}				,{				"indsLclsCd" : "G1"				,"indsLclsNm" : "도매업"				,"indsMclsCd" : "G108"				,"indsMclsNm" : "기계장비 도매"				,"indsSclsCd" : "G10812"				,"indsSclsNm" : "전기용 기계ㆍ장비 및 관련 기자재 도매업"				,"stdrDt" : "2023-02-28"				}				,{				"indsLclsCd" : "G1"				,"indsLclsNm" : "도매업"				,"indsMclsCd" : "G108"				,"indsMclsNm" : "기계장비 도매"				,"indsSclsCd" : "G10813"				,"indsSclsNm" : "전지 및 케이블 도매업"				,"stdrDt" : "2023-02-28"				}				,{				"indsLclsCd" : "G1"				,"indsLclsNm" : "도매업"				,"indsMclsCd" : "G108"				,"indsMclsNm" : "기계장비 도매"				,"indsSclsCd" : "G10810"				,"indsSclsNm" : "정밀 기기 및 과학 기기 도매업"				,"stdrDt" : "2023-02-28"				}				,{				"indsLclsCd" : "G1"				,"indsLclsNm" : "도매업"				,"indsMclsCd" : "G108"				,"indsMclsNm" : "기계장비 도매"				,"indsSclsCd" : "G10801"				,"indsSclsNm" : "컴퓨터 및 주변장치, 소프트웨어 도매업"				,"stdrDt" : "2023-02-28"				}				,{				"indsLclsCd" : "G1"				,"indsLclsNm" : "도매업"				,"indsMclsCd" : "G108"				,"indsMclsNm" : "기계장비 도매"				,"indsSclsCd" : "G10803"				,"indsSclsNm" : "통신ㆍ방송장비 및 부품 도매업"				,"stdrDt" : "2023-02-28"				}			]	}}