{	"header" : {		"description" : "소상공인시장진흥공단 상권정보 업종소분류 코드"		,"columns" : ["상권업종대분류코드","상권업종대분류코드명","상권업종중분류코드","상권업종중분류코드명","상권업종소분류코드","상권업종소분류코드명","데이터기준일자"]		,"resultCode" : "00"		,"resultMsg" : "NORMAL SERVICE"	},	"body" : {			"items" : [				{				"indsLclsCd" : "G1"				,"indsLclsNm" : "도매업"				,"indsMclsCd" : "G109"				,"indsMclsNm" : "건축자재, 난방 도매"				,"indsSclsCd" : "G10902"				,"indsSclsNm" : "골재, 벽돌 및 시멘트 도매업"				,"stdrDt" : "2023-02-28"				}				,{				"indsLclsCd" : "G1"				,"indsLclsNm" : "도매업"				,"indsMclsCd" : "G109"				,"indsMclsNm" : "건축자재, 난방 도매"				,"indsSclsCd" : "G10999"				,"indsSclsNm" : "그 외 기타 건축자재 도매업"				,"stdrDt" : "2023-02-28"				}				,{				"indsLclsCd" : "G1"				,"indsLclsNm" : "도매업"				,"indsMclsCd" : "G109"				,"indsMclsNm" : "건축자재, 난방 도매"				,"indsSclsCd" : "G10906"				,"indsSclsNm" : "도료 도매업"				,"stdrDt" : "2023-02-28"				}				,{				"indsLclsCd" : "G1"				,"indsLclsNm" : "도매업"				,"indsMclsCd" : "G109"				,"indsMclsNm" : "건축자재, 난방 도매"				,"indsSclsCd" : "G10904"				,"indsSclsNm" : "배관 및 냉ㆍ난방장치 도매업"				,"stdrDt" : "2023-02-28"				}				,{				"indsLclsCd" : "G1"				,"indsLclsNm" : "도매업"				,"indsMclsCd" : "G109"				,"indsMclsNm" : "건축자재, 난방 도매"				,"indsSclsCd" : "G10907"				,"indsSclsNm" : "벽지 및 장판류 도매업"				,"stdrDt" : "2023-02-28"				}				,{				"indsLclsCd" : "G1"				,"indsLclsNm" : "도매업"				,"indsMclsCd" : "G109"				,"indsMclsNm" : "건축자재, 난방 도매"				,"indsSclsCd" : "G10901"				,"indsSclsNm" : "원목 및 건축관련 목제품 도매업"				,"stdrDt" : "2023-02-28"				}				,{				"indsLclsCd" : "G1"				,"indsLclsNm" : "도매업"				,"indsMclsCd" : "G109"				,"indsMclsNm" : "건축자재, 난방 도매"				,"indsSclsCd" : "G10903"				,"indsSclsNm" : "유리 및 창호 도매업"				,"stdrDt" : "2023-02-28"				}				,{				"indsLclsCd" : "G1"				,"indsLclsNm" : "도매업"				,"indsMclsCd" : "G109"				,"indsMclsNm" : "건축자재, 난방 도매"				,"indsSclsCd" : "G10905"				,"indsSclsNm" : "철물, 금속 파스너 및 수공구 도매업"				,"stdrDt" : "2023-02-28"				}			]	}}