{	"header" : {		"description" : "소상공인시장진흥공단 상권정보 업종소분류 코드"		,"columns" : ["상권업종대분류코드","상권업종대분류코드명","상권업종중분류코드","상권업종중분류코드명","상권업종소분류코드","상권업종소분류코드명","데이터기준일자"]		,"resultCode" : "00"		,"resultMsg" : "NORMAL SERVICE"	},	"body" : {			"items" : [				{				"indsLclsCd" : "G1"				,"indsLclsNm" : "도매업"				,"indsMclsCd" : "G110"				,"indsMclsNm" : "기타 도매"				,"indsSclsCd" : "G11004"				,"indsSclsNm" : "1차 금속제품 도매업"				,"stdrDt" : "2023-02-28"				}				,{				"indsLclsCd" : "G1"				,"indsLclsNm" : "도매업"				,"indsMclsCd" : "G110"				,"indsMclsNm" : "기타 도매"				,"indsSclsCd" : "G11001"				,"indsSclsNm" : "고체 연료 및 관련제품 도매업"				,"stdrDt" : "2023-02-28"				}				,{				"indsLclsCd" : "G1"				,"indsLclsNm" : "도매업"				,"indsMclsCd" : "G110"				,"indsMclsNm" : "기타 도매"				,"indsSclsCd" : "G11099"				,"indsSclsNm" : "그 외 기타 상품 전문 도매업"				,"stdrDt" : "2023-02-28"				}				,{				"indsLclsCd" : "G1"				,"indsLclsNm" : "도매업"				,"indsMclsCd" : "G110"				,"indsMclsNm" : "기타 도매"				,"indsSclsCd" : "G11005"				,"indsSclsNm" : "금속광물 도매업"				,"stdrDt" : "2023-02-28"				}				,{				"indsLclsCd" : "G1"				,"indsLclsNm" : "도매업"				,"indsMclsCd" : "G110"				,"indsMclsNm" : "기타 도매"				,"indsSclsCd" : "G11003"				,"indsSclsNm" : "기체 연료 및 관련제품 도매업"				,"stdrDt" : "2023-02-28"				}				,{				"indsLclsCd" : "G1"				,"indsLclsNm" : "도매업"				,"indsMclsCd" : "G110"				,"indsMclsNm" : "기타 도매"				,"indsSclsCd" : "G11009"				,"indsSclsNm" : "기타 화학 물질 및 화학제품 도매업"				,"stdrDt" : "2023-02-28"				}				,{				"indsLclsCd" : "G1"				,"indsLclsNm" : "도매업"				,"indsMclsCd" : "G110"				,"indsMclsNm" : "기타 도매"				,"indsSclsCd" : "G11010"				,"indsSclsNm" : "방직용 섬유 및 실 도매업"				,"stdrDt" : "2023-02-28"				}				,{				"indsLclsCd" : "G1"				,"indsLclsNm" : "도매업"				,"indsMclsCd" : "G110"				,"indsMclsNm" : "기타 도매"				,"indsSclsCd" : "G11007"				,"indsSclsNm" : "비료 및 농약 도매업"				,"stdrDt" : "2023-02-28"				}				,{				"indsLclsCd" : "G1"				,"indsLclsNm" : "도매업"				,"indsMclsCd" : "G110"				,"indsMclsNm" : "기타 도매"				,"indsSclsCd" : "G11002"				,"indsSclsNm" : "액체 연료 및 관련제품 도매업"				,"stdrDt" : "2023-02-28"				}				,{				"indsLclsCd" : "G1"				,"indsLclsNm" : "도매업"				,"indsMclsCd" : "G110"				,"indsMclsNm" : "기타 도매"				,"indsSclsCd" : "G11006"				,"indsSclsNm" : "염료, 안료 및 관련제품 도매업"				,"stdrDt" : "2023-02-28"				}				,{				"indsLclsCd" : "G1"				,"indsLclsNm" : "도매업"				,"indsMclsCd" : "G110"				,"indsMclsNm" : "기타 도매"				,"indsSclsCd" : "G11013"				,"indsSclsNm" : "재생용 재료 수집 및 판매업"				,"stdrDt" : "2023-02-28"				}				,{				"indsLclsCd" : "G1"				,"indsLclsNm" : "도매업"				,"indsMclsCd" : "G110"				,"indsMclsNm" : "기타 도매"				,"indsSclsCd" : "G11012"				,"indsSclsNm" : "종이 원지, 판지, 종이상자 도매업"				,"stdrDt" : "2023-02-28"				}				,{				"indsLclsCd" : "G1"				,"indsLclsNm" : "도매업"				,"indsMclsCd" : "G110"				,"indsMclsNm" : "기타 도매"				,"indsSclsCd" : "G11011"				,"indsSclsNm" : "직물 도매업"				,"stdrDt" : "2023-02-28"				}				,{				"indsLclsCd" : "G1"				,"indsLclsNm" : "도매업"				,"indsMclsCd" : "G110"				,"indsMclsNm" : "기타 도매"				,"indsSclsCd" : "G11008"				,"indsSclsNm" : "플라스틱 물질 및 합성고무 도매업"				,"stdrDt" : "2023-02-28"				}			]	}}