{	"header" : {		"description" : "소상공인시장진흥공단 상권정보 업종소분류 코드"		,"columns" : ["상권업종대분류코드","상권업종대분류코드명","상권업종중분류코드","상권업종중분류코드명","상권업종소분류코드","상권업종소분류코드명","데이터기준일자"]		,"resultCode" : "00"		,"resultMsg" : "NORMAL SERVICE"	},	"body" : {			"items" : [				{				"indsLclsCd" : "G1"				,"indsLclsNm" : "도매업"				,"indsMclsCd" : "G111"				,"indsMclsNm" : "상품종합 도매"				,"indsSclsCd" : "G11101"				,"indsSclsNm" : "상품 종합 도매업"				,"stdrDt" : "2023-02-28"				}			]	}}