{	"header" : {		"description" : "소상공인시장진흥공단 상권정보 업종소분류 코드"		,"columns" : ["상권업종대분류코드","상권업종대분류코드명","상권업종중분류코드","상권업종중분류코드명","상권업종소분류코드","상권업종소분류코드명","데이터기준일자"]		,"resultCode" : "00"		,"resultMsg" : "NORMAL SERVICE"	},	"body" : {			"items" : [				{				"indsLclsCd" : "G"				,"indsLclsNm" : "교통/운송"				,"indsMclsCd" : "G12"				,"indsMclsNm" : "운송중개/대행서비스"				,"indsSclsCd" : "G12C04"				,"indsSclsNm" : "계량증명"				,"stdrDt" : "2015-12-17"				}				,{				"indsLclsCd" : "G"				,"indsLclsNm" : "교통/운송"				,"indsMclsCd" : "G12"				,"indsMclsNm" : "운송중개/대행서비스"				,"indsSclsCd" : "G12A02"				,"indsSclsNm" : "관세중개"				,"stdrDt" : "2015-12-17"				}				,{				"indsLclsCd" : "G"				,"indsLclsNm" : "교통/운송"				,"indsMclsCd" : "G12"				,"indsMclsNm" : "운송중개/대행서비스"				,"indsSclsCd" : "G12B99"				,"indsSclsNm" : "선박/항공기중개-기타"				,"stdrDt" : "2015-12-17"				}				,{				"indsLclsCd" : "G"				,"indsLclsNm" : "교통/운송"				,"indsMclsCd" : "G12"				,"indsMclsNm" : "운송중개/대행서비스"				,"indsSclsCd" : "G12B00"				,"indsSclsNm" : "선박/항공기중개-종합"				,"stdrDt" : "2015-12-17"				}				,{				"indsLclsCd" : "G"				,"indsLclsNm" : "교통/운송"				,"indsMclsCd" : "G12"				,"indsMclsNm" : "운송중개/대행서비스"				,"indsSclsCd" : "G12B01"				,"indsSclsNm" : "선박매매중개"				,"stdrDt" : "2015-12-17"				}				,{				"indsLclsCd" : "G"				,"indsLclsNm" : "교통/운송"				,"indsMclsCd" : "G12"				,"indsMclsNm" : "운송중개/대행서비스"				,"indsSclsCd" : "G12C03"				,"indsSclsNm" : "수출입물품검정"				,"stdrDt" : "2015-12-17"				}				,{				"indsLclsCd" : "G"				,"indsLclsNm" : "교통/운송"				,"indsMclsCd" : "G12"				,"indsMclsNm" : "운송중개/대행서비스"				,"indsSclsCd" : "G12A01"				,"indsSclsNm" : "통관대행"				,"stdrDt" : "2015-12-17"				}				,{				"indsLclsCd" : "G"				,"indsLclsNm" : "교통/운송"				,"indsMclsCd" : "G12"				,"indsMclsNm" : "운송중개/대행서비스"				,"indsSclsCd" : "G12C99"				,"indsSclsNm" : "포장/검수/유사서비스-기타"				,"stdrDt" : "2015-12-17"				}				,{				"indsLclsCd" : "G"				,"indsLclsNm" : "교통/운송"				,"indsMclsCd" : "G12"				,"indsMclsNm" : "운송중개/대행서비스"				,"indsSclsCd" : "G12C00"				,"indsSclsNm" : "포장/검수/유사서비스-종합"				,"stdrDt" : "2015-12-17"				}				,{				"indsLclsCd" : "G"				,"indsLclsNm" : "교통/운송"				,"indsMclsCd" : "G12"				,"indsMclsNm" : "운송중개/대행서비스"				,"indsSclsCd" : "G12B02"				,"indsSclsNm" : "항공기매매중개"				,"stdrDt" : "2015-12-17"				}				,{				"indsLclsCd" : "G"				,"indsLclsNm" : "교통/운송"				,"indsMclsCd" : "G12"				,"indsMclsNm" : "운송중개/대행서비스"				,"indsSclsCd" : "G12C02"				,"indsSclsNm" : "화물검수"				,"stdrDt" : "2015-12-17"				}				,{				"indsLclsCd" : "G"				,"indsLclsNm" : "교통/운송"				,"indsMclsCd" : "G12"				,"indsMclsNm" : "운송중개/대행서비스"				,"indsSclsCd" : "G12A03"				,"indsSclsNm" : "화물중개"				,"stdrDt" : "2015-12-17"				}				,{				"indsLclsCd" : "G"				,"indsLclsNm" : "교통/운송"				,"indsMclsCd" : "G12"				,"indsMclsNm" : "운송중개/대행서비스"				,"indsSclsCd" : "G12A99"				,"indsSclsNm" : "화물중개/대리-기타"				,"stdrDt" : "2015-12-17"				}				,{				"indsLclsCd" : "G"				,"indsLclsNm" : "교통/운송"				,"indsMclsCd" : "G12"				,"indsMclsNm" : "운송중개/대행서비스"				,"indsSclsCd" : "G12C01"				,"indsSclsNm" : "화물포장"				,"stdrDt" : "2015-12-17"				}			]	}}