{	"header" : {		"description" : "소상공인시장진흥공단 상권정보 업종소분류 코드"		,"columns" : ["상권업종대분류코드","상권업종대분류코드명","상권업종중분류코드","상권업종중분류코드명","상권업종소분류코드","상권업종소분류코드명","데이터기준일자"]		,"resultCode" : "00"		,"resultMsg" : "NORMAL SERVICE"	},	"body" : {			"items" : [				{				"indsLclsCd" : "G"				,"indsLclsNm" : "교통/운송"				,"indsMclsCd" : "G14"				,"indsMclsNm" : "관광서비스"				,"indsSclsCd" : "G14A01"				,"indsSclsNm" : "여행사관련"				,"stdrDt" : "2015-12-17"				}			]	}}