{	"header" : {		"description" : "소상공인시장진흥공단 상권정보 업종소분류 코드"		,"columns" : ["상권업종대분류코드","상권업종대분류코드명","상권업종중분류코드","상권업종중분류코드명","상권업종소분류코드","상권업종소분류코드명","데이터기준일자"]		,"resultCode" : "00"		,"resultMsg" : "NORMAL SERVICE"	},	"body" : {			"items" : [				{				"indsLclsCd" : "G2"				,"indsLclsNm" : "소매업"				,"indsMclsCd" : "G204"				,"indsMclsNm" : "종합 소매"				,"indsSclsCd" : "G20499"				,"indsSclsNm" : "그 외 기타 종합 소매업"				,"stdrDt" : "2023-02-28"				}				,{				"indsLclsCd" : "G2"				,"indsLclsNm" : "소매업"				,"indsMclsCd" : "G204"				,"indsMclsNm" : "종합 소매"				,"indsSclsCd" : "G20402"				,"indsSclsNm" : "대형 마트"				,"stdrDt" : "2023-02-28"				}				,{				"indsLclsCd" : "G2"				,"indsLclsNm" : "소매업"				,"indsMclsCd" : "G204"				,"indsMclsNm" : "종합 소매"				,"indsSclsCd" : "G20406"				,"indsSclsNm" : "면세점"				,"stdrDt" : "2023-02-28"				}				,{				"indsLclsCd" : "G2"				,"indsLclsNm" : "소매업"				,"indsMclsCd" : "G204"				,"indsMclsNm" : "종합 소매"				,"indsSclsCd" : "G20401"				,"indsSclsNm" : "백화점"				,"stdrDt" : "2023-02-28"				}				,{				"indsLclsCd" : "G2"				,"indsLclsNm" : "소매업"				,"indsMclsCd" : "G204"				,"indsMclsNm" : "종합 소매"				,"indsSclsCd" : "G20404"				,"indsSclsNm" : "슈퍼마켓"				,"stdrDt" : "2023-02-28"				}				,{				"indsLclsCd" : "G2"				,"indsLclsNm" : "소매업"				,"indsMclsCd" : "G204"				,"indsMclsNm" : "종합 소매"				,"indsSclsCd" : "G20403"				,"indsSclsNm" : "아울렛/복합쇼핑몰"				,"stdrDt" : "2023-02-28"				}				,{				"indsLclsCd" : "G2"				,"indsLclsNm" : "소매업"				,"indsMclsCd" : "G204"				,"indsMclsNm" : "종합 소매"				,"indsSclsCd" : "G20405"				,"indsSclsNm" : "편의점"				,"stdrDt" : "2023-02-28"				}			]	}}