{	"header" : {		"description" : "소상공인시장진흥공단 상권정보 업종소분류 코드"		,"columns" : ["상권업종대분류코드","상권업종대분류코드명","상권업종중분류코드","상권업종중분류코드명","상권업종소분류코드","상권업종소분류코드명","데이터기준일자"]		,"resultCode" : "00"		,"resultMsg" : "NORMAL SERVICE"	},	"body" : {			"items" : [				{				"indsLclsCd" : "G2"				,"indsLclsNm" : "소매업"				,"indsMclsCd" : "G205"				,"indsMclsNm" : "식료품 소매"				,"indsSclsCd" : "G20502"				,"indsSclsNm" : "가축 사료 소매업"				,"stdrDt" : "2023-02-28"				}				,{				"indsLclsCd" : "G2"				,"indsLclsNm" : "소매업"				,"indsMclsCd" : "G205"				,"indsMclsNm" : "식료품 소매"				,"indsSclsCd" : "G20508"				,"indsSclsNm" : "건강보조식품 소매업"				,"stdrDt" : "2023-02-28"				}				,{				"indsLclsCd" : "G2"				,"indsLclsNm" : "소매업"				,"indsMclsCd" : "G205"				,"indsMclsNm" : "식료품 소매"				,"indsSclsCd" : "G20504"				,"indsSclsNm" : "건어물/젓갈 소매업"				,"stdrDt" : "2023-02-28"				}				,{				"indsLclsCd" : "G2"				,"indsLclsNm" : "소매업"				,"indsMclsCd" : "G205"				,"indsMclsNm" : "식료품 소매"				,"indsSclsCd" : "G20501"				,"indsSclsNm" : "곡물/곡분 소매업"				,"stdrDt" : "2023-02-28"				}				,{				"indsLclsCd" : "G2"				,"indsLclsNm" : "소매업"				,"indsMclsCd" : "G205"				,"indsMclsNm" : "식료품 소매"				,"indsSclsCd" : "G20509"				,"indsSclsNm" : "반찬/식료품 소매업"				,"stdrDt" : "2023-02-28"				}				,{				"indsLclsCd" : "G2"				,"indsLclsNm" : "소매업"				,"indsMclsCd" : "G205"				,"indsMclsNm" : "식료품 소매"				,"indsSclsCd" : "G20505"				,"indsSclsNm" : "수산물 소매업"				,"stdrDt" : "2023-02-28"				}				,{				"indsLclsCd" : "G2"				,"indsLclsNm" : "소매업"				,"indsMclsCd" : "G205"				,"indsMclsNm" : "식료품 소매"				,"indsSclsCd" : "G20507"				,"indsSclsNm" : "아이스크림 할인점"				,"stdrDt" : "2023-02-28"				}				,{				"indsLclsCd" : "G2"				,"indsLclsNm" : "소매업"				,"indsMclsCd" : "G205"				,"indsMclsNm" : "식료품 소매"				,"indsSclsCd" : "G20503"				,"indsSclsNm" : "정육점"				,"stdrDt" : "2023-02-28"				}				,{				"indsLclsCd" : "G2"				,"indsLclsNm" : "소매업"				,"indsMclsCd" : "G205"				,"indsMclsNm" : "식료품 소매"				,"indsSclsCd" : "G20506"				,"indsSclsNm" : "채소/과일 소매업"				,"stdrDt" : "2023-02-28"				}			]	}}