{	"header" : {		"description" : "소상공인시장진흥공단 상권정보 업종소분류 코드"		,"columns" : ["상권업종대분류코드","상권업종대분류코드명","상권업종중분류코드","상권업종중분류코드명","상권업종소분류코드","상권업종소분류코드명","데이터기준일자"]		,"resultCode" : "00"		,"resultMsg" : "NORMAL SERVICE"	},	"body" : {			"items" : [				{				"indsLclsCd" : "G2"				,"indsLclsNm" : "소매업"				,"indsMclsCd" : "G206"				,"indsMclsNm" : "음료 소매"				,"indsSclsCd" : "G20603"				,"indsSclsNm" : "생수/음료 소매업"				,"stdrDt" : "2023-02-28"				}				,{				"indsLclsCd" : "G2"				,"indsLclsNm" : "소매업"				,"indsMclsCd" : "G206"				,"indsMclsNm" : "음료 소매"				,"indsSclsCd" : "G20601"				,"indsSclsNm" : "얼음 소매업"				,"stdrDt" : "2023-02-28"				}				,{				"indsLclsCd" : "G2"				,"indsLclsNm" : "소매업"				,"indsMclsCd" : "G206"				,"indsMclsNm" : "음료 소매"				,"indsSclsCd" : "G20604"				,"indsSclsNm" : "우유 소매업"				,"stdrDt" : "2023-02-28"				}				,{				"indsLclsCd" : "G2"				,"indsLclsNm" : "소매업"				,"indsMclsCd" : "G206"				,"indsMclsNm" : "음료 소매"				,"indsSclsCd" : "G20602"				,"indsSclsNm" : "주류 소매업"				,"stdrDt" : "2023-02-28"				}			]	}}