{	"header" : {		"description" : "소상공인시장진흥공단 상권정보 업종소분류 코드"		,"columns" : ["상권업종대분류코드","상권업종대분류코드명","상권업종중분류코드","상권업종중분류코드명","상권업종소분류코드","상권업종소분류코드명","데이터기준일자"]		,"resultCode" : "00"		,"resultMsg" : "NORMAL SERVICE"	},	"body" : {			"items" : [				{				"indsLclsCd" : "G2"				,"indsLclsNm" : "소매업"				,"indsMclsCd" : "G208"				,"indsMclsNm" : "가전, 통신 소매"				,"indsSclsCd" : "G20803"				,"indsSclsNm" : "가전제품 소매업"				,"stdrDt" : "2023-02-28"				}				,{				"indsLclsCd" : "G2"				,"indsLclsNm" : "소매업"				,"indsMclsCd" : "G208"				,"indsMclsNm" : "가전, 통신 소매"				,"indsSclsCd" : "G20801"				,"indsSclsNm" : "컴퓨터/소프트웨어 소매업"				,"stdrDt" : "2023-02-28"				}				,{				"indsLclsCd" : "G2"				,"indsLclsNm" : "소매업"				,"indsMclsCd" : "G208"				,"indsMclsNm" : "가전, 통신 소매"				,"indsSclsCd" : "G20802"				,"indsSclsNm" : "핸드폰 소매업"				,"stdrDt" : "2023-02-28"				}			]	}}