{	"header" : {		"description" : "소상공인시장진흥공단 상권정보 업종소분류 코드"		,"columns" : ["상권업종대분류코드","상권업종대분류코드명","상권업종중분류코드","상권업종중분류코드명","상권업종소분류코드","상권업종소분류코드명","데이터기준일자"]		,"resultCode" : "00"		,"resultMsg" : "NORMAL SERVICE"	},	"body" : {			"items" : [				{				"indsLclsCd" : "G2"				,"indsLclsNm" : "소매업"				,"indsMclsCd" : "G209"				,"indsMclsNm" : "섬유, 의복, 신발 소매"				,"indsSclsCd" : "G20908"				,"indsSclsNm" : "가발 소매업"				,"stdrDt" : "2023-02-28"				}				,{				"indsLclsCd" : "G2"				,"indsLclsNm" : "소매업"				,"indsMclsCd" : "G209"				,"indsMclsNm" : "섬유, 의복, 신발 소매"				,"indsSclsCd" : "G20911"				,"indsSclsNm" : "가방 소매업"				,"stdrDt" : "2023-02-28"				}				,{				"indsLclsCd" : "G2"				,"indsLclsNm" : "소매업"				,"indsMclsCd" : "G209"				,"indsMclsNm" : "섬유, 의복, 신발 소매"				,"indsSclsCd" : "G20905"				,"indsSclsNm" : "기타 의류 소매업"				,"stdrDt" : "2023-02-28"				}				,{				"indsLclsCd" : "G2"				,"indsLclsNm" : "소매업"				,"indsMclsCd" : "G209"				,"indsMclsNm" : "섬유, 의복, 신발 소매"				,"indsSclsCd" : "G20901"				,"indsSclsNm" : "남성 의류 소매업"				,"stdrDt" : "2023-02-28"				}				,{				"indsLclsCd" : "G2"				,"indsLclsNm" : "소매업"				,"indsMclsCd" : "G209"				,"indsMclsNm" : "섬유, 의복, 신발 소매"				,"indsSclsCd" : "G20910"				,"indsSclsNm" : "신발 소매업"				,"stdrDt" : "2023-02-28"				}				,{				"indsLclsCd" : "G2"				,"indsLclsNm" : "소매업"				,"indsMclsCd" : "G209"				,"indsMclsNm" : "섬유, 의복, 신발 소매"				,"indsSclsCd" : "G20909"				,"indsSclsNm" : "실/섬유제품 소매업"				,"stdrDt" : "2023-02-28"				}				,{				"indsLclsCd" : "G2"				,"indsLclsNm" : "소매업"				,"indsMclsCd" : "G209"				,"indsMclsNm" : "섬유, 의복, 신발 소매"				,"indsSclsCd" : "G20907"				,"indsSclsNm" : "액세서리/잡화 소매업"				,"stdrDt" : "2023-02-28"				}				,{				"indsLclsCd" : "G2"				,"indsLclsNm" : "소매업"				,"indsMclsCd" : "G209"				,"indsMclsNm" : "섬유, 의복, 신발 소매"				,"indsSclsCd" : "G20902"				,"indsSclsNm" : "여성 의류 소매업"				,"stdrDt" : "2023-02-28"				}				,{				"indsLclsCd" : "G2"				,"indsLclsNm" : "소매업"				,"indsMclsCd" : "G209"				,"indsMclsNm" : "섬유, 의복, 신발 소매"				,"indsSclsCd" : "G20903"				,"indsSclsNm" : "유아용 의류 소매업"				,"stdrDt" : "2023-02-28"				}				,{				"indsLclsCd" : "G2"				,"indsLclsNm" : "소매업"				,"indsMclsCd" : "G209"				,"indsMclsNm" : "섬유, 의복, 신발 소매"				,"indsSclsCd" : "G20906"				,"indsSclsNm" : "침구류/커튼 소매업"				,"stdrDt" : "2023-02-28"				}				,{				"indsLclsCd" : "G2"				,"indsLclsNm" : "소매업"				,"indsMclsCd" : "G209"				,"indsMclsNm" : "섬유, 의복, 신발 소매"				,"indsSclsCd" : "G20904"				,"indsSclsNm" : "한복 소매업"				,"stdrDt" : "2023-02-28"				}			]	}}