{	"header" : {		"description" : "소상공인시장진흥공단 상권정보 업종소분류 코드"		,"columns" : ["상권업종대분류코드","상권업종대분류코드명","상권업종중분류코드","상권업종중분류코드명","상권업종소분류코드","상권업종소분류코드명","데이터기준일자"]		,"resultCode" : "00"		,"resultMsg" : "NORMAL SERVICE"	},	"body" : {			"items" : [				{				"indsLclsCd" : "G2"				,"indsLclsNm" : "소매업"				,"indsMclsCd" : "G210"				,"indsMclsNm" : "철물, 건설자재 소매"				,"indsSclsCd" : "G21003"				,"indsSclsNm" : "건설/건축자재 소매업"				,"stdrDt" : "2023-02-28"				}				,{				"indsLclsCd" : "G2"				,"indsLclsNm" : "소매업"				,"indsMclsCd" : "G210"				,"indsMclsNm" : "철물, 건설자재 소매"				,"indsSclsCd" : "G21099"				,"indsSclsNm" : "기타 건설/건축자재 소매업"				,"stdrDt" : "2023-02-28"				}				,{				"indsLclsCd" : "G2"				,"indsLclsNm" : "소매업"				,"indsMclsCd" : "G210"				,"indsMclsNm" : "철물, 건설자재 소매"				,"indsSclsCd" : "G21002"				,"indsSclsNm" : "벽지/장판/마루 소매업"				,"stdrDt" : "2023-02-28"				}				,{				"indsLclsCd" : "G2"				,"indsLclsNm" : "소매업"				,"indsMclsCd" : "G210"				,"indsMclsNm" : "철물, 건설자재 소매"				,"indsSclsCd" : "G21001"				,"indsSclsNm" : "철물/공구 소매업"				,"stdrDt" : "2023-02-28"				}			]	}}