{	"header" : {		"description" : "소상공인시장진흥공단 상권정보 업종소분류 코드"		,"columns" : ["상권업종대분류코드","상권업종대분류코드명","상권업종중분류코드","상권업종중분류코드명","상권업종소분류코드","상권업종소분류코드명","데이터기준일자"]		,"resultCode" : "00"		,"resultMsg" : "NORMAL SERVICE"	},	"body" : {			"items" : [				{				"indsLclsCd" : "G2"				,"indsLclsNm" : "소매업"				,"indsMclsCd" : "G212"				,"indsMclsNm" : "기타 생활용품 소매"				,"indsSclsCd" : "G21203"				,"indsSclsNm" : "악기 소매업"				,"stdrDt" : "2023-02-28"				}				,{				"indsLclsCd" : "G2"				,"indsLclsNm" : "소매업"				,"indsMclsCd" : "G212"				,"indsMclsNm" : "기타 생활용품 소매"				,"indsSclsCd" : "G21201"				,"indsSclsNm" : "전기용품/조명장치 소매업"				,"stdrDt" : "2023-02-28"				}				,{				"indsLclsCd" : "G2"				,"indsLclsNm" : "소매업"				,"indsMclsCd" : "G212"				,"indsMclsNm" : "기타 생활용품 소매"				,"indsSclsCd" : "G21202"				,"indsSclsNm" : "주방/가정용품 소매업"				,"stdrDt" : "2023-02-28"				}			]	}}