{	"header" : {		"description" : "소상공인시장진흥공단 상권정보 업종소분류 코드"		,"columns" : ["상권업종대분류코드","상권업종대분류코드명","상권업종중분류코드","상권업종중분류코드명","상권업종소분류코드","상권업종소분류코드명","데이터기준일자"]		,"resultCode" : "00"		,"resultMsg" : "NORMAL SERVICE"	},	"body" : {			"items" : [				{				"indsLclsCd" : "G2"				,"indsLclsNm" : "소매업"				,"indsMclsCd" : "G213"				,"indsMclsNm" : "오락용품 소매"				,"indsSclsCd" : "G21302"				,"indsSclsNm" : "문구/회화용품 소매업"				,"stdrDt" : "2023-02-28"				}				,{				"indsLclsCd" : "G2"				,"indsLclsNm" : "소매업"				,"indsMclsCd" : "G213"				,"indsMclsNm" : "오락용품 소매"				,"indsSclsCd" : "G21301"				,"indsSclsNm" : "서점"				,"stdrDt" : "2023-02-28"				}				,{				"indsLclsCd" : "G2"				,"indsLclsNm" : "소매업"				,"indsMclsCd" : "G213"				,"indsMclsNm" : "오락용품 소매"				,"indsSclsCd" : "G21304"				,"indsSclsNm" : "운동용품 소매업"				,"stdrDt" : "2023-02-28"				}				,{				"indsLclsCd" : "G2"				,"indsLclsNm" : "소매업"				,"indsMclsCd" : "G213"				,"indsMclsNm" : "오락용품 소매"				,"indsSclsCd" : "G21303"				,"indsSclsNm" : "음반/비디오물 소매업"				,"stdrDt" : "2023-02-28"				}				,{				"indsLclsCd" : "G2"				,"indsLclsNm" : "소매업"				,"indsMclsCd" : "G213"				,"indsMclsNm" : "오락용품 소매"				,"indsSclsCd" : "G21305"				,"indsSclsNm" : "자전거 소매업"				,"stdrDt" : "2023-02-28"				}				,{				"indsLclsCd" : "G2"				,"indsLclsNm" : "소매업"				,"indsMclsCd" : "G213"				,"indsMclsNm" : "오락용품 소매"				,"indsSclsCd" : "G21306"				,"indsSclsNm" : "장난감 소매업"				,"stdrDt" : "2023-02-28"				}			]	}}