{	"header" : {		"description" : "소상공인시장진흥공단 상권정보 업종소분류 코드"		,"columns" : ["상권업종대분류코드","상권업종대분류코드명","상권업종중분류코드","상권업종중분류코드명","상권업종소분류코드","상권업종소분류코드명","데이터기준일자"]		,"resultCode" : "00"		,"resultMsg" : "NORMAL SERVICE"	},	"body" : {			"items" : [				{				"indsLclsCd" : "G2"				,"indsLclsNm" : "소매업"				,"indsMclsCd" : "G214"				,"indsMclsNm" : "연료 소매"				,"indsSclsCd" : "G21402"				,"indsSclsNm" : "가스 충전소"				,"stdrDt" : "2023-02-28"				}				,{				"indsLclsCd" : "G2"				,"indsLclsNm" : "소매업"				,"indsMclsCd" : "G214"				,"indsMclsNm" : "연료 소매"				,"indsSclsCd" : "G21403"				,"indsSclsNm" : "가정용 연료 소매업"				,"stdrDt" : "2023-02-28"				}				,{				"indsLclsCd" : "G2"				,"indsLclsNm" : "소매업"				,"indsMclsCd" : "G214"				,"indsMclsNm" : "연료 소매"				,"indsSclsCd" : "G21401"				,"indsSclsNm" : "주유소"				,"stdrDt" : "2023-02-28"				}			]	}}