{	"header" : {		"description" : "소상공인시장진흥공단 상권정보 업종소분류 코드"		,"columns" : ["상권업종대분류코드","상권업종대분류코드명","상권업종중분류코드","상권업종중분류코드명","상권업종소분류코드","상권업종소분류코드명","데이터기준일자"]		,"resultCode" : "00"		,"resultMsg" : "NORMAL SERVICE"	},	"body" : {			"items" : [				{				"indsLclsCd" : "G2"				,"indsLclsNm" : "소매업"				,"indsMclsCd" : "G223"				,"indsMclsNm" : "무점포 소매"				,"indsSclsCd" : "G22306"				,"indsSclsNm" : "계약배달 판매업"				,"stdrDt" : "2023-02-28"				}				,{				"indsLclsCd" : "G2"				,"indsLclsNm" : "소매업"				,"indsMclsCd" : "G223"				,"indsMclsNm" : "무점포 소매"				,"indsSclsCd" : "G22399"				,"indsSclsNm" : "그 외 기타 무점포 소매업"				,"stdrDt" : "2023-02-28"				}				,{				"indsLclsCd" : "G2"				,"indsLclsNm" : "소매업"				,"indsMclsCd" : "G223"				,"indsMclsNm" : "무점포 소매"				,"indsSclsCd" : "G22303"				,"indsSclsNm" : "기타 통신 판매업"				,"stdrDt" : "2023-02-28"				}				,{				"indsLclsCd" : "G2"				,"indsLclsNm" : "소매업"				,"indsMclsCd" : "G223"				,"indsMclsNm" : "무점포 소매"				,"indsSclsCd" : "G22304"				,"indsSclsNm" : "노점 및 유사 이동 소매업"				,"stdrDt" : "2023-02-28"				}				,{				"indsLclsCd" : "G2"				,"indsLclsNm" : "소매업"				,"indsMclsCd" : "G223"				,"indsMclsNm" : "무점포 소매"				,"indsSclsCd" : "G22307"				,"indsSclsNm" : "방문 판매업"				,"stdrDt" : "2023-02-28"				}				,{				"indsLclsCd" : "G2"				,"indsLclsNm" : "소매업"				,"indsMclsCd" : "G223"				,"indsMclsNm" : "무점포 소매"				,"indsSclsCd" : "G22305"				,"indsSclsNm" : "자동 판매기 운영업"				,"stdrDt" : "2023-02-28"				}				,{				"indsLclsCd" : "G2"				,"indsLclsNm" : "소매업"				,"indsMclsCd" : "G223"				,"indsMclsNm" : "무점포 소매"				,"indsSclsCd" : "G22301"				,"indsSclsNm" : "전자상거래 소매 중개업"				,"stdrDt" : "2023-02-28"				}				,{				"indsLclsCd" : "G2"				,"indsLclsNm" : "소매업"				,"indsMclsCd" : "G223"				,"indsMclsNm" : "무점포 소매"				,"indsSclsCd" : "G22302"				,"indsSclsNm" : "전자상거래 소매업"				,"stdrDt" : "2023-02-28"				}			]	}}