{	"header" : {		"description" : "소상공인시장진흥공단 상권정보 업종중분류 코드"		,"columns" : ["상권업종대분류코드","상권업종대분류코드명","상권업종중분류코드","상권업종중분류코드명","데이터기준일자"]		,"resultCode" : "00"		,"resultMsg" : "NORMAL SERVICE"	},	"body" : {			"items" : [				{				"indsLclsCd" : "H"				,"indsLclsNm" : "전자/정보통신"				,"indsMclsCd" : "H02"				,"indsMclsNm" : "소프트웨어"				,"stdrDt" : "2015-12-17"				}				,{				"indsLclsCd" : "H"				,"indsLclsNm" : "전자/정보통신"				,"indsMclsCd" : "H04"				,"indsMclsNm" : "인터넷"				,"stdrDt" : "2015-12-17"				}				,{				"indsLclsCd" : "H"				,"indsLclsNm" : "전자/정보통신"				,"indsMclsCd" : "H03"				,"indsMclsNm" : "정보기술서비스"				,"stdrDt" : "2015-12-17"				}				,{				"indsLclsCd" : "H"				,"indsLclsNm" : "전자/정보통신"				,"indsMclsCd" : "H01"				,"indsMclsNm" : "통신업"				,"stdrDt" : "2015-12-17"				}			]	}}