{	"header" : {		"description" : "소상공인시장진흥공단 상권정보 업종소분류 코드"		,"columns" : ["상권업종대분류코드","상권업종대분류코드명","상권업종중분류코드","상권업종중분류코드명","상권업종소분류코드","상권업종소분류코드명","데이터기준일자"]		,"resultCode" : "00"		,"resultMsg" : "NORMAL SERVICE"	},	"body" : {			"items" : [				{				"indsLclsCd" : "H"				,"indsLclsNm" : "전자/정보통신"				,"indsMclsCd" : "H01"				,"indsMclsNm" : "통신업"				,"indsSclsCd" : "H01C03"				,"indsSclsNm" : "거래정보교환(EDI)서비스"				,"stdrDt" : "2015-12-17"				}				,{				"indsLclsCd" : "H"				,"indsLclsNm" : "전자/정보통신"				,"indsMclsCd" : "H01"				,"indsMclsNm" : "통신업"				,"indsSclsCd" : "H01D04"				,"indsSclsNm" : "공중전화관리대행"				,"stdrDt" : "2015-12-17"				}				,{				"indsLclsCd" : "H"				,"indsLclsNm" : "전자/정보통신"				,"indsMclsCd" : "H01"				,"indsMclsNm" : "통신업"				,"indsSclsCd" : "H01D02"				,"indsSclsNm" : "구내통신설비공사"				,"stdrDt" : "2015-12-17"				}				,{				"indsLclsCd" : "H"				,"indsLclsNm" : "전자/정보통신"				,"indsMclsCd" : "H01"				,"indsMclsNm" : "통신업"				,"indsSclsCd" : "H01A04"				,"indsSclsNm" : "국제전화서비스"				,"stdrDt" : "2015-12-17"				}				,{				"indsLclsCd" : "H"				,"indsLclsNm" : "전자/정보통신"				,"indsMclsCd" : "H01"				,"indsMclsNm" : "통신업"				,"indsSclsCd" : "H01C05"				,"indsSclsNm" : "데이타전송업"				,"stdrDt" : "2015-12-17"				}				,{				"indsLclsCd" : "H"				,"indsLclsNm" : "전자/정보통신"				,"indsMclsCd" : "H01"				,"indsMclsNm" : "통신업"				,"indsSclsCd" : "H01B99"				,"indsSclsNm" : "무선통신업-기타"				,"stdrDt" : "2015-12-17"				}				,{				"indsLclsCd" : "H"				,"indsLclsNm" : "전자/정보통신"				,"indsMclsCd" : "H01"				,"indsMclsNm" : "통신업"				,"indsSclsCd" : "H01B00"				,"indsSclsNm" : "무선통신업-종합"				,"stdrDt" : "2015-12-17"				}				,{				"indsLclsCd" : "H"				,"indsLclsNm" : "전자/정보통신"				,"indsMclsCd" : "H01"				,"indsMclsNm" : "통신업"				,"indsSclsCd" : "H01B02"				,"indsSclsNm" : "무선호출서비스"				,"stdrDt" : "2015-12-17"				}				,{				"indsLclsCd" : "H"				,"indsLclsNm" : "전자/정보통신"				,"indsMclsCd" : "H01"				,"indsMclsNm" : "통신업"				,"indsSclsCd" : "H01C99"				,"indsSclsNm" : "부가통신업-기타"				,"stdrDt" : "2015-12-17"				}				,{				"indsLclsCd" : "H"				,"indsLclsNm" : "전자/정보통신"				,"indsMclsCd" : "H01"				,"indsMclsNm" : "통신업"				,"indsSclsCd" : "H01C00"				,"indsSclsNm" : "부가통신업-종합"				,"stdrDt" : "2015-12-17"				}				,{				"indsLclsCd" : "H"				,"indsLclsNm" : "전자/정보통신"				,"indsMclsCd" : "H01"				,"indsMclsNm" : "통신업"				,"indsSclsCd" : "H01A02"				,"indsSclsNm" : "시내전화서비스"				,"stdrDt" : "2015-12-17"				}				,{				"indsLclsCd" : "H"				,"indsLclsNm" : "전자/정보통신"				,"indsMclsCd" : "H01"				,"indsMclsNm" : "통신업"				,"indsSclsCd" : "H01A03"				,"indsSclsNm" : "시외전화서비스"				,"stdrDt" : "2015-12-17"				}				,{				"indsLclsCd" : "H"				,"indsLclsNm" : "전자/정보통신"				,"indsMclsCd" : "H01"				,"indsMclsNm" : "통신업"				,"indsSclsCd" : "H01B05"				,"indsSclsNm" : "위성통신서비스"				,"stdrDt" : "2015-12-17"				}				,{				"indsLclsCd" : "H"				,"indsLclsNm" : "전자/정보통신"				,"indsMclsCd" : "H01"				,"indsMclsNm" : "통신업"				,"indsSclsCd" : "H01A99"				,"indsSclsNm" : "유선통신업-기타"				,"stdrDt" : "2015-12-17"				}				,{				"indsLclsCd" : "H"				,"indsLclsNm" : "전자/정보통신"				,"indsMclsCd" : "H01"				,"indsMclsNm" : "통신업"				,"indsSclsCd" : "H01A00"				,"indsSclsNm" : "유선통신업-종합"				,"stdrDt" : "2015-12-17"				}				,{				"indsLclsCd" : "H"				,"indsLclsNm" : "전자/정보통신"				,"indsMclsCd" : "H01"				,"indsMclsNm" : "통신업"				,"indsSclsCd" : "H01B01"				,"indsSclsNm" : "이동통신서비스"				,"stdrDt" : "2015-12-17"				}				,{				"indsLclsCd" : "H"				,"indsLclsNm" : "전자/정보통신"				,"indsMclsCd" : "H01"				,"indsMclsNm" : "통신업"				,"indsSclsCd" : "H01A01"				,"indsSclsNm" : "전신/전보서비스"				,"stdrDt" : "2015-12-17"				}				,{				"indsLclsCd" : "H"				,"indsLclsNm" : "전자/정보통신"				,"indsMclsCd" : "H01"				,"indsMclsNm" : "통신업"				,"indsSclsCd" : "H01C02"				,"indsSclsNm" : "전자사서함"				,"stdrDt" : "2015-12-17"				}				,{				"indsLclsCd" : "H"				,"indsLclsNm" : "전자/정보통신"				,"indsMclsCd" : "H01"				,"indsMclsNm" : "통신업"				,"indsSclsCd" : "H01C04"				,"indsSclsNm" : "컴퓨터예약서비스"				,"stdrDt" : "2015-12-17"				}				,{				"indsLclsCd" : "H"				,"indsLclsNm" : "전자/정보통신"				,"indsMclsCd" : "H01"				,"indsMclsNm" : "통신업"				,"indsSclsCd" : "H01C01"				,"indsSclsNm" : "컴퓨터통신서비스"				,"stdrDt" : "2015-12-17"				}				,{				"indsLclsCd" : "H"				,"indsLclsNm" : "전자/정보통신"				,"indsMclsCd" : "H01"				,"indsMclsNm" : "통신업"				,"indsSclsCd" : "H01D99"				,"indsSclsNm" : "통신관련서비스-기타"				,"stdrDt" : "2015-12-17"				}				,{				"indsLclsCd" : "H"				,"indsLclsNm" : "전자/정보통신"				,"indsMclsCd" : "H01"				,"indsMclsNm" : "통신업"				,"indsSclsCd" : "H01D00"				,"indsSclsNm" : "통신관련서비스-종합"				,"stdrDt" : "2015-12-17"				}				,{				"indsLclsCd" : "H"				,"indsLclsNm" : "전자/정보통신"				,"indsMclsCd" : "H01"				,"indsMclsNm" : "통신업"				,"indsSclsCd" : "H01D01"				,"indsSclsNm" : "통신선로공사"				,"stdrDt" : "2015-12-17"				}				,{				"indsLclsCd" : "H"				,"indsLclsNm" : "전자/정보통신"				,"indsMclsCd" : "H01"				,"indsMclsNm" : "통신업"				,"indsSclsCd" : "H01D03"				,"indsSclsNm" : "통신설비설계/자문"				,"stdrDt" : "2015-12-17"				}				,{				"indsLclsCd" : "H"				,"indsLclsNm" : "전자/정보통신"				,"indsMclsCd" : "H01"				,"indsMclsNm" : "통신업"				,"indsSclsCd" : "H01B04"				,"indsSclsNm" : "항공기전화서비스"				,"stdrDt" : "2015-12-17"				}				,{				"indsLclsCd" : "H"				,"indsLclsNm" : "전자/정보통신"				,"indsMclsCd" : "H01"				,"indsMclsNm" : "통신업"				,"indsSclsCd" : "H01B03"				,"indsSclsNm" : "항만전화서비스"				,"stdrDt" : "2015-12-17"				}			]	}}