{	"header" : {		"description" : "소상공인시장진흥공단 상권정보 업종소분류 코드"		,"columns" : ["상권업종대분류코드","상권업종대분류코드명","상권업종중분류코드","상권업종중분류코드명","상권업종소분류코드","상권업종소분류코드명","데이터기준일자"]		,"resultCode" : "00"		,"resultMsg" : "NORMAL SERVICE"	},	"body" : {			"items" : [				{				"indsLclsCd" : "H"				,"indsLclsNm" : "전자/정보통신"				,"indsMclsCd" : "H02"				,"indsMclsNm" : "소프트웨어"				,"indsSclsCd" : "H02A05"				,"indsSclsNm" : "게임소프트웨어개발"				,"stdrDt" : "2015-12-17"				}				,{				"indsLclsCd" : "H"				,"indsLclsNm" : "전자/정보통신"				,"indsMclsCd" : "H02"				,"indsMclsNm" : "소프트웨어"				,"indsSclsCd" : "H02A01"				,"indsSclsNm" : "소프트웨어개발"				,"stdrDt" : "2015-12-17"				}				,{				"indsLclsCd" : "H"				,"indsLclsNm" : "전자/정보통신"				,"indsMclsCd" : "H02"				,"indsMclsNm" : "소프트웨어"				,"indsSclsCd" : "H02A99"				,"indsSclsNm" : "소프트웨어개발/자료처리-기타"				,"stdrDt" : "2015-12-17"				}				,{				"indsLclsCd" : "H"				,"indsLclsNm" : "전자/정보통신"				,"indsMclsCd" : "H02"				,"indsMclsNm" : "소프트웨어"				,"indsSclsCd" : "H02A00"				,"indsSclsNm" : "소프트웨어개발/자료처리-종합"				,"stdrDt" : "2015-12-17"				}				,{				"indsLclsCd" : "H"				,"indsLclsNm" : "전자/정보통신"				,"indsMclsCd" : "H02"				,"indsMclsNm" : "소프트웨어"				,"indsSclsCd" : "H02A03"				,"indsSclsNm" : "자료입력대행"				,"stdrDt" : "2015-12-17"				}				,{				"indsLclsCd" : "H"				,"indsLclsNm" : "전자/정보통신"				,"indsMclsCd" : "H02"				,"indsMclsNm" : "소프트웨어"				,"indsSclsCd" : "H02A02"				,"indsSclsNm" : "정보처리대행"				,"stdrDt" : "2015-12-17"				}				,{				"indsLclsCd" : "H"				,"indsLclsNm" : "전자/정보통신"				,"indsMclsCd" : "H02"				,"indsMclsNm" : "소프트웨어"				,"indsSclsCd" : "H02A04"				,"indsSclsNm" : "프로그램개발대행"				,"stdrDt" : "2015-12-17"				}			]	}}