{	"header" : {		"description" : "소상공인시장진흥공단 상권정보 업종소분류 코드"		,"columns" : ["상권업종대분류코드","상권업종대분류코드명","상권업종중분류코드","상권업종중분류코드명","상권업종소분류코드","상권업종소분류코드명","데이터기준일자"]		,"resultCode" : "00"		,"resultMsg" : "NORMAL SERVICE"	},	"body" : {			"items" : [				{				"indsLclsCd" : "H"				,"indsLclsNm" : "전자/정보통신"				,"indsMclsCd" : "H03"				,"indsMclsNm" : "정보기술서비스"				,"indsSclsCd" : "H03A05"				,"indsSclsNm" : "CRM서비스"				,"stdrDt" : "2015-12-17"				}				,{				"indsLclsCd" : "H"				,"indsLclsNm" : "전자/정보통신"				,"indsMclsCd" : "H03"				,"indsMclsNm" : "정보기술서비스"				,"indsSclsCd" : "H03A01"				,"indsSclsNm" : "데이터베이스개발"				,"stdrDt" : "2015-12-17"				}				,{				"indsLclsCd" : "H"				,"indsLclsNm" : "전자/정보통신"				,"indsMclsCd" : "H03"				,"indsMclsNm" : "정보기술서비스"				,"indsSclsCd" : "H03A06"				,"indsSclsNm" : "데이터베이스복구"				,"stdrDt" : "2015-12-17"				}				,{				"indsLclsCd" : "H"				,"indsLclsNm" : "전자/정보통신"				,"indsMclsCd" : "H03"				,"indsMclsNm" : "정보기술서비스"				,"indsSclsCd" : "H03A99"				,"indsSclsNm" : "데이터베이스사업-기타"				,"stdrDt" : "2015-12-17"				}				,{				"indsLclsCd" : "H"				,"indsLclsNm" : "전자/정보통신"				,"indsMclsCd" : "H03"				,"indsMclsNm" : "정보기술서비스"				,"indsSclsCd" : "H03A00"				,"indsSclsNm" : "데이터베이스사업-종합"				,"stdrDt" : "2015-12-17"				}				,{				"indsLclsCd" : "H"				,"indsLclsNm" : "전자/정보통신"				,"indsMclsCd" : "H03"				,"indsMclsNm" : "정보기술서비스"				,"indsSclsCd" : "H03A03"				,"indsSclsNm" : "사업정보제공서비스"				,"stdrDt" : "2015-12-17"				}				,{				"indsLclsCd" : "H"				,"indsLclsNm" : "전자/정보통신"				,"indsMclsCd" : "H03"				,"indsMclsNm" : "정보기술서비스"				,"indsSclsCd" : "H03C02"				,"indsSclsNm" : "신문스크랩서비스"				,"stdrDt" : "2015-12-17"				}				,{				"indsLclsCd" : "H"				,"indsLclsNm" : "전자/정보통신"				,"indsMclsCd" : "H03"				,"indsMclsNm" : "정보기술서비스"				,"indsSclsCd" : "H03A04"				,"indsSclsNm" : "음성정보서비스"				,"stdrDt" : "2015-12-17"				}				,{				"indsLclsCd" : "H"				,"indsLclsNm" : "전자/정보통신"				,"indsMclsCd" : "H03"				,"indsMclsNm" : "정보기술서비스"				,"indsSclsCd" : "H03B01"				,"indsSclsNm" : "컴퓨터공학엔지니어링서비스"				,"stdrDt" : "2015-12-17"				}				,{				"indsLclsCd" : "H"				,"indsLclsNm" : "전자/정보통신"				,"indsMclsCd" : "H03"				,"indsMclsNm" : "정보기술서비스"				,"indsSclsCd" : "H03B99"				,"indsSclsNm" : "컴퓨터기술관련서비스-기타"				,"stdrDt" : "2015-12-17"				}				,{				"indsLclsCd" : "H"				,"indsLclsNm" : "전자/정보통신"				,"indsMclsCd" : "H03"				,"indsMclsNm" : "정보기술서비스"				,"indsSclsCd" : "H03B00"				,"indsSclsNm" : "컴퓨터기술관련서비스-종합"				,"stdrDt" : "2015-12-17"				}				,{				"indsLclsCd" : "H"				,"indsLclsNm" : "전자/정보통신"				,"indsMclsCd" : "H03"				,"indsMclsNm" : "정보기술서비스"				,"indsSclsCd" : "H03B03"				,"indsSclsNm" : "컴퓨터디자인서비스"				,"stdrDt" : "2015-12-17"				}				,{				"indsLclsCd" : "H"				,"indsLclsNm" : "전자/정보통신"				,"indsMclsCd" : "H03"				,"indsMclsNm" : "정보기술서비스"				,"indsSclsCd" : "H03B02"				,"indsSclsNm" : "통신공학엔지니어링서비스"				,"stdrDt" : "2015-12-17"				}			]	}}