{	"header" : {		"description" : "소상공인시장진흥공단 상권정보 업종소분류 코드"		,"columns" : ["상권업종대분류코드","상권업종대분류코드명","상권업종중분류코드","상권업종중분류코드명","상권업종소분류코드","상권업종소분류코드명","데이터기준일자"]		,"resultCode" : "00"		,"resultMsg" : "NORMAL SERVICE"	},	"body" : {			"items" : [				{				"indsLclsCd" : "H"				,"indsLclsNm" : "전자/정보통신"				,"indsMclsCd" : "H04"				,"indsMclsNm" : "인터넷"				,"indsSclsCd" : "H04A05"				,"indsSclsNm" : "인터넷TV"				,"stdrDt" : "2015-12-17"				}				,{				"indsLclsCd" : "H"				,"indsLclsNm" : "전자/정보통신"				,"indsMclsCd" : "H04"				,"indsMclsNm" : "인터넷"				,"indsSclsCd" : "H04A99"				,"indsSclsNm" : "인터넷관련사업-기타"				,"stdrDt" : "2015-12-17"				}				,{				"indsLclsCd" : "H"				,"indsLclsNm" : "전자/정보통신"				,"indsMclsCd" : "H04"				,"indsMclsNm" : "인터넷"				,"indsSclsCd" : "H04A00"				,"indsSclsNm" : "인터넷관련사업-종합"				,"stdrDt" : "2015-12-17"				}				,{				"indsLclsCd" : "H"				,"indsLclsNm" : "전자/정보통신"				,"indsMclsCd" : "H04"				,"indsMclsNm" : "인터넷"				,"indsSclsCd" : "H04A02"				,"indsSclsNm" : "인터넷광고대행"				,"stdrDt" : "2015-12-17"				}				,{				"indsLclsCd" : "H"				,"indsLclsNm" : "전자/정보통신"				,"indsMclsCd" : "H04"				,"indsMclsNm" : "인터넷"				,"indsSclsCd" : "H04A06"				,"indsSclsNm" : "인터넷교육"				,"stdrDt" : "2015-12-17"				}				,{				"indsLclsCd" : "H"				,"indsLclsNm" : "전자/정보통신"				,"indsMclsCd" : "H04"				,"indsMclsNm" : "인터넷"				,"indsSclsCd" : "H04A04"				,"indsSclsNm" : "인터넷상거래"				,"stdrDt" : "2015-12-17"				}				,{				"indsLclsCd" : "H"				,"indsLclsNm" : "전자/정보통신"				,"indsMclsCd" : "H04"				,"indsMclsNm" : "인터넷"				,"indsSclsCd" : "H04A01"				,"indsSclsNm" : "인터넷홈페이지제작"				,"stdrDt" : "2015-12-17"				}			]	}}