{	"header" : {		"description" : "소상공인시장진흥공단 상권정보 업종중분류 코드"		,"columns" : ["상권업종대분류코드","상권업종대분류코드명","상권업종중분류코드","상권업종중분류코드명","데이터기준일자"]		,"resultCode" : "00"		,"resultMsg" : "NORMAL SERVICE"	},	"body" : {			"items" : [				{				"indsLclsCd" : "H1"				,"indsLclsNm" : "운수, 창고"				,"indsMclsCd" : "H111"				,"indsMclsNm" : "기타 운송"				,"stdrDt" : "2023-02-28"				}				,{				"indsLclsCd" : "H1"				,"indsLclsNm" : "운수, 창고"				,"indsMclsCd" : "H107"				,"indsMclsNm" : "내륙수상, 항만 운송"				,"stdrDt" : "2023-02-28"				}				,{				"indsLclsCd" : "H1"				,"indsLclsNm" : "운수, 창고"				,"indsMclsCd" : "H103"				,"indsMclsNm" : "도로 화물 운송"				,"stdrDt" : "2023-02-28"				}				,{				"indsLclsCd" : "H1"				,"indsLclsNm" : "운수, 창고"				,"indsMclsCd" : "H110"				,"indsMclsNm" : "보관, 창고"				,"stdrDt" : "2023-02-28"				}				,{				"indsLclsCd" : "H1"				,"indsLclsNm" : "운수, 창고"				,"indsMclsCd" : "H104"				,"indsMclsNm" : "소화물 운송"				,"stdrDt" : "2023-02-28"				}				,{				"indsLclsCd" : "H1"				,"indsLclsNm" : "운수, 창고"				,"indsMclsCd" : "H102"				,"indsMclsNm" : "육상 여객 운송"				,"stdrDt" : "2023-02-28"				}				,{				"indsLclsCd" : "H1"				,"indsLclsNm" : "운수, 창고"				,"indsMclsCd" : "H101"				,"indsMclsNm" : "철도 운송"				,"stdrDt" : "2023-02-28"				}				,{				"indsLclsCd" : "H1"				,"indsLclsNm" : "운수, 창고"				,"indsMclsCd" : "H105"				,"indsMclsNm" : "파이프라인"				,"stdrDt" : "2023-02-28"				}				,{				"indsLclsCd" : "H1"				,"indsLclsNm" : "운수, 창고"				,"indsMclsCd" : "H108"				,"indsMclsNm" : "항공 여객 운송"				,"stdrDt" : "2023-02-28"				}				,{				"indsLclsCd" : "H1"				,"indsLclsNm" : "운수, 창고"				,"indsMclsCd" : "H109"				,"indsMclsNm" : "항공 화물 운송"				,"stdrDt" : "2023-02-28"				}				,{				"indsLclsCd" : "H1"				,"indsLclsNm" : "운수, 창고"				,"indsMclsCd" : "H106"				,"indsMclsNm" : "해상 운송"				,"stdrDt" : "2023-02-28"				}			]	}}