{	"header" : {		"description" : "소상공인시장진흥공단 상권정보 업종소분류 코드"		,"columns" : ["상권업종대분류코드","상권업종대분류코드명","상권업종중분류코드","상권업종중분류코드명","상권업종소분류코드","상권업종소분류코드명","데이터기준일자"]		,"resultCode" : "00"		,"resultMsg" : "NORMAL SERVICE"	},	"body" : {			"items" : [				{				"indsLclsCd" : "H1"				,"indsLclsNm" : "운수, 창고"				,"indsMclsCd" : "H102"				,"indsMclsNm" : "육상 여객 운송"				,"indsSclsCd" : "H10203"				,"indsSclsNm" : "기타 도시 정기 육상 여객 운송업"				,"stdrDt" : "2023-02-28"				}				,{				"indsLclsCd" : "H1"				,"indsLclsNm" : "운수, 창고"				,"indsMclsCd" : "H102"				,"indsMclsNm" : "육상 여객 운송"				,"indsSclsCd" : "H10299"				,"indsSclsNm" : "기타 부정기 여객 육상 운송업"				,"stdrDt" : "2023-02-28"				}				,{				"indsLclsCd" : "H1"				,"indsLclsNm" : "운수, 창고"				,"indsMclsCd" : "H102"				,"indsMclsNm" : "육상 여객 운송"				,"indsSclsCd" : "H10201"				,"indsSclsNm" : "도시철도 운송업"				,"stdrDt" : "2023-02-28"				}				,{				"indsLclsCd" : "H1"				,"indsLclsNm" : "운수, 창고"				,"indsMclsCd" : "H102"				,"indsMclsNm" : "육상 여객 운송"				,"indsSclsCd" : "H10202"				,"indsSclsNm" : "시내버스 운송업"				,"stdrDt" : "2023-02-28"				}				,{				"indsLclsCd" : "H1"				,"indsLclsNm" : "운수, 창고"				,"indsMclsCd" : "H102"				,"indsMclsNm" : "육상 여객 운송"				,"indsSclsCd" : "H10204"				,"indsSclsNm" : "시외버스 운송업"				,"stdrDt" : "2023-02-28"				}				,{				"indsLclsCd" : "H1"				,"indsLclsNm" : "운수, 창고"				,"indsMclsCd" : "H102"				,"indsMclsNm" : "육상 여객 운송"				,"indsSclsCd" : "H10206"				,"indsSclsNm" : "전세버스 운송업"				,"stdrDt" : "2023-02-28"				}				,{				"indsLclsCd" : "H1"				,"indsLclsNm" : "운수, 창고"				,"indsMclsCd" : "H102"				,"indsMclsNm" : "육상 여객 운송"				,"indsSclsCd" : "H10205"				,"indsSclsNm" : "택시 운송업"				,"stdrDt" : "2023-02-28"				}				,{				"indsLclsCd" : "H1"				,"indsLclsNm" : "운수, 창고"				,"indsMclsCd" : "H102"				,"indsMclsNm" : "육상 여객 운송"				,"indsSclsCd" : "H10207"				,"indsSclsNm" : "특수 여객 자동차 운송업"				,"stdrDt" : "2023-02-28"				}			]	}}