{	"header" : {		"description" : "소상공인시장진흥공단 상권정보 업종소분류 코드"		,"columns" : ["상권업종대분류코드","상권업종대분류코드명","상권업종중분류코드","상권업종중분류코드명","상권업종소분류코드","상권업종소분류코드명","데이터기준일자"]		,"resultCode" : "00"		,"resultMsg" : "NORMAL SERVICE"	},	"body" : {			"items" : [				{				"indsLclsCd" : "H1"				,"indsLclsNm" : "운수, 창고"				,"indsMclsCd" : "H103"				,"indsMclsNm" : "도로 화물 운송"				,"indsSclsCd" : "H10303"				,"indsSclsNm" : "개별 화물 자동차 운송업"				,"stdrDt" : "2023-02-28"				}				,{				"indsLclsCd" : "H1"				,"indsLclsNm" : "운수, 창고"				,"indsMclsCd" : "H103"				,"indsMclsNm" : "도로 화물 운송"				,"indsSclsCd" : "H10399"				,"indsSclsNm" : "기타 도로 화물 운송업"				,"stdrDt" : "2023-02-28"				}				,{				"indsLclsCd" : "H1"				,"indsLclsNm" : "운수, 창고"				,"indsMclsCd" : "H103"				,"indsMclsNm" : "도로 화물 운송"				,"indsSclsCd" : "H10302"				,"indsSclsNm" : "용달 화물 자동차 운송업"				,"stdrDt" : "2023-02-28"				}				,{				"indsLclsCd" : "H1"				,"indsLclsNm" : "운수, 창고"				,"indsMclsCd" : "H103"				,"indsMclsNm" : "도로 화물 운송"				,"indsSclsCd" : "H10301"				,"indsSclsNm" : "일반 화물 자동차 운송업"				,"stdrDt" : "2023-02-28"				}			]	}}