{	"header" : {		"description" : "소상공인시장진흥공단 상권정보 업종소분류 코드"		,"columns" : ["상권업종대분류코드","상권업종대분류코드명","상권업종중분류코드","상권업종중분류코드명","상권업종소분류코드","상권업종소분류코드명","데이터기준일자"]		,"resultCode" : "00"		,"resultMsg" : "NORMAL SERVICE"	},	"body" : {			"items" : [				{				"indsLclsCd" : "H1"				,"indsLclsNm" : "운수, 창고"				,"indsMclsCd" : "H105"				,"indsMclsNm" : "파이프라인"				,"indsSclsCd" : "H10501"				,"indsSclsNm" : "파이프라인 운송업"				,"stdrDt" : "2023-02-28"				}			]	}}