{	"header" : {		"description" : "소상공인시장진흥공단 상권정보 업종소분류 코드"		,"columns" : ["상권업종대분류코드","상권업종대분류코드명","상권업종중분류코드","상권업종중분류코드명","상권업종소분류코드","상권업종소분류코드명","데이터기준일자"]		,"resultCode" : "00"		,"resultMsg" : "NORMAL SERVICE"	},	"body" : {			"items" : [				{				"indsLclsCd" : "H1"				,"indsLclsNm" : "운수, 창고"				,"indsMclsCd" : "H106"				,"indsMclsNm" : "해상 운송"				,"indsSclsCd" : "H10699"				,"indsSclsNm" : "기타 해상 운송업"				,"stdrDt" : "2023-02-28"				}				,{				"indsLclsCd" : "H1"				,"indsLclsNm" : "운수, 창고"				,"indsMclsCd" : "H106"				,"indsMclsNm" : "해상 운송"				,"indsSclsCd" : "H10603"				,"indsSclsNm" : "내항 여객 운송업"				,"stdrDt" : "2023-02-28"				}				,{				"indsLclsCd" : "H1"				,"indsLclsNm" : "운수, 창고"				,"indsMclsCd" : "H106"				,"indsMclsNm" : "해상 운송"				,"indsSclsCd" : "H10604"				,"indsSclsNm" : "내항 화물 운송업"				,"stdrDt" : "2023-02-28"				}				,{				"indsLclsCd" : "H1"				,"indsLclsNm" : "운수, 창고"				,"indsMclsCd" : "H106"				,"indsMclsNm" : "해상 운송"				,"indsSclsCd" : "H10601"				,"indsSclsNm" : "외항 여객 운송업"				,"stdrDt" : "2023-02-28"				}				,{				"indsLclsCd" : "H1"				,"indsLclsNm" : "운수, 창고"				,"indsMclsCd" : "H106"				,"indsMclsNm" : "해상 운송"				,"indsSclsCd" : "H10602"				,"indsSclsNm" : "외항 화물 운송업"				,"stdrDt" : "2023-02-28"				}			]	}}