{	"header" : {		"description" : "소상공인시장진흥공단 상권정보 업종소분류 코드"		,"columns" : ["상권업종대분류코드","상권업종대분류코드명","상권업종중분류코드","상권업종중분류코드명","상권업종소분류코드","상권업종소분류코드명","데이터기준일자"]		,"resultCode" : "00"		,"resultMsg" : "NORMAL SERVICE"	},	"body" : {			"items" : [				{				"indsLclsCd" : "H1"				,"indsLclsNm" : "운수, 창고"				,"indsMclsCd" : "H107"				,"indsMclsNm" : "내륙수상, 항만 운송"				,"indsSclsCd" : "H10799"				,"indsSclsNm" : "기타 내륙 수상 운송업"				,"stdrDt" : "2023-02-28"				}				,{				"indsLclsCd" : "H1"				,"indsLclsNm" : "운수, 창고"				,"indsMclsCd" : "H107"				,"indsMclsNm" : "내륙수상, 항만 운송"				,"indsSclsCd" : "H10701"				,"indsSclsNm" : "내륙 수상 여객 및 화물 운송업"				,"stdrDt" : "2023-02-28"				}				,{				"indsLclsCd" : "H1"				,"indsLclsNm" : "운수, 창고"				,"indsMclsCd" : "H107"				,"indsMclsNm" : "내륙수상, 항만 운송"				,"indsSclsCd" : "H10702"				,"indsSclsNm" : "항만 내 여객 운송업"				,"stdrDt" : "2023-02-28"				}			]	}}