{	"header" : {		"description" : "소상공인시장진흥공단 상권정보 업종소분류 코드"		,"columns" : ["상권업종대분류코드","상권업종대분류코드명","상권업종중분류코드","상권업종중분류코드명","상권업종소분류코드","상권업종소분류코드명","데이터기준일자"]		,"resultCode" : "00"		,"resultMsg" : "NORMAL SERVICE"	},	"body" : {			"items" : [				{				"indsLclsCd" : "H1"				,"indsLclsNm" : "운수, 창고"				,"indsMclsCd" : "H110"				,"indsMclsNm" : "보관, 창고"				,"indsSclsCd" : "H11099"				,"indsSclsNm" : "기타 보관 및 창고업"				,"stdrDt" : "2023-02-28"				}				,{				"indsLclsCd" : "H1"				,"indsLclsNm" : "운수, 창고"				,"indsMclsCd" : "H110"				,"indsMclsNm" : "보관, 창고"				,"indsSclsCd" : "H11002"				,"indsSclsNm" : "냉장 및 냉동 창고업"				,"stdrDt" : "2023-02-28"				}				,{				"indsLclsCd" : "H1"				,"indsLclsNm" : "운수, 창고"				,"indsMclsCd" : "H110"				,"indsMclsNm" : "보관, 창고"				,"indsSclsCd" : "H11003"				,"indsSclsNm" : "농산물 창고업"				,"stdrDt" : "2023-02-28"				}				,{				"indsLclsCd" : "H1"				,"indsLclsNm" : "운수, 창고"				,"indsMclsCd" : "H110"				,"indsMclsNm" : "보관, 창고"				,"indsSclsCd" : "H11004"				,"indsSclsNm" : "위험 물품 보관업"				,"stdrDt" : "2023-02-28"				}				,{				"indsLclsCd" : "H1"				,"indsLclsNm" : "운수, 창고"				,"indsMclsCd" : "H110"				,"indsMclsNm" : "보관, 창고"				,"indsSclsCd" : "H11001"				,"indsSclsNm" : "일반 창고업"				,"stdrDt" : "2023-02-28"				}			]	}}