{	"header" : {		"description" : "소상공인시장진흥공단 상권정보 업종소분류 코드"		,"columns" : ["상권업종대분류코드","상권업종대분류코드명","상권업종중분류코드","상권업종중분류코드명","상권업종소분류코드","상권업종소분류코드명","데이터기준일자"]		,"resultCode" : "00"		,"resultMsg" : "NORMAL SERVICE"	},	"body" : {			"items" : [				{				"indsLclsCd" : "H1"				,"indsLclsNm" : "운수, 창고"				,"indsMclsCd" : "H111"				,"indsMclsNm" : "기타 운송"				,"indsSclsCd" : "H11109"				,"indsSclsNm" : "공항 운영업"				,"stdrDt" : "2023-02-28"				}				,{				"indsLclsCd" : "H1"				,"indsLclsNm" : "운수, 창고"				,"indsMclsCd" : "H111"				,"indsMclsNm" : "기타 운송"				,"indsSclsCd" : "H11199"				,"indsSclsNm" : "그 외 기타 분류 안된 운송관련 서비스업"				,"stdrDt" : "2023-02-28"				}				,{				"indsLclsCd" : "H1"				,"indsLclsNm" : "운수, 창고"				,"indsMclsCd" : "H111"				,"indsMclsNm" : "기타 운송"				,"indsSclsCd" : "H11108"				,"indsSclsNm" : "기타 수상 운송 지원 서비스업"				,"stdrDt" : "2023-02-28"				}				,{				"indsLclsCd" : "H1"				,"indsLclsNm" : "운수, 창고"				,"indsMclsCd" : "H111"				,"indsMclsNm" : "기타 운송"				,"indsSclsCd" : "H11106"				,"indsSclsNm" : "기타 육상 운송지원 서비스업"				,"stdrDt" : "2023-02-28"				}				,{				"indsLclsCd" : "H1"				,"indsLclsNm" : "운수, 창고"				,"indsMclsCd" : "H111"				,"indsMclsNm" : "기타 운송"				,"indsSclsCd" : "H11110"				,"indsSclsNm" : "기타 항공 운송지원 서비스업"				,"stdrDt" : "2023-02-28"				}				,{				"indsLclsCd" : "H1"				,"indsLclsNm" : "운수, 창고"				,"indsMclsCd" : "H111"				,"indsMclsNm" : "기타 운송"				,"indsSclsCd" : "H11104"				,"indsSclsNm" : "도로 및 관련시설 운영업"				,"stdrDt" : "2023-02-28"				}				,{				"indsLclsCd" : "H1"				,"indsLclsNm" : "운수, 창고"				,"indsMclsCd" : "H111"				,"indsMclsNm" : "기타 운송"				,"indsSclsCd" : "H11103"				,"indsSclsNm" : "물류 터미널 운영업"				,"stdrDt" : "2023-02-28"				}				,{				"indsLclsCd" : "H1"				,"indsLclsNm" : "운수, 창고"				,"indsMclsCd" : "H111"				,"indsMclsNm" : "기타 운송"				,"indsSclsCd" : "H11112"				,"indsSclsNm" : "수상 화물 취급업"				,"stdrDt" : "2023-02-28"				}				,{				"indsLclsCd" : "H1"				,"indsLclsNm" : "운수, 창고"				,"indsMclsCd" : "H111"				,"indsMclsNm" : "기타 운송"				,"indsSclsCd" : "H11102"				,"indsSclsNm" : "여객 자동차 터미널 운영업"				,"stdrDt" : "2023-02-28"				}				,{				"indsLclsCd" : "H1"				,"indsLclsNm" : "운수, 창고"				,"indsMclsCd" : "H111"				,"indsMclsNm" : "기타 운송"				,"indsSclsCd" : "H11105"				,"indsSclsNm" : "주차장 운영업"				,"stdrDt" : "2023-02-28"				}				,{				"indsLclsCd" : "H1"				,"indsLclsNm" : "운수, 창고"				,"indsMclsCd" : "H111"				,"indsMclsNm" : "기타 운송"				,"indsSclsCd" : "H11101"				,"indsSclsNm" : "철도 운송 지원 서비스업"				,"stdrDt" : "2023-02-28"				}				,{				"indsLclsCd" : "H1"				,"indsLclsNm" : "운수, 창고"				,"indsMclsCd" : "H111"				,"indsMclsNm" : "기타 운송"				,"indsSclsCd" : "H11113"				,"indsSclsNm" : "통관 대리 및 관련서비스업"				,"stdrDt" : "2023-02-28"				}				,{				"indsLclsCd" : "H1"				,"indsLclsNm" : "운수, 창고"				,"indsMclsCd" : "H111"				,"indsMclsNm" : "기타 운송"				,"indsSclsCd" : "H11111"				,"indsSclsNm" : "항공 및 육상 화물 취급업"				,"stdrDt" : "2023-02-28"				}				,{				"indsLclsCd" : "H1"				,"indsLclsNm" : "운수, 창고"				,"indsMclsCd" : "H111"				,"indsMclsNm" : "기타 운송"				,"indsSclsCd" : "H11107"				,"indsSclsNm" : "항구 및 기타 해상 터미널 운영업"				,"stdrDt" : "2023-02-28"				}				,{				"indsLclsCd" : "H1"				,"indsLclsNm" : "운수, 창고"				,"indsMclsCd" : "H111"				,"indsMclsNm" : "기타 운송"				,"indsSclsCd" : "H11114"				,"indsSclsNm" : "화물 운송 중개, 대리 및 관련 서비스업"				,"stdrDt" : "2023-02-28"				}				,{				"indsLclsCd" : "H1"				,"indsLclsNm" : "운수, 창고"				,"indsMclsCd" : "H111"				,"indsMclsNm" : "기타 운송"				,"indsSclsCd" : "H11115"				,"indsSclsNm" : "화물 포장, 검수 및 계량 서비스업"				,"stdrDt" : "2023-02-28"				}			]	}}