{	"header" : {		"description" : "소상공인시장진흥공단 상권정보 업종중분류 코드"		,"columns" : ["상권업종대분류코드","상권업종대분류코드명","상권업종중분류코드","상권업종중분류코드명","데이터기준일자"]		,"resultCode" : "00"		,"resultMsg" : "NORMAL SERVICE"	},	"body" : {			"items" : [				{				"indsLclsCd" : "I"				,"indsLclsNm" : "기술/건축/환경"				,"indsMclsCd" : "I01"				,"indsMclsNm" : "건설업"				,"stdrDt" : "2015-12-17"				}				,{				"indsLclsCd" : "I"				,"indsLclsNm" : "기술/건축/환경"				,"indsMclsCd" : "I04"				,"indsMclsNm" : "건축/엔지니어링/기술서비스"				,"stdrDt" : "2015-12-17"				}				,{				"indsLclsCd" : "I"				,"indsLclsNm" : "기술/건축/환경"				,"indsMclsCd" : "I02"				,"indsMclsNm" : "건축설비/설치공사"				,"stdrDt" : "2015-12-17"				}				,{				"indsLclsCd" : "I"				,"indsLclsNm" : "기술/건축/환경"				,"indsMclsCd" : "I05"				,"indsMclsNm" : "검사/감리"				,"stdrDt" : "2015-12-17"				}				,{				"indsLclsCd" : "I"				,"indsLclsNm" : "기술/건축/환경"				,"indsMclsCd" : "I08"				,"indsMclsNm" : "기계장비임대"				,"stdrDt" : "2015-12-17"				}				,{				"indsLclsCd" : "I"				,"indsLclsNm" : "기술/건축/환경"				,"indsMclsCd" : "I09"				,"indsMclsNm" : "중장비"				,"stdrDt" : "2015-12-17"				}				,{				"indsLclsCd" : "I"				,"indsLclsNm" : "기술/건축/환경"				,"indsMclsCd" : "I06"				,"indsMclsNm" : "폐기물/재활용품"				,"stdrDt" : "2015-12-17"				}				,{				"indsLclsCd" : "I"				,"indsLclsNm" : "기술/건축/환경"				,"indsMclsCd" : "I07"				,"indsMclsNm" : "환경관련서비스"				,"stdrDt" : "2015-12-17"				}			]	}}