{	"header" : {		"description" : "소상공인시장진흥공단 상권정보 업종소분류 코드"		,"columns" : ["상권업종대분류코드","상권업종대분류코드명","상권업종중분류코드","상권업종중분류코드명","상권업종소분류코드","상권업종소분류코드명","데이터기준일자"]		,"resultCode" : "00"		,"resultMsg" : "NORMAL SERVICE"	},	"body" : {			"items" : [				{				"indsLclsCd" : "I"				,"indsLclsNm" : "기술/건축/환경"				,"indsMclsCd" : "I01"				,"indsMclsNm" : "건설업"				,"indsSclsCd" : "I01C99"				,"indsSclsNm" : "건물건설-기타"				,"stdrDt" : "2015-12-17"				}				,{				"indsLclsCd" : "I"				,"indsLclsNm" : "기술/건축/환경"				,"indsMclsCd" : "I01"				,"indsMclsNm" : "건설업"				,"indsSclsCd" : "I01C00"				,"indsSclsNm" : "건물건설-종합"				,"stdrDt" : "2015-12-17"				}				,{				"indsLclsCd" : "I"				,"indsLclsNm" : "기술/건축/환경"				,"indsMclsCd" : "I01"				,"indsMclsNm" : "건설업"				,"indsSclsCd" : "I01A01"				,"indsSclsNm" : "건설기타"				,"stdrDt" : "2015-12-17"				}				,{				"indsLclsCd" : "I"				,"indsLclsNm" : "기술/건축/환경"				,"indsMclsCd" : "I01"				,"indsMclsNm" : "건설업"				,"indsSclsCd" : "I01C05"				,"indsSclsNm" : "건설업-건물개수공사"				,"stdrDt" : "2015-12-17"				}				,{				"indsLclsCd" : "I"				,"indsLclsNm" : "기술/건축/환경"				,"indsMclsCd" : "I01"				,"indsMclsNm" : "건설업"				,"indsSclsCd" : "I01B01"				,"indsSclsNm" : "건설업-건축물해체공사"				,"stdrDt" : "2015-12-17"				}				,{				"indsLclsCd" : "I"				,"indsLclsNm" : "기술/건축/환경"				,"indsMclsCd" : "I01"				,"indsMclsNm" : "건설업"				,"indsSclsCd" : "I01E06"				,"indsSclsNm" : "건설업-경량철골공사"				,"stdrDt" : "2015-12-17"				}				,{				"indsLclsCd" : "I"				,"indsLclsNm" : "기술/건축/환경"				,"indsMclsCd" : "I01"				,"indsMclsNm" : "건설업"				,"indsSclsCd" : "I01D02"				,"indsSclsNm" : "건설업-교량/터널공사"				,"stdrDt" : "2015-12-17"				}				,{				"indsLclsCd" : "I"				,"indsLclsNm" : "기술/건축/환경"				,"indsMclsCd" : "I01"				,"indsMclsNm" : "건설업"				,"indsSclsCd" : "I01E12"				,"indsSclsNm" : "건설업-굴정공사"				,"stdrDt" : "2015-12-17"				}				,{				"indsLclsCd" : "I"				,"indsLclsNm" : "기술/건축/환경"				,"indsMclsCd" : "I01"				,"indsMclsNm" : "건설업"				,"indsSclsCd" : "I01B02"				,"indsSclsNm" : "건설업-대지조성공사"				,"stdrDt" : "2015-12-17"				}				,{				"indsLclsCd" : "I"				,"indsLclsNm" : "기술/건축/환경"				,"indsMclsCd" : "I01"				,"indsMclsNm" : "건설업"				,"indsSclsCd" : "I01D05"				,"indsSclsNm" : "건설업-댐시설공사"				,"stdrDt" : "2015-12-17"				}				,{				"indsLclsCd" : "I"				,"indsLclsNm" : "기술/건축/환경"				,"indsMclsCd" : "I01"				,"indsMclsNm" : "건설업"				,"indsSclsCd" : "I01D01"				,"indsSclsNm" : "건설업-도로건설/포장공사"				,"stdrDt" : "2015-12-17"				}				,{				"indsLclsCd" : "I"				,"indsLclsNm" : "기술/건축/환경"				,"indsMclsCd" : "I01"				,"indsMclsNm" : "건설업"				,"indsSclsCd" : "I01E07"				,"indsSclsNm" : "건설업-벽돌조적/석축공사"				,"stdrDt" : "2015-12-17"				}				,{				"indsLclsCd" : "I"				,"indsLclsNm" : "기술/건축/환경"				,"indsMclsCd" : "I01"				,"indsMclsNm" : "건설업"				,"indsSclsCd" : "I01E11"				,"indsSclsNm" : "건설업-보링/그라우팅공사"				,"stdrDt" : "2015-12-17"				}				,{				"indsLclsCd" : "I"				,"indsLclsNm" : "기술/건축/환경"				,"indsMclsCd" : "I01"				,"indsMclsNm" : "건설업"				,"indsSclsCd" : "I01E05"				,"indsSclsNm" : "건설업-비계/형틀공사"				,"stdrDt" : "2015-12-17"				}				,{				"indsLclsCd" : "I"				,"indsLclsNm" : "기술/건축/환경"				,"indsMclsCd" : "I01"				,"indsMclsNm" : "건설업"				,"indsSclsCd" : "I01D07"				,"indsSclsNm" : "건설업-산업설비설치공사"				,"stdrDt" : "2015-12-17"				}				,{				"indsLclsCd" : "I"				,"indsLclsNm" : "기술/건축/환경"				,"indsMclsCd" : "I01"				,"indsMclsNm" : "건설업"				,"indsSclsCd" : "I01D04"				,"indsSclsNm" : "건설업-수로/배수시설공사"				,"stdrDt" : "2015-12-17"				}				,{				"indsLclsCd" : "I"				,"indsLclsNm" : "기술/건축/환경"				,"indsMclsCd" : "I01"				,"indsMclsNm" : "건설업"				,"indsSclsCd" : "I01E08"				,"indsSclsNm" : "건설업-잠수/수중공사"				,"stdrDt" : "2015-12-17"				}				,{				"indsLclsCd" : "I"				,"indsLclsNm" : "기술/건축/환경"				,"indsMclsCd" : "I01"				,"indsMclsNm" : "건설업"				,"indsSclsCd" : "I01C06"				,"indsSclsNm" : "건설업-전원주택"				,"stdrDt" : "2015-12-17"				}				,{				"indsLclsCd" : "I"				,"indsLclsNm" : "기술/건축/환경"				,"indsMclsCd" : "I01"				,"indsMclsNm" : "건설업"				,"indsSclsCd" : "I01C04"				,"indsSclsNm" : "건설업-조립식건축"				,"stdrDt" : "2015-12-17"				}				,{				"indsLclsCd" : "I"				,"indsLclsNm" : "기술/건축/환경"				,"indsMclsCd" : "I01"				,"indsMclsNm" : "건설업"				,"indsSclsCd" : "I01C02"				,"indsSclsNm" : "건설업-주문주택"				,"stdrDt" : "2015-12-17"				}				,{				"indsLclsCd" : "I"				,"indsLclsNm" : "기술/건축/환경"				,"indsMclsCd" : "I01"				,"indsMclsNm" : "건설업"				,"indsSclsCd" : "I01C01"				,"indsSclsNm" : "건설업-주택건설"				,"stdrDt" : "2015-12-17"				}				,{				"indsLclsCd" : "I"				,"indsLclsNm" : "기술/건축/환경"				,"indsMclsCd" : "I01"				,"indsMclsNm" : "건설업"				,"indsSclsCd" : "I01E09"				,"indsSclsNm" : "건설업-지붕공사"				,"stdrDt" : "2015-12-17"				}				,{				"indsLclsCd" : "I"				,"indsLclsNm" : "기술/건축/환경"				,"indsMclsCd" : "I01"				,"indsMclsNm" : "건설업"				,"indsSclsCd" : "I01E03"				,"indsSclsNm" : "건설업-철골공사"				,"stdrDt" : "2015-12-17"				}				,{				"indsLclsCd" : "I"				,"indsLclsNm" : "기술/건축/환경"				,"indsMclsCd" : "I01"				,"indsMclsNm" : "건설업"				,"indsSclsCd" : "I01E02"				,"indsSclsNm" : "건설업-철근공사"				,"stdrDt" : "2015-12-17"				}				,{				"indsLclsCd" : "I"				,"indsLclsNm" : "기술/건축/환경"				,"indsMclsCd" : "I01"				,"indsMclsNm" : "건설업"				,"indsSclsCd" : "I01E04"				,"indsSclsNm" : "건설업-철근콘크리트공사"				,"stdrDt" : "2015-12-17"				}				,{				"indsLclsCd" : "I"				,"indsLclsNm" : "기술/건축/환경"				,"indsMclsCd" : "I01"				,"indsMclsNm" : "건설업"				,"indsSclsCd" : "I01D03"				,"indsSclsNm" : "건설업-철도공사"				,"stdrDt" : "2015-12-17"				}				,{				"indsLclsCd" : "I"				,"indsLclsNm" : "기술/건축/환경"				,"indsMclsCd" : "I01"				,"indsMclsNm" : "건설업"				,"indsSclsCd" : "I01D08"				,"indsSclsNm" : "건설업-체육시설공사"				,"stdrDt" : "2015-12-17"				}				,{				"indsLclsCd" : "I"				,"indsLclsNm" : "기술/건축/환경"				,"indsMclsCd" : "I01"				,"indsMclsNm" : "건설업"				,"indsSclsCd" : "I01B03"				,"indsSclsNm" : "건설업-토공사/정지공사"				,"stdrDt" : "2015-12-17"				}				,{				"indsLclsCd" : "I"				,"indsLclsNm" : "기술/건축/환경"				,"indsMclsCd" : "I01"				,"indsMclsNm" : "건설업"				,"indsSclsCd" : "I01C03"				,"indsSclsNm" : "건설업-특수건물건설"				,"stdrDt" : "2015-12-17"				}				,{				"indsLclsCd" : "I"				,"indsLclsNm" : "기술/건축/환경"				,"indsMclsCd" : "I01"				,"indsMclsNm" : "건설업"				,"indsSclsCd" : "I01E01"				,"indsSclsNm" : "건설업-파일공사"				,"stdrDt" : "2015-12-17"				}				,{				"indsLclsCd" : "I"				,"indsLclsNm" : "기술/건축/환경"				,"indsMclsCd" : "I01"				,"indsMclsNm" : "건설업"				,"indsSclsCd" : "I01E10"				,"indsSclsNm" : "건설업-판금공사"				,"stdrDt" : "2015-12-17"				}				,{				"indsLclsCd" : "I"				,"indsLclsNm" : "기술/건축/환경"				,"indsMclsCd" : "I01"				,"indsMclsNm" : "건설업"				,"indsSclsCd" : "I01D06"				,"indsSclsNm" : "건설업-항만시설공사"				,"stdrDt" : "2015-12-17"				}				,{				"indsLclsCd" : "I"				,"indsLclsNm" : "기술/건축/환경"				,"indsMclsCd" : "I01"				,"indsMclsNm" : "건설업"				,"indsSclsCd" : "I01E99"				,"indsSclsNm" : "건축물축조관련건설-기타"				,"stdrDt" : "2015-12-17"				}				,{				"indsLclsCd" : "I"				,"indsLclsNm" : "기술/건축/환경"				,"indsMclsCd" : "I01"				,"indsMclsNm" : "건설업"				,"indsSclsCd" : "I01E00"				,"indsSclsNm" : "건축물축조관련건설-종합"				,"stdrDt" : "2015-12-17"				}				,{				"indsLclsCd" : "I"				,"indsLclsNm" : "기술/건축/환경"				,"indsMclsCd" : "I01"				,"indsMclsNm" : "건설업"				,"indsSclsCd" : "I01A00"				,"indsSclsNm" : "종합건설업"				,"stdrDt" : "2015-12-17"				}				,{				"indsLclsCd" : "I"				,"indsLclsNm" : "기술/건축/환경"				,"indsMclsCd" : "I01"				,"indsMclsNm" : "건설업"				,"indsSclsCd" : "I01B99"				,"indsSclsNm" : "지반조성공사-기타"				,"stdrDt" : "2015-12-17"				}				,{				"indsLclsCd" : "I"				,"indsLclsNm" : "기술/건축/환경"				,"indsMclsCd" : "I01"				,"indsMclsNm" : "건설업"				,"indsSclsCd" : "I01B00"				,"indsSclsNm" : "지반조성공사-종합"				,"stdrDt" : "2015-12-17"				}				,{				"indsLclsCd" : "I"				,"indsLclsNm" : "기술/건축/환경"				,"indsMclsCd" : "I01"				,"indsMclsNm" : "건설업"				,"indsSclsCd" : "I01D99"				,"indsSclsNm" : "토목건설-기타"				,"stdrDt" : "2015-12-17"				}				,{				"indsLclsCd" : "I"				,"indsLclsNm" : "기술/건축/환경"				,"indsMclsCd" : "I01"				,"indsMclsNm" : "건설업"				,"indsSclsCd" : "I01D00"				,"indsSclsNm" : "토목건설-종합"				,"stdrDt" : "2015-12-17"				}			]	}}