{	"header" : {		"description" : "소상공인시장진흥공단 상권정보 업종소분류 코드"		,"columns" : ["상권업종대분류코드","상권업종대분류코드명","상권업종중분류코드","상권업종중분류코드명","상권업종소분류코드","상권업종소분류코드명","데이터기준일자"]		,"resultCode" : "00"		,"resultMsg" : "NORMAL SERVICE"	},	"body" : {			"items" : [				{				"indsLclsCd" : "I"				,"indsLclsNm" : "기술/건축/환경"				,"indsMclsCd" : "I02"				,"indsMclsNm" : "건축설비/설치공사"				,"indsSclsCd" : "I02C13"				,"indsSclsNm" : "가설자재임대"				,"stdrDt" : "2015-12-17"				}				,{				"indsLclsCd" : "I"				,"indsLclsNm" : "기술/건축/환경"				,"indsMclsCd" : "I02"				,"indsMclsNm" : "건축설비/설치공사"				,"indsSclsCd" : "I02C14"				,"indsSclsNm" : "가설자재판매"				,"stdrDt" : "2015-12-17"				}				,{				"indsLclsCd" : "I"				,"indsLclsNm" : "기술/건축/환경"				,"indsMclsCd" : "I02"				,"indsMclsNm" : "건축설비/설치공사"				,"indsSclsCd" : "I02A14"				,"indsSclsNm" : "건설업-건물장치물설치공사"				,"stdrDt" : "2015-12-17"				}				,{				"indsLclsCd" : "I"				,"indsLclsNm" : "기술/건축/환경"				,"indsMclsCd" : "I02"				,"indsMclsNm" : "건축설비/설치공사"				,"indsSclsCd" : "I02A13"				,"indsSclsNm" : "건설업-닥트공사"				,"stdrDt" : "2015-12-17"				}				,{				"indsLclsCd" : "I"				,"indsLclsNm" : "기술/건축/환경"				,"indsMclsCd" : "I02"				,"indsMclsNm" : "건축설비/설치공사"				,"indsSclsCd" : "I02A04"				,"indsSclsNm" : "건설업-방수/내화공사"				,"stdrDt" : "2015-12-17"				}				,{				"indsLclsCd" : "I"				,"indsLclsNm" : "기술/건축/환경"				,"indsMclsCd" : "I02"				,"indsMclsNm" : "건축설비/설치공사"				,"indsSclsCd" : "I02C11"				,"indsSclsNm" : "건설업-울타리설치공사"				,"stdrDt" : "2015-12-17"				}				,{				"indsLclsCd" : "I"				,"indsLclsNm" : "기술/건축/환경"				,"indsMclsCd" : "I02"				,"indsMclsNm" : "건축설비/설치공사"				,"indsSclsCd" : "I02C99"				,"indsSclsNm" : "건축마무리공사-기타"				,"stdrDt" : "2015-12-17"				}				,{				"indsLclsCd" : "I"				,"indsLclsNm" : "기술/건축/환경"				,"indsMclsCd" : "I02"				,"indsMclsNm" : "건축설비/설치공사"				,"indsSclsCd" : "I02C00"				,"indsSclsNm" : "건축마무리공사-종합"				,"stdrDt" : "2015-12-17"				}				,{				"indsLclsCd" : "I"				,"indsLclsNm" : "기술/건축/환경"				,"indsMclsCd" : "I02"				,"indsMclsNm" : "건축설비/설치공사"				,"indsSclsCd" : "I02A99"				,"indsSclsNm" : "건축설비설치공사-기타"				,"stdrDt" : "2015-12-17"				}				,{				"indsLclsCd" : "I"				,"indsLclsNm" : "기술/건축/환경"				,"indsMclsCd" : "I02"				,"indsMclsNm" : "건축설비/설치공사"				,"indsSclsCd" : "I02A00"				,"indsSclsNm" : "건축설비설치공사-종합"				,"stdrDt" : "2015-12-17"				}				,{				"indsLclsCd" : "I"				,"indsLclsNm" : "기술/건축/환경"				,"indsMclsCd" : "I02"				,"indsMclsNm" : "건축설비/설치공사"				,"indsSclsCd" : "I02A15"				,"indsSclsNm" : "건축음향공사"				,"stdrDt" : "2015-12-17"				}				,{				"indsLclsCd" : "I"				,"indsLclsNm" : "기술/건축/환경"				,"indsMclsCd" : "I02"				,"indsMclsNm" : "건축설비/설치공사"				,"indsSclsCd" : "I02B01"				,"indsSclsNm" : "공해방지-기름오염방지공사"				,"stdrDt" : "2015-12-17"				}				,{				"indsLclsCd" : "I"				,"indsLclsNm" : "기술/건축/환경"				,"indsMclsCd" : "I02"				,"indsMclsNm" : "건축설비/설치공사"				,"indsSclsCd" : "I02B02"				,"indsSclsNm" : "공해방지-진동방지공사"				,"stdrDt" : "2015-12-17"				}				,{				"indsLclsCd" : "I"				,"indsLclsNm" : "기술/건축/환경"				,"indsMclsCd" : "I02"				,"indsMclsNm" : "건축설비/설치공사"				,"indsSclsCd" : "I02B03"				,"indsSclsNm" : "공해방지-폐기물처리시설공사"				,"stdrDt" : "2015-12-17"				}				,{				"indsLclsCd" : "I"				,"indsLclsNm" : "기술/건축/환경"				,"indsMclsCd" : "I02"				,"indsMclsNm" : "건축설비/설치공사"				,"indsSclsCd" : "I02B04"				,"indsSclsNm" : "공해방지-폐수처리시설공사"				,"stdrDt" : "2015-12-17"				}				,{				"indsLclsCd" : "I"				,"indsLclsNm" : "기술/건축/환경"				,"indsMclsCd" : "I02"				,"indsMclsNm" : "건축설비/설치공사"				,"indsSclsCd" : "I02B05"				,"indsSclsNm" : "공해방지-해양오염방지시설공사"				,"stdrDt" : "2015-12-17"				}				,{				"indsLclsCd" : "I"				,"indsLclsNm" : "기술/건축/환경"				,"indsMclsCd" : "I02"				,"indsMclsNm" : "건축설비/설치공사"				,"indsSclsCd" : "I02B06"				,"indsSclsNm" : "공해방지-환경계측기설치공사"				,"stdrDt" : "2015-12-17"				}				,{				"indsLclsCd" : "I"				,"indsLclsNm" : "기술/건축/환경"				,"indsMclsCd" : "I02"				,"indsMclsNm" : "건축설비/설치공사"				,"indsSclsCd" : "I02B99"				,"indsSclsNm" : "공해방지기기/시설공사-기타"				,"stdrDt" : "2015-12-17"				}				,{				"indsLclsCd" : "I"				,"indsLclsNm" : "기술/건축/환경"				,"indsMclsCd" : "I02"				,"indsMclsNm" : "건축설비/설치공사"				,"indsSclsCd" : "I02B00"				,"indsSclsNm" : "공해방지기기/시설공사-종합"				,"stdrDt" : "2015-12-17"				}				,{				"indsLclsCd" : "I"				,"indsLclsNm" : "기술/건축/환경"				,"indsMclsCd" : "I02"				,"indsMclsNm" : "건축설비/설치공사"				,"indsSclsCd" : "I02A16"				,"indsSclsNm" : "목욕탕/사우나시공"				,"stdrDt" : "2015-12-17"				}				,{				"indsLclsCd" : "I"				,"indsLclsNm" : "기술/건축/환경"				,"indsMclsCd" : "I02"				,"indsMclsNm" : "건축설비/설치공사"				,"indsSclsCd" : "I02A07"				,"indsSclsNm" : "방송/음향설비공사"				,"stdrDt" : "2015-12-17"				}				,{				"indsLclsCd" : "I"				,"indsLclsNm" : "기술/건축/환경"				,"indsMclsCd" : "I02"				,"indsMclsNm" : "건축설비/설치공사"				,"indsSclsCd" : "I02A17"				,"indsSclsNm" : "방음공사"				,"stdrDt" : "2015-12-17"				}				,{				"indsLclsCd" : "I"				,"indsLclsNm" : "기술/건축/환경"				,"indsMclsCd" : "I02"				,"indsMclsNm" : "건축설비/설치공사"				,"indsSclsCd" : "I02A11"				,"indsSclsNm" : "보온공사"				,"stdrDt" : "2015-12-17"				}				,{				"indsLclsCd" : "I"				,"indsLclsNm" : "기술/건축/환경"				,"indsMclsCd" : "I02"				,"indsMclsNm" : "건축설비/설치공사"				,"indsSclsCd" : "I02A12"				,"indsSclsNm" : "분수대시공"				,"stdrDt" : "2015-12-17"				}				,{				"indsLclsCd" : "I"				,"indsLclsNm" : "기술/건축/환경"				,"indsMclsCd" : "I02"				,"indsMclsNm" : "건축설비/설치공사"				,"indsSclsCd" : "I02A09"				,"indsSclsNm" : "소방설비공사"				,"stdrDt" : "2015-12-17"				}				,{				"indsLclsCd" : "I"				,"indsLclsNm" : "기술/건축/환경"				,"indsMclsCd" : "I02"				,"indsMclsNm" : "건축설비/설치공사"				,"indsSclsCd" : "I02A10"				,"indsSclsNm" : "실내외장식공사"				,"stdrDt" : "2015-12-17"				}				,{				"indsLclsCd" : "I"				,"indsLclsNm" : "기술/건축/환경"				,"indsMclsCd" : "I02"				,"indsMclsNm" : "건축설비/설치공사"				,"indsSclsCd" : "I02A05"				,"indsSclsNm" : "온실공사"				,"stdrDt" : "2015-12-17"				}				,{				"indsLclsCd" : "I"				,"indsLclsNm" : "기술/건축/환경"				,"indsMclsCd" : "I02"				,"indsMclsNm" : "건축설비/설치공사"				,"indsSclsCd" : "I02A02"				,"indsSclsNm" : "전기공사"				,"stdrDt" : "2015-12-17"				}				,{				"indsLclsCd" : "I"				,"indsLclsNm" : "기술/건축/환경"				,"indsMclsCd" : "I02"				,"indsMclsNm" : "건축설비/설치공사"				,"indsSclsCd" : "I02B07"				,"indsSclsNm" : "정화조시설공사"				,"stdrDt" : "2015-12-17"				}				,{				"indsLclsCd" : "I"				,"indsLclsNm" : "기술/건축/환경"				,"indsMclsCd" : "I02"				,"indsMclsNm" : "건축설비/설치공사"				,"indsSclsCd" : "I02A06"				,"indsSclsNm" : "조경공사"				,"stdrDt" : "2015-12-17"				}				,{				"indsLclsCd" : "I"				,"indsLclsNm" : "기술/건축/환경"				,"indsMclsCd" : "I02"				,"indsMclsNm" : "건축설비/설치공사"				,"indsSclsCd" : "I02A08"				,"indsSclsNm" : "주차장설비공사"				,"stdrDt" : "2015-12-17"				}				,{				"indsLclsCd" : "I"				,"indsLclsNm" : "기술/건축/환경"				,"indsMclsCd" : "I02"				,"indsMclsNm" : "건축설비/설치공사"				,"indsSclsCd" : "I02A03"				,"indsSclsNm" : "통신공사"				,"stdrDt" : "2015-12-17"				}				,{				"indsLclsCd" : "I"				,"indsLclsNm" : "기술/건축/환경"				,"indsMclsCd" : "I02"				,"indsMclsNm" : "건축설비/설치공사"				,"indsSclsCd" : "I02C12"				,"indsSclsNm" : "판넬대여"				,"stdrDt" : "2015-12-17"				}			]	}}