{	"header" : {		"description" : "소상공인시장진흥공단 상권정보 업종소분류 코드"		,"columns" : ["상권업종대분류코드","상권업종대분류코드명","상권업종중분류코드","상권업종중분류코드명","상권업종소분류코드","상권업종소분류코드명","데이터기준일자"]		,"resultCode" : "00"		,"resultMsg" : "NORMAL SERVICE"	},	"body" : {			"items" : [				{				"indsLclsCd" : "I"				,"indsLclsNm" : "기술/건축/환경"				,"indsMclsCd" : "I04"				,"indsMclsNm" : "건축/엔지니어링/기술서비스"				,"indsSclsCd" : "I04A99"				,"indsSclsNm" : "건축/엔지니어링/기술서비스-기타"				,"stdrDt" : "2015-12-17"				}				,{				"indsLclsCd" : "I"				,"indsLclsNm" : "기술/건축/환경"				,"indsMclsCd" : "I04"				,"indsMclsNm" : "건축/엔지니어링/기술서비스"				,"indsSclsCd" : "I04A00"				,"indsSclsNm" : "건축/엔지니어링/기술서비스-종합"				,"stdrDt" : "2015-12-17"				}				,{				"indsLclsCd" : "I"				,"indsLclsNm" : "기술/건축/환경"				,"indsMclsCd" : "I04"				,"indsMclsNm" : "건축/엔지니어링/기술서비스"				,"indsSclsCd" : "I04A13"				,"indsSclsNm" : "건축설계(사무소)"				,"stdrDt" : "2015-12-17"				}				,{				"indsLclsCd" : "I"				,"indsLclsNm" : "기술/건축/환경"				,"indsMclsCd" : "I04"				,"indsMclsNm" : "건축/엔지니어링/기술서비스"				,"indsSclsCd" : "I04A20"				,"indsSclsNm" : "기계운반설치"				,"stdrDt" : "2015-12-17"				}				,{				"indsLclsCd" : "I"				,"indsLclsNm" : "기술/건축/환경"				,"indsMclsCd" : "I04"				,"indsMclsNm" : "건축/엔지니어링/기술서비스"				,"indsSclsCd" : "I04A17"				,"indsSclsNm" : "산업디자인"				,"stdrDt" : "2015-12-17"				}				,{				"indsLclsCd" : "I"				,"indsLclsNm" : "기술/건축/환경"				,"indsMclsCd" : "I04"				,"indsMclsNm" : "건축/엔지니어링/기술서비스"				,"indsSclsCd" : "I04A10"				,"indsSclsNm" : "선박설계"				,"stdrDt" : "2015-12-17"				}				,{				"indsLclsCd" : "I"				,"indsLclsNm" : "기술/건축/환경"				,"indsMclsCd" : "I04"				,"indsMclsNm" : "건축/엔지니어링/기술서비스"				,"indsSclsCd" : "I04A22"				,"indsSclsNm" : "수맥탐지"				,"stdrDt" : "2015-12-17"				}				,{				"indsLclsCd" : "I"				,"indsLclsNm" : "기술/건축/환경"				,"indsMclsCd" : "I04"				,"indsMclsNm" : "건축/엔지니어링/기술서비스"				,"indsSclsCd" : "I04A09"				,"indsSclsNm" : "수중촬영/탐사"				,"stdrDt" : "2015-12-17"				}				,{				"indsLclsCd" : "I"				,"indsLclsNm" : "기술/건축/환경"				,"indsMclsCd" : "I04"				,"indsMclsNm" : "건축/엔지니어링/기술서비스"				,"indsSclsCd" : "I04A04"				,"indsSclsNm" : "엔지니어링서비스-기계공학/기계디자인"				,"stdrDt" : "2015-12-17"				}				,{				"indsLclsCd" : "I"				,"indsLclsNm" : "기술/건축/환경"				,"indsMclsCd" : "I04"				,"indsMclsNm" : "건축/엔지니어링/기술서비스"				,"indsSclsCd" : "I04A03"				,"indsSclsNm" : "엔지니어링서비스-산업/조직공학"				,"stdrDt" : "2015-12-17"				}				,{				"indsLclsCd" : "I"				,"indsLclsNm" : "기술/건축/환경"				,"indsMclsCd" : "I04"				,"indsMclsNm" : "건축/엔지니어링/기술서비스"				,"indsSclsCd" : "I04A06"				,"indsSclsNm" : "엔지니어링서비스-전기전자공학"				,"stdrDt" : "2015-12-17"				}				,{				"indsLclsCd" : "I"				,"indsLclsNm" : "기술/건축/환경"				,"indsMclsCd" : "I04"				,"indsMclsNm" : "건축/엔지니어링/기술서비스"				,"indsSclsCd" : "I04A02"				,"indsSclsNm" : "엔지니어링서비스-토목공학"				,"stdrDt" : "2015-12-17"				}				,{				"indsLclsCd" : "I"				,"indsLclsNm" : "기술/건축/환경"				,"indsMclsCd" : "I04"				,"indsMclsNm" : "건축/엔지니어링/기술서비스"				,"indsSclsCd" : "I04A07"				,"indsSclsNm" : "엔지니어링서비스-화학공학"				,"stdrDt" : "2015-12-17"				}				,{				"indsLclsCd" : "I"				,"indsLclsNm" : "기술/건축/환경"				,"indsMclsCd" : "I04"				,"indsMclsNm" : "건축/엔지니어링/기술서비스"				,"indsSclsCd" : "I04A05"				,"indsSclsNm" : "엔지니어링서비스-환경공학"				,"stdrDt" : "2015-12-17"				}				,{				"indsLclsCd" : "I"				,"indsLclsNm" : "기술/건축/환경"				,"indsMclsCd" : "I04"				,"indsMclsNm" : "건축/엔지니어링/기술서비스"				,"indsSclsCd" : "I04A08"				,"indsSclsNm" : "열관리"				,"stdrDt" : "2015-12-17"				}				,{				"indsLclsCd" : "I"				,"indsLclsNm" : "기술/건축/환경"				,"indsMclsCd" : "I04"				,"indsMclsNm" : "건축/엔지니어링/기술서비스"				,"indsSclsCd" : "I04A21"				,"indsSclsNm" : "온천개발"				,"stdrDt" : "2015-12-17"				}				,{				"indsLclsCd" : "I"				,"indsLclsNm" : "기술/건축/환경"				,"indsMclsCd" : "I04"				,"indsMclsNm" : "건축/엔지니어링/기술서비스"				,"indsSclsCd" : "I04A15"				,"indsSclsNm" : "전기설계"				,"stdrDt" : "2015-12-17"				}				,{				"indsLclsCd" : "I"				,"indsLclsNm" : "기술/건축/환경"				,"indsMclsCd" : "I04"				,"indsMclsNm" : "건축/엔지니어링/기술서비스"				,"indsSclsCd" : "I04A18"				,"indsSclsNm" : "지질조사/탐사"				,"stdrDt" : "2015-12-17"				}				,{				"indsLclsCd" : "I"				,"indsLclsNm" : "기술/건축/환경"				,"indsMclsCd" : "I04"				,"indsMclsNm" : "건축/엔지니어링/기술서비스"				,"indsSclsCd" : "I04A19"				,"indsSclsNm" : "지하수(개발)"				,"stdrDt" : "2015-12-17"				}				,{				"indsLclsCd" : "I"				,"indsLclsNm" : "기술/건축/환경"				,"indsMclsCd" : "I04"				,"indsMclsNm" : "건축/엔지니어링/기술서비스"				,"indsSclsCd" : "I04A12"				,"indsSclsNm" : "청사진(서비스)"				,"stdrDt" : "2015-12-17"				}				,{				"indsLclsCd" : "I"				,"indsLclsNm" : "기술/건축/환경"				,"indsMclsCd" : "I04"				,"indsMclsNm" : "건축/엔지니어링/기술서비스"				,"indsSclsCd" : "I04A01"				,"indsSclsNm" : "측량업"				,"stdrDt" : "2015-12-17"				}				,{				"indsLclsCd" : "I"				,"indsLclsNm" : "기술/건축/환경"				,"indsMclsCd" : "I04"				,"indsMclsNm" : "건축/엔지니어링/기술서비스"				,"indsSclsCd" : "I04A14"				,"indsSclsNm" : "토목설계"				,"stdrDt" : "2015-12-17"				}				,{				"indsLclsCd" : "I"				,"indsLclsNm" : "기술/건축/환경"				,"indsMclsCd" : "I04"				,"indsMclsNm" : "건축/엔지니어링/기술서비스"				,"indsSclsCd" : "I04A16"				,"indsSclsNm" : "통신설계"				,"stdrDt" : "2015-12-17"				}			]	}}