{	"header" : {		"description" : "소상공인시장진흥공단 상권정보 업종소분류 코드"		,"columns" : ["상권업종대분류코드","상권업종대분류코드명","상권업종중분류코드","상권업종중분류코드명","상권업종소분류코드","상권업종소분류코드명","데이터기준일자"]		,"resultCode" : "00"		,"resultMsg" : "NORMAL SERVICE"	},	"body" : {			"items" : [				{				"indsLclsCd" : "I"				,"indsLclsNm" : "기술/건축/환경"				,"indsMclsCd" : "I05"				,"indsMclsNm" : "검사/감리"				,"indsSclsCd" : "I05B00"				,"indsSclsNm" : "건축감리"				,"stdrDt" : "2015-12-17"				}				,{				"indsLclsCd" : "I"				,"indsLclsNm" : "기술/건축/환경"				,"indsMclsCd" : "I05"				,"indsMclsNm" : "검사/감리"				,"indsSclsCd" : "I05A99"				,"indsSclsNm" : "기술시험검사/분석-기타"				,"stdrDt" : "2015-12-17"				}				,{				"indsLclsCd" : "I"				,"indsLclsNm" : "기술/건축/환경"				,"indsMclsCd" : "I05"				,"indsMclsNm" : "검사/감리"				,"indsSclsCd" : "I05A00"				,"indsSclsNm" : "기술시험검사/분석-종합"				,"stdrDt" : "2015-12-17"				}				,{				"indsLclsCd" : "I"				,"indsLclsNm" : "기술/건축/환경"				,"indsMclsCd" : "I05"				,"indsMclsNm" : "검사/감리"				,"indsSclsCd" : "I05A02"				,"indsSclsNm" : "물질성분검사"				,"stdrDt" : "2015-12-17"				}				,{				"indsLclsCd" : "I"				,"indsLclsNm" : "기술/건축/환경"				,"indsMclsCd" : "I05"				,"indsMclsNm" : "검사/감리"				,"indsSclsCd" : "I05A01"				,"indsSclsNm" : "비파괴검사"				,"stdrDt" : "2015-12-17"				}				,{				"indsLclsCd" : "I"				,"indsLclsNm" : "기술/건축/환경"				,"indsMclsCd" : "I05"				,"indsMclsNm" : "검사/감리"				,"indsSclsCd" : "I05B01"				,"indsSclsNm" : "소방시설안전점검"				,"stdrDt" : "2015-12-17"				}				,{				"indsLclsCd" : "I"				,"indsLclsNm" : "기술/건축/환경"				,"indsMclsCd" : "I05"				,"indsMclsNm" : "검사/감리"				,"indsSclsCd" : "I05A03"				,"indsSclsNm" : "승강기검사"				,"stdrDt" : "2015-12-17"				}			]	}}