{	"header" : {		"description" : "소상공인시장진흥공단 상권정보 업종소분류 코드"		,"columns" : ["상권업종대분류코드","상권업종대분류코드명","상권업종중분류코드","상권업종중분류코드명","상권업종소분류코드","상권업종소분류코드명","데이터기준일자"]		,"resultCode" : "00"		,"resultMsg" : "NORMAL SERVICE"	},	"body" : {			"items" : [				{				"indsLclsCd" : "I"				,"indsLclsNm" : "기술/건축/환경"				,"indsMclsCd" : "I06"				,"indsMclsNm" : "폐기물/재활용품"				,"indsSclsCd" : "I06A06"				,"indsSclsNm" : "건설폐기물수집처리"				,"stdrDt" : "2015-12-17"				}				,{				"indsLclsCd" : "I"				,"indsLclsNm" : "기술/건축/환경"				,"indsMclsCd" : "I06"				,"indsMclsNm" : "폐기물/재활용품"				,"indsSclsCd" : "I06B04"				,"indsSclsNm" : "공단폐수"				,"stdrDt" : "2015-12-17"				}				,{				"indsLclsCd" : "I"				,"indsLclsNm" : "기술/건축/환경"				,"indsMclsCd" : "I06"				,"indsMclsNm" : "폐기물/재활용품"				,"indsSclsCd" : "I06A08"				,"indsSclsNm" : "병원폐기물수집처리"				,"stdrDt" : "2015-12-17"				}				,{				"indsLclsCd" : "I"				,"indsLclsNm" : "기술/건축/환경"				,"indsMclsCd" : "I06"				,"indsMclsNm" : "폐기물/재활용품"				,"indsSclsCd" : "I06B01"				,"indsSclsNm" : "분뇨수거"				,"stdrDt" : "2015-12-17"				}				,{				"indsLclsCd" : "I"				,"indsLclsNm" : "기술/건축/환경"				,"indsMclsCd" : "I06"				,"indsMclsNm" : "폐기물/재활용품"				,"indsSclsCd" : "I06A02"				,"indsSclsNm" : "산업폐기물수집처리"				,"stdrDt" : "2015-12-17"				}				,{				"indsLclsCd" : "I"				,"indsLclsNm" : "기술/건축/환경"				,"indsMclsCd" : "I06"				,"indsMclsNm" : "폐기물/재활용품"				,"indsSclsCd" : "I06B06"				,"indsSclsNm" : "쓰레기매립장"				,"stdrDt" : "2015-12-17"				}				,{				"indsLclsCd" : "I"				,"indsLclsNm" : "기술/건축/환경"				,"indsMclsCd" : "I06"				,"indsMclsNm" : "폐기물/재활용품"				,"indsSclsCd" : "I06A07"				,"indsSclsNm" : "음식물쓰레기수집처리"				,"stdrDt" : "2015-12-17"				}				,{				"indsLclsCd" : "I"				,"indsLclsNm" : "기술/건축/환경"				,"indsMclsCd" : "I06"				,"indsMclsNm" : "폐기물/재활용품"				,"indsSclsCd" : "I06A01"				,"indsSclsNm" : "일반폐기물수집처리"				,"stdrDt" : "2015-12-17"				}				,{				"indsLclsCd" : "I"				,"indsLclsNm" : "기술/건축/환경"				,"indsMclsCd" : "I06"				,"indsMclsNm" : "폐기물/재활용품"				,"indsSclsCd" : "I06B02"				,"indsSclsNm" : "축산물처리장"				,"stdrDt" : "2015-12-17"				}				,{				"indsLclsCd" : "I"				,"indsLclsNm" : "기술/건축/환경"				,"indsMclsCd" : "I06"				,"indsMclsNm" : "폐기물/재활용품"				,"indsSclsCd" : "I06B05"				,"indsSclsNm" : "축산분뇨처리"				,"stdrDt" : "2015-12-17"				}				,{				"indsLclsCd" : "I"				,"indsLclsNm" : "기술/건축/환경"				,"indsMclsCd" : "I06"				,"indsMclsNm" : "폐기물/재활용품"				,"indsSclsCd" : "I06A99"				,"indsSclsNm" : "폐기물수집처리"				,"stdrDt" : "2015-12-17"				}				,{				"indsLclsCd" : "I"				,"indsLclsNm" : "기술/건축/환경"				,"indsMclsCd" : "I06"				,"indsMclsNm" : "폐기물/재활용품"				,"indsSclsCd" : "I06B99"				,"indsSclsNm" : "폐수/분뇨수거처리-기타"				,"stdrDt" : "2015-12-17"				}				,{				"indsLclsCd" : "I"				,"indsLclsNm" : "기술/건축/환경"				,"indsMclsCd" : "I06"				,"indsMclsNm" : "폐기물/재활용품"				,"indsSclsCd" : "I06B00"				,"indsSclsNm" : "폐수/분뇨수거처리-종합"				,"stdrDt" : "2015-12-17"				}				,{				"indsLclsCd" : "I"				,"indsLclsNm" : "기술/건축/환경"				,"indsMclsCd" : "I06"				,"indsMclsNm" : "폐기물/재활용품"				,"indsSclsCd" : "I06A00"				,"indsSclsNm" : "폐차장운영"				,"stdrDt" : "2015-12-17"				}				,{				"indsLclsCd" : "I"				,"indsLclsNm" : "기술/건축/환경"				,"indsMclsCd" : "I06"				,"indsMclsNm" : "폐기물/재활용품"				,"indsSclsCd" : "I06B07"				,"indsSclsNm" : "하수종말처리"				,"stdrDt" : "2015-12-17"				}				,{				"indsLclsCd" : "I"				,"indsLclsNm" : "기술/건축/환경"				,"indsMclsCd" : "I06"				,"indsMclsNm" : "폐기물/재활용품"				,"indsSclsCd" : "I06B03"				,"indsSclsNm" : "하수처리장"				,"stdrDt" : "2015-12-17"				}				,{				"indsLclsCd" : "I"				,"indsLclsNm" : "기술/건축/환경"				,"indsMclsCd" : "I06"				,"indsMclsNm" : "폐기물/재활용품"				,"indsSclsCd" : "I06A04"				,"indsSclsNm" : "핵폐기물수집처리"				,"stdrDt" : "2015-12-17"				}			]	}}