{	"header" : {		"description" : "소상공인시장진흥공단 상권정보 업종소분류 코드"		,"columns" : ["상권업종대분류코드","상권업종대분류코드명","상권업종중분류코드","상권업종중분류코드명","상권업종소분류코드","상권업종소분류코드명","데이터기준일자"]		,"resultCode" : "00"		,"resultMsg" : "NORMAL SERVICE"	},	"body" : {			"items" : [				{				"indsLclsCd" : "I"				,"indsLclsNm" : "기술/건축/환경"				,"indsMclsCd" : "I07"				,"indsMclsNm" : "환경관련서비스"				,"indsSclsCd" : "I07A99"				,"indsSclsNm" : "기타환경측정/평가업"				,"stdrDt" : "2015-12-17"				}				,{				"indsLclsCd" : "I"				,"indsLclsNm" : "기술/건축/환경"				,"indsMclsCd" : "I07"				,"indsMclsNm" : "환경관련서비스"				,"indsSclsCd" : "I07A05"				,"indsSclsNm" : "방사능측정서비스"				,"stdrDt" : "2015-12-17"				}				,{				"indsLclsCd" : "I"				,"indsLclsNm" : "기술/건축/환경"				,"indsMclsCd" : "I07"				,"indsMclsNm" : "환경관련서비스"				,"indsSclsCd" : "I07A03"				,"indsSclsNm" : "소음측정서비스"				,"stdrDt" : "2015-12-17"				}				,{				"indsLclsCd" : "I"				,"indsLclsNm" : "기술/건축/환경"				,"indsMclsCd" : "I07"				,"indsMclsNm" : "환경관련서비스"				,"indsSclsCd" : "I07A02"				,"indsSclsNm" : "오염도측정서비스"				,"stdrDt" : "2015-12-17"				}				,{				"indsLclsCd" : "I"				,"indsLclsNm" : "기술/건축/환경"				,"indsMclsCd" : "I07"				,"indsMclsNm" : "환경관련서비스"				,"indsSclsCd" : "I07A09"				,"indsSclsNm" : "위생관련엔지니어링서비스"				,"stdrDt" : "2015-12-17"				}				,{				"indsLclsCd" : "I"				,"indsLclsNm" : "기술/건축/환경"				,"indsMclsCd" : "I07"				,"indsMclsNm" : "환경관련서비스"				,"indsSclsCd" : "I07A06"				,"indsSclsNm" : "작업환경평가서비스"				,"stdrDt" : "2015-12-17"				}				,{				"indsLclsCd" : "I"				,"indsLclsNm" : "기술/건축/환경"				,"indsMclsCd" : "I07"				,"indsMclsNm" : "환경관련서비스"				,"indsSclsCd" : "I07A04"				,"indsSclsNm" : "진동측정서비스"				,"stdrDt" : "2015-12-17"				}				,{				"indsLclsCd" : "I"				,"indsLclsNm" : "기술/건축/환경"				,"indsMclsCd" : "I07"				,"indsMclsNm" : "환경관련서비스"				,"indsSclsCd" : "I07A08"				,"indsSclsNm" : "환경관련엔지니어링서비스"				,"stdrDt" : "2015-12-17"				}				,{				"indsLclsCd" : "I"				,"indsLclsNm" : "기술/건축/환경"				,"indsMclsCd" : "I07"				,"indsMclsNm" : "환경관련서비스"				,"indsSclsCd" : "I07A07"				,"indsSclsNm" : "환경영향평가서비스"				,"stdrDt" : "2015-12-17"				}				,{				"indsLclsCd" : "I"				,"indsLclsNm" : "기술/건축/환경"				,"indsMclsCd" : "I07"				,"indsMclsNm" : "환경관련서비스"				,"indsSclsCd" : "I07A01"				,"indsSclsNm" : "환경측정/검사/평가서비스"				,"stdrDt" : "2015-12-17"				}			]	}}