{	"header" : {		"description" : "소상공인시장진흥공단 상권정보 업종소분류 코드"		,"columns" : ["상권업종대분류코드","상권업종대분류코드명","상권업종중분류코드","상권업종중분류코드명","상권업종소분류코드","상권업종소분류코드명","데이터기준일자"]		,"resultCode" : "00"		,"resultMsg" : "NORMAL SERVICE"	},	"body" : {			"items" : [				{				"indsLclsCd" : "I"				,"indsLclsNm" : "기술/건축/환경"				,"indsMclsCd" : "I08"				,"indsMclsNm" : "기계장비임대"				,"indsSclsCd" : "I08A04"				,"indsSclsNm" : "농업용기계장비임대"				,"stdrDt" : "2015-12-17"				}				,{				"indsLclsCd" : "I"				,"indsLclsNm" : "기술/건축/환경"				,"indsMclsCd" : "I08"				,"indsMclsNm" : "기계장비임대"				,"indsSclsCd" : "I08A02"				,"indsSclsNm" : "수상운수장비임대"				,"stdrDt" : "2015-12-17"				}				,{				"indsLclsCd" : "I"				,"indsLclsNm" : "기술/건축/환경"				,"indsMclsCd" : "I08"				,"indsMclsNm" : "기계장비임대"				,"indsSclsCd" : "I08A01"				,"indsSclsNm" : "육상운수장비임대"				,"stdrDt" : "2015-12-17"				}				,{				"indsLclsCd" : "I"				,"indsLclsNm" : "기술/건축/환경"				,"indsMclsCd" : "I08"				,"indsMclsNm" : "기계장비임대"				,"indsSclsCd" : "I08A03"				,"indsSclsNm" : "항공운수장비임대"				,"stdrDt" : "2015-12-17"				}			]	}}