{	"header" : {		"description" : "소상공인시장진흥공단 상권정보 업종소분류 코드"		,"columns" : ["상권업종대분류코드","상권업종대분류코드명","상권업종중분류코드","상권업종중분류코드명","상권업종소분류코드","상권업종소분류코드명","데이터기준일자"]		,"resultCode" : "00"		,"resultMsg" : "NORMAL SERVICE"	},	"body" : {			"items" : [				{				"indsLclsCd" : "I"				,"indsLclsNm" : "기술/건축/환경"				,"indsMclsCd" : "I09"				,"indsMclsNm" : "중장비"				,"indsSclsCd" : "I09A21"				,"indsSclsNm" : "건물해체용기계장비임대"				,"stdrDt" : "2015-12-17"				}				,{				"indsLclsCd" : "I"				,"indsLclsNm" : "기술/건축/환경"				,"indsMclsCd" : "I09"				,"indsMclsNm" : "중장비"				,"indsSclsCd" : "I09A19"				,"indsSclsNm" : "건설/토목공사용기계장비임대-기타"				,"stdrDt" : "2015-12-17"				}				,{				"indsLclsCd" : "I"				,"indsLclsNm" : "기술/건축/환경"				,"indsMclsCd" : "I09"				,"indsMclsNm" : "중장비"				,"indsSclsCd" : "I09A01"				,"indsSclsNm" : "건설/토목공사용기계장비임대-종합"				,"stdrDt" : "2015-12-17"				}				,{				"indsLclsCd" : "I"				,"indsLclsNm" : "기술/건축/환경"				,"indsMclsCd" : "I09"				,"indsMclsNm" : "중장비"				,"indsSclsCd" : "I09A03"				,"indsSclsNm" : "계측기대여"				,"stdrDt" : "2015-12-17"				}				,{				"indsLclsCd" : "I"				,"indsLclsNm" : "기술/건축/환경"				,"indsMclsCd" : "I09"				,"indsMclsNm" : "중장비"				,"indsSclsCd" : "I09A20"				,"indsSclsNm" : "광산장비임대"				,"stdrDt" : "2015-12-17"				}				,{				"indsLclsCd" : "I"				,"indsLclsNm" : "기술/건축/환경"				,"indsMclsCd" : "I09"				,"indsMclsNm" : "중장비"				,"indsSclsCd" : "I09A10"				,"indsSclsNm" : "적재함"				,"stdrDt" : "2015-12-17"				}				,{				"indsLclsCd" : "I"				,"indsLclsNm" : "기술/건축/환경"				,"indsMclsCd" : "I09"				,"indsMclsNm" : "중장비"				,"indsSclsCd" : "I09A02"				,"indsSclsNm" : "중장비대여"				,"stdrDt" : "2015-12-17"				}				,{				"indsLclsCd" : "I"				,"indsLclsNm" : "기술/건축/환경"				,"indsMclsCd" : "I09"				,"indsMclsNm" : "중장비"				,"indsSclsCd" : "I09A05"				,"indsSclsNm" : "중장비대여-건설기계"				,"stdrDt" : "2015-12-17"				}				,{				"indsLclsCd" : "I"				,"indsLclsNm" : "기술/건축/환경"				,"indsMclsCd" : "I09"				,"indsMclsNm" : "중장비"				,"indsSclsCd" : "I09A06"				,"indsSclsNm" : "중장비대여-굴삭기"				,"stdrDt" : "2015-12-17"				}				,{				"indsLclsCd" : "I"				,"indsLclsNm" : "기술/건축/환경"				,"indsMclsCd" : "I09"				,"indsMclsNm" : "중장비"				,"indsSclsCd" : "I09A07"				,"indsSclsNm" : "중장비대여-덤프"				,"stdrDt" : "2015-12-17"				}				,{				"indsLclsCd" : "I"				,"indsLclsNm" : "기술/건축/환경"				,"indsMclsCd" : "I09"				,"indsMclsNm" : "중장비"				,"indsSclsCd" : "I09A16"				,"indsSclsNm" : "중장비대여-불도저"				,"stdrDt" : "2015-12-17"				}				,{				"indsLclsCd" : "I"				,"indsLclsNm" : "기술/건축/환경"				,"indsMclsCd" : "I09"				,"indsMclsNm" : "중장비"				,"indsSclsCd" : "I09A08"				,"indsSclsNm" : "중장비대여-브레이커"				,"stdrDt" : "2015-12-17"				}				,{				"indsLclsCd" : "I"				,"indsLclsNm" : "기술/건축/환경"				,"indsMclsCd" : "I09"				,"indsMclsNm" : "중장비"				,"indsSclsCd" : "I09A09"				,"indsSclsNm" : "중장비대여-사다리차"				,"stdrDt" : "2015-12-17"				}				,{				"indsLclsCd" : "I"				,"indsLclsNm" : "기술/건축/환경"				,"indsMclsCd" : "I09"				,"indsMclsNm" : "중장비"				,"indsSclsCd" : "I09A18"				,"indsSclsNm" : "중장비대여-스카이"				,"stdrDt" : "2015-12-17"				}				,{				"indsLclsCd" : "I"				,"indsLclsNm" : "기술/건축/환경"				,"indsMclsCd" : "I09"				,"indsMclsNm" : "중장비"				,"indsSclsCd" : "I09A11"				,"indsSclsNm" : "중장비대여-추레라"				,"stdrDt" : "2015-12-17"				}				,{				"indsLclsCd" : "I"				,"indsLclsNm" : "기술/건축/환경"				,"indsMclsCd" : "I09"				,"indsMclsNm" : "중장비"				,"indsSclsCd" : "I09A12"				,"indsSclsNm" : "중장비대여-카고크레인"				,"stdrDt" : "2015-12-17"				}				,{				"indsLclsCd" : "I"				,"indsLclsNm" : "기술/건축/환경"				,"indsMclsCd" : "I09"				,"indsMclsNm" : "중장비"				,"indsSclsCd" : "I09A17"				,"indsSclsNm" : "중장비대여-크레인"				,"stdrDt" : "2015-12-17"				}				,{				"indsLclsCd" : "I"				,"indsLclsNm" : "기술/건축/환경"				,"indsMclsCd" : "I09"				,"indsMclsNm" : "중장비"				,"indsSclsCd" : "I09A13"				,"indsSclsNm" : "중장비대여-트레일러"				,"stdrDt" : "2015-12-17"				}				,{				"indsLclsCd" : "I"				,"indsLclsNm" : "기술/건축/환경"				,"indsMclsCd" : "I09"				,"indsMclsNm" : "중장비"				,"indsSclsCd" : "I09A14"				,"indsSclsNm" : "중장비대여-펌프카"				,"stdrDt" : "2015-12-17"				}				,{				"indsLclsCd" : "I"				,"indsLclsNm" : "기술/건축/환경"				,"indsMclsCd" : "I09"				,"indsMclsNm" : "중장비"				,"indsSclsCd" : "I09A15"				,"indsSclsNm" : "중장비대여-포크레인"				,"stdrDt" : "2015-12-17"				}				,{				"indsLclsCd" : "I"				,"indsLclsNm" : "기술/건축/환경"				,"indsMclsCd" : "I09"				,"indsMclsNm" : "중장비"				,"indsSclsCd" : "I09A04"				,"indsSclsNm" : "지게차대여"				,"stdrDt" : "2015-12-17"				}			]	}}