{	"header" : {		"description" : "소상공인시장진흥공단 상권정보 업종중분류 코드"		,"columns" : ["상권업종대분류코드","상권업종대분류코드명","상권업종중분류코드","상권업종중분류코드명","데이터기준일자"]		,"resultCode" : "00"		,"resultMsg" : "NORMAL SERVICE"	},	"body" : {			"items" : [				{				"indsLclsCd" : "I1"				,"indsLclsNm" : "숙박"				,"indsMclsCd" : "I102"				,"indsMclsNm" : "기타 숙박"				,"stdrDt" : "2023-02-28"				}				,{				"indsLclsCd" : "I1"				,"indsLclsNm" : "숙박"				,"indsMclsCd" : "I101"				,"indsMclsNm" : "일반 숙박"				,"stdrDt" : "2023-02-28"				}			]	}}