{	"header" : {		"description" : "소상공인시장진흥공단 상권정보 업종소분류 코드"		,"columns" : ["상권업종대분류코드","상권업종대분류코드명","상권업종중분류코드","상권업종중분류코드명","상권업종소분류코드","상권업종소분류코드명","데이터기준일자"]		,"resultCode" : "00"		,"resultMsg" : "NORMAL SERVICE"	},	"body" : {			"items" : [				{				"indsLclsCd" : "I1"				,"indsLclsNm" : "숙박"				,"indsMclsCd" : "I101"				,"indsMclsNm" : "일반 숙박"				,"indsSclsCd" : "I10102"				,"indsSclsNm" : "여관/모텔"				,"stdrDt" : "2023-02-28"				}				,{				"indsLclsCd" : "I1"				,"indsLclsNm" : "숙박"				,"indsMclsCd" : "I101"				,"indsMclsNm" : "일반 숙박"				,"indsSclsCd" : "I10104"				,"indsSclsNm" : "캠핑/글램핑"				,"stdrDt" : "2023-02-28"				}				,{				"indsLclsCd" : "I1"				,"indsLclsNm" : "숙박"				,"indsMclsCd" : "I101"				,"indsMclsNm" : "일반 숙박"				,"indsSclsCd" : "I10103"				,"indsSclsNm" : "펜션"				,"stdrDt" : "2023-02-28"				}				,{				"indsLclsCd" : "I1"				,"indsLclsNm" : "숙박"				,"indsMclsCd" : "I101"				,"indsMclsNm" : "일반 숙박"				,"indsSclsCd" : "I10101"				,"indsSclsNm" : "호텔/리조트"				,"stdrDt" : "2023-02-28"				}			]	}}