{	"header" : {		"description" : "소상공인시장진흥공단 상권정보 업종소분류 코드"		,"columns" : ["상권업종대분류코드","상권업종대분류코드명","상권업종중분류코드","상권업종중분류코드명","상권업종소분류코드","상권업종소분류코드명","데이터기준일자"]		,"resultCode" : "00"		,"resultMsg" : "NORMAL SERVICE"	},	"body" : {			"items" : [				{				"indsLclsCd" : "I1"				,"indsLclsNm" : "숙박"				,"indsMclsCd" : "I102"				,"indsMclsNm" : "기타 숙박"				,"indsSclsCd" : "I10299"				,"indsSclsNm" : "그 외 기타 숙박업"				,"stdrDt" : "2023-02-28"				}				,{				"indsLclsCd" : "I1"				,"indsLclsNm" : "숙박"				,"indsMclsCd" : "I102"				,"indsMclsNm" : "기타 숙박"				,"indsSclsCd" : "I10201"				,"indsSclsNm" : "기숙사/고시원"				,"stdrDt" : "2023-02-28"				}			]	}}