{	"header" : {		"description" : "소상공인시장진흥공단 상권정보 업종중분류 코드"		,"columns" : ["상권업종대분류코드","상권업종대분류코드명","상권업종중분류코드","상권업종중분류코드명","데이터기준일자"]		,"resultCode" : "00"		,"resultMsg" : "NORMAL SERVICE"	},	"body" : {			"items" : [				{				"indsLclsCd" : "I2"				,"indsLclsNm" : "음식점"				,"indsMclsCd" : "I207"				,"indsMclsNm" : "구내식당, 뷔페"				,"stdrDt" : "2023-02-28"				}				,{				"indsLclsCd" : "I2"				,"indsLclsNm" : "음식점"				,"indsMclsCd" : "I210"				,"indsMclsNm" : "기타 간이"				,"stdrDt" : "2023-02-28"				}				,{				"indsLclsCd" : "I2"				,"indsLclsNm" : "음식점"				,"indsMclsCd" : "I206"				,"indsMclsNm" : "기타 외국"				,"stdrDt" : "2023-02-28"				}				,{				"indsLclsCd" : "I2"				,"indsLclsNm" : "음식점"				,"indsMclsCd" : "I205"				,"indsMclsNm" : "동남아시아"				,"stdrDt" : "2023-02-28"				}				,{				"indsLclsCd" : "I2"				,"indsLclsNm" : "음식점"				,"indsMclsCd" : "I212"				,"indsMclsNm" : "비알코올 "				,"stdrDt" : "2023-02-28"				}				,{				"indsLclsCd" : "I2"				,"indsLclsNm" : "음식점"				,"indsMclsCd" : "I204"				,"indsMclsNm" : "서양식"				,"stdrDt" : "2023-02-28"				}				,{				"indsLclsCd" : "I2"				,"indsLclsNm" : "음식점"				,"indsMclsCd" : "I209"				,"indsMclsNm" : "이동 음식"				,"stdrDt" : "2023-02-28"				}				,{				"indsLclsCd" : "I2"				,"indsLclsNm" : "음식점"				,"indsMclsCd" : "I203"				,"indsMclsNm" : "일식"				,"stdrDt" : "2023-02-28"				}				,{				"indsLclsCd" : "I2"				,"indsLclsNm" : "음식점"				,"indsMclsCd" : "I211"				,"indsMclsNm" : "주점"				,"stdrDt" : "2023-02-28"				}				,{				"indsLclsCd" : "I2"				,"indsLclsNm" : "음식점"				,"indsMclsCd" : "I202"				,"indsMclsNm" : "중식"				,"stdrDt" : "2023-02-28"				}				,{				"indsLclsCd" : "I2"				,"indsLclsNm" : "음식점"				,"indsMclsCd" : "I208"				,"indsMclsNm" : "출장 음식"				,"stdrDt" : "2023-02-28"				}				,{				"indsLclsCd" : "I2"				,"indsLclsNm" : "음식점"				,"indsMclsCd" : "I201"				,"indsMclsNm" : "한식"				,"stdrDt" : "2023-02-28"				}			]	}}