{	"header" : {		"description" : "소상공인시장진흥공단 상권정보 업종소분류 코드"		,"columns" : ["상권업종대분류코드","상권업종대분류코드명","상권업종중분류코드","상권업종중분류코드명","상권업종소분류코드","상권업종소분류코드명","데이터기준일자"]		,"resultCode" : "00"		,"resultMsg" : "NORMAL SERVICE"	},	"body" : {			"items" : [				{				"indsLclsCd" : "I2"				,"indsLclsNm" : "음식점"				,"indsMclsCd" : "I201"				,"indsMclsNm" : "한식"				,"indsSclsCd" : "I20109"				,"indsSclsNm" : "곱창 전골/구이"				,"stdrDt" : "2023-02-28"				}				,{				"indsLclsCd" : "I2"				,"indsLclsNm" : "음식점"				,"indsMclsCd" : "I201"				,"indsMclsNm" : "한식"				,"indsSclsCd" : "I20102"				,"indsSclsNm" : "국/탕/찌개류"				,"stdrDt" : "2023-02-28"				}				,{				"indsLclsCd" : "I2"				,"indsLclsNm" : "음식점"				,"indsMclsCd" : "I201"				,"indsMclsNm" : "한식"				,"indsSclsCd" : "I20105"				,"indsSclsNm" : "국수/칼국수"				,"stdrDt" : "2023-02-28"				}				,{				"indsLclsCd" : "I2"				,"indsLclsNm" : "음식점"				,"indsMclsCd" : "I201"				,"indsMclsNm" : "한식"				,"indsSclsCd" : "I20199"				,"indsSclsNm" : "기타 한식 음식점"				,"stdrDt" : "2023-02-28"				}				,{				"indsLclsCd" : "I2"				,"indsLclsNm" : "음식점"				,"indsMclsCd" : "I201"				,"indsMclsNm" : "한식"				,"indsSclsCd" : "I20106"				,"indsSclsNm" : "냉면/밀면"				,"stdrDt" : "2023-02-28"				}				,{				"indsLclsCd" : "I2"				,"indsLclsNm" : "음식점"				,"indsMclsCd" : "I201"				,"indsMclsNm" : "한식"				,"indsSclsCd" : "I20110"				,"indsSclsNm" : "닭/오리고기 구이/찜"				,"stdrDt" : "2023-02-28"				}				,{				"indsLclsCd" : "I2"				,"indsLclsNm" : "음식점"				,"indsMclsCd" : "I201"				,"indsMclsNm" : "한식"				,"indsSclsCd" : "I20107"				,"indsSclsNm" : "돼지고기 구이/찜"				,"stdrDt" : "2023-02-28"				}				,{				"indsLclsCd" : "I2"				,"indsLclsNm" : "음식점"				,"indsMclsCd" : "I201"				,"indsMclsNm" : "한식"				,"indsSclsCd" : "I20101"				,"indsSclsNm" : "백반/한정식"				,"stdrDt" : "2023-02-28"				}				,{				"indsLclsCd" : "I2"				,"indsLclsNm" : "음식점"				,"indsMclsCd" : "I201"				,"indsMclsNm" : "한식"				,"indsSclsCd" : "I20113"				,"indsSclsNm" : "복 요리 전문"				,"stdrDt" : "2023-02-28"				}				,{				"indsLclsCd" : "I2"				,"indsLclsNm" : "음식점"				,"indsMclsCd" : "I201"				,"indsMclsNm" : "한식"				,"indsSclsCd" : "I20108"				,"indsSclsNm" : "소고기 구이/찜"				,"stdrDt" : "2023-02-28"				}				,{				"indsLclsCd" : "I2"				,"indsLclsNm" : "음식점"				,"indsMclsCd" : "I201"				,"indsMclsNm" : "한식"				,"indsSclsCd" : "I20104"				,"indsSclsNm" : "전/부침개"				,"stdrDt" : "2023-02-28"				}				,{				"indsLclsCd" : "I2"				,"indsLclsNm" : "음식점"				,"indsMclsCd" : "I201"				,"indsMclsNm" : "한식"				,"indsSclsCd" : "I20103"				,"indsSclsNm" : "족발/보쌈"				,"stdrDt" : "2023-02-28"				}				,{				"indsLclsCd" : "I2"				,"indsLclsNm" : "음식점"				,"indsMclsCd" : "I201"				,"indsMclsNm" : "한식"				,"indsSclsCd" : "I20112"				,"indsSclsNm" : "해산물 구이/찜"				,"stdrDt" : "2023-02-28"				}				,{				"indsLclsCd" : "I2"				,"indsLclsNm" : "음식점"				,"indsMclsCd" : "I201"				,"indsMclsNm" : "한식"				,"indsSclsCd" : "I20111"				,"indsSclsNm" : "횟집"				,"stdrDt" : "2023-02-28"				}			]	}}