{	"header" : {		"description" : "소상공인시장진흥공단 상권정보 업종소분류 코드"		,"columns" : ["상권업종대분류코드","상권업종대분류코드명","상권업종중분류코드","상권업종중분류코드명","상권업종소분류코드","상권업종소분류코드명","데이터기준일자"]		,"resultCode" : "00"		,"resultMsg" : "NORMAL SERVICE"	},	"body" : {			"items" : [				{				"indsLclsCd" : "I2"				,"indsLclsNm" : "음식점"				,"indsMclsCd" : "I203"				,"indsMclsNm" : "일식"				,"indsSclsCd" : "I20399"				,"indsSclsNm" : "기타 일식 음식점"				,"stdrDt" : "2023-02-28"				}				,{				"indsLclsCd" : "I2"				,"indsLclsNm" : "음식점"				,"indsMclsCd" : "I203"				,"indsMclsNm" : "일식"				,"indsSclsCd" : "I20303"				,"indsSclsNm" : "일식 면 요리"				,"stdrDt" : "2023-02-28"				}				,{				"indsLclsCd" : "I2"				,"indsLclsNm" : "음식점"				,"indsMclsCd" : "I203"				,"indsMclsNm" : "일식"				,"indsSclsCd" : "I20302"				,"indsSclsNm" : "일식 카레/돈가스/덮밥"				,"stdrDt" : "2023-02-28"				}				,{				"indsLclsCd" : "I2"				,"indsLclsNm" : "음식점"				,"indsMclsCd" : "I203"				,"indsMclsNm" : "일식"				,"indsSclsCd" : "I20301"				,"indsSclsNm" : "일식 회/초밥"				,"stdrDt" : "2023-02-28"				}			]	}}