{	"header" : {		"description" : "소상공인시장진흥공단 상권정보 업종소분류 코드"		,"columns" : ["상권업종대분류코드","상권업종대분류코드명","상권업종중분류코드","상권업종중분류코드명","상권업종소분류코드","상권업종소분류코드명","데이터기준일자"]		,"resultCode" : "00"		,"resultMsg" : "NORMAL SERVICE"	},	"body" : {			"items" : [				{				"indsLclsCd" : "I2"				,"indsLclsNm" : "음식점"				,"indsMclsCd" : "I204"				,"indsMclsNm" : "서양식"				,"indsSclsCd" : "I20401"				,"indsSclsNm" : "경양식"				,"stdrDt" : "2023-02-28"				}				,{				"indsLclsCd" : "I2"				,"indsLclsNm" : "음식점"				,"indsMclsCd" : "I204"				,"indsMclsNm" : "서양식"				,"indsSclsCd" : "I20499"				,"indsSclsNm" : "기타 서양식 음식점"				,"stdrDt" : "2023-02-28"				}				,{				"indsLclsCd" : "I2"				,"indsLclsNm" : "음식점"				,"indsMclsCd" : "I204"				,"indsMclsNm" : "서양식"				,"indsSclsCd" : "I20402"				,"indsSclsNm" : "파스타/스테이크"				,"stdrDt" : "2023-02-28"				}				,{				"indsLclsCd" : "I2"				,"indsLclsNm" : "음식점"				,"indsMclsCd" : "I204"				,"indsMclsNm" : "서양식"				,"indsSclsCd" : "I20403"				,"indsSclsNm" : "패밀리레스토랑"				,"stdrDt" : "2023-02-28"				}			]	}}