{	"header" : {		"description" : "소상공인시장진흥공단 상권정보 업종소분류 코드"		,"columns" : ["상권업종대분류코드","상권업종대분류코드명","상권업종중분류코드","상권업종중분류코드명","상권업종소분류코드","상권업종소분류코드명","데이터기준일자"]		,"resultCode" : "00"		,"resultMsg" : "NORMAL SERVICE"	},	"body" : {			"items" : [				{				"indsLclsCd" : "I2"				,"indsLclsNm" : "음식점"				,"indsMclsCd" : "I205"				,"indsMclsNm" : "동남아시아"				,"indsSclsCd" : "I20599"				,"indsSclsNm" : "기타 동남아식 전문"				,"stdrDt" : "2023-02-28"				}				,{				"indsLclsCd" : "I2"				,"indsLclsNm" : "음식점"				,"indsMclsCd" : "I205"				,"indsMclsNm" : "동남아시아"				,"indsSclsCd" : "I20501"				,"indsSclsNm" : "베트남식 전문"				,"stdrDt" : "2023-02-28"				}			]	}}