{	"header" : {		"description" : "소상공인시장진흥공단 상권정보 업종소분류 코드"		,"columns" : ["상권업종대분류코드","상권업종대분류코드명","상권업종중분류코드","상권업종중분류코드명","상권업종소분류코드","상권업종소분류코드명","데이터기준일자"]		,"resultCode" : "00"		,"resultMsg" : "NORMAL SERVICE"	},	"body" : {			"items" : [				{				"indsLclsCd" : "I2"				,"indsLclsNm" : "음식점"				,"indsMclsCd" : "I208"				,"indsMclsNm" : "출장 음식"				,"indsSclsCd" : "I20801"				,"indsSclsNm" : "출장 뷔페"				,"stdrDt" : "2023-02-28"				}			]	}}