{	"header" : {		"description" : "소상공인시장진흥공단 상권정보 업종소분류 코드"		,"columns" : ["상권업종대분류코드","상권업종대분류코드명","상권업종중분류코드","상권업종중분류코드명","상권업종소분류코드","상권업종소분류코드명","데이터기준일자"]		,"resultCode" : "00"		,"resultMsg" : "NORMAL SERVICE"	},	"body" : {			"items" : [				{				"indsLclsCd" : "I2"				,"indsLclsNm" : "음식점"				,"indsMclsCd" : "I210"				,"indsMclsNm" : "기타 간이"				,"indsSclsCd" : "I21099"				,"indsSclsNm" : "그 외 기타 간이 음식점"				,"stdrDt" : "2023-02-28"				}				,{				"indsLclsCd" : "I2"				,"indsLclsNm" : "음식점"				,"indsMclsCd" : "I210"				,"indsMclsNm" : "기타 간이"				,"indsSclsCd" : "I21007"				,"indsSclsNm" : "김밥/만두/분식"				,"stdrDt" : "2023-02-28"				}				,{				"indsLclsCd" : "I2"				,"indsLclsNm" : "음식점"				,"indsMclsCd" : "I210"				,"indsMclsNm" : "기타 간이"				,"indsSclsCd" : "I21002"				,"indsSclsNm" : "떡/한과"				,"stdrDt" : "2023-02-28"				}				,{				"indsLclsCd" : "I2"				,"indsLclsNm" : "음식점"				,"indsMclsCd" : "I210"				,"indsMclsNm" : "기타 간이"				,"indsSclsCd" : "I21004"				,"indsSclsNm" : "버거"				,"stdrDt" : "2023-02-28"				}				,{				"indsLclsCd" : "I2"				,"indsLclsNm" : "음식점"				,"indsMclsCd" : "I210"				,"indsMclsNm" : "기타 간이"				,"indsSclsCd" : "I21001"				,"indsSclsNm" : "빵/도넛"				,"stdrDt" : "2023-02-28"				}				,{				"indsLclsCd" : "I2"				,"indsLclsNm" : "음식점"				,"indsMclsCd" : "I210"				,"indsMclsNm" : "기타 간이"				,"indsSclsCd" : "I21008"				,"indsSclsNm" : "아이스크림/빙수"				,"stdrDt" : "2023-02-28"				}				,{				"indsLclsCd" : "I2"				,"indsLclsNm" : "음식점"				,"indsMclsCd" : "I210"				,"indsMclsNm" : "기타 간이"				,"indsSclsCd" : "I21006"				,"indsSclsNm" : "치킨"				,"stdrDt" : "2023-02-28"				}				,{				"indsLclsCd" : "I2"				,"indsLclsNm" : "음식점"				,"indsMclsCd" : "I210"				,"indsMclsNm" : "기타 간이"				,"indsSclsCd" : "I21005"				,"indsSclsNm" : "토스트/샌드위치/샐러드"				,"stdrDt" : "2023-02-28"				}				,{				"indsLclsCd" : "I2"				,"indsLclsNm" : "음식점"				,"indsMclsCd" : "I210"				,"indsMclsNm" : "기타 간이"				,"indsSclsCd" : "I21003"				,"indsSclsNm" : "피자"				,"stdrDt" : "2023-02-28"				}			]	}}