{	"header" : {		"description" : "소상공인시장진흥공단 상권정보 업종소분류 코드"		,"columns" : ["상권업종대분류코드","상권업종대분류코드명","상권업종중분류코드","상권업종중분류코드명","상권업종소분류코드","상권업종소분류코드명","데이터기준일자"]		,"resultCode" : "00"		,"resultMsg" : "NORMAL SERVICE"	},	"body" : {			"items" : [				{				"indsLclsCd" : "I2"				,"indsLclsNm" : "음식점"				,"indsMclsCd" : "I211"				,"indsMclsNm" : "주점"				,"indsSclsCd" : "I21102"				,"indsSclsNm" : "무도 유흥 주점"				,"stdrDt" : "2023-02-28"				}				,{				"indsLclsCd" : "I2"				,"indsLclsNm" : "음식점"				,"indsMclsCd" : "I211"				,"indsMclsNm" : "주점"				,"indsSclsCd" : "I21103"				,"indsSclsNm" : "생맥주 전문"				,"stdrDt" : "2023-02-28"				}				,{				"indsLclsCd" : "I2"				,"indsLclsNm" : "음식점"				,"indsMclsCd" : "I211"				,"indsMclsNm" : "주점"				,"indsSclsCd" : "I21104"				,"indsSclsNm" : "요리 주점"				,"stdrDt" : "2023-02-28"				}				,{				"indsLclsCd" : "I2"				,"indsLclsNm" : "음식점"				,"indsMclsCd" : "I211"				,"indsMclsNm" : "주점"				,"indsSclsCd" : "I21101"				,"indsSclsNm" : "일반 유흥 주점"				,"stdrDt" : "2023-02-28"				}			]	}}