{	"header" : {		"description" : "소상공인시장진흥공단 상권정보 업종소분류 코드"		,"columns" : ["상권업종대분류코드","상권업종대분류코드명","상권업종중분류코드","상권업종중분류코드명","상권업종소분류코드","상권업종소분류코드명","데이터기준일자"]		,"resultCode" : "00"		,"resultMsg" : "NORMAL SERVICE"	},	"body" : {			"items" : [				{				"indsLclsCd" : "I2"				,"indsLclsNm" : "음식점"				,"indsMclsCd" : "I212"				,"indsMclsNm" : "비알코올 "				,"indsSclsCd" : "I21201"				,"indsSclsNm" : "카페"				,"stdrDt" : "2023-02-28"				}			]	}}