{	"header" : {		"description" : "소상공인시장진흥공단 상권정보 업종중분류 코드"		,"columns" : ["상권업종대분류코드","상권업종대분류코드명","상권업종중분류코드","상권업종중분류코드명","데이터기준일자"]		,"resultCode" : "00"		,"resultMsg" : "NORMAL SERVICE"	},	"body" : {			"items" : [				{				"indsLclsCd" : "J1"				,"indsLclsNm" : "정보통신"				,"indsMclsCd" : "J109"				,"indsMclsNm" : "기타 정보"				,"stdrDt" : "2023-02-28"				}				,{				"indsLclsCd" : "J1"				,"indsLclsNm" : "정보통신"				,"indsMclsCd" : "J105"				,"indsMclsNm" : "방송"				,"stdrDt" : "2023-02-28"				}				,{				"indsLclsCd" : "J1"				,"indsLclsNm" : "정보통신"				,"indsMclsCd" : "J102"				,"indsMclsNm" : "소프트웨어"				,"stdrDt" : "2023-02-28"				}				,{				"indsLclsCd" : "J1"				,"indsLclsNm" : "정보통신"				,"indsMclsCd" : "J103"				,"indsMclsNm" : "영상, 기록물 제작"				,"stdrDt" : "2023-02-28"				}				,{				"indsLclsCd" : "J1"				,"indsLclsNm" : "정보통신"				,"indsMclsCd" : "J104"				,"indsMclsNm" : "오디오, 출판"				,"stdrDt" : "2023-02-28"				}				,{				"indsLclsCd" : "J1"				,"indsLclsNm" : "정보통신"				,"indsMclsCd" : "J106"				,"indsMclsNm" : "우편, 통신"				,"stdrDt" : "2023-02-28"				}				,{				"indsLclsCd" : "J1"				,"indsLclsNm" : "정보통신"				,"indsMclsCd" : "J108"				,"indsMclsNm" : "자료 처리"				,"stdrDt" : "2023-02-28"				}				,{				"indsLclsCd" : "J1"				,"indsLclsNm" : "정보통신"				,"indsMclsCd" : "J101"				,"indsMclsNm" : "출판"				,"stdrDt" : "2023-02-28"				}				,{				"indsLclsCd" : "J1"				,"indsLclsNm" : "정보통신"				,"indsMclsCd" : "J107"				,"indsMclsNm" : "프로그래밍"				,"stdrDt" : "2023-02-28"				}			]	}}