{	"header" : {		"description" : "소상공인시장진흥공단 상권정보 업종소분류 코드"		,"columns" : ["상권업종대분류코드","상권업종대분류코드명","상권업종중분류코드","상권업종중분류코드명","상권업종소분류코드","상권업종소분류코드명","데이터기준일자"]		,"resultCode" : "00"		,"resultMsg" : "NORMAL SERVICE"	},	"body" : {			"items" : [				{				"indsLclsCd" : "J1"				,"indsLclsNm" : "정보통신"				,"indsMclsCd" : "J101"				,"indsMclsNm" : "출판"				,"indsSclsCd" : "J10101"				,"indsSclsNm" : "교과서 및 학습 서적 출판업"				,"stdrDt" : "2023-02-28"				}				,{				"indsLclsCd" : "J1"				,"indsLclsNm" : "정보통신"				,"indsMclsCd" : "J101"				,"indsMclsNm" : "출판"				,"indsSclsCd" : "J10199"				,"indsSclsNm" : "기타 인쇄물 출판업"				,"stdrDt" : "2023-02-28"				}				,{				"indsLclsCd" : "J1"				,"indsLclsNm" : "정보통신"				,"indsMclsCd" : "J101"				,"indsMclsNm" : "출판"				,"indsSclsCd" : "J10102"				,"indsSclsNm" : "만화 출판업"				,"stdrDt" : "2023-02-28"				}				,{				"indsLclsCd" : "J1"				,"indsLclsNm" : "정보통신"				,"indsMclsCd" : "J101"				,"indsMclsNm" : "출판"				,"indsSclsCd" : "J10104"				,"indsSclsNm" : "신문 발행업"				,"stdrDt" : "2023-02-28"				}				,{				"indsLclsCd" : "J1"				,"indsLclsNm" : "정보통신"				,"indsMclsCd" : "J101"				,"indsMclsNm" : "출판"				,"indsSclsCd" : "J10103"				,"indsSclsNm" : "일반 서적 출판업"				,"stdrDt" : "2023-02-28"				}				,{				"indsLclsCd" : "J1"				,"indsLclsNm" : "정보통신"				,"indsMclsCd" : "J101"				,"indsMclsNm" : "출판"				,"indsSclsCd" : "J10105"				,"indsSclsNm" : "잡지 및 정기 간행물 발행업"				,"stdrDt" : "2023-02-28"				}				,{				"indsLclsCd" : "J1"				,"indsLclsNm" : "정보통신"				,"indsMclsCd" : "J101"				,"indsMclsNm" : "출판"				,"indsSclsCd" : "J10106"				,"indsSclsNm" : "정기 광고 간행물 발행업"				,"stdrDt" : "2023-02-28"				}			]	}}