{	"header" : {		"description" : "소상공인시장진흥공단 상권정보 업종소분류 코드"		,"columns" : ["상권업종대분류코드","상권업종대분류코드명","상권업종중분류코드","상권업종중분류코드명","상권업종소분류코드","상권업종소분류코드명","데이터기준일자"]		,"resultCode" : "00"		,"resultMsg" : "NORMAL SERVICE"	},	"body" : {			"items" : [				{				"indsLclsCd" : "J1"				,"indsLclsNm" : "정보통신"				,"indsMclsCd" : "J102"				,"indsMclsNm" : "소프트웨어"				,"indsSclsCd" : "J10203"				,"indsSclsNm" : "기타 게임 소프트웨어 개발 및 공급업"				,"stdrDt" : "2023-02-28"				}				,{				"indsLclsCd" : "J1"				,"indsLclsNm" : "정보통신"				,"indsMclsCd" : "J102"				,"indsMclsNm" : "소프트웨어"				,"indsSclsCd" : "J10202"				,"indsSclsNm" : "모바일 게임 소프트웨어 개발 및 공급업"				,"stdrDt" : "2023-02-28"				}				,{				"indsLclsCd" : "J1"				,"indsLclsNm" : "정보통신"				,"indsMclsCd" : "J102"				,"indsMclsNm" : "소프트웨어"				,"indsSclsCd" : "J10204"				,"indsSclsNm" : "시스템 소프트웨어 개발 및 공급업"				,"stdrDt" : "2023-02-28"				}				,{				"indsLclsCd" : "J1"				,"indsLclsNm" : "정보통신"				,"indsMclsCd" : "J102"				,"indsMclsNm" : "소프트웨어"				,"indsSclsCd" : "J10201"				,"indsSclsNm" : "유선 온라인 게임 소프트웨어 개발 및 공급업"				,"stdrDt" : "2023-02-28"				}				,{				"indsLclsCd" : "J1"				,"indsLclsNm" : "정보통신"				,"indsMclsCd" : "J102"				,"indsMclsNm" : "소프트웨어"				,"indsSclsCd" : "J10205"				,"indsSclsNm" : "응용 소프트웨어 개발 및 공급업"				,"stdrDt" : "2023-02-28"				}			]	}}