{	"header" : {		"description" : "소상공인시장진흥공단 상권정보 업종소분류 코드"		,"columns" : ["상권업종대분류코드","상권업종대분류코드명","상권업종중분류코드","상권업종중분류코드명","상권업종소분류코드","상권업종소분류코드명","데이터기준일자"]		,"resultCode" : "00"		,"resultMsg" : "NORMAL SERVICE"	},	"body" : {			"items" : [				{				"indsLclsCd" : "J1"				,"indsLclsNm" : "정보통신"				,"indsMclsCd" : "J103"				,"indsMclsNm" : "영상, 기록물 제작"				,"indsSclsCd" : "J10305"				,"indsSclsNm" : "광고 영화 및 비디오물 제작업"				,"stdrDt" : "2023-02-28"				}				,{				"indsLclsCd" : "J1"				,"indsLclsNm" : "정보통신"				,"indsMclsCd" : "J103"				,"indsMclsNm" : "영상, 기록물 제작"				,"indsSclsCd" : "J10306"				,"indsSclsNm" : "방송 프로그램 제작업"				,"stdrDt" : "2023-02-28"				}				,{				"indsLclsCd" : "J1"				,"indsLclsNm" : "정보통신"				,"indsMclsCd" : "J103"				,"indsMclsNm" : "영상, 기록물 제작"				,"indsSclsCd" : "J10303"				,"indsSclsNm" : "애니메이션 영화 및 비디오물 제작업"				,"stdrDt" : "2023-02-28"				}				,{				"indsLclsCd" : "J1"				,"indsLclsNm" : "정보통신"				,"indsMclsCd" : "J103"				,"indsMclsNm" : "영상, 기록물 제작"				,"indsSclsCd" : "J10304"				,"indsSclsNm" : "애니메이션 영화 및 비디오물 제작업(인적용역)"				,"stdrDt" : "2023-02-28"				}				,{				"indsLclsCd" : "J1"				,"indsLclsNm" : "정보통신"				,"indsMclsCd" : "J103"				,"indsMclsNm" : "영상, 기록물 제작"				,"indsSclsCd" : "J10308"				,"indsSclsNm" : "영화, 비디오물 및 방송 프로그램 배급업"				,"stdrDt" : "2023-02-28"				}				,{				"indsLclsCd" : "J1"				,"indsLclsNm" : "정보통신"				,"indsMclsCd" : "J103"				,"indsMclsNm" : "영상, 기록물 제작"				,"indsSclsCd" : "J10307"				,"indsSclsNm" : "영화, 비디오물 및 방송 프로그램 제작 관련 서비스업"				,"stdrDt" : "2023-02-28"				}				,{				"indsLclsCd" : "J1"				,"indsLclsNm" : "정보통신"				,"indsMclsCd" : "J103"				,"indsMclsNm" : "영상, 기록물 제작"				,"indsSclsCd" : "J10301"				,"indsSclsNm" : "일반 영화 및 비디오물 제작업"				,"stdrDt" : "2023-02-28"				}				,{				"indsLclsCd" : "J1"				,"indsLclsNm" : "정보통신"				,"indsMclsCd" : "J103"				,"indsMclsNm" : "영상, 기록물 제작"				,"indsSclsCd" : "J10302"				,"indsSclsNm" : "일반 영화 및 비디오물 제작업(인적용역)"				,"stdrDt" : "2023-02-28"				}			]	}}