{	"header" : {		"description" : "소상공인시장진흥공단 상권정보 업종소분류 코드"		,"columns" : ["상권업종대분류코드","상권업종대분류코드명","상권업종중분류코드","상권업종중분류코드명","상권업종소분류코드","상권업종소분류코드명","데이터기준일자"]		,"resultCode" : "00"		,"resultMsg" : "NORMAL SERVICE"	},	"body" : {			"items" : [				{				"indsLclsCd" : "J1"				,"indsLclsNm" : "정보통신"				,"indsMclsCd" : "J104"				,"indsMclsNm" : "오디오, 출판"				,"indsSclsCd" : "J10402"				,"indsSclsNm" : "녹음시설 운영업"				,"stdrDt" : "2023-02-28"				}				,{				"indsLclsCd" : "J1"				,"indsLclsNm" : "정보통신"				,"indsMclsCd" : "J104"				,"indsMclsNm" : "오디오, 출판"				,"indsSclsCd" : "J10403"				,"indsSclsNm" : "녹음시설 운영업(인적용역)"				,"stdrDt" : "2023-02-28"				}				,{				"indsLclsCd" : "J1"				,"indsLclsNm" : "정보통신"				,"indsMclsCd" : "J104"				,"indsMclsNm" : "오디오, 출판"				,"indsSclsCd" : "J10401"				,"indsSclsNm" : "음악 및 기타 오디오물 출판업"				,"stdrDt" : "2023-02-28"				}			]	}}