{	"header" : {		"description" : "소상공인시장진흥공단 상권정보 업종소분류 코드"		,"columns" : ["상권업종대분류코드","상권업종대분류코드명","상권업종중분류코드","상권업종중분류코드명","상권업종소분류코드","상권업종소분류코드명","데이터기준일자"]		,"resultCode" : "00"		,"resultMsg" : "NORMAL SERVICE"	},	"body" : {			"items" : [				{				"indsLclsCd" : "J1"				,"indsLclsNm" : "정보통신"				,"indsMclsCd" : "J105"				,"indsMclsNm" : "방송"				,"indsSclsCd" : "J10501"				,"indsSclsNm" : "라디오 방송업"				,"stdrDt" : "2023-02-28"				}				,{				"indsLclsCd" : "J1"				,"indsLclsNm" : "정보통신"				,"indsMclsCd" : "J105"				,"indsMclsNm" : "방송"				,"indsSclsCd" : "J10505"				,"indsSclsNm" : "위성 및 기타 방송업"				,"stdrDt" : "2023-02-28"				}				,{				"indsLclsCd" : "J1"				,"indsLclsNm" : "정보통신"				,"indsMclsCd" : "J105"				,"indsMclsNm" : "방송"				,"indsSclsCd" : "J10504"				,"indsSclsNm" : "유선 방송업"				,"stdrDt" : "2023-02-28"				}				,{				"indsLclsCd" : "J1"				,"indsLclsNm" : "정보통신"				,"indsMclsCd" : "J105"				,"indsMclsNm" : "방송"				,"indsSclsCd" : "J10502"				,"indsSclsNm" : "지상파 방송업"				,"stdrDt" : "2023-02-28"				}				,{				"indsLclsCd" : "J1"				,"indsLclsNm" : "정보통신"				,"indsMclsCd" : "J105"				,"indsMclsNm" : "방송"				,"indsSclsCd" : "J10503"				,"indsSclsNm" : "프로그램 공급업"				,"stdrDt" : "2023-02-28"				}			]	}}