{	"header" : {		"description" : "소상공인시장진흥공단 상권정보 업종소분류 코드"		,"columns" : ["상권업종대분류코드","상권업종대분류코드명","상권업종중분류코드","상권업종중분류코드명","상권업종소분류코드","상권업종소분류코드명","데이터기준일자"]		,"resultCode" : "00"		,"resultMsg" : "NORMAL SERVICE"	},	"body" : {			"items" : [				{				"indsLclsCd" : "J1"				,"indsLclsNm" : "정보통신"				,"indsMclsCd" : "J106"				,"indsMclsNm" : "우편, 통신"				,"indsSclsCd" : "J10601"				,"indsSclsNm" : "공영 우편업"				,"stdrDt" : "2023-02-28"				}				,{				"indsLclsCd" : "J1"				,"indsLclsNm" : "정보통신"				,"indsMclsCd" : "J106"				,"indsMclsNm" : "우편, 통신"				,"indsSclsCd" : "J10699"				,"indsSclsNm" : "그 외 기타 전기 통신업"				,"stdrDt" : "2023-02-28"				}				,{				"indsLclsCd" : "J1"				,"indsLclsNm" : "정보통신"				,"indsMclsCd" : "J106"				,"indsMclsNm" : "우편, 통신"				,"indsSclsCd" : "J10603"				,"indsSclsNm" : "무선 및 위성 통신업"				,"stdrDt" : "2023-02-28"				}				,{				"indsLclsCd" : "J1"				,"indsLclsNm" : "정보통신"				,"indsMclsCd" : "J106"				,"indsMclsNm" : "우편, 통신"				,"indsSclsCd" : "J10602"				,"indsSclsNm" : "유선 통신업"				,"stdrDt" : "2023-02-28"				}				,{				"indsLclsCd" : "J1"				,"indsLclsNm" : "정보통신"				,"indsMclsCd" : "J106"				,"indsMclsNm" : "우편, 통신"				,"indsSclsCd" : "J10604"				,"indsSclsNm" : "통신 재판매업"				,"stdrDt" : "2023-02-28"				}			]	}}