{	"header" : {		"description" : "소상공인시장진흥공단 상권정보 업종소분류 코드"		,"columns" : ["상권업종대분류코드","상권업종대분류코드명","상권업종중분류코드","상권업종중분류코드명","상권업종소분류코드","상권업종소분류코드명","데이터기준일자"]		,"resultCode" : "00"		,"resultMsg" : "NORMAL SERVICE"	},	"body" : {			"items" : [				{				"indsLclsCd" : "J1"				,"indsLclsNm" : "정보통신"				,"indsMclsCd" : "J107"				,"indsMclsNm" : "프로그래밍"				,"indsSclsCd" : "J10799"				,"indsSclsNm" : "기타 정보 기술 및 컴퓨터 운영 관련 서비스업"				,"stdrDt" : "2023-02-28"				}				,{				"indsLclsCd" : "J1"				,"indsLclsNm" : "정보통신"				,"indsMclsCd" : "J107"				,"indsMclsNm" : "프로그래밍"				,"indsSclsCd" : "J10703"				,"indsSclsNm" : "컴퓨터 시스템 통합 자문 및 구축 서비스업"				,"stdrDt" : "2023-02-28"				}				,{				"indsLclsCd" : "J1"				,"indsLclsNm" : "정보통신"				,"indsMclsCd" : "J107"				,"indsMclsNm" : "프로그래밍"				,"indsSclsCd" : "J10701"				,"indsSclsNm" : "컴퓨터 프로그래밍 서비스업"				,"stdrDt" : "2023-02-28"				}				,{				"indsLclsCd" : "J1"				,"indsLclsNm" : "정보통신"				,"indsMclsCd" : "J107"				,"indsMclsNm" : "프로그래밍"				,"indsSclsCd" : "J10702"				,"indsSclsNm" : "컴퓨터 프로그래밍 서비스업(인적용역)"				,"stdrDt" : "2023-02-28"				}				,{				"indsLclsCd" : "J1"				,"indsLclsNm" : "정보통신"				,"indsMclsCd" : "J107"				,"indsMclsNm" : "프로그래밍"				,"indsSclsCd" : "J10704"				,"indsSclsNm" : "컴퓨터시설 관리업"				,"stdrDt" : "2023-02-28"				}			]	}}