{	"header" : {		"description" : "소상공인시장진흥공단 상권정보 업종소분류 코드"		,"columns" : ["상권업종대분류코드","상권업종대분류코드명","상권업종중분류코드","상권업종중분류코드명","상권업종소분류코드","상권업종소분류코드명","데이터기준일자"]		,"resultCode" : "00"		,"resultMsg" : "NORMAL SERVICE"	},	"body" : {			"items" : [				{				"indsLclsCd" : "J1"				,"indsLclsNm" : "정보통신"				,"indsMclsCd" : "J108"				,"indsMclsNm" : "자료 처리"				,"indsSclsCd" : "J10801"				,"indsSclsNm" : "자료 처리업"				,"stdrDt" : "2023-02-28"				}				,{				"indsLclsCd" : "J1"				,"indsLclsNm" : "정보통신"				,"indsMclsCd" : "J108"				,"indsMclsNm" : "자료 처리"				,"indsSclsCd" : "J10803"				,"indsSclsNm" : "포털 및 기타 인터넷 정보 매개 서비스업"				,"stdrDt" : "2023-02-28"				}				,{				"indsLclsCd" : "J1"				,"indsLclsNm" : "정보통신"				,"indsMclsCd" : "J108"				,"indsMclsNm" : "자료 처리"				,"indsSclsCd" : "J10802"				,"indsSclsNm" : "호스팅 및 관련 서비스업"				,"stdrDt" : "2023-02-28"				}			]	}}