{	"header" : {		"description" : "소상공인시장진흥공단 상권정보 업종소분류 코드"		,"columns" : ["상권업종대분류코드","상권업종대분류코드명","상권업종중분류코드","상권업종중분류코드명","상권업종소분류코드","상권업종소분류코드명","데이터기준일자"]		,"resultCode" : "00"		,"resultMsg" : "NORMAL SERVICE"	},	"body" : {			"items" : [				{				"indsLclsCd" : "J1"				,"indsLclsNm" : "정보통신"				,"indsMclsCd" : "J109"				,"indsMclsNm" : "기타 정보"				,"indsSclsCd" : "J10999"				,"indsSclsNm" : "그 외 기타 정보 서비스업"				,"stdrDt" : "2023-02-28"				}				,{				"indsLclsCd" : "J1"				,"indsLclsNm" : "정보통신"				,"indsMclsCd" : "J109"				,"indsMclsNm" : "기타 정보"				,"indsSclsCd" : "J10901"				,"indsSclsNm" : "뉴스 제공업"				,"stdrDt" : "2023-02-28"				}				,{				"indsLclsCd" : "J1"				,"indsLclsNm" : "정보통신"				,"indsMclsCd" : "J109"				,"indsMclsNm" : "기타 정보"				,"indsSclsCd" : "J10902"				,"indsSclsNm" : "데이터베이스 및 온라인 정보 제공업"				,"stdrDt" : "2023-02-28"				}			]	}}