{	"header" : {		"description" : "소상공인시장진흥공단 상권정보 업종중분류 코드"		,"columns" : ["상권업종대분류코드","상권업종대분류코드명","상권업종중분류코드","상권업종중분류코드명","데이터기준일자"]		,"resultCode" : "00"		,"resultMsg" : "NORMAL SERVICE"	},	"body" : {			"items" : [				{				"indsLclsCd" : "K"				,"indsLclsNm" : "금융"				,"indsMclsCd" : "K05"				,"indsMclsNm" : "금융관련단체/기관"				,"stdrDt" : "2015-12-17"				}				,{				"indsLclsCd" : "K"				,"indsLclsNm" : "금융"				,"indsMclsCd" : "K04"				,"indsMclsNm" : "기타금융"				,"stdrDt" : "2015-12-17"				}				,{				"indsLclsCd" : "K"				,"indsLclsNm" : "금융"				,"indsMclsCd" : "K03"				,"indsMclsNm" : "보험"				,"stdrDt" : "2015-12-17"				}				,{				"indsLclsCd" : "K"				,"indsLclsNm" : "금융"				,"indsMclsCd" : "K01"				,"indsMclsNm" : "은행"				,"stdrDt" : "2015-12-17"				}				,{				"indsLclsCd" : "K"				,"indsLclsNm" : "금융"				,"indsMclsCd" : "K02"				,"indsMclsNm" : "증권"				,"stdrDt" : "2015-12-17"				}			]	}}