{	"header" : {		"description" : "소상공인시장진흥공단 상권정보 업종소분류 코드"		,"columns" : ["상권업종대분류코드","상권업종대분류코드명","상권업종중분류코드","상권업종중분류코드명","상권업종소분류코드","상권업종소분류코드명","데이터기준일자"]		,"resultCode" : "00"		,"resultMsg" : "NORMAL SERVICE"	},	"body" : {			"items" : [				{				"indsLclsCd" : "K"				,"indsLclsNm" : "금융"				,"indsMclsCd" : "K01"				,"indsMclsNm" : "은행"				,"indsSclsCd" : "K01A06"				,"indsSclsNm" : "농협"				,"stdrDt" : "2015-12-17"				}				,{				"indsLclsCd" : "K"				,"indsLclsNm" : "금융"				,"indsMclsCd" : "K01"				,"indsMclsNm" : "은행"				,"indsSclsCd" : "K01A07"				,"indsSclsNm" : "수협"				,"stdrDt" : "2015-12-17"				}				,{				"indsLclsCd" : "K"				,"indsLclsNm" : "금융"				,"indsMclsCd" : "K01"				,"indsMclsNm" : "은행"				,"indsSclsCd" : "K01A05"				,"indsSclsNm" : "외국은행"				,"stdrDt" : "2015-12-17"				}				,{				"indsLclsCd" : "K"				,"indsLclsNm" : "금융"				,"indsMclsCd" : "K01"				,"indsMclsNm" : "은행"				,"indsSclsCd" : "K01A02"				,"indsSclsNm" : "은행"				,"stdrDt" : "2015-12-17"				}				,{				"indsLclsCd" : "K"				,"indsLclsNm" : "금융"				,"indsMclsCd" : "K01"				,"indsMclsNm" : "은행"				,"indsSclsCd" : "K01A01"				,"indsSclsNm" : "중앙은행"				,"stdrDt" : "2015-12-17"				}				,{				"indsLclsCd" : "K"				,"indsLclsNm" : "금융"				,"indsMclsCd" : "K01"				,"indsMclsNm" : "은행"				,"indsSclsCd" : "K01A03"				,"indsSclsNm" : "지방은행"				,"stdrDt" : "2015-12-17"				}				,{				"indsLclsCd" : "K"				,"indsLclsNm" : "금융"				,"indsMclsCd" : "K01"				,"indsMclsNm" : "은행"				,"indsSclsCd" : "K01A08"				,"indsSclsNm" : "축협"				,"stdrDt" : "2015-12-17"				}				,{				"indsLclsCd" : "K"				,"indsLclsNm" : "금융"				,"indsMclsCd" : "K01"				,"indsMclsNm" : "은행"				,"indsSclsCd" : "K01A04"				,"indsSclsNm" : "특수은행"				,"stdrDt" : "2015-12-17"				}			]	}}