{	"header" : {		"description" : "소상공인시장진흥공단 상권정보 업종소분류 코드"		,"columns" : ["상권업종대분류코드","상권업종대분류코드명","상권업종중분류코드","상권업종중분류코드명","상권업종소분류코드","상권업종소분류코드명","데이터기준일자"]		,"resultCode" : "00"		,"resultMsg" : "NORMAL SERVICE"	},	"body" : {			"items" : [				{				"indsLclsCd" : "K"				,"indsLclsNm" : "금융"				,"indsMclsCd" : "K02"				,"indsMclsNm" : "증권"				,"indsSclsCd" : "K02A02"				,"indsSclsNm" : "외국증권회사"				,"stdrDt" : "2015-12-17"				}				,{				"indsLclsCd" : "K"				,"indsLclsNm" : "금융"				,"indsMclsCd" : "K02"				,"indsMclsNm" : "증권"				,"indsSclsCd" : "K02A03"				,"indsSclsNm" : "증권거래소"				,"stdrDt" : "2015-12-17"				}				,{				"indsLclsCd" : "K"				,"indsLclsNm" : "금융"				,"indsMclsCd" : "K02"				,"indsMclsNm" : "증권"				,"indsSclsCd" : "K02A99"				,"indsSclsNm" : "증권거래업-기타"				,"stdrDt" : "2015-12-17"				}				,{				"indsLclsCd" : "K"				,"indsLclsNm" : "금융"				,"indsMclsCd" : "K02"				,"indsMclsNm" : "증권"				,"indsSclsCd" : "K02A00"				,"indsSclsNm" : "증권거래업-종합"				,"stdrDt" : "2015-12-17"				}				,{				"indsLclsCd" : "K"				,"indsLclsNm" : "금융"				,"indsMclsCd" : "K02"				,"indsMclsNm" : "증권"				,"indsSclsCd" : "K02A01"				,"indsSclsNm" : "증권회사"				,"stdrDt" : "2015-12-17"				}			]	}}