{	"header" : {		"description" : "소상공인시장진흥공단 상권정보 업종소분류 코드"		,"columns" : ["상권업종대분류코드","상권업종대분류코드명","상권업종중분류코드","상권업종중분류코드명","상권업종소분류코드","상권업종소분류코드명","데이터기준일자"]		,"resultCode" : "00"		,"resultMsg" : "NORMAL SERVICE"	},	"body" : {			"items" : [				{				"indsLclsCd" : "K"				,"indsLclsNm" : "금융"				,"indsMclsCd" : "K03"				,"indsMclsNm" : "보험"				,"indsSclsCd" : "K03C03"				,"indsSclsNm" : "건강보험"				,"stdrDt" : "2015-12-17"				}				,{				"indsLclsCd" : "K"				,"indsLclsNm" : "금융"				,"indsMclsCd" : "K03"				,"indsMclsNm" : "보험"				,"indsSclsCd" : "K03B03"				,"indsSclsNm" : "공무원연금"				,"stdrDt" : "2015-12-17"				}				,{				"indsLclsCd" : "K"				,"indsLclsNm" : "금융"				,"indsMclsCd" : "K03"				,"indsMclsNm" : "보험"				,"indsSclsCd" : "K03B02"				,"indsSclsNm" : "공제기금운영"				,"stdrDt" : "2015-12-17"				}				,{				"indsLclsCd" : "K"				,"indsLclsNm" : "금융"				,"indsMclsCd" : "K03"				,"indsMclsNm" : "보험"				,"indsSclsCd" : "K03B01"				,"indsSclsNm" : "국민연금"				,"stdrDt" : "2015-12-17"				}				,{				"indsLclsCd" : "K"				,"indsLclsNm" : "금융"				,"indsMclsCd" : "K03"				,"indsMclsNm" : "보험"				,"indsSclsCd" : "K03E01"				,"indsSclsNm" : "보험감정업"				,"stdrDt" : "2015-12-17"				}				,{				"indsLclsCd" : "K"				,"indsLclsNm" : "금융"				,"indsMclsCd" : "K03"				,"indsMclsNm" : "보험"				,"indsSclsCd" : "K03E02"				,"indsSclsNm" : "보험중개업"				,"stdrDt" : "2015-12-17"				}				,{				"indsLclsCd" : "K"				,"indsLclsNm" : "금융"				,"indsMclsCd" : "K03"				,"indsMclsNm" : "보험"				,"indsSclsCd" : "K03C02"				,"indsSclsNm" : "보험회사-보증보험"				,"stdrDt" : "2015-12-17"				}				,{				"indsLclsCd" : "K"				,"indsLclsNm" : "금융"				,"indsMclsCd" : "K03"				,"indsMclsNm" : "보험"				,"indsSclsCd" : "K03A00"				,"indsSclsNm" : "보험회사-생명보험"				,"stdrDt" : "2015-12-17"				}				,{				"indsLclsCd" : "K"				,"indsLclsNm" : "금융"				,"indsMclsCd" : "K03"				,"indsMclsNm" : "보험"				,"indsSclsCd" : "K03C01"				,"indsSclsNm" : "보험회사-손해보험"				,"stdrDt" : "2015-12-17"				}				,{				"indsLclsCd" : "K"				,"indsLclsNm" : "금융"				,"indsMclsCd" : "K03"				,"indsMclsNm" : "보험"				,"indsSclsCd" : "K03C99"				,"indsSclsNm" : "비생명보험-기타"				,"stdrDt" : "2015-12-17"				}				,{				"indsLclsCd" : "K"				,"indsLclsNm" : "금융"				,"indsMclsCd" : "K03"				,"indsMclsNm" : "보험"				,"indsSclsCd" : "K03C00"				,"indsSclsNm" : "비생명보험-종합"				,"stdrDt" : "2015-12-17"				}				,{				"indsLclsCd" : "K"				,"indsLclsNm" : "금융"				,"indsMclsCd" : "K03"				,"indsMclsNm" : "보험"				,"indsSclsCd" : "K03C04"				,"indsSclsNm" : "산업재해/사회보장보험"				,"stdrDt" : "2015-12-17"				}				,{				"indsLclsCd" : "K"				,"indsLclsNm" : "금융"				,"indsMclsCd" : "K03"				,"indsMclsNm" : "보험"				,"indsSclsCd" : "K03D01"				,"indsSclsNm" : "재보험"				,"stdrDt" : "2015-12-17"				}			]	}}