{	"header" : {		"description" : "소상공인시장진흥공단 상권정보 업종소분류 코드"		,"columns" : ["상권업종대분류코드","상권업종대분류코드명","상권업종중분류코드","상권업종중분류코드명","상권업종소분류코드","상권업종소분류코드명","데이터기준일자"]		,"resultCode" : "00"		,"resultMsg" : "NORMAL SERVICE"	},	"body" : {			"items" : [				{				"indsLclsCd" : "K"				,"indsLclsNm" : "금융"				,"indsMclsCd" : "K04"				,"indsMclsNm" : "기타금융"				,"indsSclsCd" : "K04B01"				,"indsSclsNm" : "금융리스"				,"stdrDt" : "2015-12-17"				}				,{				"indsLclsCd" : "K"				,"indsLclsNm" : "금융"				,"indsMclsCd" : "K04"				,"indsMclsNm" : "기타금융"				,"indsSclsCd" : "K04D04"				,"indsSclsNm" : "금융채권상"				,"stdrDt" : "2015-12-17"				}				,{				"indsLclsCd" : "K"				,"indsLclsNm" : "금융"				,"indsMclsCd" : "K04"				,"indsMclsNm" : "기타금융"				,"indsSclsCd" : "K04C01"				,"indsSclsNm" : "기술개발금융"				,"stdrDt" : "2015-12-17"				}				,{				"indsLclsCd" : "K"				,"indsLclsNm" : "금융"				,"indsMclsCd" : "K04"				,"indsMclsNm" : "기타금융"				,"indsSclsCd" : "K04A02"				,"indsSclsNm" : "단기금융업"				,"stdrDt" : "2015-12-17"				}				,{				"indsLclsCd" : "K"				,"indsLclsNm" : "금융"				,"indsMclsCd" : "K04"				,"indsMclsNm" : "기타금융"				,"indsSclsCd" : "K04B99"				,"indsSclsNm" : "리스업-기타"				,"stdrDt" : "2015-12-17"				}				,{				"indsLclsCd" : "K"				,"indsLclsNm" : "금융"				,"indsMclsCd" : "K04"				,"indsMclsNm" : "기타금융"				,"indsSclsCd" : "K04B00"				,"indsSclsNm" : "리스업-종합"				,"stdrDt" : "2015-12-17"				}				,{				"indsLclsCd" : "K"				,"indsLclsNm" : "금융"				,"indsMclsCd" : "K04"				,"indsMclsNm" : "기타금융"				,"indsSclsCd" : "K04A04"				,"indsSclsNm" : "상호저축은행"				,"stdrDt" : "2015-12-17"				}				,{				"indsLclsCd" : "K"				,"indsLclsNm" : "금융"				,"indsMclsCd" : "K04"				,"indsMclsNm" : "기타금융"				,"indsSclsCd" : "K04A03"				,"indsSclsNm" : "새마을금고"				,"stdrDt" : "2015-12-17"				}				,{				"indsLclsCd" : "K"				,"indsLclsNm" : "금융"				,"indsMclsCd" : "K04"				,"indsMclsNm" : "기타금융"				,"indsSclsCd" : "K04B02"				,"indsSclsNm" : "설비리스"				,"stdrDt" : "2015-12-17"				}				,{				"indsLclsCd" : "K"				,"indsLclsNm" : "금융"				,"indsMclsCd" : "K04"				,"indsMclsNm" : "기타금융"				,"indsSclsCd" : "K04D05"				,"indsSclsNm" : "신용보증업"				,"stdrDt" : "2015-12-17"				}				,{				"indsLclsCd" : "K"				,"indsLclsNm" : "금융"				,"indsMclsCd" : "K04"				,"indsMclsNm" : "기타금융"				,"indsSclsCd" : "K04C03"				,"indsSclsNm" : "신용카드업"				,"stdrDt" : "2015-12-17"				}				,{				"indsLclsCd" : "K"				,"indsLclsNm" : "금융"				,"indsMclsCd" : "K04"				,"indsMclsNm" : "기타금융"				,"indsSclsCd" : "K04A05"				,"indsSclsNm" : "신협"				,"stdrDt" : "2015-12-17"				}				,{				"indsLclsCd" : "K"				,"indsLclsNm" : "금융"				,"indsMclsCd" : "K04"				,"indsMclsNm" : "기타금융"				,"indsSclsCd" : "K04D02"				,"indsSclsNm" : "안정기금관리회사"				,"stdrDt" : "2015-12-17"				}				,{				"indsLclsCd" : "K"				,"indsLclsNm" : "금융"				,"indsMclsCd" : "K04"				,"indsMclsNm" : "기타금융"				,"indsSclsCd" : "K04B03"				,"indsSclsNm" : "여신전문금융업"				,"stdrDt" : "2015-12-17"				}				,{				"indsLclsCd" : "K"				,"indsLclsNm" : "금융"				,"indsMclsCd" : "K04"				,"indsMclsNm" : "기타금융"				,"indsSclsCd" : "K04D03"				,"indsSclsNm" : "전당포"				,"stdrDt" : "2015-12-17"				}				,{				"indsLclsCd" : "K"				,"indsLclsNm" : "금융"				,"indsMclsCd" : "K04"				,"indsMclsNm" : "기타금융"				,"indsSclsCd" : "K04A01"				,"indsSclsNm" : "종합금융업"				,"stdrDt" : "2015-12-17"				}				,{				"indsLclsCd" : "K"				,"indsLclsNm" : "금융"				,"indsMclsCd" : "K04"				,"indsMclsNm" : "기타금융"				,"indsSclsCd" : "K04C02"				,"indsSclsNm" : "창업투자금융"				,"stdrDt" : "2015-12-17"				}				,{				"indsLclsCd" : "K"				,"indsLclsNm" : "금융"				,"indsMclsCd" : "K04"				,"indsMclsNm" : "기타금융"				,"indsSclsCd" : "K04D01"				,"indsSclsNm" : "투자신탁회사"				,"stdrDt" : "2015-12-17"				}				,{				"indsLclsCd" : "K"				,"indsLclsNm" : "금융"				,"indsMclsCd" : "K04"				,"indsMclsNm" : "기타금융"				,"indsSclsCd" : "K04A06"				,"indsSclsNm" : "할부금융업"				,"stdrDt" : "2015-12-17"				}				,{				"indsLclsCd" : "K"				,"indsLclsNm" : "금융"				,"indsMclsCd" : "K04"				,"indsMclsNm" : "기타금융"				,"indsSclsCd" : "K04D06"				,"indsSclsNm" : "환전상"				,"stdrDt" : "2015-12-17"				}			]	}}