{	"header" : {		"description" : "소상공인시장진흥공단 상권정보 업종소분류 코드"		,"columns" : ["상권업종대분류코드","상권업종대분류코드명","상권업종중분류코드","상권업종중분류코드명","상권업종소분류코드","상권업종소분류코드명","데이터기준일자"]		,"resultCode" : "00"		,"resultMsg" : "NORMAL SERVICE"	},	"body" : {			"items" : [				{				"indsLclsCd" : "K"				,"indsLclsNm" : "금융"				,"indsMclsCd" : "K05"				,"indsMclsNm" : "금융관련단체/기관"				,"indsSclsCd" : "K05B06"				,"indsSclsNm" : "금융결제원"				,"stdrDt" : "2015-12-17"				}				,{				"indsLclsCd" : "K"				,"indsLclsNm" : "금융"				,"indsMclsCd" : "K05"				,"indsMclsNm" : "금융관련단체/기관"				,"indsSclsCd" : "K05B05"				,"indsSclsNm" : "금융선물거래중개"				,"stdrDt" : "2015-12-17"				}				,{				"indsLclsCd" : "K"				,"indsLclsNm" : "금융"				,"indsMclsCd" : "K05"				,"indsMclsNm" : "금융관련단체/기관"				,"indsSclsCd" : "K05A00"				,"indsSclsNm" : "금융시장관리"				,"stdrDt" : "2015-12-17"				}				,{				"indsLclsCd" : "K"				,"indsLclsNm" : "금융"				,"indsMclsCd" : "K05"				,"indsMclsNm" : "금융관련단체/기관"				,"indsSclsCd" : "K05B04"				,"indsSclsNm" : "상품선물거래중개"				,"stdrDt" : "2015-12-17"				}				,{				"indsLclsCd" : "K"				,"indsLclsNm" : "금융"				,"indsMclsCd" : "K05"				,"indsMclsNm" : "금융관련단체/기관"				,"indsSclsCd" : "K05B03"				,"indsSclsNm" : "신용평가업"				,"stdrDt" : "2015-12-17"				}				,{				"indsLclsCd" : "K"				,"indsLclsNm" : "금융"				,"indsMclsCd" : "K05"				,"indsMclsNm" : "금융관련단체/기관"				,"indsSclsCd" : "K05B00"				,"indsSclsNm" : "어음청산업"				,"stdrDt" : "2015-12-17"				}				,{				"indsLclsCd" : "K"				,"indsLclsNm" : "금융"				,"indsMclsCd" : "K05"				,"indsMclsNm" : "금융관련단체/기관"				,"indsSclsCd" : "K05B07"				,"indsSclsNm" : "증권금융"				,"stdrDt" : "2015-12-17"				}				,{				"indsLclsCd" : "K"				,"indsLclsNm" : "금융"				,"indsMclsCd" : "K05"				,"indsMclsNm" : "금융관련단체/기관"				,"indsSclsCd" : "K05B02"				,"indsSclsNm" : "투자자문회사"				,"stdrDt" : "2015-12-17"				}			]	}}