{	"header" : {		"description" : "소상공인시장진흥공단 상권정보 업종중분류 코드"		,"columns" : ["상권업종대분류코드","상권업종대분류코드명","상권업종중분류코드","상권업종중분류코드명","데이터기준일자"]		,"resultCode" : "00"		,"resultMsg" : "NORMAL SERVICE"	},	"body" : {			"items" : [				{				"indsLclsCd" : "K1"				,"indsLclsNm" : "금융, 보험"				,"indsMclsCd" : "K107"				,"indsMclsNm" : "금융 지원"				,"stdrDt" : "2023-02-28"				}				,{				"indsLclsCd" : "K1"				,"indsLclsNm" : "금융, 보험"				,"indsMclsCd" : "K103"				,"indsMclsNm" : "기타 금융"				,"stdrDt" : "2023-02-28"				}				,{				"indsLclsCd" : "K1"				,"indsLclsNm" : "금융, 보험"				,"indsMclsCd" : "K104"				,"indsMclsNm" : "보험"				,"stdrDt" : "2023-02-28"				}				,{				"indsLclsCd" : "K1"				,"indsLclsNm" : "금융, 보험"				,"indsMclsCd" : "K105"				,"indsMclsNm" : "보험"				,"stdrDt" : "2023-02-28"				}				,{				"indsLclsCd" : "K1"				,"indsLclsNm" : "금융, 보험"				,"indsMclsCd" : "K108"				,"indsMclsNm" : "보험, 연금"				,"stdrDt" : "2023-02-28"				}				,{				"indsLclsCd" : "K1"				,"indsLclsNm" : "금융, 보험"				,"indsMclsCd" : "K102"				,"indsMclsNm" : "신탁, 집합투자"				,"stdrDt" : "2023-02-28"				}				,{				"indsLclsCd" : "K1"				,"indsLclsNm" : "금융, 보험"				,"indsMclsCd" : "K106"				,"indsMclsNm" : "연금, 공제"				,"stdrDt" : "2023-02-28"				}				,{				"indsLclsCd" : "K1"				,"indsLclsNm" : "금융, 보험"				,"indsMclsCd" : "K101"				,"indsMclsNm" : "은행, 저축"				,"stdrDt" : "2023-02-28"				}			]	}}