{	"header" : {		"description" : "소상공인시장진흥공단 상권정보 업종소분류 코드"		,"columns" : ["상권업종대분류코드","상권업종대분류코드명","상권업종중분류코드","상권업종중분류코드명","상권업종소분류코드","상권업종소분류코드명","데이터기준일자"]		,"resultCode" : "00"		,"resultMsg" : "NORMAL SERVICE"	},	"body" : {			"items" : [				{				"indsLclsCd" : "K1"				,"indsLclsNm" : "금융, 보험"				,"indsMclsCd" : "K101"				,"indsMclsNm" : "은행, 저축"				,"indsSclsCd" : "K10102"				,"indsSclsNm" : "국내은행"				,"stdrDt" : "2023-02-28"				}				,{				"indsLclsCd" : "K1"				,"indsLclsNm" : "금융, 보험"				,"indsMclsCd" : "K101"				,"indsMclsNm" : "은행, 저축"				,"indsSclsCd" : "K10105"				,"indsSclsNm" : "상호 저축은행 및 기타 저축기관"				,"stdrDt" : "2023-02-28"				}				,{				"indsLclsCd" : "K1"				,"indsLclsNm" : "금융, 보험"				,"indsMclsCd" : "K101"				,"indsMclsNm" : "은행, 저축"				,"indsSclsCd" : "K10104"				,"indsSclsNm" : "신용조합"				,"stdrDt" : "2023-02-28"				}				,{				"indsLclsCd" : "K1"				,"indsLclsNm" : "금융, 보험"				,"indsMclsCd" : "K101"				,"indsMclsNm" : "은행, 저축"				,"indsSclsCd" : "K10103"				,"indsSclsNm" : "외국은행"				,"stdrDt" : "2023-02-28"				}				,{				"indsLclsCd" : "K1"				,"indsLclsNm" : "금융, 보험"				,"indsMclsCd" : "K101"				,"indsMclsNm" : "은행, 저축"				,"indsSclsCd" : "K10101"				,"indsSclsNm" : "중앙은행"				,"stdrDt" : "2023-02-28"				}			]	}}