{	"header" : {		"description" : "소상공인시장진흥공단 상권정보 업종소분류 코드"		,"columns" : ["상권업종대분류코드","상권업종대분류코드명","상권업종중분류코드","상권업종중분류코드명","상권업종소분류코드","상권업종소분류코드명","데이터기준일자"]		,"resultCode" : "00"		,"resultMsg" : "NORMAL SERVICE"	},	"body" : {			"items" : [				{				"indsLclsCd" : "K1"				,"indsLclsNm" : "금융, 보험"				,"indsMclsCd" : "K102"				,"indsMclsNm" : "신탁, 집합투자"				,"indsSclsCd" : "K10299"				,"indsSclsNm" : "기타 금융 투자"				,"stdrDt" : "2023-02-28"				}				,{				"indsLclsCd" : "K1"				,"indsLclsNm" : "금융, 보험"				,"indsMclsCd" : "K102"				,"indsMclsNm" : "신탁, 집합투자"				,"indsSclsCd" : "K10201"				,"indsSclsNm" : "신탁업 및 집합 투자업"				,"stdrDt" : "2023-02-28"				}			]	}}