{	"header" : {		"description" : "소상공인시장진흥공단 상권정보 업종소분류 코드"		,"columns" : ["상권업종대분류코드","상권업종대분류코드명","상권업종중분류코드","상권업종중분류코드명","상권업종소분류코드","상권업종소분류코드명","데이터기준일자"]		,"resultCode" : "00"		,"resultMsg" : "NORMAL SERVICE"	},	"body" : {			"items" : [				{				"indsLclsCd" : "K1"				,"indsLclsNm" : "금융, 보험"				,"indsMclsCd" : "K103"				,"indsMclsNm" : "기타 금융"				,"indsSclsCd" : "K10302"				,"indsSclsNm" : "개발 금융기관"				,"stdrDt" : "2023-02-28"				}				,{				"indsLclsCd" : "K1"				,"indsLclsNm" : "금융, 보험"				,"indsMclsCd" : "K103"				,"indsMclsNm" : "기타 금융"				,"indsSclsCd" : "K10399"				,"indsSclsNm" : "그 외 기타 분류 안된 금융업"				,"stdrDt" : "2023-02-28"				}				,{				"indsLclsCd" : "K1"				,"indsLclsNm" : "금융, 보험"				,"indsMclsCd" : "K103"				,"indsMclsNm" : "기타 금융"				,"indsSclsCd" : "K10304"				,"indsSclsNm" : "그 외 기타 여신 금융업"				,"stdrDt" : "2023-02-28"				}				,{				"indsLclsCd" : "K1"				,"indsLclsNm" : "금융, 보험"				,"indsMclsCd" : "K103"				,"indsMclsNm" : "기타 금융"				,"indsSclsCd" : "K10301"				,"indsSclsNm" : "금융 리스업"				,"stdrDt" : "2023-02-28"				}				,{				"indsLclsCd" : "K1"				,"indsLclsNm" : "금융, 보험"				,"indsMclsCd" : "K103"				,"indsMclsNm" : "기타 금융"				,"indsSclsCd" : "K10305"				,"indsSclsNm" : "기금 운영업"				,"stdrDt" : "2023-02-28"				}				,{				"indsLclsCd" : "K1"				,"indsLclsNm" : "금융, 보험"				,"indsMclsCd" : "K103"				,"indsMclsNm" : "기타 금융"				,"indsSclsCd" : "K10303"				,"indsSclsNm" : "신용카드 및 할부 금융업"				,"stdrDt" : "2023-02-28"				}				,{				"indsLclsCd" : "K1"				,"indsLclsNm" : "금융, 보험"				,"indsMclsCd" : "K103"				,"indsMclsNm" : "기타 금융"				,"indsSclsCd" : "K10306"				,"indsSclsNm" : "지주회사"				,"stdrDt" : "2023-02-28"				}			]	}}