{	"header" : {		"description" : "소상공인시장진흥공단 상권정보 업종소분류 코드"		,"columns" : ["상권업종대분류코드","상권업종대분류코드명","상권업종중분류코드","상권업종중분류코드명","상권업종소분류코드","상권업종소분류코드명","데이터기준일자"]		,"resultCode" : "00"		,"resultMsg" : "NORMAL SERVICE"	},	"body" : {			"items" : [				{				"indsLclsCd" : "K1"				,"indsLclsNm" : "금융, 보험"				,"indsMclsCd" : "K104"				,"indsMclsNm" : "보험"				,"indsSclsCd" : "K10404"				,"indsSclsNm" : "건강보험업"				,"stdrDt" : "2023-02-28"				}				,{				"indsLclsCd" : "K1"				,"indsLclsNm" : "금융, 보험"				,"indsMclsCd" : "K104"				,"indsMclsNm" : "보험"				,"indsSclsCd" : "K10403"				,"indsSclsNm" : "보증보험업"				,"stdrDt" : "2023-02-28"				}				,{				"indsLclsCd" : "K1"				,"indsLclsNm" : "금융, 보험"				,"indsMclsCd" : "K104"				,"indsMclsNm" : "보험"				,"indsSclsCd" : "K10405"				,"indsSclsNm" : "산업 재해 및 기타 사회보장보험업"				,"stdrDt" : "2023-02-28"				}				,{				"indsLclsCd" : "K1"				,"indsLclsNm" : "금융, 보험"				,"indsMclsCd" : "K104"				,"indsMclsNm" : "보험"				,"indsSclsCd" : "K10401"				,"indsSclsNm" : "생명보험업"				,"stdrDt" : "2023-02-28"				}				,{				"indsLclsCd" : "K1"				,"indsLclsNm" : "금융, 보험"				,"indsMclsCd" : "K104"				,"indsMclsNm" : "보험"				,"indsSclsCd" : "K10402"				,"indsSclsNm" : "손해보험업"				,"stdrDt" : "2023-02-28"				}			]	}}