{	"header" : {		"description" : "소상공인시장진흥공단 상권정보 업종소분류 코드"		,"columns" : ["상권업종대분류코드","상권업종대분류코드명","상권업종중분류코드","상권업종중분류코드명","상권업종소분류코드","상권업종소분류코드명","데이터기준일자"]		,"resultCode" : "00"		,"resultMsg" : "NORMAL SERVICE"	},	"body" : {			"items" : [				{				"indsLclsCd" : "K1"				,"indsLclsNm" : "금융, 보험"				,"indsMclsCd" : "K106"				,"indsMclsNm" : "연금, 공제"				,"indsSclsCd" : "K10601"				,"indsSclsNm" : "개인 공제업"				,"stdrDt" : "2023-02-28"				}				,{				"indsLclsCd" : "K1"				,"indsLclsNm" : "금융, 보험"				,"indsMclsCd" : "K106"				,"indsMclsNm" : "연금, 공제"				,"indsSclsCd" : "K10602"				,"indsSclsNm" : "사업 공제업"				,"stdrDt" : "2023-02-28"				}				,{				"indsLclsCd" : "K1"				,"indsLclsNm" : "금융, 보험"				,"indsMclsCd" : "K106"				,"indsMclsNm" : "연금, 공제"				,"indsSclsCd" : "K10603"				,"indsSclsNm" : "연금업"				,"stdrDt" : "2023-02-28"				}			]	}}