{	"header" : {		"description" : "소상공인시장진흥공단 상권정보 업종소분류 코드"		,"columns" : ["상권업종대분류코드","상권업종대분류코드명","상권업종중분류코드","상권업종중분류코드명","상권업종소분류코드","상권업종소분류코드명","데이터기준일자"]		,"resultCode" : "00"		,"resultMsg" : "NORMAL SERVICE"	},	"body" : {			"items" : [				{				"indsLclsCd" : "K1"				,"indsLclsNm" : "금융, 보험"				,"indsMclsCd" : "K107"				,"indsMclsNm" : "금융 지원"				,"indsSclsCd" : "K10799"				,"indsSclsNm" : "그 외 기타 금융 지원 서비스업"				,"stdrDt" : "2023-02-28"				}				,{				"indsLclsCd" : "K1"				,"indsLclsNm" : "금융, 보험"				,"indsMclsCd" : "K107"				,"indsMclsNm" : "금융 지원"				,"indsSclsCd" : "K10701"				,"indsSclsNm" : "금융시장 관리업"				,"stdrDt" : "2023-02-28"				}				,{				"indsLclsCd" : "K1"				,"indsLclsNm" : "금융, 보험"				,"indsMclsCd" : "K107"				,"indsMclsNm" : "금융 지원"				,"indsSclsCd" : "K10703"				,"indsSclsNm" : "선물 중개업"				,"stdrDt" : "2023-02-28"				}				,{				"indsLclsCd" : "K1"				,"indsLclsNm" : "금융, 보험"				,"indsMclsCd" : "K107"				,"indsMclsNm" : "금융 지원"				,"indsSclsCd" : "K10704"				,"indsSclsNm" : "증권 발행, 관리, 보관 및 거래 지원 서비스업"				,"stdrDt" : "2023-02-28"				}				,{				"indsLclsCd" : "K1"				,"indsLclsNm" : "금융, 보험"				,"indsMclsCd" : "K107"				,"indsMclsNm" : "금융 지원"				,"indsSclsCd" : "K10702"				,"indsSclsNm" : "증권 중개업"				,"stdrDt" : "2023-02-28"				}				,{				"indsLclsCd" : "K1"				,"indsLclsNm" : "금융, 보험"				,"indsMclsCd" : "K107"				,"indsMclsNm" : "금융 지원"				,"indsSclsCd" : "K10705"				,"indsSclsNm" : "투자 자문업 및 투자 일임업"				,"stdrDt" : "2023-02-28"				}			]	}}