{	"header" : {		"description" : "소상공인시장진흥공단 상권정보 업종소분류 코드"		,"columns" : ["상권업종대분류코드","상권업종대분류코드명","상권업종중분류코드","상권업종중분류코드명","상권업종소분류코드","상권업종소분류코드명","데이터기준일자"]		,"resultCode" : "00"		,"resultMsg" : "NORMAL SERVICE"	},	"body" : {			"items" : [				{				"indsLclsCd" : "K1"				,"indsLclsNm" : "금융, 보험"				,"indsMclsCd" : "K108"				,"indsMclsNm" : "보험, 연금"				,"indsSclsCd" : "K10899"				,"indsSclsNm" : "기타 보험 및 연금관련 서비스업"				,"stdrDt" : "2023-02-28"				}				,{				"indsLclsCd" : "K1"				,"indsLclsNm" : "금융, 보험"				,"indsMclsCd" : "K108"				,"indsMclsNm" : "보험, 연금"				,"indsSclsCd" : "K10802"				,"indsSclsNm" : "보험 대리 및 중개업"				,"stdrDt" : "2023-02-28"				}				,{				"indsLclsCd" : "K1"				,"indsLclsNm" : "금융, 보험"				,"indsMclsCd" : "K108"				,"indsMclsNm" : "보험, 연금"				,"indsSclsCd" : "K10801"				,"indsSclsNm" : "손해 사정업"				,"stdrDt" : "2023-02-28"				}			]	}}