{	"header" : {		"description" : "소상공인시장진흥공단 상권정보 업종중분류 코드"		,"columns" : ["상권업종대분류코드","상권업종대분류코드명","상권업종중분류코드","상권업종중분류코드명","데이터기준일자"]		,"resultCode" : "00"		,"resultMsg" : "NORMAL SERVICE"	},	"body" : {			"items" : [				{				"indsLclsCd" : "L"				,"indsLclsNm" : "부동산"				,"indsMclsCd" : "L05"				,"indsMclsNm" : "부동산관련서비스"				,"stdrDt" : "2015-12-17"				}				,{				"indsLclsCd" : "L"				,"indsLclsNm" : "부동산"				,"indsMclsCd" : "L02"				,"indsMclsNm" : "부동산임대"				,"stdrDt" : "2015-12-17"				}				,{				"indsLclsCd" : "L"				,"indsLclsNm" : "부동산"				,"indsMclsCd" : "L01"				,"indsMclsNm" : "부동산중개"				,"stdrDt" : "2015-12-17"				}				,{				"indsLclsCd" : "L"				,"indsLclsNm" : "부동산"				,"indsMclsCd" : "L03"				,"indsMclsNm" : "분양"				,"stdrDt" : "2015-12-17"				}				,{				"indsLclsCd" : "L"				,"indsLclsNm" : "부동산"				,"indsMclsCd" : "L04"				,"indsMclsNm" : "평가/개발/관리"				,"stdrDt" : "2015-12-17"				}			]	}}