{	"header" : {		"description" : "소상공인시장진흥공단 상권정보 업종소분류 코드"		,"columns" : ["상권업종대분류코드","상권업종대분류코드명","상권업종중분류코드","상권업종중분류코드명","상권업종소분류코드","상권업종소분류코드명","데이터기준일자"]		,"resultCode" : "00"		,"resultMsg" : "NORMAL SERVICE"	},	"body" : {			"items" : [				{				"indsLclsCd" : "L"				,"indsLclsNm" : "부동산"				,"indsMclsCd" : "L02"				,"indsMclsNm" : "부동산임대"				,"indsSclsCd" : "L02A01"				,"indsSclsNm" : "임대-사무실/오피스텔/공장"				,"stdrDt" : "2015-12-17"				}				,{				"indsLclsCd" : "L"				,"indsLclsNm" : "부동산"				,"indsMclsCd" : "L02"				,"indsMclsNm" : "부동산임대"				,"indsSclsCd" : "L02A03"				,"indsSclsNm" : "임대-쇼핑센타/상점"				,"stdrDt" : "2015-12-17"				}				,{				"indsLclsCd" : "L"				,"indsLclsNm" : "부동산"				,"indsMclsCd" : "L02"				,"indsMclsNm" : "부동산임대"				,"indsSclsCd" : "L02A02"				,"indsSclsNm" : "임대-주택/아파트/연립"				,"stdrDt" : "2015-12-17"				}				,{				"indsLclsCd" : "L"				,"indsLclsNm" : "부동산"				,"indsMclsCd" : "L02"				,"indsMclsNm" : "부동산임대"				,"indsSclsCd" : "L02A04"				,"indsSclsNm" : "임대-토지/묘지"				,"stdrDt" : "2015-12-17"				}			]	}}