{	"header" : {		"description" : "소상공인시장진흥공단 상권정보 업종소분류 코드"		,"columns" : ["상권업종대분류코드","상권업종대분류코드명","상권업종중분류코드","상권업종중분류코드명","상권업종소분류코드","상권업종소분류코드명","데이터기준일자"]		,"resultCode" : "00"		,"resultMsg" : "NORMAL SERVICE"	},	"body" : {			"items" : [				{				"indsLclsCd" : "L"				,"indsLclsNm" : "부동산"				,"indsMclsCd" : "L03"				,"indsMclsNm" : "분양"				,"indsSclsCd" : "L03A04"				,"indsSclsNm" : "건물분양-종합"				,"stdrDt" : "2015-12-17"				}				,{				"indsLclsCd" : "L"				,"indsLclsNm" : "부동산"				,"indsMclsCd" : "L03"				,"indsMclsNm" : "분양"				,"indsSclsCd" : "L03A03"				,"indsSclsNm" : "사무실분양"				,"stdrDt" : "2015-12-17"				}				,{				"indsLclsCd" : "L"				,"indsLclsNm" : "부동산"				,"indsMclsCd" : "L03"				,"indsMclsNm" : "분양"				,"indsSclsCd" : "L03A02"				,"indsSclsNm" : "상가분양"				,"stdrDt" : "2015-12-17"				}				,{				"indsLclsCd" : "L"				,"indsLclsNm" : "부동산"				,"indsMclsCd" : "L03"				,"indsMclsNm" : "분양"				,"indsSclsCd" : "L03A01"				,"indsSclsNm" : "주택공급"				,"stdrDt" : "2015-12-17"				}			]	}}