{	"header" : {		"description" : "소상공인시장진흥공단 상권정보 업종소분류 코드"		,"columns" : ["상권업종대분류코드","상권업종대분류코드명","상권업종중분류코드","상권업종중분류코드명","상권업종소분류코드","상권업종소분류코드명","데이터기준일자"]		,"resultCode" : "00"		,"resultMsg" : "NORMAL SERVICE"	},	"body" : {			"items" : [				{				"indsLclsCd" : "L"				,"indsLclsNm" : "부동산"				,"indsMclsCd" : "L04"				,"indsMclsNm" : "평가/개발/관리"				,"indsSclsCd" : "L04A02"				,"indsSclsNm" : "건축물시설관리"				,"stdrDt" : "2015-12-17"				}				,{				"indsLclsCd" : "L"				,"indsLclsNm" : "부동산"				,"indsMclsCd" : "L04"				,"indsMclsNm" : "평가/개발/관리"				,"indsSclsCd" : "L04A04"				,"indsSclsNm" : "부동산감정평가"				,"stdrDt" : "2015-12-17"				}				,{				"indsLclsCd" : "L"				,"indsLclsNm" : "부동산"				,"indsMclsCd" : "L04"				,"indsMclsNm" : "평가/개발/관리"				,"indsSclsCd" : "L04A05"				,"indsSclsNm" : "부동산소유권조사"				,"stdrDt" : "2015-12-17"				}				,{				"indsLclsCd" : "L"				,"indsLclsNm" : "부동산"				,"indsMclsCd" : "L04"				,"indsMclsNm" : "평가/개발/관리"				,"indsSclsCd" : "L04A06"				,"indsSclsNm" : "부동산자문"				,"stdrDt" : "2015-12-17"				}				,{				"indsLclsCd" : "L"				,"indsLclsNm" : "부동산"				,"indsMclsCd" : "L04"				,"indsMclsNm" : "평가/개발/관리"				,"indsSclsCd" : "L04A01"				,"indsSclsNm" : "오피스텔관리"				,"stdrDt" : "2015-12-17"				}				,{				"indsLclsCd" : "L"				,"indsLclsNm" : "부동산"				,"indsMclsCd" : "L04"				,"indsMclsNm" : "평가/개발/관리"				,"indsSclsCd" : "L04A03"				,"indsSclsNm" : "재건축조합"				,"stdrDt" : "2015-12-17"				}				,{				"indsLclsCd" : "L"				,"indsLclsNm" : "부동산"				,"indsMclsCd" : "L04"				,"indsMclsNm" : "평가/개발/관리"				,"indsSclsCd" : "L04A07"				,"indsSclsNm" : "주택전시장"				,"stdrDt" : "2015-12-17"				}			]	}}