{	"header" : {		"description" : "소상공인시장진흥공단 상권정보 업종소분류 코드"		,"columns" : ["상권업종대분류코드","상권업종대분류코드명","상권업종중분류코드","상권업종중분류코드명","상권업종소분류코드","상권업종소분류코드명","데이터기준일자"]		,"resultCode" : "00"		,"resultMsg" : "NORMAL SERVICE"	},	"body" : {			"items" : [				{				"indsLclsCd" : "L"				,"indsLclsNm" : "부동산"				,"indsMclsCd" : "L05"				,"indsMclsNm" : "부동산관련서비스"				,"indsSclsCd" : "L05A02"				,"indsSclsNm" : "부동산신탁"				,"stdrDt" : "2015-12-17"				}				,{				"indsLclsCd" : "L"				,"indsLclsNm" : "부동산"				,"indsMclsCd" : "L05"				,"indsMclsNm" : "부동산관련서비스"				,"indsSclsCd" : "L05A01"				,"indsSclsNm" : "아파트관리"				,"stdrDt" : "2015-12-17"				}			]	}}