{	"header" : {		"description" : "소상공인시장진흥공단 상권정보 업종중분류 코드"		,"columns" : ["상권업종대분류코드","상권업종대분류코드명","상권업종중분류코드","상권업종중분류코드명","데이터기준일자"]		,"resultCode" : "00"		,"resultMsg" : "NORMAL SERVICE"	},	"body" : {			"items" : [				{				"indsLclsCd" : "L1"				,"indsLclsNm" : "부동산"				,"indsMclsCd" : "L102"				,"indsMclsNm" : "부동산 서비스"				,"stdrDt" : "2023-02-28"				}				,{				"indsLclsCd" : "L1"				,"indsLclsNm" : "부동산"				,"indsMclsCd" : "L101"				,"indsMclsNm" : "부동산 임대, 공급"				,"stdrDt" : "2023-02-28"				}			]	}}