{	"header" : {		"description" : "소상공인시장진흥공단 상권정보 업종소분류 코드"		,"columns" : ["상권업종대분류코드","상권업종대분류코드명","상권업종중분류코드","상권업종중분류코드명","상권업종소분류코드","상권업종소분류코드명","데이터기준일자"]		,"resultCode" : "00"		,"resultMsg" : "NORMAL SERVICE"	},	"body" : {			"items" : [				{				"indsLclsCd" : "L1"				,"indsLclsNm" : "부동산"				,"indsMclsCd" : "L101"				,"indsMclsNm" : "부동산 임대, 공급"				,"indsSclsCd" : "L10199"				,"indsSclsNm" : "기타 부동산 개발 및 공급업"				,"stdrDt" : "2023-02-28"				}				,{				"indsLclsCd" : "L1"				,"indsLclsNm" : "부동산"				,"indsMclsCd" : "L101"				,"indsMclsNm" : "부동산 임대, 공급"				,"indsSclsCd" : "L10103"				,"indsSclsNm" : "기타 부동산 임대업"				,"stdrDt" : "2023-02-28"				}				,{				"indsLclsCd" : "L1"				,"indsLclsNm" : "부동산"				,"indsMclsCd" : "L101"				,"indsMclsNm" : "부동산 임대, 공급"				,"indsSclsCd" : "L10105"				,"indsSclsNm" : "비주거용 건물 개발 및 공급업"				,"stdrDt" : "2023-02-28"				}				,{				"indsLclsCd" : "L1"				,"indsLclsNm" : "부동산"				,"indsMclsCd" : "L101"				,"indsMclsNm" : "부동산 임대, 공급"				,"indsSclsCd" : "L10102"				,"indsSclsNm" : "비주거용 건물 임대업"				,"stdrDt" : "2023-02-28"				}				,{				"indsLclsCd" : "L1"				,"indsLclsNm" : "부동산"				,"indsMclsCd" : "L101"				,"indsMclsNm" : "부동산 임대, 공급"				,"indsSclsCd" : "L10104"				,"indsSclsNm" : "주거용 건물 개발 및 공급업"				,"stdrDt" : "2023-02-28"				}				,{				"indsLclsCd" : "L1"				,"indsLclsNm" : "부동산"				,"indsMclsCd" : "L101"				,"indsMclsNm" : "부동산 임대, 공급"				,"indsSclsCd" : "L10101"				,"indsSclsNm" : "주거용 건물 임대업"				,"stdrDt" : "2023-02-28"				}			]	}}