{	"header" : {		"description" : "소상공인시장진흥공단 상권정보 업종소분류 코드"		,"columns" : ["상권업종대분류코드","상권업종대분류코드명","상권업종중분류코드","상권업종중분류코드명","상권업종소분류코드","상권업종소분류코드명","데이터기준일자"]		,"resultCode" : "00"		,"resultMsg" : "NORMAL SERVICE"	},	"body" : {			"items" : [				{				"indsLclsCd" : "L1"				,"indsLclsNm" : "부동산"				,"indsMclsCd" : "L102"				,"indsMclsNm" : "부동산 서비스"				,"indsSclsCd" : "L10205"				,"indsSclsNm" : "부동산 감정 평가업"				,"stdrDt" : "2023-02-28"				}				,{				"indsLclsCd" : "L1"				,"indsLclsNm" : "부동산"				,"indsMclsCd" : "L102"				,"indsMclsNm" : "부동산 서비스"				,"indsSclsCd" : "L10203"				,"indsSclsNm" : "부동산 중개/대리업"				,"stdrDt" : "2023-02-28"				}				,{				"indsLclsCd" : "L1"				,"indsLclsNm" : "부동산"				,"indsMclsCd" : "L102"				,"indsMclsNm" : "부동산 서비스"				,"indsSclsCd" : "L10204"				,"indsSclsNm" : "부동산 투자 자문업"				,"stdrDt" : "2023-02-28"				}				,{				"indsLclsCd" : "L1"				,"indsLclsNm" : "부동산"				,"indsMclsCd" : "L102"				,"indsMclsNm" : "부동산 서비스"				,"indsSclsCd" : "L10202"				,"indsSclsNm" : "비주거용 부동산 관리업"				,"stdrDt" : "2023-02-28"				}				,{				"indsLclsCd" : "L1"				,"indsLclsNm" : "부동산"				,"indsMclsCd" : "L102"				,"indsMclsNm" : "부동산 서비스"				,"indsSclsCd" : "L10201"				,"indsSclsNm" : "주거용 부동산 관리업"				,"stdrDt" : "2023-02-28"				}			]	}}