{	"header" : {		"description" : "소상공인시장진흥공단 상권정보 업종중분류 코드"		,"columns" : ["상권업종대분류코드","상권업종대분류코드명","상권업종중분류코드","상권업종중분류코드명","데이터기준일자"]		,"resultCode" : "00"		,"resultMsg" : "NORMAL SERVICE"	},	"body" : {			"items" : [				{				"indsLclsCd" : "M"				,"indsLclsNm" : "문화/예술/종교"				,"indsMclsCd" : "M05"				,"indsMclsNm" : "기타교육문화기관"				,"stdrDt" : "2015-12-17"				}				,{				"indsLclsCd" : "M"				,"indsLclsNm" : "문화/예술/종교"				,"indsMclsCd" : "M04"				,"indsMclsNm" : "연극/음악"				,"stdrDt" : "2015-12-17"				}				,{				"indsLclsCd" : "M"				,"indsLclsNm" : "문화/예술/종교"				,"indsMclsCd" : "M02"				,"indsMclsNm" : "영화제작/배급"				,"stdrDt" : "2015-12-17"				}				,{				"indsLclsCd" : "M"				,"indsLclsNm" : "문화/예술/종교"				,"indsMclsCd" : "M01"				,"indsMclsNm" : "종교"				,"stdrDt" : "2015-12-17"				}			]	}}