{	"header" : {		"description" : "소상공인시장진흥공단 상권정보 업종소분류 코드"		,"columns" : ["상권업종대분류코드","상권업종대분류코드명","상권업종중분류코드","상권업종중분류코드명","상권업종소분류코드","상권업종소분류코드명","데이터기준일자"]		,"resultCode" : "00"		,"resultMsg" : "NORMAL SERVICE"	},	"body" : {			"items" : [				{				"indsLclsCd" : "M"				,"indsLclsNm" : "문화/예술/종교"				,"indsMclsCd" : "M01"				,"indsMclsNm" : "종교"				,"indsSclsCd" : "M01B01"				,"indsSclsNm" : "기도원"				,"stdrDt" : "2015-12-17"				}				,{				"indsLclsCd" : "M"				,"indsLclsNm" : "문화/예술/종교"				,"indsMclsCd" : "M01"				,"indsMclsNm" : "종교"				,"indsSclsCd" : "M01A01"				,"indsSclsNm" : "기독교"				,"stdrDt" : "2015-12-17"				}				,{				"indsLclsCd" : "M"				,"indsLclsNm" : "문화/예술/종교"				,"indsMclsCd" : "M01"				,"indsMclsNm" : "종교"				,"indsSclsCd" : "M01A02"				,"indsSclsNm" : "불교"				,"stdrDt" : "2015-12-17"				}				,{				"indsLclsCd" : "M"				,"indsLclsNm" : "문화/예술/종교"				,"indsMclsCd" : "M01"				,"indsMclsNm" : "종교"				,"indsSclsCd" : "M01A06"				,"indsSclsNm" : "성공회"				,"stdrDt" : "2015-12-17"				}				,{				"indsLclsCd" : "M"				,"indsLclsNm" : "문화/예술/종교"				,"indsMclsCd" : "M01"				,"indsMclsNm" : "종교"				,"indsSclsCd" : "M01B02"				,"indsSclsNm" : "수녀원"				,"stdrDt" : "2015-12-17"				}				,{				"indsLclsCd" : "M"				,"indsLclsNm" : "문화/예술/종교"				,"indsMclsCd" : "M01"				,"indsMclsNm" : "종교"				,"indsSclsCd" : "M01B03"				,"indsSclsNm" : "수도원"				,"stdrDt" : "2015-12-17"				}				,{				"indsLclsCd" : "M"				,"indsLclsNm" : "문화/예술/종교"				,"indsMclsCd" : "M01"				,"indsMclsNm" : "종교"				,"indsSclsCd" : "M01A05"				,"indsSclsNm" : "원불교"				,"stdrDt" : "2015-12-17"				}				,{				"indsLclsCd" : "M"				,"indsLclsNm" : "문화/예술/종교"				,"indsMclsCd" : "M01"				,"indsMclsNm" : "종교"				,"indsSclsCd" : "M01A07"				,"indsSclsNm" : "정교회"				,"stdrDt" : "2015-12-17"				}				,{				"indsLclsCd" : "M"				,"indsLclsNm" : "문화/예술/종교"				,"indsMclsCd" : "M01"				,"indsMclsNm" : "종교"				,"indsSclsCd" : "M01A00"				,"indsSclsNm" : "종교.임시"				,"stdrDt" : "2015-12-17"				}				,{				"indsLclsCd" : "M"				,"indsLclsNm" : "문화/예술/종교"				,"indsMclsCd" : "M01"				,"indsMclsNm" : "종교"				,"indsSclsCd" : "M01A04"				,"indsSclsNm" : "천도교"				,"stdrDt" : "2015-12-17"				}				,{				"indsLclsCd" : "M"				,"indsLclsNm" : "문화/예술/종교"				,"indsMclsCd" : "M01"				,"indsMclsNm" : "종교"				,"indsSclsCd" : "M01A03"				,"indsSclsNm" : "천주교"				,"stdrDt" : "2015-12-17"				}			]	}}