{	"header" : {		"description" : "소상공인시장진흥공단 상권정보 업종소분류 코드"		,"columns" : ["상권업종대분류코드","상권업종대분류코드명","상권업종중분류코드","상권업종중분류코드명","상권업종소분류코드","상권업종소분류코드명","데이터기준일자"]		,"resultCode" : "00"		,"resultMsg" : "NORMAL SERVICE"	},	"body" : {			"items" : [				{				"indsLclsCd" : "M"				,"indsLclsNm" : "문화/예술/종교"				,"indsMclsCd" : "M02"				,"indsMclsNm" : "영화제작/배급"				,"indsSclsCd" : "M02A03"				,"indsSclsNm" : "광고영화제작"				,"stdrDt" : "2015-12-17"				}				,{				"indsLclsCd" : "M"				,"indsLclsNm" : "문화/예술/종교"				,"indsMclsCd" : "M02"				,"indsMclsNm" : "영화제작/배급"				,"indsSclsCd" : "M02A02"				,"indsSclsNm" : "만화영화제작"				,"stdrDt" : "2015-12-17"				}				,{				"indsLclsCd" : "M"				,"indsLclsNm" : "문화/예술/종교"				,"indsMclsCd" : "M02"				,"indsMclsNm" : "영화제작/배급"				,"indsSclsCd" : "M02A06"				,"indsSclsNm" : "애니메이션제작"				,"stdrDt" : "2015-12-17"				}				,{				"indsLclsCd" : "M"				,"indsLclsNm" : "문화/예술/종교"				,"indsMclsCd" : "M02"				,"indsMclsNm" : "영화제작/배급"				,"indsSclsCd" : "M02A01"				,"indsSclsNm" : "영화제작"				,"stdrDt" : "2015-12-17"				}				,{				"indsLclsCd" : "M"				,"indsLclsNm" : "문화/예술/종교"				,"indsMclsCd" : "M02"				,"indsMclsNm" : "영화제작/배급"				,"indsSclsCd" : "M02A99"				,"indsSclsNm" : "영화제작/배급-기타"				,"stdrDt" : "2015-12-17"				}				,{				"indsLclsCd" : "M"				,"indsLclsNm" : "문화/예술/종교"				,"indsMclsCd" : "M02"				,"indsMclsNm" : "영화제작/배급"				,"indsSclsCd" : "M02A00"				,"indsSclsNm" : "영화제작/배급-종합"				,"stdrDt" : "2015-12-17"				}				,{				"indsLclsCd" : "M"				,"indsLclsNm" : "문화/예술/종교"				,"indsMclsCd" : "M02"				,"indsMclsNm" : "영화제작/배급"				,"indsSclsCd" : "M02A04"				,"indsSclsNm" : "영화제작관련서비스"				,"stdrDt" : "2015-12-17"				}				,{				"indsLclsCd" : "M"				,"indsLclsNm" : "문화/예술/종교"				,"indsMclsCd" : "M02"				,"indsMclsNm" : "영화제작/배급"				,"indsSclsCd" : "M02A05"				,"indsSclsNm" : "영화필름배급"				,"stdrDt" : "2015-12-17"				}			]	}}