{	"header" : {		"description" : "소상공인시장진흥공단 상권정보 업종소분류 코드"		,"columns" : ["상권업종대분류코드","상권업종대분류코드명","상권업종중분류코드","상권업종중분류코드명","상권업종소분류코드","상권업종소분류코드명","데이터기준일자"]		,"resultCode" : "00"		,"resultMsg" : "NORMAL SERVICE"	},	"body" : {			"items" : [				{				"indsLclsCd" : "M"				,"indsLclsNm" : "문화/예술/종교"				,"indsMclsCd" : "M04"				,"indsMclsNm" : "연극/음악"				,"indsSclsCd" : "M04A04"				,"indsSclsNm" : "극단"				,"stdrDt" : "2015-12-17"				}				,{				"indsLclsCd" : "M"				,"indsLclsNm" : "문화/예술/종교"				,"indsMclsCd" : "M04"				,"indsMclsNm" : "연극/음악"				,"indsSclsCd" : "M04A05"				,"indsSclsNm" : "녹음실"				,"stdrDt" : "2015-12-17"				}				,{				"indsLclsCd" : "M"				,"indsLclsNm" : "문화/예술/종교"				,"indsMclsCd" : "M04"				,"indsMclsNm" : "연극/음악"				,"indsSclsCd" : "M04A06"				,"indsSclsNm" : "무대장치설치"				,"stdrDt" : "2015-12-17"				}			]	}}