{	"header" : {		"description" : "소상공인시장진흥공단 상권정보 업종소분류 코드"		,"columns" : ["상권업종대분류코드","상권업종대분류코드명","상권업종중분류코드","상권업종중분류코드명","상권업종소분류코드","상권업종소분류코드명","데이터기준일자"]		,"resultCode" : "00"		,"resultMsg" : "NORMAL SERVICE"	},	"body" : {			"items" : [				{				"indsLclsCd" : "M"				,"indsLclsNm" : "문화/예술/종교"				,"indsMclsCd" : "M05"				,"indsMclsNm" : "기타교육문화기관"				,"indsSclsCd" : "M05A01"				,"indsSclsNm" : "구민회관"				,"stdrDt" : "2015-12-17"				}				,{				"indsLclsCd" : "M"				,"indsLclsNm" : "문화/예술/종교"				,"indsMclsCd" : "M05"				,"indsMclsNm" : "기타교육문화기관"				,"indsSclsCd" : "M05A03"				,"indsSclsNm" : "군민회관"				,"stdrDt" : "2015-12-17"				}				,{				"indsLclsCd" : "M"				,"indsLclsNm" : "문화/예술/종교"				,"indsMclsCd" : "M05"				,"indsMclsNm" : "기타교육문화기관"				,"indsSclsCd" : "M05A02"				,"indsSclsNm" : "시민회관"				,"stdrDt" : "2015-12-17"				}			]	}}