{	"header" : {		"description" : "소상공인시장진흥공단 상권정보 업종중분류 코드"		,"columns" : ["상권업종대분류코드","상권업종대분류코드명","상권업종중분류코드","상권업종중분류코드명","데이터기준일자"]		,"resultCode" : "00"		,"resultMsg" : "NORMAL SERVICE"	},	"body" : {			"items" : [				{				"indsLclsCd" : "M1"				,"indsLclsNm" : "과학, 기술 서비스"				,"indsMclsCd" : "M105"				,"indsMclsNm" : "광고"				,"stdrDt" : "2023-02-28"				}				,{				"indsLclsCd" : "M1"				,"indsLclsNm" : "과학, 기술 서비스"				,"indsMclsCd" : "M109"				,"indsMclsNm" : "기술 서비스"				,"stdrDt" : "2023-02-28"				}				,{				"indsLclsCd" : "M1"				,"indsLclsNm" : "과학, 기술 서비스"				,"indsMclsCd" : "M110"				,"indsMclsNm" : "기타 과학 서비스"				,"stdrDt" : "2023-02-28"				}				,{				"indsLclsCd" : "M1"				,"indsLclsNm" : "과학, 기술 서비스"				,"indsMclsCd" : "M108"				,"indsMclsNm" : "기타 서비스"				,"stdrDt" : "2023-02-28"				}				,{				"indsLclsCd" : "M1"				,"indsLclsNm" : "과학, 기술 서비스"				,"indsMclsCd" : "M115"				,"indsMclsNm" : "기타 전문 과학"				,"stdrDt" : "2023-02-28"				}				,{				"indsLclsCd" : "M1"				,"indsLclsNm" : "과학, 기술 서비스"				,"indsMclsCd" : "M103"				,"indsMclsNm" : "법무관련 "				,"stdrDt" : "2023-02-28"				}				,{				"indsLclsCd" : "M1"				,"indsLclsNm" : "과학, 기술 서비스"				,"indsMclsCd" : "M107"				,"indsMclsNm" : "본사, 경영 컨설팅"				,"stdrDt" : "2023-02-28"				}				,{				"indsLclsCd" : "M1"				,"indsLclsNm" : "과학, 기술 서비스"				,"indsMclsCd" : "M113"				,"indsMclsNm" : "사진 촬영"				,"stdrDt" : "2023-02-28"				}				,{				"indsLclsCd" : "M1"				,"indsLclsNm" : "과학, 기술 서비스"				,"indsMclsCd" : "M111"				,"indsMclsNm" : "수의"				,"stdrDt" : "2023-02-28"				}				,{				"indsLclsCd" : "M1"				,"indsLclsNm" : "과학, 기술 서비스"				,"indsMclsCd" : "M106"				,"indsMclsNm" : "시장 조사"				,"stdrDt" : "2023-02-28"				}				,{				"indsLclsCd" : "M1"				,"indsLclsNm" : "과학, 기술 서비스"				,"indsMclsCd" : "M114"				,"indsMclsNm" : "인쇄, 제품제작"				,"stdrDt" : "2023-02-28"				}				,{				"indsLclsCd" : "M1"				,"indsLclsNm" : "과학, 기술 서비스"				,"indsMclsCd" : "M101"				,"indsMclsNm" : "자연과학연구"				,"stdrDt" : "2023-02-28"				}				,{				"indsLclsCd" : "M1"				,"indsLclsNm" : "과학, 기술 서비스"				,"indsMclsCd" : "M102"				,"indsMclsNm" : "자연과학연구"				,"stdrDt" : "2023-02-28"				}				,{				"indsLclsCd" : "M1"				,"indsLclsNm" : "과학, 기술 서비스"				,"indsMclsCd" : "M112"				,"indsMclsNm" : "전문 디자인"				,"stdrDt" : "2023-02-28"				}				,{				"indsLclsCd" : "M1"				,"indsLclsNm" : "과학, 기술 서비스"				,"indsMclsCd" : "M104"				,"indsMclsNm" : "회계, 세무"				,"stdrDt" : "2023-02-28"				}			]	}}