{	"header" : {		"description" : "소상공인시장진흥공단 상권정보 업종소분류 코드"		,"columns" : ["상권업종대분류코드","상권업종대분류코드명","상권업종중분류코드","상권업종중분류코드명","상권업종소분류코드","상권업종소분류코드명","데이터기준일자"]		,"resultCode" : "00"		,"resultMsg" : "NORMAL SERVICE"	},	"body" : {			"items" : [				{				"indsLclsCd" : "M1"				,"indsLclsNm" : "과학, 기술 서비스"				,"indsMclsCd" : "M101"				,"indsMclsNm" : "자연과학연구"				,"indsSclsCd" : "M10106"				,"indsSclsNm" : "기타 공학 연구개발업"				,"stdrDt" : "2023-02-28"				}				,{				"indsLclsCd" : "M1"				,"indsLclsNm" : "과학, 기술 서비스"				,"indsMclsCd" : "M101"				,"indsMclsNm" : "자연과학연구"				,"indsSclsCd" : "M10104"				,"indsSclsNm" : "기타 자연과학 연구개발업"				,"stdrDt" : "2023-02-28"				}				,{				"indsLclsCd" : "M1"				,"indsLclsNm" : "과학, 기술 서비스"				,"indsMclsCd" : "M101"				,"indsMclsNm" : "자연과학연구"				,"indsSclsCd" : "M10102"				,"indsSclsNm" : "농림수산학 및 수의학 연구개발업"				,"stdrDt" : "2023-02-28"				}				,{				"indsLclsCd" : "M1"				,"indsLclsNm" : "과학, 기술 서비스"				,"indsMclsCd" : "M101"				,"indsMclsNm" : "자연과학연구"				,"indsSclsCd" : "M10101"				,"indsSclsNm" : "물리, 화학 및 생물학 연구개발업"				,"stdrDt" : "2023-02-28"				}				,{				"indsLclsCd" : "M1"				,"indsLclsNm" : "과학, 기술 서비스"				,"indsMclsCd" : "M101"				,"indsMclsNm" : "자연과학연구"				,"indsSclsCd" : "M10103"				,"indsSclsNm" : "의학 및 약학 연구개발업"				,"stdrDt" : "2023-02-28"				}				,{				"indsLclsCd" : "M1"				,"indsLclsNm" : "과학, 기술 서비스"				,"indsMclsCd" : "M101"				,"indsMclsNm" : "자연과학연구"				,"indsSclsCd" : "M10107"				,"indsSclsNm" : "자연과학 및 공학 융합 연구개발업"				,"stdrDt" : "2023-02-28"				}				,{				"indsLclsCd" : "M1"				,"indsLclsNm" : "과학, 기술 서비스"				,"indsMclsCd" : "M101"				,"indsMclsNm" : "자연과학연구"				,"indsSclsCd" : "M10105"				,"indsSclsNm" : "전기ㆍ전자공학 연구개발업"				,"stdrDt" : "2023-02-28"				}			]	}}