{	"header" : {		"description" : "소상공인시장진흥공단 상권정보 업종소분류 코드"		,"columns" : ["상권업종대분류코드","상권업종대분류코드명","상권업종중분류코드","상권업종중분류코드명","상권업종소분류코드","상권업종소분류코드명","데이터기준일자"]		,"resultCode" : "00"		,"resultMsg" : "NORMAL SERVICE"	},	"body" : {			"items" : [				{				"indsLclsCd" : "M1"				,"indsLclsNm" : "과학, 기술 서비스"				,"indsMclsCd" : "M102"				,"indsMclsNm" : "자연과학연구"				,"indsSclsCd" : "M10201"				,"indsSclsNm" : "경제 및 경영학 연구개발업"				,"stdrDt" : "2023-02-28"				}				,{				"indsLclsCd" : "M1"				,"indsLclsNm" : "과학, 기술 서비스"				,"indsMclsCd" : "M102"				,"indsMclsNm" : "자연과학연구"				,"indsSclsCd" : "M10299"				,"indsSclsNm" : "기타 인문 및 사회과학 연구개발업"				,"stdrDt" : "2023-02-28"				}			]	}}