{	"header" : {		"description" : "소상공인시장진흥공단 상권정보 업종소분류 코드"		,"columns" : ["상권업종대분류코드","상권업종대분류코드명","상권업종중분류코드","상권업종중분류코드명","상권업종소분류코드","상권업종소분류코드명","데이터기준일자"]		,"resultCode" : "00"		,"resultMsg" : "NORMAL SERVICE"	},	"body" : {			"items" : [				{				"indsLclsCd" : "M1"				,"indsLclsNm" : "과학, 기술 서비스"				,"indsMclsCd" : "M103"				,"indsMclsNm" : "법무관련 "				,"indsSclsCd" : "M10307"				,"indsSclsNm" : "공인노무사"				,"stdrDt" : "2023-02-28"				}				,{				"indsLclsCd" : "M1"				,"indsLclsNm" : "과학, 기술 서비스"				,"indsMclsCd" : "M103"				,"indsMclsNm" : "법무관련 "				,"indsSclsCd" : "M10304"				,"indsSclsNm" : "공증인"				,"stdrDt" : "2023-02-28"				}				,{				"indsLclsCd" : "M1"				,"indsLclsNm" : "과학, 기술 서비스"				,"indsMclsCd" : "M103"				,"indsMclsNm" : "법무관련 "				,"indsSclsCd" : "M10399"				,"indsSclsNm" : "기타 법무관련 서비스업"				,"stdrDt" : "2023-02-28"				}				,{				"indsLclsCd" : "M1"				,"indsLclsNm" : "과학, 기술 서비스"				,"indsMclsCd" : "M103"				,"indsMclsNm" : "법무관련 "				,"indsSclsCd" : "M10303"				,"indsSclsNm" : "법무사"				,"stdrDt" : "2023-02-28"				}				,{				"indsLclsCd" : "M1"				,"indsLclsNm" : "과학, 기술 서비스"				,"indsMclsCd" : "M103"				,"indsMclsNm" : "법무관련 "				,"indsSclsCd" : "M10302"				,"indsSclsNm" : "변리사"				,"stdrDt" : "2023-02-28"				}				,{				"indsLclsCd" : "M1"				,"indsLclsNm" : "과학, 기술 서비스"				,"indsMclsCd" : "M103"				,"indsMclsNm" : "법무관련 "				,"indsSclsCd" : "M10301"				,"indsSclsNm" : "변호사"				,"stdrDt" : "2023-02-28"				}				,{				"indsLclsCd" : "M1"				,"indsLclsNm" : "과학, 기술 서비스"				,"indsMclsCd" : "M103"				,"indsMclsNm" : "법무관련 "				,"indsSclsCd" : "M10305"				,"indsSclsNm" : "집행관"				,"stdrDt" : "2023-02-28"				}				,{				"indsLclsCd" : "M1"				,"indsLclsNm" : "과학, 기술 서비스"				,"indsMclsCd" : "M103"				,"indsMclsNm" : "법무관련 "				,"indsSclsCd" : "M10306"				,"indsSclsNm" : "행정사"				,"stdrDt" : "2023-02-28"				}			]	}}