{	"header" : {		"description" : "소상공인시장진흥공단 상권정보 업종소분류 코드"		,"columns" : ["상권업종대분류코드","상권업종대분류코드명","상권업종중분류코드","상권업종중분류코드명","상권업종소분류코드","상권업종소분류코드명","데이터기준일자"]		,"resultCode" : "00"		,"resultMsg" : "NORMAL SERVICE"	},	"body" : {			"items" : [				{				"indsLclsCd" : "M1"				,"indsLclsNm" : "과학, 기술 서비스"				,"indsMclsCd" : "M104"				,"indsMclsNm" : "회계, 세무"				,"indsSclsCd" : "M10401"				,"indsSclsNm" : "공인회계사"				,"stdrDt" : "2023-02-28"				}				,{				"indsLclsCd" : "M1"				,"indsLclsNm" : "과학, 기술 서비스"				,"indsMclsCd" : "M104"				,"indsMclsNm" : "회계, 세무"				,"indsSclsCd" : "M10499"				,"indsSclsNm" : "기타 회계 관련 서비스업"				,"stdrDt" : "2023-02-28"				}				,{				"indsLclsCd" : "M1"				,"indsLclsNm" : "과학, 기술 서비스"				,"indsMclsCd" : "M104"				,"indsMclsNm" : "회계, 세무"				,"indsSclsCd" : "M10402"				,"indsSclsNm" : "세무사"				,"stdrDt" : "2023-02-28"				}			]	}}