{	"header" : {		"description" : "소상공인시장진흥공단 상권정보 업종소분류 코드"		,"columns" : ["상권업종대분류코드","상권업종대분류코드명","상권업종중분류코드","상권업종중분류코드명","상권업종소분류코드","상권업종소분류코드명","데이터기준일자"]		,"resultCode" : "00"		,"resultMsg" : "NORMAL SERVICE"	},	"body" : {			"items" : [				{				"indsLclsCd" : "M1"				,"indsLclsNm" : "과학, 기술 서비스"				,"indsMclsCd" : "M105"				,"indsMclsNm" : "광고"				,"indsSclsCd" : "M10501"				,"indsSclsNm" : "광고 대행업"				,"stdrDt" : "2023-02-28"				}				,{				"indsLclsCd" : "M1"				,"indsLclsNm" : "과학, 기술 서비스"				,"indsMclsCd" : "M105"				,"indsMclsNm" : "광고"				,"indsSclsCd" : "M10503"				,"indsSclsNm" : "광고 매체 판매업"				,"stdrDt" : "2023-02-28"				}				,{				"indsLclsCd" : "M1"				,"indsLclsNm" : "과학, 기술 서비스"				,"indsMclsCd" : "M105"				,"indsMclsNm" : "광고"				,"indsSclsCd" : "M10504"				,"indsSclsNm" : "광고물 설계/제작업"				,"stdrDt" : "2023-02-28"				}				,{				"indsLclsCd" : "M1"				,"indsLclsNm" : "과학, 기술 서비스"				,"indsMclsCd" : "M105"				,"indsMclsNm" : "광고"				,"indsSclsCd" : "M10599"				,"indsSclsNm" : "기타 광고 관련 서비스업"				,"stdrDt" : "2023-02-28"				}				,{				"indsLclsCd" : "M1"				,"indsLclsNm" : "과학, 기술 서비스"				,"indsMclsCd" : "M105"				,"indsMclsNm" : "광고"				,"indsSclsCd" : "M10502"				,"indsSclsNm" : "옥외/전시 광고 대행업"				,"stdrDt" : "2023-02-28"				}			]	}}