{	"header" : {		"description" : "소상공인시장진흥공단 상권정보 업종소분류 코드"		,"columns" : ["상권업종대분류코드","상권업종대분류코드명","상권업종중분류코드","상권업종중분류코드명","상권업종소분류코드","상권업종소분류코드명","데이터기준일자"]		,"resultCode" : "00"		,"resultMsg" : "NORMAL SERVICE"	},	"body" : {			"items" : [				{				"indsLclsCd" : "M1"				,"indsLclsNm" : "과학, 기술 서비스"				,"indsMclsCd" : "M107"				,"indsMclsNm" : "본사, 경영 컨설팅"				,"indsSclsCd" : "M10703"				,"indsSclsNm" : "경영 컨설팅업"				,"stdrDt" : "2023-02-28"				}				,{				"indsLclsCd" : "M1"				,"indsLclsNm" : "과학, 기술 서비스"				,"indsMclsCd" : "M107"				,"indsMclsNm" : "본사, 경영 컨설팅"				,"indsSclsCd" : "M10704"				,"indsSclsNm" : "경영 컨설팅업(인적용역)"				,"stdrDt" : "2023-02-28"				}				,{				"indsLclsCd" : "M1"				,"indsLclsNm" : "과학, 기술 서비스"				,"indsMclsCd" : "M107"				,"indsMclsNm" : "본사, 경영 컨설팅"				,"indsSclsCd" : "M10705"				,"indsSclsNm" : "공공관계 서비스업"				,"stdrDt" : "2023-02-28"				}				,{				"indsLclsCd" : "M1"				,"indsLclsNm" : "과학, 기술 서비스"				,"indsMclsCd" : "M107"				,"indsMclsNm" : "본사, 경영 컨설팅"				,"indsSclsCd" : "M10702"				,"indsSclsNm" : "기타 산업 회사본부"				,"stdrDt" : "2023-02-28"				}				,{				"indsLclsCd" : "M1"				,"indsLclsNm" : "과학, 기술 서비스"				,"indsMclsCd" : "M107"				,"indsMclsNm" : "본사, 경영 컨설팅"				,"indsSclsCd" : "M10701"				,"indsSclsNm" : "제조업 회사 본부"				,"stdrDt" : "2023-02-28"				}			]	}}