{	"header" : {		"description" : "소상공인시장진흥공단 상권정보 업종소분류 코드"		,"columns" : ["상권업종대분류코드","상권업종대분류코드명","상권업종중분류코드","상권업종중분류코드명","상권업종소분류코드","상권업종소분류코드명","데이터기준일자"]		,"resultCode" : "00"		,"resultMsg" : "NORMAL SERVICE"	},	"body" : {			"items" : [				{				"indsLclsCd" : "M1"				,"indsLclsNm" : "과학, 기술 서비스"				,"indsMclsCd" : "M109"				,"indsMclsNm" : "기술 서비스"				,"indsSclsCd" : "M10903"				,"indsSclsNm" : "건물 및 토목 엔지니어링 서비스업"				,"stdrDt" : "2023-02-28"				}				,{				"indsLclsCd" : "M1"				,"indsLclsNm" : "과학, 기술 서비스"				,"indsMclsCd" : "M109"				,"indsMclsNm" : "기술 서비스"				,"indsSclsCd" : "M10901"				,"indsSclsNm" : "건축 설계 및 관련 서비스업"				,"stdrDt" : "2023-02-28"				}				,{				"indsLclsCd" : "M1"				,"indsLclsNm" : "과학, 기술 서비스"				,"indsMclsCd" : "M109"				,"indsMclsNm" : "기술 서비스"				,"indsSclsCd" : "M10999"				,"indsSclsNm" : "기타 엔지니어링 서비스업"				,"stdrDt" : "2023-02-28"				}				,{				"indsLclsCd" : "M1"				,"indsLclsNm" : "과학, 기술 서비스"				,"indsMclsCd" : "M109"				,"indsMclsNm" : "기술 서비스"				,"indsSclsCd" : "M10902"				,"indsSclsNm" : "도시 계획 및 조경 설계 서비스업"				,"stdrDt" : "2023-02-28"				}				,{				"indsLclsCd" : "M1"				,"indsLclsNm" : "과학, 기술 서비스"				,"indsMclsCd" : "M109"				,"indsMclsNm" : "기술 서비스"				,"indsSclsCd" : "M10904"				,"indsSclsNm" : "환경 관련 엔지니어링 서비스업"				,"stdrDt" : "2023-02-28"				}			]	}}