{	"header" : {		"description" : "소상공인시장진흥공단 상권정보 업종소분류 코드"		,"columns" : ["상권업종대분류코드","상권업종대분류코드명","상권업종중분류코드","상권업종중분류코드명","상권업종소분류코드","상권업종소분류코드명","데이터기준일자"]		,"resultCode" : "00"		,"resultMsg" : "NORMAL SERVICE"	},	"body" : {			"items" : [				{				"indsLclsCd" : "M1"				,"indsLclsNm" : "과학, 기술 서비스"				,"indsMclsCd" : "M110"				,"indsMclsNm" : "기타 과학 서비스"				,"indsSclsCd" : "M11002"				,"indsSclsNm" : "기타 기술 시험, 검사 및 분석업"				,"stdrDt" : "2023-02-28"				}				,{				"indsLclsCd" : "M1"				,"indsLclsNm" : "과학, 기술 서비스"				,"indsMclsCd" : "M110"				,"indsMclsNm" : "기타 과학 서비스"				,"indsSclsCd" : "M11001"				,"indsSclsNm" : "물질 성분 검사 및 분석업"				,"stdrDt" : "2023-02-28"				}				,{				"indsLclsCd" : "M1"				,"indsLclsNm" : "과학, 기술 서비스"				,"indsMclsCd" : "M110"				,"indsMclsNm" : "기타 과학 서비스"				,"indsSclsCd" : "M11004"				,"indsSclsNm" : "제도업"				,"stdrDt" : "2023-02-28"				}				,{				"indsLclsCd" : "M1"				,"indsLclsNm" : "과학, 기술 서비스"				,"indsMclsCd" : "M110"				,"indsMclsNm" : "기타 과학 서비스"				,"indsSclsCd" : "M11006"				,"indsSclsNm" : "지도 제작업"				,"stdrDt" : "2023-02-28"				}				,{				"indsLclsCd" : "M1"				,"indsLclsNm" : "과학, 기술 서비스"				,"indsMclsCd" : "M110"				,"indsMclsNm" : "기타 과학 서비스"				,"indsSclsCd" : "M11005"				,"indsSclsNm" : "지질 조사 및 탐사업"				,"stdrDt" : "2023-02-28"				}				,{				"indsLclsCd" : "M1"				,"indsLclsNm" : "과학, 기술 서비스"				,"indsMclsCd" : "M110"				,"indsMclsNm" : "기타 과학 서비스"				,"indsSclsCd" : "M11003"				,"indsSclsNm" : "측량업"				,"stdrDt" : "2023-02-28"				}			]	}}