{	"header" : {		"description" : "소상공인시장진흥공단 상권정보 업종소분류 코드"		,"columns" : ["상권업종대분류코드","상권업종대분류코드명","상권업종중분류코드","상권업종중분류코드명","상권업종소분류코드","상권업종소분류코드명","데이터기준일자"]		,"resultCode" : "00"		,"resultMsg" : "NORMAL SERVICE"	},	"body" : {			"items" : [				{				"indsLclsCd" : "M1"				,"indsLclsNm" : "과학, 기술 서비스"				,"indsMclsCd" : "M112"				,"indsMclsNm" : "전문 디자인"				,"indsSclsCd" : "M11203"				,"indsSclsNm" : "시각 디자인업"				,"stdrDt" : "2023-02-28"				}				,{				"indsLclsCd" : "M1"				,"indsLclsNm" : "과학, 기술 서비스"				,"indsMclsCd" : "M112"				,"indsMclsNm" : "전문 디자인"				,"indsSclsCd" : "M11201"				,"indsSclsNm" : "인테리어 디자인업"				,"stdrDt" : "2023-02-28"				}				,{				"indsLclsCd" : "M1"				,"indsLclsNm" : "과학, 기술 서비스"				,"indsMclsCd" : "M112"				,"indsMclsNm" : "전문 디자인"				,"indsSclsCd" : "M11202"				,"indsSclsNm" : "제품 디자인업"				,"stdrDt" : "2023-02-28"				}				,{				"indsLclsCd" : "M1"				,"indsLclsNm" : "과학, 기술 서비스"				,"indsMclsCd" : "M112"				,"indsMclsNm" : "전문 디자인"				,"indsSclsCd" : "M11204"				,"indsSclsNm" : "패션/섬유/기타 전문 디자인업"				,"stdrDt" : "2023-02-28"				}			]	}}