{	"header" : {		"description" : "소상공인시장진흥공단 상권정보 업종소분류 코드"		,"columns" : ["상권업종대분류코드","상권업종대분류코드명","상권업종중분류코드","상권업종중분류코드명","상권업종소분류코드","상권업종소분류코드명","데이터기준일자"]		,"resultCode" : "00"		,"resultMsg" : "NORMAL SERVICE"	},	"body" : {			"items" : [				{				"indsLclsCd" : "M1"				,"indsLclsNm" : "과학, 기술 서비스"				,"indsMclsCd" : "M115"				,"indsMclsNm" : "기타 전문 과학"				,"indsSclsCd" : "M11599"				,"indsSclsNm" : "그 외 기타 전문/과학/기술 서비스업"				,"stdrDt" : "2023-02-28"				}				,{				"indsLclsCd" : "M1"				,"indsLclsNm" : "과학, 기술 서비스"				,"indsMclsCd" : "M115"				,"indsMclsNm" : "기타 전문 과학"				,"indsSclsCd" : "M11501"				,"indsSclsNm" : "매니저"				,"stdrDt" : "2023-02-28"				}				,{				"indsLclsCd" : "M1"				,"indsLclsNm" : "과학, 기술 서비스"				,"indsMclsCd" : "M115"				,"indsMclsNm" : "기타 전문 과학"				,"indsSclsCd" : "M11505"				,"indsSclsNm" : "물품 감정/계량/견본 추출업"				,"stdrDt" : "2023-02-28"				}				,{				"indsLclsCd" : "M1"				,"indsLclsNm" : "과학, 기술 서비스"				,"indsMclsCd" : "M115"				,"indsMclsNm" : "기타 전문 과학"				,"indsSclsCd" : "M11502"				,"indsSclsNm" : "번역/통역 서비스업"				,"stdrDt" : "2023-02-28"				}				,{				"indsLclsCd" : "M1"				,"indsLclsNm" : "과학, 기술 서비스"				,"indsMclsCd" : "M115"				,"indsMclsNm" : "기타 전문 과학"				,"indsSclsCd" : "M11503"				,"indsSclsNm" : "번역/통역 서비스업(인적용역)"				,"stdrDt" : "2023-02-28"				}				,{				"indsLclsCd" : "M1"				,"indsLclsNm" : "과학, 기술 서비스"				,"indsMclsCd" : "M115"				,"indsMclsNm" : "기타 전문 과학"				,"indsSclsCd" : "M11504"				,"indsSclsNm" : "사업/무형 재산권 중개업"				,"stdrDt" : "2023-02-28"				}			]	}}