{	"header" : {		"description" : "소상공인시장진흥공단 상권정보 업종중분류 코드"		,"columns" : ["상권업종대분류코드","상권업종대분류코드명","상권업종중분류코드","상권업종중분류코드명","데이터기준일자"]		,"resultCode" : "00"		,"resultMsg" : "NORMAL SERVICE"	},	"body" : {			"items" : [				{				"indsLclsCd" : "N"				,"indsLclsNm" : "관광/여가/오락"				,"indsMclsCd" : "N01"				,"indsMclsNm" : "PC/오락/당구/볼링등"				,"stdrDt" : "2015-12-17"				}				,{				"indsLclsCd" : "N"				,"indsLclsNm" : "관광/여가/오락"				,"indsMclsCd" : "N08"				,"indsMclsNm" : "경마/경륜/성인오락"				,"stdrDt" : "2015-12-17"				}				,{				"indsLclsCd" : "N"				,"indsLclsNm" : "관광/여가/오락"				,"indsMclsCd" : "N07"				,"indsMclsNm" : "놀이/여가/취미"				,"stdrDt" : "2015-12-17"				}				,{				"indsLclsCd" : "N"				,"indsLclsNm" : "관광/여가/오락"				,"indsMclsCd" : "N02"				,"indsMclsNm" : "무도/유흥/가무"				,"stdrDt" : "2015-12-17"				}				,{				"indsLclsCd" : "N"				,"indsLclsNm" : "관광/여가/오락"				,"indsMclsCd" : "N04"				,"indsMclsNm" : "스포츠/운동"				,"stdrDt" : "2015-12-17"				}				,{				"indsLclsCd" : "N"				,"indsLclsNm" : "관광/여가/오락"				,"indsMclsCd" : "N03"				,"indsMclsNm" : "연극/영화/극장"				,"stdrDt" : "2015-12-17"				}				,{				"indsLclsCd" : "N"				,"indsLclsNm" : "관광/여가/오락"				,"indsMclsCd" : "N05"				,"indsMclsNm" : "요가/단전/마사지"				,"stdrDt" : "2015-12-17"				}				,{				"indsLclsCd" : "N"				,"indsLclsNm" : "관광/여가/오락"				,"indsMclsCd" : "N06"				,"indsMclsNm" : "전시/관람"				,"stdrDt" : "2015-12-17"				}			]	}}