{	"header" : {		"description" : "소상공인시장진흥공단 상권정보 업종소분류 코드"		,"columns" : ["상권업종대분류코드","상권업종대분류코드명","상권업종중분류코드","상권업종중분류코드명","상권업종소분류코드","상권업종소분류코드명","데이터기준일자"]		,"resultCode" : "00"		,"resultMsg" : "NORMAL SERVICE"	},	"body" : {			"items" : [				{				"indsLclsCd" : "N"				,"indsLclsNm" : "관광/여가/오락"				,"indsMclsCd" : "N01"				,"indsMclsNm" : "PC/오락/당구/볼링등"				,"indsSclsCd" : "N01A09"				,"indsSclsNm" : "기원"				,"stdrDt" : "2015-12-17"				}				,{				"indsLclsCd" : "N"				,"indsLclsNm" : "관광/여가/오락"				,"indsMclsCd" : "N01"				,"indsMclsNm" : "PC/오락/당구/볼링등"				,"indsSclsCd" : "N01A03"				,"indsSclsNm" : "당구장"				,"stdrDt" : "2015-12-17"				}				,{				"indsLclsCd" : "N"				,"indsLclsNm" : "관광/여가/오락"				,"indsMclsCd" : "N01"				,"indsMclsNm" : "PC/오락/당구/볼링등"				,"indsSclsCd" : "N01A06"				,"indsSclsNm" : "볼링장"				,"stdrDt" : "2015-12-17"				}				,{				"indsLclsCd" : "N"				,"indsLclsNm" : "관광/여가/오락"				,"indsMclsCd" : "N01"				,"indsMclsNm" : "PC/오락/당구/볼링등"				,"indsSclsCd" : "N01A02"				,"indsSclsNm" : "비디오감상실"				,"stdrDt" : "2015-12-17"				}				,{				"indsLclsCd" : "N"				,"indsLclsNm" : "관광/여가/오락"				,"indsMclsCd" : "N01"				,"indsMclsNm" : "PC/오락/당구/볼링등"				,"indsSclsCd" : "N01A04"				,"indsSclsNm" : "오락용사격장"				,"stdrDt" : "2015-12-17"				}				,{				"indsLclsCd" : "N"				,"indsLclsNm" : "관광/여가/오락"				,"indsMclsCd" : "N01"				,"indsMclsNm" : "PC/오락/당구/볼링등"				,"indsSclsCd" : "N01A01"				,"indsSclsNm" : "인터넷PC방"				,"stdrDt" : "2015-12-17"				}				,{				"indsLclsCd" : "N"				,"indsLclsNm" : "관광/여가/오락"				,"indsMclsCd" : "N01"				,"indsMclsNm" : "PC/오락/당구/볼링등"				,"indsSclsCd" : "N01A08"				,"indsSclsNm" : "전자오락실"				,"stdrDt" : "2015-12-17"				}				,{				"indsLclsCd" : "N"				,"indsLclsNm" : "관광/여가/오락"				,"indsMclsCd" : "N01"				,"indsMclsNm" : "PC/오락/당구/볼링등"				,"indsSclsCd" : "N01A05"				,"indsSclsNm" : "탁구장"				,"stdrDt" : "2015-12-17"				}				,{				"indsLclsCd" : "N"				,"indsLclsNm" : "관광/여가/오락"				,"indsMclsCd" : "N01"				,"indsMclsNm" : "PC/오락/당구/볼링등"				,"indsSclsCd" : "N01A07"				,"indsSclsNm" : "포켓볼장"				,"stdrDt" : "2015-12-17"				}			]	}}