{	"header" : {		"description" : "소상공인시장진흥공단 상권정보 업종소분류 코드"		,"columns" : ["상권업종대분류코드","상권업종대분류코드명","상권업종중분류코드","상권업종중분류코드명","상권업종소분류코드","상권업종소분류코드명","데이터기준일자"]		,"resultCode" : "00"		,"resultMsg" : "NORMAL SERVICE"	},	"body" : {			"items" : [				{				"indsLclsCd" : "N"				,"indsLclsNm" : "관광/여가/오락"				,"indsMclsCd" : "N02"				,"indsMclsNm" : "무도/유흥/가무"				,"indsSclsCd" : "N02A03"				,"indsSclsNm" : "극장식유흥주점"				,"stdrDt" : "2015-12-17"				}				,{				"indsLclsCd" : "N"				,"indsLclsNm" : "관광/여가/오락"				,"indsMclsCd" : "N02"				,"indsMclsNm" : "무도/유흥/가무"				,"indsSclsCd" : "N02A02"				,"indsSclsNm" : "나이트클럽"				,"stdrDt" : "2015-12-17"				}				,{				"indsLclsCd" : "N"				,"indsLclsNm" : "관광/여가/오락"				,"indsMclsCd" : "N02"				,"indsMclsNm" : "무도/유흥/가무"				,"indsSclsCd" : "N02A01"				,"indsSclsNm" : "노래방"				,"stdrDt" : "2015-12-17"				}				,{				"indsLclsCd" : "N"				,"indsLclsNm" : "관광/여가/오락"				,"indsMclsCd" : "N02"				,"indsMclsNm" : "무도/유흥/가무"				,"indsSclsCd" : "N02A04"				,"indsSclsNm" : "무도유흥주점-종합"				,"stdrDt" : "2015-12-17"				}				,{				"indsLclsCd" : "N"				,"indsLclsNm" : "관광/여가/오락"				,"indsMclsCd" : "N02"				,"indsMclsNm" : "무도/유흥/가무"				,"indsSclsCd" : "N02A06"				,"indsSclsNm" : "무도장"				,"stdrDt" : "2015-12-17"				}				,{				"indsLclsCd" : "N"				,"indsLclsNm" : "관광/여가/오락"				,"indsMclsCd" : "N02"				,"indsMclsNm" : "무도/유흥/가무"				,"indsSclsCd" : "N02A05"				,"indsSclsNm" : "한국식유흥주점"				,"stdrDt" : "2015-12-17"				}			]	}}