{	"header" : {		"description" : "소상공인시장진흥공단 상권정보 업종소분류 코드"		,"columns" : ["상권업종대분류코드","상권업종대분류코드명","상권업종중분류코드","상권업종중분류코드명","상권업종소분류코드","상권업종소분류코드명","데이터기준일자"]		,"resultCode" : "00"		,"resultMsg" : "NORMAL SERVICE"	},	"body" : {			"items" : [				{				"indsLclsCd" : "N"				,"indsLclsNm" : "관광/여가/오락"				,"indsMclsCd" : "N03"				,"indsMclsNm" : "연극/영화/극장"				,"indsSclsCd" : "N03A06"				,"indsSclsNm" : "연극/음악/예술관련기타"				,"stdrDt" : "2015-12-17"				}				,{				"indsLclsCd" : "N"				,"indsLclsNm" : "관광/여가/오락"				,"indsMclsCd" : "N03"				,"indsMclsNm" : "연극/영화/극장"				,"indsSclsCd" : "N03A03"				,"indsSclsNm" : "연극극장"				,"stdrDt" : "2015-12-17"				}				,{				"indsLclsCd" : "N"				,"indsLclsNm" : "관광/여가/오락"				,"indsMclsCd" : "N03"				,"indsMclsNm" : "연극/영화/극장"				,"indsSclsCd" : "N03A01"				,"indsSclsNm" : "영화관"				,"stdrDt" : "2015-12-17"				}				,{				"indsLclsCd" : "N"				,"indsLclsNm" : "관광/여가/오락"				,"indsMclsCd" : "N03"				,"indsMclsNm" : "연극/영화/극장"				,"indsSclsCd" : "N03A05"				,"indsSclsNm" : "음악감상"				,"stdrDt" : "2015-12-17"				}				,{				"indsLclsCd" : "N"				,"indsLclsNm" : "관광/여가/오락"				,"indsMclsCd" : "N03"				,"indsMclsNm" : "연극/영화/극장"				,"indsSclsCd" : "N03A02"				,"indsSclsNm" : "자동차극장"				,"stdrDt" : "2015-12-17"				}				,{				"indsLclsCd" : "N"				,"indsLclsNm" : "관광/여가/오락"				,"indsMclsCd" : "N03"				,"indsMclsNm" : "연극/영화/극장"				,"indsSclsCd" : "N03A04"				,"indsSclsNm" : "종합공연장"				,"stdrDt" : "2015-12-17"				}			]	}}