{	"header" : {		"description" : "소상공인시장진흥공단 상권정보 업종소분류 코드"		,"columns" : ["상권업종대분류코드","상권업종대분류코드명","상권업종중분류코드","상권업종중분류코드명","상권업종소분류코드","상권업종소분류코드명","데이터기준일자"]		,"resultCode" : "00"		,"resultMsg" : "NORMAL SERVICE"	},	"body" : {			"items" : [				{				"indsLclsCd" : "N"				,"indsLclsNm" : "관광/여가/오락"				,"indsMclsCd" : "N04"				,"indsMclsNm" : "스포츠/운동"				,"indsSclsCd" : "N04A05"				,"indsSclsNm" : "롤러스케이트장"				,"stdrDt" : "2015-12-17"				}				,{				"indsLclsCd" : "N"				,"indsLclsNm" : "관광/여가/오락"				,"indsMclsCd" : "N04"				,"indsMclsNm" : "스포츠/운동"				,"indsSclsCd" : "N04A06"				,"indsSclsNm" : "서바이벌게임장"				,"stdrDt" : "2015-12-17"				}				,{				"indsLclsCd" : "N"				,"indsLclsNm" : "관광/여가/오락"				,"indsMclsCd" : "N04"				,"indsMclsNm" : "스포츠/운동"				,"indsSclsCd" : "N04A07"				,"indsSclsNm" : "스케이트장"				,"stdrDt" : "2015-12-17"				}				,{				"indsLclsCd" : "N"				,"indsLclsNm" : "관광/여가/오락"				,"indsMclsCd" : "N04"				,"indsMclsNm" : "스포츠/운동"				,"indsSclsCd" : "N04A08"				,"indsSclsNm" : "실내낚시"				,"stdrDt" : "2015-12-17"				}				,{				"indsLclsCd" : "N"				,"indsLclsNm" : "관광/여가/오락"				,"indsMclsCd" : "N04"				,"indsMclsNm" : "스포츠/운동"				,"indsSclsCd" : "N04A02"				,"indsSclsNm" : "실내사격장"				,"stdrDt" : "2015-12-17"				}				,{				"indsLclsCd" : "N"				,"indsLclsNm" : "관광/여가/오락"				,"indsMclsCd" : "N04"				,"indsMclsNm" : "스포츠/운동"				,"indsSclsCd" : "N04A04"				,"indsSclsNm" : "실내스케이트장"				,"stdrDt" : "2015-12-17"				}				,{				"indsLclsCd" : "N"				,"indsLclsNm" : "관광/여가/오락"				,"indsMclsCd" : "N04"				,"indsMclsNm" : "스포츠/운동"				,"indsSclsCd" : "N04A01"				,"indsSclsNm" : "실내야구연습장"				,"stdrDt" : "2015-12-17"				}				,{				"indsLclsCd" : "N"				,"indsLclsNm" : "관광/여가/오락"				,"indsMclsCd" : "N04"				,"indsMclsNm" : "스포츠/운동"				,"indsSclsCd" : "N04A03"				,"indsSclsNm" : "실외야구연습장"				,"stdrDt" : "2015-12-17"				}			]	}}