{	"header" : {		"description" : "소상공인시장진흥공단 상권정보 업종소분류 코드"		,"columns" : ["상권업종대분류코드","상권업종대분류코드명","상권업종중분류코드","상권업종중분류코드명","상권업종소분류코드","상권업종소분류코드명","데이터기준일자"]		,"resultCode" : "00"		,"resultMsg" : "NORMAL SERVICE"	},	"body" : {			"items" : [				{				"indsLclsCd" : "N"				,"indsLclsNm" : "관광/여가/오락"				,"indsMclsCd" : "N05"				,"indsMclsNm" : "요가/단전/마사지"				,"indsSclsCd" : "N05A05"				,"indsSclsNm" : "단식원"				,"stdrDt" : "2015-12-17"				}				,{				"indsLclsCd" : "N"				,"indsLclsNm" : "관광/여가/오락"				,"indsMclsCd" : "N05"				,"indsMclsNm" : "요가/단전/마사지"				,"indsSclsCd" : "N05A02"				,"indsSclsNm" : "단전호흡"				,"stdrDt" : "2015-12-17"				}				,{				"indsLclsCd" : "N"				,"indsLclsNm" : "관광/여가/오락"				,"indsMclsCd" : "N05"				,"indsMclsNm" : "요가/단전/마사지"				,"indsSclsCd" : "N05A06"				,"indsSclsNm" : "스포츠마사지"				,"stdrDt" : "2015-12-17"				}				,{				"indsLclsCd" : "N"				,"indsLclsNm" : "관광/여가/오락"				,"indsMclsCd" : "N05"				,"indsMclsNm" : "요가/단전/마사지"				,"indsSclsCd" : "N05A07"				,"indsSclsNm" : "안마시술소"				,"stdrDt" : "2015-12-17"				}				,{				"indsLclsCd" : "N"				,"indsLclsNm" : "관광/여가/오락"				,"indsMclsCd" : "N05"				,"indsMclsNm" : "요가/단전/마사지"				,"indsSclsCd" : "N05A01"				,"indsSclsNm" : "요가/단식"				,"stdrDt" : "2015-12-17"				}				,{				"indsLclsCd" : "N"				,"indsLclsNm" : "관광/여가/오락"				,"indsMclsCd" : "N05"				,"indsMclsNm" : "요가/단전/마사지"				,"indsSclsCd" : "N05A04"				,"indsSclsNm" : "지압원"				,"stdrDt" : "2015-12-17"				}				,{				"indsLclsCd" : "N"				,"indsLclsNm" : "관광/여가/오락"				,"indsMclsCd" : "N05"				,"indsMclsNm" : "요가/단전/마사지"				,"indsSclsCd" : "N05A03"				,"indsSclsNm" : "체형미교실"				,"stdrDt" : "2015-12-17"				}				,{				"indsLclsCd" : "N"				,"indsLclsNm" : "관광/여가/오락"				,"indsMclsCd" : "N05"				,"indsMclsNm" : "요가/단전/마사지"				,"indsSclsCd" : "N05A08"				,"indsSclsNm" : "활기원"				,"stdrDt" : "2015-12-17"				}			]	}}