{	"header" : {		"description" : "소상공인시장진흥공단 상권정보 업종소분류 코드"		,"columns" : ["상권업종대분류코드","상권업종대분류코드명","상권업종중분류코드","상권업종중분류코드명","상권업종소분류코드","상권업종소분류코드명","데이터기준일자"]		,"resultCode" : "00"		,"resultMsg" : "NORMAL SERVICE"	},	"body" : {			"items" : [				{				"indsLclsCd" : "N"				,"indsLclsNm" : "관광/여가/오락"				,"indsMclsCd" : "N06"				,"indsMclsNm" : "전시/관람"				,"indsSclsCd" : "N06B03"				,"indsSclsNm" : "과학관/전시관"				,"stdrDt" : "2015-12-17"				}				,{				"indsLclsCd" : "N"				,"indsLclsNm" : "관광/여가/오락"				,"indsMclsCd" : "N06"				,"indsMclsNm" : "전시/관람"				,"indsSclsCd" : "N06B11"				,"indsSclsNm" : "국립민속박물관"				,"stdrDt" : "2015-12-17"				}				,{				"indsLclsCd" : "N"				,"indsLclsNm" : "관광/여가/오락"				,"indsMclsCd" : "N06"				,"indsMclsNm" : "전시/관람"				,"indsSclsCd" : "N06B10"				,"indsSclsNm" : "국립중앙박물관"				,"stdrDt" : "2015-12-17"				}				,{				"indsLclsCd" : "N"				,"indsLclsNm" : "관광/여가/오락"				,"indsMclsCd" : "N06"				,"indsMclsNm" : "전시/관람"				,"indsSclsCd" : "N06B12"				,"indsSclsNm" : "국립현대미술관"				,"stdrDt" : "2015-12-17"				}				,{				"indsLclsCd" : "N"				,"indsLclsNm" : "관광/여가/오락"				,"indsMclsCd" : "N06"				,"indsMclsNm" : "전시/관람"				,"indsSclsCd" : "N06B05"				,"indsSclsNm" : "동물원/식물원"				,"stdrDt" : "2015-12-17"				}				,{				"indsLclsCd" : "N"				,"indsLclsNm" : "관광/여가/오락"				,"indsMclsCd" : "N06"				,"indsMclsNm" : "전시/관람"				,"indsSclsCd" : "N06B09"				,"indsSclsNm" : "문화원"				,"stdrDt" : "2015-12-17"				}				,{				"indsLclsCd" : "N"				,"indsLclsNm" : "관광/여가/오락"				,"indsMclsCd" : "N06"				,"indsMclsNm" : "전시/관람"				,"indsSclsCd" : "N06B01"				,"indsSclsNm" : "미술관/박물관"				,"stdrDt" : "2015-12-17"				}				,{				"indsLclsCd" : "N"				,"indsLclsNm" : "관광/여가/오락"				,"indsMclsCd" : "N06"				,"indsMclsNm" : "전시/관람"				,"indsSclsCd" : "N06B04"				,"indsSclsNm" : "박물관/사적지관리"				,"stdrDt" : "2015-12-17"				}				,{				"indsLclsCd" : "N"				,"indsLclsNm" : "관광/여가/오락"				,"indsMclsCd" : "N06"				,"indsMclsNm" : "전시/관람"				,"indsSclsCd" : "N06B07"				,"indsSclsNm" : "박물관/사적지관리"				,"stdrDt" : "2015-12-17"				}				,{				"indsLclsCd" : "N"				,"indsLclsNm" : "관광/여가/오락"				,"indsMclsCd" : "N06"				,"indsMclsNm" : "전시/관람"				,"indsSclsCd" : "N06B02"				,"indsSclsNm" : "식물원/동물원"				,"stdrDt" : "2015-12-17"				}				,{				"indsLclsCd" : "N"				,"indsLclsNm" : "관광/여가/오락"				,"indsMclsCd" : "N06"				,"indsMclsNm" : "전시/관람"				,"indsSclsCd" : "N06B08"				,"indsSclsNm" : "유적지"				,"stdrDt" : "2015-12-17"				}				,{				"indsLclsCd" : "N"				,"indsLclsNm" : "관광/여가/오락"				,"indsMclsCd" : "N06"				,"indsMclsNm" : "전시/관람"				,"indsSclsCd" : "N06B06"				,"indsSclsNm" : "자연학습원"				,"stdrDt" : "2015-12-17"				}			]	}}