{	"header" : {		"description" : "소상공인시장진흥공단 상권정보 업종소분류 코드"		,"columns" : ["상권업종대분류코드","상권업종대분류코드명","상권업종중분류코드","상권업종중분류코드명","상권업종소분류코드","상권업종소분류코드명","데이터기준일자"]		,"resultCode" : "00"		,"resultMsg" : "NORMAL SERVICE"	},	"body" : {			"items" : [				{				"indsLclsCd" : "N"				,"indsLclsNm" : "관광/여가/오락"				,"indsMclsCd" : "N07"				,"indsMclsNm" : "놀이/여가/취미"				,"indsSclsCd" : "N07A06"				,"indsSclsNm" : "공원"				,"stdrDt" : "2015-12-17"				}				,{				"indsLclsCd" : "N"				,"indsLclsNm" : "관광/여가/오락"				,"indsMclsCd" : "N07"				,"indsMclsNm" : "놀이/여가/취미"				,"indsSclsCd" : "N07A11"				,"indsSclsNm" : "기타오락관련산업"				,"stdrDt" : "2015-12-17"				}				,{				"indsLclsCd" : "N"				,"indsLclsNm" : "관광/여가/오락"				,"indsMclsCd" : "N07"				,"indsMclsNm" : "놀이/여가/취미"				,"indsSclsCd" : "N07A02"				,"indsSclsNm" : "낚시터"				,"stdrDt" : "2015-12-17"				}				,{				"indsLclsCd" : "N"				,"indsLclsNm" : "관광/여가/오락"				,"indsMclsCd" : "N07"				,"indsMclsNm" : "놀이/여가/취미"				,"indsSclsCd" : "N07A08"				,"indsSclsNm" : "놀이배"				,"stdrDt" : "2015-12-17"				}				,{				"indsLclsCd" : "N"				,"indsLclsNm" : "관광/여가/오락"				,"indsMclsCd" : "N07"				,"indsMclsNm" : "놀이/여가/취미"				,"indsSclsCd" : "N07A05"				,"indsSclsNm" : "유원지"				,"stdrDt" : "2015-12-17"				}				,{				"indsLclsCd" : "N"				,"indsLclsNm" : "관광/여가/오락"				,"indsMclsCd" : "N07"				,"indsMclsNm" : "놀이/여가/취미"				,"indsSclsCd" : "N07A07"				,"indsSclsNm" : "전망대"				,"stdrDt" : "2015-12-17"				}				,{				"indsLclsCd" : "N"				,"indsLclsNm" : "관광/여가/오락"				,"indsMclsCd" : "N07"				,"indsMclsNm" : "놀이/여가/취미"				,"indsSclsCd" : "N07A01"				,"indsSclsNm" : "종합위락시설"				,"stdrDt" : "2015-12-17"				}				,{				"indsLclsCd" : "N"				,"indsLclsNm" : "관광/여가/오락"				,"indsMclsCd" : "N07"				,"indsMclsNm" : "놀이/여가/취미"				,"indsSclsCd" : "N07A03"				,"indsSclsNm" : "주말농장"				,"stdrDt" : "2015-12-17"				}				,{				"indsLclsCd" : "N"				,"indsLclsNm" : "관광/여가/오락"				,"indsMclsCd" : "N07"				,"indsMclsNm" : "놀이/여가/취미"				,"indsSclsCd" : "N07A10"				,"indsSclsNm" : "해수욕장"				,"stdrDt" : "2015-12-17"				}				,{				"indsLclsCd" : "N"				,"indsLclsNm" : "관광/여가/오락"				,"indsMclsCd" : "N07"				,"indsMclsNm" : "놀이/여가/취미"				,"indsSclsCd" : "N07A04"				,"indsSclsNm" : "휴양림"				,"stdrDt" : "2015-12-17"				}			]	}}