{	"header" : {		"description" : "소상공인시장진흥공단 상권정보 업종소분류 코드"		,"columns" : ["상권업종대분류코드","상권업종대분류코드명","상권업종중분류코드","상권업종중분류코드명","상권업종소분류코드","상권업종소분류코드명","데이터기준일자"]		,"resultCode" : "00"		,"resultMsg" : "NORMAL SERVICE"	},	"body" : {			"items" : [				{				"indsLclsCd" : "N"				,"indsLclsNm" : "관광/여가/오락"				,"indsMclsCd" : "N08"				,"indsMclsNm" : "경마/경륜/성인오락"				,"indsSclsCd" : "N08A01"				,"indsSclsNm" : "게임룸"				,"stdrDt" : "2015-12-17"				}				,{				"indsLclsCd" : "N"				,"indsLclsNm" : "관광/여가/오락"				,"indsMclsCd" : "N08"				,"indsMclsNm" : "경마/경륜/성인오락"				,"indsSclsCd" : "N08A03"				,"indsSclsNm" : "경륜장"				,"stdrDt" : "2015-12-17"				}				,{				"indsLclsCd" : "N"				,"indsLclsNm" : "관광/여가/오락"				,"indsMclsCd" : "N08"				,"indsMclsNm" : "경마/경륜/성인오락"				,"indsSclsCd" : "N08A02"				,"indsSclsNm" : "경마장"				,"stdrDt" : "2015-12-17"				}				,{				"indsLclsCd" : "N"				,"indsLclsNm" : "관광/여가/오락"				,"indsMclsCd" : "N08"				,"indsMclsNm" : "경마/경륜/성인오락"				,"indsSclsCd" : "N08A05"				,"indsSclsNm" : "동물경기"				,"stdrDt" : "2015-12-17"				}				,{				"indsLclsCd" : "N"				,"indsLclsNm" : "관광/여가/오락"				,"indsMclsCd" : "N08"				,"indsMclsNm" : "경마/경륜/성인오락"				,"indsSclsCd" : "N08A04"				,"indsSclsNm" : "카지노"				,"stdrDt" : "2015-12-17"				}			]	}}