{	"header" : {		"description" : "소상공인시장진흥공단 상권정보 업종중분류 코드"		,"columns" : ["상권업종대분류코드","상권업종대분류코드명","상권업종중분류코드","상권업종중분류코드명","데이터기준일자"]		,"resultCode" : "00"		,"resultMsg" : "NORMAL SERVICE"	},	"body" : {			"items" : [				{				"indsLclsCd" : "N1"				,"indsLclsNm" : "시설 관리, 임대"				,"indsMclsCd" : "N110"				,"indsMclsNm" : "가정용품 대여"				,"stdrDt" : "2023-02-28"				}				,{				"indsLclsCd" : "N1"				,"indsLclsNm" : "시설 관리, 임대"				,"indsMclsCd" : "N106"				,"indsMclsNm" : "경비, 경호"				,"stdrDt" : "2023-02-28"				}				,{				"indsLclsCd" : "N1"				,"indsLclsNm" : "시설 관리, 임대"				,"indsMclsCd" : "N104"				,"indsMclsNm" : "고용 알선"				,"stdrDt" : "2023-02-28"				}				,{				"indsLclsCd" : "N1"				,"indsLclsNm" : "시설 관리, 임대"				,"indsMclsCd" : "N108"				,"indsMclsNm" : "기타 사업 서비스"				,"stdrDt" : "2023-02-28"				}				,{				"indsLclsCd" : "N1"				,"indsLclsNm" : "시설 관리, 임대"				,"indsMclsCd" : "N112"				,"indsMclsNm" : "무형재산 대여"				,"stdrDt" : "2023-02-28"				}				,{				"indsLclsCd" : "N1"				,"indsLclsNm" : "시설 관리, 임대"				,"indsMclsCd" : "N107"				,"indsMclsNm" : "사무 지원"				,"stdrDt" : "2023-02-28"				}				,{				"indsLclsCd" : "N1"				,"indsLclsNm" : "시설 관리, 임대"				,"indsMclsCd" : "N111"				,"indsMclsNm" : "산업용품 대여"				,"stdrDt" : "2023-02-28"				}				,{				"indsLclsCd" : "N1"				,"indsLclsNm" : "시설 관리, 임대"				,"indsMclsCd" : "N101"				,"indsMclsNm" : "시설관리"				,"stdrDt" : "2023-02-28"				}				,{				"indsLclsCd" : "N1"				,"indsLclsNm" : "시설 관리, 임대"				,"indsMclsCd" : "N105"				,"indsMclsNm" : "여행사, 보조"				,"stdrDt" : "2023-02-28"				}				,{				"indsLclsCd" : "N1"				,"indsLclsNm" : "시설 관리, 임대"				,"indsMclsCd" : "N109"				,"indsMclsNm" : "운송장비 대여"				,"stdrDt" : "2023-02-28"				}				,{				"indsLclsCd" : "N1"				,"indsLclsNm" : "시설 관리, 임대"				,"indsMclsCd" : "N103"				,"indsMclsNm" : "조경, 유지"				,"stdrDt" : "2023-02-28"				}				,{				"indsLclsCd" : "N1"				,"indsLclsNm" : "시설 관리, 임대"				,"indsMclsCd" : "N102"				,"indsMclsNm" : "청소, 방제"				,"stdrDt" : "2023-02-28"				}			]	}}