{	"header" : {		"description" : "소상공인시장진흥공단 상권정보 업종소분류 코드"		,"columns" : ["상권업종대분류코드","상권업종대분류코드명","상권업종중분류코드","상권업종중분류코드명","상권업종소분류코드","상권업종소분류코드명","데이터기준일자"]		,"resultCode" : "00"		,"resultMsg" : "NORMAL SERVICE"	},	"body" : {			"items" : [				{				"indsLclsCd" : "N1"				,"indsLclsNm" : "시설 관리, 임대"				,"indsMclsCd" : "N102"				,"indsMclsNm" : "청소, 방제"				,"indsSclsCd" : "N10201"				,"indsSclsNm" : "건축물 일반 청소업"				,"stdrDt" : "2023-02-28"				}				,{				"indsLclsCd" : "N1"				,"indsLclsNm" : "시설 관리, 임대"				,"indsMclsCd" : "N102"				,"indsMclsNm" : "청소, 방제"				,"indsSclsCd" : "N10202"				,"indsSclsNm" : "산업설비, 운송장비 및 공공장소 청소업"				,"stdrDt" : "2023-02-28"				}				,{				"indsLclsCd" : "N1"				,"indsLclsNm" : "시설 관리, 임대"				,"indsMclsCd" : "N102"				,"indsMclsNm" : "청소, 방제"				,"indsSclsCd" : "N10203"				,"indsSclsNm" : "소독, 구충 및 방제 서비스업"				,"stdrDt" : "2023-02-28"				}			]	}}