{	"header" : {		"description" : "소상공인시장진흥공단 상권정보 업종소분류 코드"		,"columns" : ["상권업종대분류코드","상권업종대분류코드명","상권업종중분류코드","상권업종중분류코드명","상권업종소분류코드","상권업종소분류코드명","데이터기준일자"]		,"resultCode" : "00"		,"resultMsg" : "NORMAL SERVICE"	},	"body" : {			"items" : [				{				"indsLclsCd" : "N1"				,"indsLclsNm" : "시설 관리, 임대"				,"indsMclsCd" : "N104"				,"indsMclsNm" : "고용 알선"				,"indsSclsCd" : "N10401"				,"indsSclsNm" : "고용 알선업"				,"stdrDt" : "2023-02-28"				}				,{				"indsLclsCd" : "N1"				,"indsLclsNm" : "시설 관리, 임대"				,"indsMclsCd" : "N104"				,"indsMclsNm" : "고용 알선"				,"indsSclsCd" : "N10403"				,"indsSclsNm" : "상용 인력 공급 및 인사관리 서비스업"				,"stdrDt" : "2023-02-28"				}				,{				"indsLclsCd" : "N1"				,"indsLclsNm" : "시설 관리, 임대"				,"indsMclsCd" : "N104"				,"indsMclsNm" : "고용 알선"				,"indsSclsCd" : "N10402"				,"indsSclsNm" : "임시/일용 인력 공급업"				,"stdrDt" : "2023-02-28"				}			]	}}