{	"header" : {		"description" : "소상공인시장진흥공단 상권정보 업종소분류 코드"		,"columns" : ["상권업종대분류코드","상권업종대분류코드명","상권업종중분류코드","상권업종중분류코드명","상권업종소분류코드","상권업종소분류코드명","데이터기준일자"]		,"resultCode" : "00"		,"resultMsg" : "NORMAL SERVICE"	},	"body" : {			"items" : [				{				"indsLclsCd" : "N1"				,"indsLclsNm" : "시설 관리, 임대"				,"indsMclsCd" : "N105"				,"indsMclsNm" : "여행사, 보조"				,"indsSclsCd" : "N10599"				,"indsSclsNm" : "기타 여행 보조/예약 서비스업"				,"stdrDt" : "2023-02-28"				}				,{				"indsLclsCd" : "N1"				,"indsLclsNm" : "시설 관리, 임대"				,"indsMclsCd" : "N105"				,"indsMclsNm" : "여행사, 보조"				,"indsSclsCd" : "N10501"				,"indsSclsNm" : "여행사"				,"stdrDt" : "2023-02-28"				}			]	}}