{	"header" : {		"description" : "소상공인시장진흥공단 상권정보 업종소분류 코드"		,"columns" : ["상권업종대분류코드","상권업종대분류코드명","상권업종중분류코드","상권업종중분류코드명","상권업종소분류코드","상권업종소분류코드명","데이터기준일자"]		,"resultCode" : "00"		,"resultMsg" : "NORMAL SERVICE"	},	"body" : {			"items" : [				{				"indsLclsCd" : "N1"				,"indsLclsNm" : "시설 관리, 임대"				,"indsMclsCd" : "N107"				,"indsMclsNm" : "사무 지원"				,"indsSclsCd" : "N10799"				,"indsSclsNm" : "기타 사무 지원 서비스업"				,"stdrDt" : "2023-02-28"				}				,{				"indsLclsCd" : "N1"				,"indsLclsNm" : "시설 관리, 임대"				,"indsMclsCd" : "N107"				,"indsMclsNm" : "사무 지원"				,"indsSclsCd" : "N10701"				,"indsSclsNm" : "문서 작성업"				,"stdrDt" : "2023-02-28"				}				,{				"indsLclsCd" : "N1"				,"indsLclsNm" : "시설 관리, 임대"				,"indsMclsCd" : "N107"				,"indsMclsNm" : "사무 지원"				,"indsSclsCd" : "N10702"				,"indsSclsNm" : "문서 작성업(인적용역)"				,"stdrDt" : "2023-02-28"				}				,{				"indsLclsCd" : "N1"				,"indsLclsNm" : "시설 관리, 임대"				,"indsMclsCd" : "N107"				,"indsMclsNm" : "사무 지원"				,"indsSclsCd" : "N10703"				,"indsSclsNm" : "복사업"				,"stdrDt" : "2023-02-28"				}			]	}}