{	"header" : {		"description" : "소상공인시장진흥공단 상권정보 업종소분류 코드"		,"columns" : ["상권업종대분류코드","상권업종대분류코드명","상권업종중분류코드","상권업종중분류코드명","상권업종소분류코드","상권업종소분류코드명","데이터기준일자"]		,"resultCode" : "00"		,"resultMsg" : "NORMAL SERVICE"	},	"body" : {			"items" : [				{				"indsLclsCd" : "N1"				,"indsLclsNm" : "시설 관리, 임대"				,"indsMclsCd" : "N108"				,"indsMclsNm" : "기타 사업 서비스"				,"indsSclsCd" : "N10806"				,"indsSclsNm" : "그 외 기타 사업 지원 서비스업"				,"stdrDt" : "2023-02-28"				}				,{				"indsLclsCd" : "N1"				,"indsLclsNm" : "시설 관리, 임대"				,"indsMclsCd" : "N108"				,"indsMclsNm" : "기타 사업 서비스"				,"indsSclsCd" : "N10899"				,"indsSclsNm" : "그 외 기타 사업 지원 서비스업(인적용역)"				,"stdrDt" : "2023-02-28"				}				,{				"indsLclsCd" : "N1"				,"indsLclsNm" : "시설 관리, 임대"				,"indsMclsCd" : "N108"				,"indsMclsNm" : "기타 사업 서비스"				,"indsSclsCd" : "N10803"				,"indsSclsNm" : "신용 조사/추심 대행업"				,"stdrDt" : "2023-02-28"				}				,{				"indsLclsCd" : "N1"				,"indsLclsNm" : "시설 관리, 임대"				,"indsMclsCd" : "N108"				,"indsMclsNm" : "기타 사업 서비스"				,"indsSclsCd" : "N10804"				,"indsSclsNm" : "신용 조사/추심 대행업(인적용역)"				,"stdrDt" : "2023-02-28"				}				,{				"indsLclsCd" : "N1"				,"indsLclsNm" : "시설 관리, 임대"				,"indsMclsCd" : "N108"				,"indsMclsNm" : "기타 사업 서비스"				,"indsSclsCd" : "N10802"				,"indsSclsNm" : "전시/컨벤션/행사 대행 서비스업"				,"stdrDt" : "2023-02-28"				}				,{				"indsLclsCd" : "N1"				,"indsLclsNm" : "시설 관리, 임대"				,"indsMclsCd" : "N108"				,"indsMclsNm" : "기타 사업 서비스"				,"indsSclsCd" : "N10801"				,"indsSclsNm" : "콜센터 및 텔레마케팅 서비스업"				,"stdrDt" : "2023-02-28"				}				,{				"indsLclsCd" : "N1"				,"indsLclsNm" : "시설 관리, 임대"				,"indsMclsCd" : "N108"				,"indsMclsNm" : "기타 사업 서비스"				,"indsSclsCd" : "N10805"				,"indsSclsNm" : "포장/충전업"				,"stdrDt" : "2023-02-28"				}			]	}}