{	"header" : {		"description" : "소상공인시장진흥공단 상권정보 업종소분류 코드"		,"columns" : ["상권업종대분류코드","상권업종대분류코드명","상권업종중분류코드","상권업종중분류코드명","상권업종소분류코드","상권업종소분류코드명","데이터기준일자"]		,"resultCode" : "00"		,"resultMsg" : "NORMAL SERVICE"	},	"body" : {			"items" : [				{				"indsLclsCd" : "N1"				,"indsLclsNm" : "시설 관리, 임대"				,"indsMclsCd" : "N109"				,"indsMclsNm" : "운송장비 대여"				,"indsSclsCd" : "N10999"				,"indsSclsNm" : "기타 운송장비 대여업"				,"stdrDt" : "2023-02-28"				}				,{				"indsLclsCd" : "N1"				,"indsLclsNm" : "시설 관리, 임대"				,"indsMclsCd" : "N109"				,"indsMclsNm" : "운송장비 대여"				,"indsSclsCd" : "N10901"				,"indsSclsNm" : "자동차 대여업"				,"stdrDt" : "2023-02-28"				}			]	}}