{	"header" : {		"description" : "소상공인시장진흥공단 상권정보 업종소분류 코드"		,"columns" : ["상권업종대분류코드","상권업종대분류코드명","상권업종중분류코드","상권업종중분류코드명","상권업종소분류코드","상권업종소분류코드명","데이터기준일자"]		,"resultCode" : "00"		,"resultMsg" : "NORMAL SERVICE"	},	"body" : {			"items" : [				{				"indsLclsCd" : "N1"				,"indsLclsNm" : "시설 관리, 임대"				,"indsMclsCd" : "N110"				,"indsMclsNm" : "가정용품 대여"				,"indsSclsCd" : "N11099"				,"indsSclsNm" : "기타 개인/가정용품 대여업"				,"stdrDt" : "2023-02-28"				}				,{				"indsLclsCd" : "N1"				,"indsLclsNm" : "시설 관리, 임대"				,"indsMclsCd" : "N110"				,"indsMclsNm" : "가정용품 대여"				,"indsSclsCd" : "N11003"				,"indsSclsNm" : "만화방"				,"stdrDt" : "2023-02-28"				}				,{				"indsLclsCd" : "N1"				,"indsLclsNm" : "시설 관리, 임대"				,"indsMclsCd" : "N110"				,"indsMclsNm" : "가정용품 대여"				,"indsSclsCd" : "N11001"				,"indsSclsNm" : "스포츠/레크리에이션 용품 대여업"				,"stdrDt" : "2023-02-28"				}				,{				"indsLclsCd" : "N1"				,"indsLclsNm" : "시설 관리, 임대"				,"indsMclsCd" : "N110"				,"indsMclsNm" : "가정용품 대여"				,"indsSclsCd" : "N11002"				,"indsSclsNm" : "음반/비디오물 대여업"				,"stdrDt" : "2023-02-28"				}				,{				"indsLclsCd" : "N1"				,"indsLclsNm" : "시설 관리, 임대"				,"indsMclsCd" : "N110"				,"indsMclsNm" : "가정용품 대여"				,"indsSclsCd" : "N11004"				,"indsSclsNm" : "의류 대여업"				,"stdrDt" : "2023-02-28"				}			]	}}