{	"header" : {		"description" : "소상공인시장진흥공단 상권정보 업종중분류 코드"		,"columns" : ["상권업종대분류코드","상권업종대분류코드명","상권업종중분류코드","상권업종중분류코드명","데이터기준일자"]		,"resultCode" : "00"		,"resultMsg" : "NORMAL SERVICE"	},	"body" : {			"items" : [				{				"indsLclsCd" : "O"				,"indsLclsNm" : "숙박"				,"indsMclsCd" : "O02"				,"indsMclsNm" : "모텔/여관/여인숙"				,"stdrDt" : "2015-12-17"				}				,{				"indsLclsCd" : "O"				,"indsLclsNm" : "숙박"				,"indsMclsCd" : "O05"				,"indsMclsNm" : "민박/하숙"				,"stdrDt" : "2015-12-17"				}				,{				"indsLclsCd" : "O"				,"indsLclsNm" : "숙박"				,"indsMclsCd" : "O04"				,"indsMclsNm" : "유스호스텔"				,"stdrDt" : "2015-12-17"				}				,{				"indsLclsCd" : "O"				,"indsLclsNm" : "숙박"				,"indsMclsCd" : "O03"				,"indsMclsNm" : "캠프/별장/펜션"				,"stdrDt" : "2015-12-17"				}				,{				"indsLclsCd" : "O"				,"indsLclsNm" : "숙박"				,"indsMclsCd" : "O01"				,"indsMclsNm" : "호텔/콘도"				,"stdrDt" : "2015-12-17"				}			]	}}