{	"header" : {		"description" : "소상공인시장진흥공단 상권정보 업종소분류 코드"		,"columns" : ["상권업종대분류코드","상권업종대분류코드명","상권업종중분류코드","상권업종중분류코드명","상권업종소분류코드","상권업종소분류코드명","데이터기준일자"]		,"resultCode" : "00"		,"resultMsg" : "NORMAL SERVICE"	},	"body" : {			"items" : [				{				"indsLclsCd" : "O"				,"indsLclsNm" : "숙박"				,"indsMclsCd" : "O04"				,"indsMclsNm" : "유스호스텔"				,"indsSclsCd" : "O04A01"				,"indsSclsNm" : "유스호스텔"				,"stdrDt" : "2015-12-17"				}			]	}}