{	"header" : {		"description" : "소상공인시장진흥공단 상권정보 업종중분류 코드"		,"columns" : ["상권업종대분류코드","상권업종대분류코드명","상권업종중분류코드","상권업종중분류코드명","데이터기준일자"]		,"resultCode" : "00"		,"resultMsg" : "NORMAL SERVICE"	},	"body" : {			"items" : [				{				"indsLclsCd" : "O1"				,"indsLclsNm" : "공공 행정, 국방"				,"indsMclsCd" : "O104"				,"indsMclsNm" : "사법 질서"				,"stdrDt" : "2023-02-28"				}				,{				"indsLclsCd" : "O1"				,"indsLclsNm" : "공공 행정, 국방"				,"indsMclsCd" : "O105"				,"indsMclsNm" : "사회 보장 "				,"stdrDt" : "2023-02-28"				}				,{				"indsLclsCd" : "O1"				,"indsLclsNm" : "공공 행정, 국방"				,"indsMclsCd" : "O102"				,"indsMclsNm" : "산업정책"				,"stdrDt" : "2023-02-28"				}				,{				"indsLclsCd" : "O1"				,"indsLclsNm" : "공공 행정, 국방"				,"indsMclsCd" : "O103"				,"indsMclsNm" : "외무, 국방"				,"stdrDt" : "2023-02-28"				}				,{				"indsLclsCd" : "O1"				,"indsLclsNm" : "공공 행정, 국방"				,"indsMclsCd" : "O101"				,"indsMclsNm" : "일반정부"				,"stdrDt" : "2023-02-28"				}			]	}}