{	"header" : {		"description" : "소상공인시장진흥공단 상권정보 업종소분류 코드"		,"columns" : ["상권업종대분류코드","상권업종대분류코드명","상권업종중분류코드","상권업종중분류코드명","상권업종소분류코드","상권업종소분류코드명","데이터기준일자"]		,"resultCode" : "00"		,"resultMsg" : "NORMAL SERVICE"	},	"body" : {			"items" : [				{				"indsLclsCd" : "O1"				,"indsLclsNm" : "공공 행정, 국방"				,"indsMclsCd" : "O101"				,"indsMclsNm" : "일반정부"				,"indsSclsCd" : "O10105"				,"indsSclsNm" : "기타 일반 공공 행정"				,"stdrDt" : "2023-02-28"				}				,{				"indsLclsCd" : "O1"				,"indsLclsNm" : "공공 행정, 국방"				,"indsMclsCd" : "O101"				,"indsMclsNm" : "일반정부"				,"indsSclsCd" : "O10101"				,"indsSclsNm" : "입법기관"				,"stdrDt" : "2023-02-28"				}				,{				"indsLclsCd" : "O1"				,"indsLclsNm" : "공공 행정, 국방"				,"indsMclsCd" : "O101"				,"indsMclsNm" : "일반정부"				,"indsSclsCd" : "O10104"				,"indsSclsNm" : "재정 및 경제정책 행정"				,"stdrDt" : "2023-02-28"				}				,{				"indsLclsCd" : "O1"				,"indsLclsNm" : "공공 행정, 국방"				,"indsMclsCd" : "O101"				,"indsMclsNm" : "일반정부"				,"indsSclsCd" : "O10106"				,"indsSclsNm" : "정부기관 일반 보조 행정"				,"stdrDt" : "2023-02-28"				}				,{				"indsLclsCd" : "O1"				,"indsLclsNm" : "공공 행정, 국방"				,"indsMclsCd" : "O101"				,"indsMclsNm" : "일반정부"				,"indsSclsCd" : "O10102"				,"indsSclsNm" : "중앙 최고 집행기관"				,"stdrDt" : "2023-02-28"				}				,{				"indsLclsCd" : "O1"				,"indsLclsNm" : "공공 행정, 국방"				,"indsMclsCd" : "O101"				,"indsMclsNm" : "일반정부"				,"indsSclsCd" : "O10103"				,"indsSclsNm" : "지방행정 집행기관"				,"stdrDt" : "2023-02-28"				}			]	}}