{	"header" : {		"description" : "소상공인시장진흥공단 상권정보 업종소분류 코드"		,"columns" : ["상권업종대분류코드","상권업종대분류코드명","상권업종중분류코드","상권업종중분류코드명","상권업종소분류코드","상권업종소분류코드명","데이터기준일자"]		,"resultCode" : "00"		,"resultMsg" : "NORMAL SERVICE"	},	"body" : {			"items" : [				{				"indsLclsCd" : "O1"				,"indsLclsNm" : "공공 행정, 국방"				,"indsMclsCd" : "O102"				,"indsMclsNm" : "산업정책"				,"indsSclsCd" : "O10208"				,"indsSclsNm" : "건설 및 운송 행정"				,"stdrDt" : "2023-02-28"				}				,{				"indsLclsCd" : "O1"				,"indsLclsNm" : "공공 행정, 국방"				,"indsMclsCd" : "O102"				,"indsMclsNm" : "산업정책"				,"indsSclsCd" : "O10201"				,"indsSclsNm" : "교육 행정"				,"stdrDt" : "2023-02-28"				}				,{				"indsLclsCd" : "O1"				,"indsLclsNm" : "공공 행정, 국방"				,"indsMclsCd" : "O102"				,"indsMclsNm" : "산업정책"				,"indsSclsCd" : "O10205"				,"indsSclsNm" : "기타 사회서비스 관리 행정"				,"stdrDt" : "2023-02-28"				}				,{				"indsLclsCd" : "O1"				,"indsLclsNm" : "공공 행정, 국방"				,"indsMclsCd" : "O102"				,"indsMclsNm" : "산업정책"				,"indsSclsCd" : "O10299"				,"indsSclsNm" : "기타 산업 진흥 행정"				,"stdrDt" : "2023-02-28"				}				,{				"indsLclsCd" : "O1"				,"indsLclsNm" : "공공 행정, 국방"				,"indsMclsCd" : "O102"				,"indsMclsNm" : "산업정책"				,"indsSclsCd" : "O10206"				,"indsSclsNm" : "노동 행정"				,"stdrDt" : "2023-02-28"				}				,{				"indsLclsCd" : "O1"				,"indsLclsNm" : "공공 행정, 국방"				,"indsMclsCd" : "O102"				,"indsMclsNm" : "산업정책"				,"indsSclsCd" : "O10207"				,"indsSclsNm" : "농림수산 행정"				,"stdrDt" : "2023-02-28"				}				,{				"indsLclsCd" : "O1"				,"indsLclsNm" : "공공 행정, 국방"				,"indsMclsCd" : "O102"				,"indsMclsNm" : "산업정책"				,"indsSclsCd" : "O10202"				,"indsSclsNm" : "문화 및 관광 행정"				,"stdrDt" : "2023-02-28"				}				,{				"indsLclsCd" : "O1"				,"indsLclsNm" : "공공 행정, 국방"				,"indsMclsCd" : "O102"				,"indsMclsNm" : "산업정책"				,"indsSclsCd" : "O10204"				,"indsSclsNm" : "보건 및 복지 행정"				,"stdrDt" : "2023-02-28"				}				,{				"indsLclsCd" : "O1"				,"indsLclsNm" : "공공 행정, 국방"				,"indsMclsCd" : "O102"				,"indsMclsNm" : "산업정책"				,"indsSclsCd" : "O10209"				,"indsSclsNm" : "우편 및 통신 행정"				,"stdrDt" : "2023-02-28"				}				,{				"indsLclsCd" : "O1"				,"indsLclsNm" : "공공 행정, 국방"				,"indsMclsCd" : "O102"				,"indsMclsNm" : "산업정책"				,"indsSclsCd" : "O10203"				,"indsSclsNm" : "환경 행정"				,"stdrDt" : "2023-02-28"				}			]	}}