{	"header" : {		"description" : "소상공인시장진흥공단 상권정보 업종소분류 코드"		,"columns" : ["상권업종대분류코드","상권업종대분류코드명","상권업종중분류코드","상권업종중분류코드명","상권업종소분류코드","상권업종소분류코드명","데이터기준일자"]		,"resultCode" : "00"		,"resultMsg" : "NORMAL SERVICE"	},	"body" : {			"items" : [				{				"indsLclsCd" : "O1"				,"indsLclsNm" : "공공 행정, 국방"				,"indsMclsCd" : "O103"				,"indsMclsNm" : "외무, 국방"				,"indsSclsCd" : "O10302"				,"indsSclsNm" : "국방 행정"				,"stdrDt" : "2023-02-28"				}				,{				"indsLclsCd" : "O1"				,"indsLclsNm" : "공공 행정, 국방"				,"indsMclsCd" : "O103"				,"indsMclsNm" : "외무, 국방"				,"indsSclsCd" : "O10301"				,"indsSclsNm" : "외무 행정"				,"stdrDt" : "2023-02-28"				}			]	}}