{	"header" : {		"description" : "소상공인시장진흥공단 상권정보 업종소분류 코드"		,"columns" : ["상권업종대분류코드","상권업종대분류코드명","상권업종중분류코드","상권업종중분류코드명","상권업종소분류코드","상권업종소분류코드명","데이터기준일자"]		,"resultCode" : "00"		,"resultMsg" : "NORMAL SERVICE"	},	"body" : {			"items" : [				{				"indsLclsCd" : "O1"				,"indsLclsNm" : "공공 행정, 국방"				,"indsMclsCd" : "O104"				,"indsMclsNm" : "사법 질서"				,"indsSclsCd" : "O10402"				,"indsSclsNm" : "검찰"				,"stdrDt" : "2023-02-28"				}				,{				"indsLclsCd" : "O1"				,"indsLclsNm" : "공공 행정, 국방"				,"indsMclsCd" : "O104"				,"indsMclsNm" : "사법 질서"				,"indsSclsCd" : "O10404"				,"indsSclsNm" : "경찰"				,"stdrDt" : "2023-02-28"				}				,{				"indsLclsCd" : "O1"				,"indsLclsNm" : "공공 행정, 국방"				,"indsMclsCd" : "O104"				,"indsMclsNm" : "사법 질서"				,"indsSclsCd" : "O10403"				,"indsSclsNm" : "교도기관"				,"stdrDt" : "2023-02-28"				}				,{				"indsLclsCd" : "O1"				,"indsLclsNm" : "공공 행정, 국방"				,"indsMclsCd" : "O104"				,"indsMclsNm" : "사법 질서"				,"indsSclsCd" : "O10499"				,"indsSclsNm" : "기타 사법 및 공공 질서 행정"				,"stdrDt" : "2023-02-28"				}				,{				"indsLclsCd" : "O1"				,"indsLclsNm" : "공공 행정, 국방"				,"indsMclsCd" : "O104"				,"indsMclsNm" : "사법 질서"				,"indsSclsCd" : "O10401"				,"indsSclsNm" : "법원"				,"stdrDt" : "2023-02-28"				}				,{				"indsLclsCd" : "O1"				,"indsLclsNm" : "공공 행정, 국방"				,"indsMclsCd" : "O104"				,"indsMclsNm" : "사법 질서"				,"indsSclsCd" : "O10405"				,"indsSclsNm" : "소방서"				,"stdrDt" : "2023-02-28"				}			]	}}