{	"header" : {		"description" : "소상공인시장진흥공단 상권정보 업종중분류 코드"		,"columns" : ["상권업종대분류코드","상권업종대분류코드명","상권업종중분류코드","상권업종중분류코드명","데이터기준일자"]		,"resultCode" : "00"		,"resultMsg" : "NORMAL SERVICE"	},	"body" : {			"items" : [				{				"indsLclsCd" : "P"				,"indsLclsNm" : "스포츠"				,"indsMclsCd" : "P02"				,"indsMclsNm" : "실내운동시설"				,"stdrDt" : "2015-12-17"				}				,{				"indsLclsCd" : "P"				,"indsLclsNm" : "스포츠"				,"indsMclsCd" : "P03"				,"indsMclsNm" : "실외운동시설"				,"stdrDt" : "2015-12-17"				}				,{				"indsLclsCd" : "P"				,"indsLclsNm" : "스포츠"				,"indsMclsCd" : "P01"				,"indsMclsNm" : "운영관리시설"				,"stdrDt" : "2015-12-17"				}			]	}}