{	"header" : {		"description" : "소상공인시장진흥공단 상권정보 업종소분류 코드"		,"columns" : ["상권업종대분류코드","상권업종대분류코드명","상권업종중분류코드","상권업종중분류코드명","상권업종소분류코드","상권업종소분류코드명","데이터기준일자"]		,"resultCode" : "00"		,"resultMsg" : "NORMAL SERVICE"	},	"body" : {			"items" : [				{				"indsLclsCd" : "P"				,"indsLclsNm" : "스포츠"				,"indsMclsCd" : "P01"				,"indsMclsNm" : "운영관리시설"				,"indsSclsCd" : "P01A11"				,"indsSclsNm" : "기타경기후원업/경기단체"				,"stdrDt" : "2015-12-17"				}				,{				"indsLclsCd" : "P"				,"indsLclsNm" : "스포츠"				,"indsMclsCd" : "P01"				,"indsMclsNm" : "운영관리시설"				,"indsSclsCd" : "P01A99"				,"indsSclsNm" : "기타운영설비"				,"stdrDt" : "2015-12-17"				}				,{				"indsLclsCd" : "P"				,"indsLclsNm" : "스포츠"				,"indsMclsCd" : "P01"				,"indsMclsNm" : "운영관리시설"				,"indsSclsCd" : "P01A12"				,"indsSclsNm" : "수렵장관리운영"				,"stdrDt" : "2015-12-17"				}				,{				"indsLclsCd" : "P"				,"indsLclsNm" : "스포츠"				,"indsMclsCd" : "P01"				,"indsMclsNm" : "운영관리시설"				,"indsSclsCd" : "P01A00"				,"indsSclsNm" : "운동경기협회"				,"stdrDt" : "2015-12-17"				}				,{				"indsLclsCd" : "P"				,"indsLclsNm" : "스포츠"				,"indsMclsCd" : "P01"				,"indsMclsNm" : "운영관리시설"				,"indsSclsCd" : "P01A10"				,"indsSclsNm" : "프로골프"				,"stdrDt" : "2015-12-17"				}				,{				"indsLclsCd" : "P"				,"indsLclsNm" : "스포츠"				,"indsMclsCd" : "P01"				,"indsMclsNm" : "운영관리시설"				,"indsSclsCd" : "P01A05"				,"indsSclsNm" : "프로권투"				,"stdrDt" : "2015-12-17"				}				,{				"indsLclsCd" : "P"				,"indsLclsNm" : "스포츠"				,"indsMclsCd" : "P01"				,"indsMclsNm" : "운영관리시설"				,"indsSclsCd" : "P01A06"				,"indsSclsNm" : "프로레슬링"				,"stdrDt" : "2015-12-17"				}				,{				"indsLclsCd" : "P"				,"indsLclsNm" : "스포츠"				,"indsMclsCd" : "P01"				,"indsMclsNm" : "운영관리시설"				,"indsSclsCd" : "P01A03"				,"indsSclsNm" : "프로스포츠경기운영"				,"stdrDt" : "2015-12-17"				}				,{				"indsLclsCd" : "P"				,"indsLclsNm" : "스포츠"				,"indsMclsCd" : "P01"				,"indsMclsNm" : "운영관리시설"				,"indsSclsCd" : "P01A08"				,"indsSclsNm" : "프로씨름"				,"stdrDt" : "2015-12-17"				}				,{				"indsLclsCd" : "P"				,"indsLclsNm" : "스포츠"				,"indsMclsCd" : "P01"				,"indsMclsNm" : "운영관리시설"				,"indsSclsCd" : "P01A07"				,"indsSclsNm" : "프로야구"				,"stdrDt" : "2015-12-17"				}				,{				"indsLclsCd" : "P"				,"indsLclsNm" : "스포츠"				,"indsMclsCd" : "P01"				,"indsMclsNm" : "운영관리시설"				,"indsSclsCd" : "P01A09"				,"indsSclsNm" : "프로축구"				,"stdrDt" : "2015-12-17"				}			]	}}