{	"header" : {		"description" : "소상공인시장진흥공단 상권정보 업종소분류 코드"		,"columns" : ["상권업종대분류코드","상권업종대분류코드명","상권업종중분류코드","상권업종중분류코드명","상권업종소분류코드","상권업종소분류코드명","데이터기준일자"]		,"resultCode" : "00"		,"resultMsg" : "NORMAL SERVICE"	},	"body" : {			"items" : [				{				"indsLclsCd" : "P"				,"indsLclsNm" : "스포츠"				,"indsMclsCd" : "P02"				,"indsMclsNm" : "실내운동시설"				,"indsSclsCd" : "P02A99"				,"indsSclsNm" : "기타실내운동시설"				,"stdrDt" : "2015-12-17"				}				,{				"indsLclsCd" : "P"				,"indsLclsNm" : "스포츠"				,"indsMclsCd" : "P02"				,"indsMclsNm" : "실내운동시설"				,"indsSclsCd" : "P02A04"				,"indsSclsNm" : "복싱도장"				,"stdrDt" : "2015-12-17"				}				,{				"indsLclsCd" : "P"				,"indsLclsNm" : "스포츠"				,"indsMclsCd" : "P02"				,"indsMclsNm" : "실내운동시설"				,"indsSclsCd" : "P02A22"				,"indsSclsNm" : "석궁장"				,"stdrDt" : "2015-12-17"				}				,{				"indsLclsCd" : "P"				,"indsLclsNm" : "스포츠"				,"indsMclsCd" : "P02"				,"indsMclsNm" : "실내운동시설"				,"indsSclsCd" : "P02A25"				,"indsSclsNm" : "스쿼시장"				,"stdrDt" : "2015-12-17"				}				,{				"indsLclsCd" : "P"				,"indsLclsNm" : "스포츠"				,"indsMclsCd" : "P02"				,"indsMclsNm" : "실내운동시설"				,"indsSclsCd" : "P02A14"				,"indsSclsNm" : "스포츠센터"				,"stdrDt" : "2015-12-17"				}				,{				"indsLclsCd" : "P"				,"indsLclsNm" : "스포츠"				,"indsMclsCd" : "P02"				,"indsMclsNm" : "실내운동시설"				,"indsSclsCd" : "P02A10"				,"indsSclsNm" : "실내골프연습장"				,"stdrDt" : "2015-12-17"				}				,{				"indsLclsCd" : "P"				,"indsLclsNm" : "스포츠"				,"indsMclsCd" : "P02"				,"indsMclsNm" : "실내운동시설"				,"indsSclsCd" : "P02A08"				,"indsSclsNm" : "실내궁도장"				,"stdrDt" : "2015-12-17"				}				,{				"indsLclsCd" : "P"				,"indsLclsNm" : "스포츠"				,"indsMclsCd" : "P02"				,"indsMclsNm" : "실내운동시설"				,"indsSclsCd" : "P02A03"				,"indsSclsNm" : "실내수영장"				,"stdrDt" : "2015-12-17"				}				,{				"indsLclsCd" : "P"				,"indsLclsNm" : "스포츠"				,"indsMclsCd" : "P02"				,"indsMclsNm" : "실내운동시설"				,"indsSclsCd" : "P02A02"				,"indsSclsNm" : "실내테니스장"				,"stdrDt" : "2015-12-17"				}				,{				"indsLclsCd" : "P"				,"indsLclsNm" : "스포츠"				,"indsMclsCd" : "P02"				,"indsMclsNm" : "실내운동시설"				,"indsSclsCd" : "P02A30"				,"indsSclsNm" : "이종격투기"				,"stdrDt" : "2015-12-17"				}				,{				"indsLclsCd" : "P"				,"indsLclsNm" : "스포츠"				,"indsMclsCd" : "P02"				,"indsMclsNm" : "실내운동시설"				,"indsSclsCd" : "P02A01"				,"indsSclsNm" : "체육관"				,"stdrDt" : "2015-12-17"				}				,{				"indsLclsCd" : "P"				,"indsLclsNm" : "스포츠"				,"indsMclsCd" : "P02"				,"indsMclsNm" : "실내운동시설"				,"indsSclsCd" : "P02A29"				,"indsSclsNm" : "쿵후도장"				,"stdrDt" : "2015-12-17"				}				,{				"indsLclsCd" : "P"				,"indsLclsNm" : "스포츠"				,"indsMclsCd" : "P02"				,"indsMclsNm" : "실내운동시설"				,"indsSclsCd" : "P02A18"				,"indsSclsNm" : "킥복싱"				,"stdrDt" : "2015-12-17"				}				,{				"indsLclsCd" : "P"				,"indsLclsNm" : "스포츠"				,"indsMclsCd" : "P02"				,"indsMclsNm" : "실내운동시설"				,"indsSclsCd" : "P02A26"				,"indsSclsNm" : "택견도장"				,"stdrDt" : "2015-12-17"				}				,{				"indsLclsCd" : "P"				,"indsLclsNm" : "스포츠"				,"indsMclsCd" : "P02"				,"indsMclsNm" : "실내운동시설"				,"indsSclsCd" : "P02A13"				,"indsSclsNm" : "헬스클럽"				,"stdrDt" : "2015-12-17"				}			]	}}