{	"header" : {		"description" : "소상공인시장진흥공단 상권정보 업종소분류 코드"		,"columns" : ["상권업종대분류코드","상권업종대분류코드명","상권업종중분류코드","상권업종중분류코드명","상권업종소분류코드","상권업종소분류코드명","데이터기준일자"]		,"resultCode" : "00"		,"resultMsg" : "NORMAL SERVICE"	},	"body" : {			"items" : [				{				"indsLclsCd" : "P"				,"indsLclsNm" : "스포츠"				,"indsMclsCd" : "P03"				,"indsMclsNm" : "실외운동시설"				,"indsSclsCd" : "P03A16"				,"indsSclsNm" : "게이트볼장"				,"stdrDt" : "2015-12-17"				}				,{				"indsLclsCd" : "P"				,"indsLclsNm" : "스포츠"				,"indsMclsCd" : "P03"				,"indsMclsNm" : "실외운동시설"				,"indsSclsCd" : "P03A24"				,"indsSclsNm" : "경비행기"				,"stdrDt" : "2015-12-17"				}				,{				"indsLclsCd" : "P"				,"indsLclsNm" : "스포츠"				,"indsMclsCd" : "P03"				,"indsMclsNm" : "실외운동시설"				,"indsSclsCd" : "P03A09"				,"indsSclsNm" : "골프장"				,"stdrDt" : "2015-12-17"				}				,{				"indsLclsCd" : "P"				,"indsLclsNm" : "스포츠"				,"indsMclsCd" : "P03"				,"indsMclsNm" : "실외운동시설"				,"indsSclsCd" : "P03A99"				,"indsSclsNm" : "기타실외운동시설"				,"stdrDt" : "2015-12-17"				}				,{				"indsLclsCd" : "P"				,"indsLclsNm" : "스포츠"				,"indsMclsCd" : "P03"				,"indsMclsNm" : "실외운동시설"				,"indsSclsCd" : "P03A17"				,"indsSclsNm" : "눈썰매장"				,"stdrDt" : "2015-12-17"				}				,{				"indsLclsCd" : "P"				,"indsLclsNm" : "스포츠"				,"indsMclsCd" : "P03"				,"indsMclsNm" : "실외운동시설"				,"indsSclsCd" : "P03A19"				,"indsSclsNm" : "래프팅"				,"stdrDt" : "2015-12-17"				}				,{				"indsLclsCd" : "P"				,"indsLclsNm" : "스포츠"				,"indsMclsCd" : "P03"				,"indsMclsNm" : "실외운동시설"				,"indsSclsCd" : "P03A22"				,"indsSclsNm" : "번지점프"				,"stdrDt" : "2015-12-17"				}				,{				"indsLclsCd" : "P"				,"indsLclsNm" : "스포츠"				,"indsMclsCd" : "P03"				,"indsMclsNm" : "실외운동시설"				,"indsSclsCd" : "P03A08"				,"indsSclsNm" : "사격장"				,"stdrDt" : "2015-12-17"				}				,{				"indsLclsCd" : "P"				,"indsLclsNm" : "스포츠"				,"indsMclsCd" : "P03"				,"indsMclsNm" : "실외운동시설"				,"indsSclsCd" : "P03A23"				,"indsSclsNm" : "수상스키"				,"stdrDt" : "2015-12-17"				}				,{				"indsLclsCd" : "P"				,"indsLclsNm" : "스포츠"				,"indsMclsCd" : "P03"				,"indsMclsNm" : "실외운동시설"				,"indsSclsCd" : "P03A11"				,"indsSclsNm" : "수영장"				,"stdrDt" : "2015-12-17"				}				,{				"indsLclsCd" : "P"				,"indsLclsNm" : "스포츠"				,"indsMclsCd" : "P03"				,"indsMclsNm" : "실외운동시설"				,"indsSclsCd" : "P03A04"				,"indsSclsNm" : "스키장"				,"stdrDt" : "2015-12-17"				}				,{				"indsLclsCd" : "P"				,"indsLclsNm" : "스포츠"				,"indsMclsCd" : "P03"				,"indsMclsNm" : "실외운동시설"				,"indsSclsCd" : "P03A26"				,"indsSclsNm" : "스킨스쿠버강습"				,"stdrDt" : "2015-12-17"				}				,{				"indsLclsCd" : "P"				,"indsLclsNm" : "스포츠"				,"indsMclsCd" : "P03"				,"indsMclsNm" : "실외운동시설"				,"indsSclsCd" : "P03A15"				,"indsSclsNm" : "승마장"				,"stdrDt" : "2015-12-17"				}				,{				"indsLclsCd" : "P"				,"indsLclsNm" : "스포츠"				,"indsMclsCd" : "P03"				,"indsMclsNm" : "실외운동시설"				,"indsSclsCd" : "P03A05"				,"indsSclsNm" : "실외골프연습장"				,"stdrDt" : "2015-12-17"				}				,{				"indsLclsCd" : "P"				,"indsLclsNm" : "스포츠"				,"indsMclsCd" : "P03"				,"indsMclsNm" : "실외운동시설"				,"indsSclsCd" : "P03A14"				,"indsSclsNm" : "실외궁도장"				,"stdrDt" : "2015-12-17"				}				,{				"indsLclsCd" : "P"				,"indsLclsNm" : "스포츠"				,"indsMclsCd" : "P03"				,"indsMclsNm" : "실외운동시설"				,"indsSclsCd" : "P03A01"				,"indsSclsNm" : "야구장"				,"stdrDt" : "2015-12-17"				}				,{				"indsLclsCd" : "P"				,"indsLclsNm" : "스포츠"				,"indsMclsCd" : "P03"				,"indsMclsNm" : "실외운동시설"				,"indsSclsCd" : "P03A25"				,"indsSclsNm" : "인공암벽"				,"stdrDt" : "2015-12-17"				}				,{				"indsLclsCd" : "P"				,"indsLclsNm" : "스포츠"				,"indsMclsCd" : "P03"				,"indsMclsNm" : "실외운동시설"				,"indsSclsCd" : "P03A03"				,"indsSclsNm" : "축구장"				,"stdrDt" : "2015-12-17"				}				,{				"indsLclsCd" : "P"				,"indsLclsNm" : "스포츠"				,"indsMclsCd" : "P03"				,"indsMclsNm" : "실외운동시설"				,"indsSclsCd" : "P03A10"				,"indsSclsNm" : "테니스장"				,"stdrDt" : "2015-12-17"				}				,{				"indsLclsCd" : "P"				,"indsLclsNm" : "스포츠"				,"indsMclsCd" : "P03"				,"indsMclsNm" : "실외운동시설"				,"indsSclsCd" : "P03A20"				,"indsSclsNm" : "패러글라이딩"				,"stdrDt" : "2015-12-17"				}				,{				"indsLclsCd" : "P"				,"indsLclsNm" : "스포츠"				,"indsMclsCd" : "P03"				,"indsMclsNm" : "실외운동시설"				,"indsSclsCd" : "P03A31"				,"indsSclsNm" : "풋살경기장"				,"stdrDt" : "2015-12-17"				}				,{				"indsLclsCd" : "P"				,"indsLclsNm" : "스포츠"				,"indsMclsCd" : "P03"				,"indsMclsNm" : "실외운동시설"				,"indsSclsCd" : "P03A21"				,"indsSclsNm" : "행글라이더"				,"stdrDt" : "2015-12-17"				}			]	}}