{	"header" : {		"description" : "소상공인시장진흥공단 상권정보 업종중분류 코드"		,"columns" : ["상권업종대분류코드","상권업종대분류코드명","상권업종중분류코드","상권업종중분류코드명","데이터기준일자"]		,"resultCode" : "00"		,"resultMsg" : "NORMAL SERVICE"	},	"body" : {			"items" : [				{				"indsLclsCd" : "P1"				,"indsLclsNm" : "교육"				,"indsMclsCd" : "P103"				,"indsMclsNm" : "고등 교육"				,"stdrDt" : "2023-02-28"				}				,{				"indsLclsCd" : "P1"				,"indsLclsNm" : "교육"				,"indsMclsCd" : "P107"				,"indsMclsNm" : "교육 지원"				,"stdrDt" : "2023-02-28"				}				,{				"indsLclsCd" : "P1"				,"indsLclsNm" : "교육"				,"indsMclsCd" : "P106"				,"indsMclsNm" : "기타 교육"				,"stdrDt" : "2023-02-28"				}				,{				"indsLclsCd" : "P1"				,"indsLclsNm" : "교육"				,"indsMclsCd" : "P105"				,"indsMclsNm" : "일반 교육"				,"stdrDt" : "2023-02-28"				}				,{				"indsLclsCd" : "P1"				,"indsLclsNm" : "교육"				,"indsMclsCd" : "P102"				,"indsMclsNm" : "중등 교육"				,"stdrDt" : "2023-02-28"				}				,{				"indsLclsCd" : "P1"				,"indsLclsNm" : "교육"				,"indsMclsCd" : "P101"				,"indsMclsNm" : "초등 교육"				,"stdrDt" : "2023-02-28"				}				,{				"indsLclsCd" : "P1"				,"indsLclsNm" : "교육"				,"indsMclsCd" : "P104"				,"indsMclsNm" : "특수, 외국인, 대안 학교"				,"stdrDt" : "2023-02-28"				}			]	}}