{	"header" : {		"description" : "소상공인시장진흥공단 상권정보 업종소분류 코드"		,"columns" : ["상권업종대분류코드","상권업종대분류코드명","상권업종중분류코드","상권업종중분류코드명","상권업종소분류코드","상권업종소분류코드명","데이터기준일자"]		,"resultCode" : "00"		,"resultMsg" : "NORMAL SERVICE"	},	"body" : {			"items" : [				{				"indsLclsCd" : "P1"				,"indsLclsNm" : "교육"				,"indsMclsCd" : "P102"				,"indsMclsNm" : "중등 교육"				,"indsSclsCd" : "P10204"				,"indsSclsNm" : "공업 특성화 고등학교"				,"stdrDt" : "2023-02-28"				}				,{				"indsLclsCd" : "P1"				,"indsLclsNm" : "교육"				,"indsMclsCd" : "P102"				,"indsMclsNm" : "중등 교육"				,"indsSclsCd" : "P10299"				,"indsSclsNm" : "기타 특성화 고등학교"				,"stdrDt" : "2023-02-28"				}				,{				"indsLclsCd" : "P1"				,"indsLclsNm" : "교육"				,"indsMclsCd" : "P102"				,"indsMclsNm" : "중등 교육"				,"indsSclsCd" : "P10203"				,"indsSclsNm" : "상업/정보통신 특성화 고등학교"				,"stdrDt" : "2023-02-28"				}				,{				"indsLclsCd" : "P1"				,"indsLclsNm" : "교육"				,"indsMclsCd" : "P102"				,"indsMclsNm" : "중등 교육"				,"indsSclsCd" : "P10202"				,"indsSclsNm" : "일반 고등학교"				,"stdrDt" : "2023-02-28"				}				,{				"indsLclsCd" : "P1"				,"indsLclsNm" : "교육"				,"indsMclsCd" : "P102"				,"indsMclsNm" : "중등 교육"				,"indsSclsCd" : "P10201"				,"indsSclsNm" : "중학교"				,"stdrDt" : "2023-02-28"				}			]	}}