{	"header" : {		"description" : "소상공인시장진흥공단 상권정보 업종소분류 코드"		,"columns" : ["상권업종대분류코드","상권업종대분류코드명","상권업종중분류코드","상권업종중분류코드명","상권업종소분류코드","상권업종소분류코드명","데이터기준일자"]		,"resultCode" : "00"		,"resultMsg" : "NORMAL SERVICE"	},	"body" : {			"items" : [				{				"indsLclsCd" : "P1"				,"indsLclsNm" : "교육"				,"indsMclsCd" : "P103"				,"indsMclsNm" : "고등 교육"				,"indsSclsCd" : "P10302"				,"indsSclsNm" : "대학교"				,"stdrDt" : "2023-02-28"				}				,{				"indsLclsCd" : "P1"				,"indsLclsNm" : "교육"				,"indsMclsCd" : "P103"				,"indsMclsNm" : "고등 교육"				,"indsSclsCd" : "P10303"				,"indsSclsNm" : "대학원"				,"stdrDt" : "2023-02-28"				}				,{				"indsLclsCd" : "P1"				,"indsLclsNm" : "교육"				,"indsMclsCd" : "P103"				,"indsMclsNm" : "고등 교육"				,"indsSclsCd" : "P10301"				,"indsSclsNm" : "전문대학"				,"stdrDt" : "2023-02-28"				}			]	}}