{	"header" : {		"description" : "소상공인시장진흥공단 상권정보 업종소분류 코드"		,"columns" : ["상권업종대분류코드","상권업종대분류코드명","상권업종중분류코드","상권업종중분류코드명","상권업종소분류코드","상권업종소분류코드명","데이터기준일자"]		,"resultCode" : "00"		,"resultMsg" : "NORMAL SERVICE"	},	"body" : {			"items" : [				{				"indsLclsCd" : "P1"				,"indsLclsNm" : "교육"				,"indsMclsCd" : "P104"				,"indsMclsNm" : "특수, 외국인, 대안 학교"				,"indsSclsCd" : "P10403"				,"indsSclsNm" : "대안학교"				,"stdrDt" : "2023-02-28"				}				,{				"indsLclsCd" : "P1"				,"indsLclsNm" : "교육"				,"indsMclsCd" : "P104"				,"indsMclsNm" : "특수, 외국인, 대안 학교"				,"indsSclsCd" : "P10402"				,"indsSclsNm" : "외국인학교"				,"stdrDt" : "2023-02-28"				}				,{				"indsLclsCd" : "P1"				,"indsLclsNm" : "교육"				,"indsMclsCd" : "P104"				,"indsMclsNm" : "특수, 외국인, 대안 학교"				,"indsSclsCd" : "P10401"				,"indsSclsNm" : "특수학교"				,"stdrDt" : "2023-02-28"				}			]	}}