{	"header" : {		"description" : "소상공인시장진흥공단 상권정보 업종소분류 코드"		,"columns" : ["상권업종대분류코드","상권업종대분류코드명","상권업종중분류코드","상권업종중분류코드명","상권업종소분류코드","상권업종소분류코드명","데이터기준일자"]		,"resultCode" : "00"		,"resultMsg" : "NORMAL SERVICE"	},	"body" : {			"items" : [				{				"indsLclsCd" : "P1"				,"indsLclsNm" : "교육"				,"indsMclsCd" : "P105"				,"indsMclsNm" : "일반 교육"				,"indsSclsCd" : "P10503"				,"indsSclsNm" : "방문 교육학원"				,"stdrDt" : "2023-02-28"				}				,{				"indsLclsCd" : "P1"				,"indsLclsNm" : "교육"				,"indsMclsCd" : "P105"				,"indsMclsNm" : "일반 교육"				,"indsSclsCd" : "P10504"				,"indsSclsNm" : "온라인 교육학원"				,"stdrDt" : "2023-02-28"				}				,{				"indsLclsCd" : "P1"				,"indsLclsNm" : "교육"				,"indsMclsCd" : "P105"				,"indsMclsNm" : "일반 교육"				,"indsSclsCd" : "P10505"				,"indsSclsNm" : "온라인 교육학원(인적용역)"				,"stdrDt" : "2023-02-28"				}				,{				"indsLclsCd" : "P1"				,"indsLclsNm" : "교육"				,"indsMclsCd" : "P105"				,"indsMclsNm" : "일반 교육"				,"indsSclsCd" : "P10501"				,"indsSclsNm" : "입시·교과학원"				,"stdrDt" : "2023-02-28"				}				,{				"indsLclsCd" : "P1"				,"indsLclsNm" : "교육"				,"indsMclsCd" : "P105"				,"indsMclsNm" : "일반 교육"				,"indsSclsCd" : "P10502"				,"indsSclsNm" : "입시·교과학원(인적용역)"				,"stdrDt" : "2023-02-28"				}			]	}}