{	"header" : {		"description" : "소상공인시장진흥공단 상권정보 업종소분류 코드"		,"columns" : ["상권업종대분류코드","상권업종대분류코드명","상권업종중분류코드","상권업종중분류코드명","상권업종소분류코드","상권업종소분류코드명","데이터기준일자"]		,"resultCode" : "00"		,"resultMsg" : "NORMAL SERVICE"	},	"body" : {			"items" : [				{				"indsLclsCd" : "P1"				,"indsLclsNm" : "교육"				,"indsMclsCd" : "P106"				,"indsMclsNm" : "기타 교육"				,"indsSclsCd" : "P10629"				,"indsSclsNm" : "그 외 기타 교육기관"				,"stdrDt" : "2023-02-28"				}				,{				"indsLclsCd" : "P1"				,"indsLclsNm" : "교육"				,"indsMclsCd" : "P106"				,"indsMclsNm" : "기타 교육"				,"indsSclsCd" : "P10699"				,"indsSclsNm" : "그 외 기타 교육기관(인적용역)"				,"stdrDt" : "2023-02-28"				}				,{				"indsLclsCd" : "P1"				,"indsLclsNm" : "교육"				,"indsMclsCd" : "P106"				,"indsMclsNm" : "기타 교육"				,"indsSclsCd" : "P10625"				,"indsSclsNm" : "기타 기술/직업 훈련학원"				,"stdrDt" : "2023-02-28"				}				,{				"indsLclsCd" : "P1"				,"indsLclsNm" : "교육"				,"indsMclsCd" : "P106"				,"indsMclsNm" : "기타 교육"				,"indsSclsCd" : "P10626"				,"indsSclsNm" : "기타 기술/직업 훈련학원(인적용역)"				,"stdrDt" : "2023-02-28"				}				,{				"indsLclsCd" : "P1"				,"indsLclsNm" : "교육"				,"indsMclsCd" : "P106"				,"indsMclsNm" : "기타 교육"				,"indsSclsCd" : "P10613"				,"indsSclsNm" : "기타 예술/스포츠 교육기관"				,"stdrDt" : "2023-02-28"				}				,{				"indsLclsCd" : "P1"				,"indsLclsNm" : "교육"				,"indsMclsCd" : "P106"				,"indsMclsNm" : "기타 교육"				,"indsSclsCd" : "P10614"				,"indsSclsNm" : "기타 예술/스포츠 교육기관(인적용역)"				,"stdrDt" : "2023-02-28"				}				,{				"indsLclsCd" : "P1"				,"indsLclsNm" : "교육"				,"indsMclsCd" : "P106"				,"indsMclsNm" : "기타 교육"				,"indsSclsCd" : "P10605"				,"indsSclsNm" : "레크리에이션 교육기관"				,"stdrDt" : "2023-02-28"				}				,{				"indsLclsCd" : "P1"				,"indsLclsNm" : "교육"				,"indsMclsCd" : "P106"				,"indsMclsNm" : "기타 교육"				,"indsSclsCd" : "P10606"				,"indsSclsNm" : "레크리에이션 교육기관(인적용역)"				,"stdrDt" : "2023-02-28"				}				,{				"indsLclsCd" : "P1"				,"indsLclsNm" : "교육"				,"indsMclsCd" : "P106"				,"indsMclsNm" : "기타 교육"				,"indsSclsCd" : "P10611"				,"indsSclsNm" : "미술학원"				,"stdrDt" : "2023-02-28"				}				,{				"indsLclsCd" : "P1"				,"indsLclsNm" : "교육"				,"indsMclsCd" : "P106"				,"indsMclsNm" : "기타 교육"				,"indsSclsCd" : "P10612"				,"indsSclsNm" : "미술학원(인적용역)"				,"stdrDt" : "2023-02-28"				}				,{				"indsLclsCd" : "P1"				,"indsLclsNm" : "교육"				,"indsMclsCd" : "P106"				,"indsMclsNm" : "기타 교육"				,"indsSclsCd" : "P10619"				,"indsSclsNm" : "사회교육시설"				,"stdrDt" : "2023-02-28"				}				,{				"indsLclsCd" : "P1"				,"indsLclsNm" : "교육"				,"indsMclsCd" : "P106"				,"indsMclsNm" : "기타 교육"				,"indsSclsCd" : "P10620"				,"indsSclsNm" : "사회교육시설(인적용역)"				,"stdrDt" : "2023-02-28"				}				,{				"indsLclsCd" : "P1"				,"indsLclsNm" : "교육"				,"indsMclsCd" : "P106"				,"indsMclsNm" : "기타 교육"				,"indsSclsCd" : "P10615"				,"indsSclsNm" : "외국어학원"				,"stdrDt" : "2023-02-28"				}				,{				"indsLclsCd" : "P1"				,"indsLclsNm" : "교육"				,"indsMclsCd" : "P106"				,"indsMclsNm" : "기타 교육"				,"indsSclsCd" : "P10616"				,"indsSclsNm" : "외국어학원(인적용역)"				,"stdrDt" : "2023-02-28"				}				,{				"indsLclsCd" : "P1"				,"indsLclsNm" : "교육"				,"indsMclsCd" : "P106"				,"indsMclsNm" : "기타 교육"				,"indsSclsCd" : "P10603"				,"indsSclsNm" : "요가/필라테스 학원"				,"stdrDt" : "2023-02-28"				}				,{				"indsLclsCd" : "P1"				,"indsLclsNm" : "교육"				,"indsMclsCd" : "P106"				,"indsMclsNm" : "기타 교육"				,"indsSclsCd" : "P10604"				,"indsSclsNm" : "요가/필라테스 학원(인적용역)"				,"stdrDt" : "2023-02-28"				}				,{				"indsLclsCd" : "P1"				,"indsLclsNm" : "교육"				,"indsMclsCd" : "P106"				,"indsMclsNm" : "기타 교육"				,"indsSclsCd" : "P10623"				,"indsSclsNm" : "운전학원"				,"stdrDt" : "2023-02-28"				}				,{				"indsLclsCd" : "P1"				,"indsLclsNm" : "교육"				,"indsMclsCd" : "P106"				,"indsMclsNm" : "기타 교육"				,"indsSclsCd" : "P10624"				,"indsSclsNm" : "운전학원(인적용역)"				,"stdrDt" : "2023-02-28"				}				,{				"indsLclsCd" : "P1"				,"indsLclsNm" : "교육"				,"indsMclsCd" : "P106"				,"indsMclsNm" : "기타 교육"				,"indsSclsCd" : "P10609"				,"indsSclsNm" : "음악학원"				,"stdrDt" : "2023-02-28"				}				,{				"indsLclsCd" : "P1"				,"indsLclsNm" : "교육"				,"indsMclsCd" : "P106"				,"indsMclsNm" : "기타 교육"				,"indsSclsCd" : "P10610"				,"indsSclsNm" : "음악학원(인적용역)"				,"stdrDt" : "2023-02-28"				}				,{				"indsLclsCd" : "P1"				,"indsLclsNm" : "교육"				,"indsMclsCd" : "P106"				,"indsMclsNm" : "기타 교육"				,"indsSclsCd" : "P10617"				,"indsSclsNm" : "전문자격/고시학원"				,"stdrDt" : "2023-02-28"				}				,{				"indsLclsCd" : "P1"				,"indsLclsNm" : "교육"				,"indsMclsCd" : "P106"				,"indsMclsNm" : "기타 교육"				,"indsSclsCd" : "P10618"				,"indsSclsNm" : "전문자격/고시학원(인적용역)"				,"stdrDt" : "2023-02-28"				}				,{				"indsLclsCd" : "P1"				,"indsLclsNm" : "교육"				,"indsMclsCd" : "P106"				,"indsMclsNm" : "기타 교육"				,"indsSclsCd" : "P10621"				,"indsSclsNm" : "직원 훈련기관"				,"stdrDt" : "2023-02-28"				}				,{				"indsLclsCd" : "P1"				,"indsLclsNm" : "교육"				,"indsMclsCd" : "P106"				,"indsMclsNm" : "기타 교육"				,"indsSclsCd" : "P10622"				,"indsSclsNm" : "직원 훈련기관(인적용역)"				,"stdrDt" : "2023-02-28"				}				,{				"indsLclsCd" : "P1"				,"indsLclsNm" : "교육"				,"indsMclsCd" : "P106"				,"indsMclsNm" : "기타 교육"				,"indsSclsCd" : "P10607"				,"indsSclsNm" : "청소년 수련시설"				,"stdrDt" : "2023-02-28"				}				,{				"indsLclsCd" : "P1"				,"indsLclsNm" : "교육"				,"indsMclsCd" : "P106"				,"indsMclsNm" : "기타 교육"				,"indsSclsCd" : "P10608"				,"indsSclsNm" : "청소년 수련시설(인적용역)"				,"stdrDt" : "2023-02-28"				}				,{				"indsLclsCd" : "P1"				,"indsLclsNm" : "교육"				,"indsMclsCd" : "P106"				,"indsMclsNm" : "기타 교육"				,"indsSclsCd" : "P10627"				,"indsSclsNm" : "컴퓨터 학원"				,"stdrDt" : "2023-02-28"				}				,{				"indsLclsCd" : "P1"				,"indsLclsNm" : "교육"				,"indsMclsCd" : "P106"				,"indsMclsNm" : "기타 교육"				,"indsSclsCd" : "P10628"				,"indsSclsNm" : "컴퓨터 학원(인적용역)"				,"stdrDt" : "2023-02-28"				}				,{				"indsLclsCd" : "P1"				,"indsLclsNm" : "교육"				,"indsMclsCd" : "P106"				,"indsMclsNm" : "기타 교육"				,"indsSclsCd" : "P10601"				,"indsSclsNm" : "태권도/무술학원"				,"stdrDt" : "2023-02-28"				}				,{				"indsLclsCd" : "P1"				,"indsLclsNm" : "교육"				,"indsMclsCd" : "P106"				,"indsMclsNm" : "기타 교육"				,"indsSclsCd" : "P10602"				,"indsSclsNm" : "태권도/무술학원(인적용역)"				,"stdrDt" : "2023-02-28"				}			]	}}