{	"header" : {		"description" : "소상공인시장진흥공단 상권정보 업종소분류 코드"		,"columns" : ["상권업종대분류코드","상권업종대분류코드명","상권업종중분류코드","상권업종중분류코드명","상권업종소분류코드","상권업종소분류코드명","데이터기준일자"]		,"resultCode" : "00"		,"resultMsg" : "NORMAL SERVICE"	},	"body" : {			"items" : [				{				"indsLclsCd" : "P1"				,"indsLclsNm" : "교육"				,"indsMclsCd" : "P107"				,"indsMclsNm" : "교육 지원"				,"indsSclsCd" : "P10701"				,"indsSclsNm" : "교육컨설팅업"				,"stdrDt" : "2023-02-28"				}				,{				"indsLclsCd" : "P1"				,"indsLclsNm" : "교육"				,"indsMclsCd" : "P107"				,"indsMclsNm" : "교육 지원"				,"indsSclsCd" : "P10799"				,"indsSclsNm" : "기타 교육지원 서비스업"				,"stdrDt" : "2023-02-28"				}			]	}}