{	"header" : {		"description" : "소상공인시장진흥공단 상권정보 업종중분류 코드"		,"columns" : ["상권업종대분류코드","상권업종대분류코드명","상권업종중분류코드","상권업종중분류코드명","데이터기준일자"]		,"resultCode" : "00"		,"resultMsg" : "NORMAL SERVICE"	},	"body" : {			"items" : [				{				"indsLclsCd" : "Q"				,"indsLclsNm" : "음식"				,"indsMclsCd" : "Q14"				,"indsMclsNm" : "기타음식업"				,"stdrDt" : "2015-12-17"				}				,{				"indsLclsCd" : "Q"				,"indsLclsNm" : "음식"				,"indsMclsCd" : "Q05"				,"indsMclsNm" : "닭/오리요리"				,"stdrDt" : "2015-12-17"				}				,{				"indsLclsCd" : "Q"				,"indsLclsNm" : "음식"				,"indsMclsCd" : "Q10"				,"indsMclsNm" : "별식/퓨전요리"				,"stdrDt" : "2015-12-17"				}				,{				"indsLclsCd" : "Q"				,"indsLclsNm" : "음식"				,"indsMclsCd" : "Q15"				,"indsMclsNm" : "부페"				,"stdrDt" : "2015-12-17"				}				,{				"indsLclsCd" : "Q"				,"indsLclsNm" : "음식"				,"indsMclsCd" : "Q04"				,"indsMclsNm" : "분식"				,"stdrDt" : "2015-12-17"				}				,{				"indsLclsCd" : "Q"				,"indsLclsNm" : "음식"				,"indsMclsCd" : "Q06"				,"indsMclsNm" : "양식"				,"stdrDt" : "2015-12-17"				}				,{				"indsLclsCd" : "Q"				,"indsLclsNm" : "음식"				,"indsMclsCd" : "Q09"				,"indsMclsNm" : "유흥주점"				,"stdrDt" : "2015-12-17"				}				,{				"indsLclsCd" : "Q"				,"indsLclsNm" : "음식"				,"indsMclsCd" : "Q13"				,"indsMclsNm" : "음식배달서비스"				,"stdrDt" : "2015-12-17"				}				,{				"indsLclsCd" : "Q"				,"indsLclsNm" : "음식"				,"indsMclsCd" : "Q03"				,"indsMclsNm" : "일식/수산물"				,"stdrDt" : "2015-12-17"				}				,{				"indsLclsCd" : "Q"				,"indsLclsNm" : "음식"				,"indsMclsCd" : "Q08"				,"indsMclsNm" : "제과제빵떡케익"				,"stdrDt" : "2015-12-17"				}				,{				"indsLclsCd" : "Q"				,"indsLclsNm" : "음식"				,"indsMclsCd" : "Q02"				,"indsMclsNm" : "중식"				,"stdrDt" : "2015-12-17"				}				,{				"indsLclsCd" : "Q"				,"indsLclsNm" : "음식"				,"indsMclsCd" : "Q12"				,"indsMclsNm" : "커피점/카페"				,"stdrDt" : "2015-12-17"				}				,{				"indsLclsCd" : "Q"				,"indsLclsNm" : "음식"				,"indsMclsCd" : "Q07"				,"indsMclsNm" : "패스트푸드"				,"stdrDt" : "2015-12-17"				}				,{				"indsLclsCd" : "Q"				,"indsLclsNm" : "음식"				,"indsMclsCd" : "Q01"				,"indsMclsNm" : "한식"				,"stdrDt" : "2015-12-17"				}			]	}}