{	"header" : {		"description" : "소상공인시장진흥공단 상권정보 업종소분류 코드"		,"columns" : ["상권업종대분류코드","상권업종대분류코드명","상권업종중분류코드","상권업종중분류코드명","상권업종소분류코드","상권업종소분류코드명","데이터기준일자"]		,"resultCode" : "00"		,"resultMsg" : "NORMAL SERVICE"	},	"body" : {			"items" : [				{				"indsLclsCd" : "Q"				,"indsLclsNm" : "음식"				,"indsMclsCd" : "Q01"				,"indsMclsNm" : "한식"				,"indsSclsCd" : "Q01A02"				,"indsSclsNm" : "갈비/삼겹살"				,"stdrDt" : "2015-12-17"				}				,{				"indsLclsCd" : "Q"				,"indsLclsNm" : "음식"				,"indsMclsCd" : "Q01"				,"indsMclsNm" : "한식"				,"indsSclsCd" : "Q01A03"				,"indsSclsNm" : "곱창/양구이전문"				,"stdrDt" : "2015-12-17"				}				,{				"indsLclsCd" : "Q"				,"indsLclsNm" : "음식"				,"indsMclsCd" : "Q01"				,"indsMclsNm" : "한식"				,"indsSclsCd" : "Q01A21"				,"indsSclsNm" : "기사식당"				,"stdrDt" : "2015-12-17"				}				,{				"indsLclsCd" : "Q"				,"indsLclsNm" : "음식"				,"indsMclsCd" : "Q01"				,"indsMclsNm" : "한식"				,"indsSclsCd" : "Q01A99"				,"indsSclsNm" : "기타고기요리"				,"stdrDt" : "2015-12-17"				}				,{				"indsLclsCd" : "Q"				,"indsLclsNm" : "음식"				,"indsMclsCd" : "Q01"				,"indsMclsNm" : "한식"				,"indsSclsCd" : "Q01A19"				,"indsSclsNm" : "냉면집"				,"stdrDt" : "2015-12-17"				}				,{				"indsLclsCd" : "Q"				,"indsLclsNm" : "음식"				,"indsMclsCd" : "Q01"				,"indsMclsNm" : "한식"				,"indsSclsCd" : "Q01A06"				,"indsSclsNm" : "돌솥/비빕밥전문점"				,"stdrDt" : "2015-12-17"				}				,{				"indsLclsCd" : "Q"				,"indsLclsNm" : "음식"				,"indsMclsCd" : "Q01"				,"indsMclsNm" : "한식"				,"indsSclsCd" : "Q01A11"				,"indsSclsNm" : "두부요리전문"				,"stdrDt" : "2015-12-17"				}				,{				"indsLclsCd" : "Q"				,"indsLclsNm" : "음식"				,"indsMclsCd" : "Q01"				,"indsMclsNm" : "한식"				,"indsSclsCd" : "Q01A17"				,"indsSclsNm" : "버섯전문점"				,"stdrDt" : "2015-12-17"				}				,{				"indsLclsCd" : "Q"				,"indsLclsNm" : "음식"				,"indsMclsCd" : "Q01"				,"indsMclsNm" : "한식"				,"indsSclsCd" : "Q01A16"				,"indsSclsNm" : "보리밥전문"				,"stdrDt" : "2015-12-17"				}				,{				"indsLclsCd" : "Q"				,"indsLclsNm" : "음식"				,"indsMclsCd" : "Q01"				,"indsMclsNm" : "한식"				,"indsSclsCd" : "Q01A07"				,"indsSclsNm" : "부대찌개/섞어찌개"				,"stdrDt" : "2015-12-17"				}				,{				"indsLclsCd" : "Q"				,"indsLclsNm" : "음식"				,"indsMclsCd" : "Q01"				,"indsMclsNm" : "한식"				,"indsSclsCd" : "Q01A09"				,"indsSclsNm" : "설렁탕집"				,"stdrDt" : "2015-12-17"				}				,{				"indsLclsCd" : "Q"				,"indsLclsNm" : "음식"				,"indsMclsCd" : "Q01"				,"indsMclsNm" : "한식"				,"indsSclsCd" : "Q01A15"				,"indsSclsNm" : "순두부전문"				,"stdrDt" : "2015-12-17"				}				,{				"indsLclsCd" : "Q"				,"indsLclsNm" : "음식"				,"indsMclsCd" : "Q01"				,"indsMclsNm" : "한식"				,"indsSclsCd" : "Q01A10"				,"indsSclsNm" : "쌈밥전문"				,"stdrDt" : "2015-12-17"				}				,{				"indsLclsCd" : "Q"				,"indsLclsNm" : "음식"				,"indsMclsCd" : "Q01"				,"indsMclsNm" : "한식"				,"indsSclsCd" : "Q01A12"				,"indsSclsNm" : "재첩국전문"				,"stdrDt" : "2015-12-17"				}				,{				"indsLclsCd" : "Q"				,"indsLclsNm" : "음식"				,"indsMclsCd" : "Q01"				,"indsMclsNm" : "한식"				,"indsSclsCd" : "Q01A08"				,"indsSclsNm" : "족발/보쌈전문"				,"stdrDt" : "2015-12-17"				}				,{				"indsLclsCd" : "Q"				,"indsLclsNm" : "음식"				,"indsMclsCd" : "Q01"				,"indsMclsNm" : "한식"				,"indsSclsCd" : "Q01A14"				,"indsSclsNm" : "추어탕전문"				,"stdrDt" : "2015-12-17"				}				,{				"indsLclsCd" : "Q"				,"indsLclsNm" : "음식"				,"indsMclsCd" : "Q01"				,"indsMclsNm" : "한식"				,"indsSclsCd" : "Q01A13"				,"indsSclsNm" : "파전전문"				,"stdrDt" : "2015-12-17"				}				,{				"indsLclsCd" : "Q"				,"indsLclsNm" : "음식"				,"indsMclsCd" : "Q01"				,"indsMclsNm" : "한식"				,"indsSclsCd" : "Q01A01"				,"indsSclsNm" : "한식/백반/한정식"				,"stdrDt" : "2015-12-17"				}				,{				"indsLclsCd" : "Q"				,"indsLclsNm" : "음식"				,"indsMclsCd" : "Q01"				,"indsMclsNm" : "한식"				,"indsSclsCd" : "Q01A04"				,"indsSclsNm" : "한정식전문"				,"stdrDt" : "2015-12-17"				}				,{				"indsLclsCd" : "Q"				,"indsLclsNm" : "음식"				,"indsMclsCd" : "Q01"				,"indsMclsNm" : "한식"				,"indsSclsCd" : "Q01A05"				,"indsSclsNm" : "해장국/감자탕"				,"stdrDt" : "2015-12-17"				}				,{				"indsLclsCd" : "Q"				,"indsLclsNm" : "음식"				,"indsMclsCd" : "Q01"				,"indsMclsNm" : "한식"				,"indsSclsCd" : "Q01A18"				,"indsSclsNm" : "황태전문"				,"stdrDt" : "2015-12-17"				}			]	}}