{	"header" : {		"description" : "소상공인시장진흥공단 상권정보 업종소분류 코드"		,"columns" : ["상권업종대분류코드","상권업종대분류코드명","상권업종중분류코드","상권업종중분류코드명","상권업종소분류코드","상권업종소분류코드명","데이터기준일자"]		,"resultCode" : "00"		,"resultMsg" : "NORMAL SERVICE"	},	"body" : {			"items" : [				{				"indsLclsCd" : "Q"				,"indsLclsNm" : "음식"				,"indsMclsCd" : "Q02"				,"indsMclsNm" : "중식"				,"indsSclsCd" : "Q02A00"				,"indsSclsNm" : "중국음식/중국집"				,"stdrDt" : "2015-12-17"				}				,{				"indsLclsCd" : "Q"				,"indsLclsNm" : "음식"				,"indsMclsCd" : "Q02"				,"indsMclsNm" : "중식"				,"indsSclsCd" : "Q02A01"				,"indsSclsNm" : "탕수육전문점"				,"stdrDt" : "2015-12-17"				}			]	}}