{	"header" : {		"description" : "소상공인시장진흥공단 상권정보 업종소분류 코드"		,"columns" : ["상권업종대분류코드","상권업종대분류코드명","상권업종중분류코드","상권업종중분류코드명","상권업종소분류코드","상권업종소분류코드명","데이터기준일자"]		,"resultCode" : "00"		,"resultMsg" : "NORMAL SERVICE"	},	"body" : {			"items" : [				{				"indsLclsCd" : "Q"				,"indsLclsNm" : "음식"				,"indsMclsCd" : "Q03"				,"indsMclsNm" : "일식/수산물"				,"indsSclsCd" : "Q03A11"				,"indsSclsNm" : "갈치/생선구이"				,"stdrDt" : "2015-12-17"				}				,{				"indsLclsCd" : "Q"				,"indsLclsNm" : "음식"				,"indsMclsCd" : "Q03"				,"indsMclsNm" : "일식/수산물"				,"indsSclsCd" : "Q03A18"				,"indsSclsNm" : "게장전문"				,"stdrDt" : "2015-12-17"				}				,{				"indsLclsCd" : "Q"				,"indsLclsNm" : "음식"				,"indsMclsCd" : "Q03"				,"indsMclsNm" : "일식/수산물"				,"indsSclsCd" : "Q03A15"				,"indsSclsNm" : "고등어전문"				,"stdrDt" : "2015-12-17"				}				,{				"indsLclsCd" : "Q"				,"indsLclsNm" : "음식"				,"indsMclsCd" : "Q03"				,"indsMclsNm" : "일식/수산물"				,"indsSclsCd" : "Q03A14"				,"indsSclsNm" : "곰장어전문"				,"stdrDt" : "2015-12-17"				}				,{				"indsLclsCd" : "Q"				,"indsLclsNm" : "음식"				,"indsMclsCd" : "Q03"				,"indsMclsNm" : "일식/수산물"				,"indsSclsCd" : "Q03A16"				,"indsSclsNm" : "굴요리전문"				,"stdrDt" : "2015-12-17"				}				,{				"indsLclsCd" : "Q"				,"indsLclsNm" : "음식"				,"indsMclsCd" : "Q03"				,"indsMclsNm" : "일식/수산물"				,"indsSclsCd" : "Q03A13"				,"indsSclsNm" : "낙지/오징어"				,"stdrDt" : "2015-12-17"				}				,{				"indsLclsCd" : "Q"				,"indsLclsNm" : "음식"				,"indsMclsCd" : "Q03"				,"indsMclsNm" : "일식/수산물"				,"indsSclsCd" : "Q03A08"				,"indsSclsNm" : "매운탕전문"				,"stdrDt" : "2015-12-17"				}				,{				"indsLclsCd" : "Q"				,"indsLclsNm" : "음식"				,"indsMclsCd" : "Q03"				,"indsMclsNm" : "일식/수산물"				,"indsSclsCd" : "Q03A07"				,"indsSclsNm" : "민물장어전문"				,"stdrDt" : "2015-12-17"				}				,{				"indsLclsCd" : "Q"				,"indsLclsNm" : "음식"				,"indsMclsCd" : "Q03"				,"indsMclsNm" : "일식/수산물"				,"indsSclsCd" : "Q03A10"				,"indsSclsNm" : "바닷가재/게요리전문"				,"stdrDt" : "2015-12-17"				}				,{				"indsLclsCd" : "Q"				,"indsLclsNm" : "음식"				,"indsMclsCd" : "Q03"				,"indsMclsNm" : "일식/수산물"				,"indsSclsCd" : "Q03A20"				,"indsSclsNm" : "복전문"				,"stdrDt" : "2015-12-17"				}				,{				"indsLclsCd" : "Q"				,"indsLclsNm" : "음식"				,"indsMclsCd" : "Q03"				,"indsMclsNm" : "일식/수산물"				,"indsSclsCd" : "Q03A17"				,"indsSclsNm" : "붕어찜전문"				,"stdrDt" : "2015-12-17"				}				,{				"indsLclsCd" : "Q"				,"indsLclsNm" : "음식"				,"indsMclsCd" : "Q03"				,"indsMclsNm" : "일식/수산물"				,"indsSclsCd" : "Q03A99"				,"indsSclsNm" : "수산물전문음식점-종합"				,"stdrDt" : "2015-12-17"				}				,{				"indsLclsCd" : "Q"				,"indsLclsNm" : "음식"				,"indsMclsCd" : "Q03"				,"indsMclsNm" : "일식/수산물"				,"indsSclsCd" : "Q03A06"				,"indsSclsNm" : "아구전문"				,"stdrDt" : "2015-12-17"				}				,{				"indsLclsCd" : "Q"				,"indsLclsNm" : "음식"				,"indsMclsCd" : "Q03"				,"indsMclsNm" : "일식/수산물"				,"indsSclsCd" : "Q03A02"				,"indsSclsNm" : "음식점-일식"				,"stdrDt" : "2015-12-17"				}				,{				"indsLclsCd" : "Q"				,"indsLclsNm" : "음식"				,"indsMclsCd" : "Q03"				,"indsMclsNm" : "일식/수산물"				,"indsSclsCd" : "Q03A03"				,"indsSclsNm" : "음식점-초밥전문"				,"stdrDt" : "2015-12-17"				}				,{				"indsLclsCd" : "Q"				,"indsLclsNm" : "음식"				,"indsMclsCd" : "Q03"				,"indsMclsNm" : "일식/수산물"				,"indsSclsCd" : "Q03A09"				,"indsSclsNm" : "조개구이전문"				,"stdrDt" : "2015-12-17"				}				,{				"indsLclsCd" : "Q"				,"indsLclsNm" : "음식"				,"indsMclsCd" : "Q03"				,"indsMclsNm" : "일식/수산물"				,"indsSclsCd" : "Q03A04"				,"indsSclsNm" : "참치전문점"				,"stdrDt" : "2015-12-17"				}				,{				"indsLclsCd" : "Q"				,"indsLclsNm" : "음식"				,"indsMclsCd" : "Q03"				,"indsMclsNm" : "일식/수산물"				,"indsSclsCd" : "Q03A05"				,"indsSclsNm" : "해물찜/탕전문"				,"stdrDt" : "2015-12-17"				}				,{				"indsLclsCd" : "Q"				,"indsLclsNm" : "음식"				,"indsMclsCd" : "Q03"				,"indsMclsNm" : "일식/수산물"				,"indsSclsCd" : "Q03A19"				,"indsSclsNm" : "홍어전문"				,"stdrDt" : "2015-12-17"				}				,{				"indsLclsCd" : "Q"				,"indsLclsNm" : "음식"				,"indsMclsCd" : "Q03"				,"indsMclsNm" : "일식/수산물"				,"indsSclsCd" : "Q03A01"				,"indsSclsNm" : "횟집"				,"stdrDt" : "2015-12-17"				}			]	}}