{	"header" : {		"description" : "소상공인시장진흥공단 상권정보 업종소분류 코드"		,"columns" : ["상권업종대분류코드","상권업종대분류코드명","상권업종중분류코드","상권업종중분류코드명","상권업종소분류코드","상권업종소분류코드명","데이터기준일자"]		,"resultCode" : "00"		,"resultMsg" : "NORMAL SERVICE"	},	"body" : {			"items" : [				{				"indsLclsCd" : "Q"				,"indsLclsNm" : "음식"				,"indsMclsCd" : "Q04"				,"indsMclsNm" : "분식"				,"indsSclsCd" : "Q04A02"				,"indsSclsNm" : "국수/만두/칼국수"				,"stdrDt" : "2015-12-17"				}				,{				"indsLclsCd" : "Q"				,"indsLclsNm" : "음식"				,"indsMclsCd" : "Q04"				,"indsMclsNm" : "분식"				,"indsSclsCd" : "Q04A03"				,"indsSclsNm" : "떡볶이전문"				,"stdrDt" : "2015-12-17"				}				,{				"indsLclsCd" : "Q"				,"indsLclsNm" : "음식"				,"indsMclsCd" : "Q04"				,"indsMclsNm" : "분식"				,"indsSclsCd" : "Q04A01"				,"indsSclsNm" : "라면김밥분식"				,"stdrDt" : "2015-12-17"				}				,{				"indsLclsCd" : "Q"				,"indsLclsNm" : "음식"				,"indsMclsCd" : "Q04"				,"indsMclsNm" : "분식"				,"indsSclsCd" : "Q04A05"				,"indsSclsNm" : "스낵"				,"stdrDt" : "2015-12-17"				}				,{				"indsLclsCd" : "Q"				,"indsLclsNm" : "음식"				,"indsMclsCd" : "Q04"				,"indsMclsNm" : "분식"				,"indsSclsCd" : "Q04A04"				,"indsSclsNm" : "우동전문점"				,"stdrDt" : "2015-12-17"				}			]	}}