{	"header" : {		"description" : "소상공인시장진흥공단 상권정보 업종소분류 코드"		,"columns" : ["상권업종대분류코드","상권업종대분류코드명","상권업종중분류코드","상권업종중분류코드명","상권업종소분류코드","상권업종소분류코드명","데이터기준일자"]		,"resultCode" : "00"		,"resultMsg" : "NORMAL SERVICE"	},	"body" : {			"items" : [				{				"indsLclsCd" : "Q"				,"indsLclsNm" : "음식"				,"indsMclsCd" : "Q05"				,"indsMclsNm" : "닭/오리요리"				,"indsSclsCd" : "Q05A02"				,"indsSclsNm" : "닭갈비전문"				,"stdrDt" : "2015-12-17"				}				,{				"indsLclsCd" : "Q"				,"indsLclsNm" : "음식"				,"indsMclsCd" : "Q05"				,"indsMclsNm" : "닭/오리요리"				,"indsSclsCd" : "Q05A10"				,"indsSclsNm" : "닭내장/닭발요리"				,"stdrDt" : "2015-12-17"				}				,{				"indsLclsCd" : "Q"				,"indsLclsNm" : "음식"				,"indsMclsCd" : "Q05"				,"indsMclsNm" : "닭/오리요리"				,"indsSclsCd" : "Q05A03"				,"indsSclsNm" : "닭도리탕전문"				,"stdrDt" : "2015-12-17"				}				,{				"indsLclsCd" : "Q"				,"indsLclsNm" : "음식"				,"indsMclsCd" : "Q05"				,"indsMclsNm" : "닭/오리요리"				,"indsSclsCd" : "Q05A05"				,"indsSclsNm" : "불닭전문"				,"stdrDt" : "2015-12-17"				}				,{				"indsLclsCd" : "Q"				,"indsLclsNm" : "음식"				,"indsMclsCd" : "Q05"				,"indsMclsNm" : "닭/오리요리"				,"indsSclsCd" : "Q05A01"				,"indsSclsNm" : "삼계탕전문"				,"stdrDt" : "2015-12-17"				}				,{				"indsLclsCd" : "Q"				,"indsLclsNm" : "음식"				,"indsMclsCd" : "Q05"				,"indsMclsNm" : "닭/오리요리"				,"indsSclsCd" : "Q05A09"				,"indsSclsNm" : "오리고기전문"				,"stdrDt" : "2015-12-17"				}				,{				"indsLclsCd" : "Q"				,"indsLclsNm" : "음식"				,"indsMclsCd" : "Q05"				,"indsMclsNm" : "닭/오리요리"				,"indsSclsCd" : "Q05A06"				,"indsSclsNm" : "옻닭전문"				,"stdrDt" : "2015-12-17"				}				,{				"indsLclsCd" : "Q"				,"indsLclsNm" : "음식"				,"indsMclsCd" : "Q05"				,"indsMclsNm" : "닭/오리요리"				,"indsSclsCd" : "Q05A04"				,"indsSclsNm" : "찜닭전문점"				,"stdrDt" : "2015-12-17"				}				,{				"indsLclsCd" : "Q"				,"indsLclsNm" : "음식"				,"indsMclsCd" : "Q05"				,"indsMclsNm" : "닭/오리요리"				,"indsSclsCd" : "Q05A07"				,"indsSclsNm" : "토종닭전문"				,"stdrDt" : "2015-12-17"				}				,{				"indsLclsCd" : "Q"				,"indsLclsNm" : "음식"				,"indsMclsCd" : "Q05"				,"indsMclsNm" : "닭/오리요리"				,"indsSclsCd" : "Q05A08"				,"indsSclsNm" : "후라이드/양념치킨"				,"stdrDt" : "2015-12-17"				}			]	}}