{	"header" : {		"description" : "소상공인시장진흥공단 상권정보 업종소분류 코드"		,"columns" : ["상권업종대분류코드","상권업종대분류코드명","상권업종중분류코드","상권업종중분류코드명","상권업종소분류코드","상권업종소분류코드명","데이터기준일자"]		,"resultCode" : "00"		,"resultMsg" : "NORMAL SERVICE"	},	"body" : {			"items" : [				{				"indsLclsCd" : "Q"				,"indsLclsNm" : "음식"				,"indsMclsCd" : "Q06"				,"indsMclsNm" : "양식"				,"indsSclsCd" : "Q06A07"				,"indsSclsNm" : "기타전문서양음식점"				,"stdrDt" : "2015-12-17"				}				,{				"indsLclsCd" : "Q"				,"indsLclsNm" : "음식"				,"indsMclsCd" : "Q06"				,"indsMclsNm" : "양식"				,"indsSclsCd" : "Q06A02"				,"indsSclsNm" : "돈가스전문점"				,"stdrDt" : "2015-12-17"				}				,{				"indsLclsCd" : "Q"				,"indsLclsNm" : "음식"				,"indsMclsCd" : "Q06"				,"indsMclsNm" : "양식"				,"indsSclsCd" : "Q06A06"				,"indsSclsNm" : "바베큐전문"				,"stdrDt" : "2015-12-17"				}				,{				"indsLclsCd" : "Q"				,"indsLclsNm" : "음식"				,"indsMclsCd" : "Q06"				,"indsMclsNm" : "양식"				,"indsSclsCd" : "Q06A08"				,"indsSclsNm" : "스테이크전문점"				,"stdrDt" : "2015-12-17"				}				,{				"indsLclsCd" : "Q"				,"indsLclsNm" : "음식"				,"indsMclsCd" : "Q06"				,"indsMclsNm" : "양식"				,"indsSclsCd" : "Q06A04"				,"indsSclsNm" : "스파게티전문점"				,"stdrDt" : "2015-12-17"				}				,{				"indsLclsCd" : "Q"				,"indsLclsNm" : "음식"				,"indsMclsCd" : "Q06"				,"indsMclsNm" : "양식"				,"indsSclsCd" : "Q06A01"				,"indsSclsNm" : "정통양식/경양식"				,"stdrDt" : "2015-12-17"				}				,{				"indsLclsCd" : "Q"				,"indsLclsNm" : "음식"				,"indsMclsCd" : "Q06"				,"indsMclsNm" : "양식"				,"indsSclsCd" : "Q06A03"				,"indsSclsNm" : "카레전문점"				,"stdrDt" : "2015-12-17"				}				,{				"indsLclsCd" : "Q"				,"indsLclsNm" : "음식"				,"indsMclsCd" : "Q06"				,"indsMclsNm" : "양식"				,"indsSclsCd" : "Q06A05"				,"indsSclsNm" : "패밀리레스토랑"				,"stdrDt" : "2015-12-17"				}			]	}}