{	"header" : {		"description" : "소상공인시장진흥공단 상권정보 업종소분류 코드"		,"columns" : ["상권업종대분류코드","상권업종대분류코드명","상권업종중분류코드","상권업종중분류코드명","상권업종소분류코드","상권업종소분류코드명","데이터기준일자"]		,"resultCode" : "00"		,"resultMsg" : "NORMAL SERVICE"	},	"body" : {			"items" : [				{				"indsLclsCd" : "Q"				,"indsLclsNm" : "음식"				,"indsMclsCd" : "Q07"				,"indsMclsNm" : "패스트푸드"				,"indsSclsCd" : "Q07A06"				,"indsSclsNm" : "도너츠전문"				,"stdrDt" : "2015-12-17"				}				,{				"indsLclsCd" : "Q"				,"indsLclsNm" : "음식"				,"indsMclsCd" : "Q07"				,"indsMclsNm" : "패스트푸드"				,"indsSclsCd" : "Q07A02"				,"indsSclsNm" : "도시락전문점"				,"stdrDt" : "2015-12-17"				}				,{				"indsLclsCd" : "Q"				,"indsLclsNm" : "음식"				,"indsMclsCd" : "Q07"				,"indsMclsNm" : "패스트푸드"				,"indsSclsCd" : "Q07A05"				,"indsSclsNm" : "샌드위치전문점"				,"stdrDt" : "2015-12-17"				}				,{				"indsLclsCd" : "Q"				,"indsLclsNm" : "음식"				,"indsMclsCd" : "Q07"				,"indsMclsNm" : "패스트푸드"				,"indsSclsCd" : "Q07A09"				,"indsSclsNm" : "생과자점"				,"stdrDt" : "2015-12-17"				}				,{				"indsLclsCd" : "Q"				,"indsLclsNm" : "음식"				,"indsMclsCd" : "Q07"				,"indsMclsNm" : "패스트푸드"				,"indsSclsCd" : "Q07A07"				,"indsSclsNm" : "아이스크림판매"				,"stdrDt" : "2015-12-17"				}				,{				"indsLclsCd" : "Q"				,"indsLclsNm" : "음식"				,"indsMclsCd" : "Q07"				,"indsMclsNm" : "패스트푸드"				,"indsSclsCd" : "Q07A08"				,"indsSclsNm" : "유산균아이스크림전문"				,"stdrDt" : "2015-12-17"				}				,{				"indsLclsCd" : "Q"				,"indsLclsNm" : "음식"				,"indsMclsCd" : "Q07"				,"indsMclsNm" : "패스트푸드"				,"indsSclsCd" : "Q07A10"				,"indsSclsNm" : "토스트전문"				,"stdrDt" : "2015-12-17"				}				,{				"indsLclsCd" : "Q"				,"indsLclsNm" : "음식"				,"indsMclsCd" : "Q07"				,"indsMclsNm" : "패스트푸드"				,"indsSclsCd" : "Q07A04"				,"indsSclsNm" : "패스트푸드"				,"stdrDt" : "2015-12-17"				}				,{				"indsLclsCd" : "Q"				,"indsLclsNm" : "음식"				,"indsMclsCd" : "Q07"				,"indsMclsNm" : "패스트푸드"				,"indsSclsCd" : "Q07A01"				,"indsSclsNm" : "피자전문"				,"stdrDt" : "2015-12-17"				}				,{				"indsLclsCd" : "Q"				,"indsLclsNm" : "음식"				,"indsMclsCd" : "Q07"				,"indsMclsNm" : "패스트푸드"				,"indsSclsCd" : "Q07A03"				,"indsSclsNm" : "핫도그"				,"stdrDt" : "2015-12-17"				}			]	}}