{	"header" : {		"description" : "소상공인시장진흥공단 상권정보 업종소분류 코드"		,"columns" : ["상권업종대분류코드","상권업종대분류코드명","상권업종중분류코드","상권업종중분류코드명","상권업종소분류코드","상권업종소분류코드명","데이터기준일자"]		,"resultCode" : "00"		,"resultMsg" : "NORMAL SERVICE"	},	"body" : {			"items" : [				{				"indsLclsCd" : "Q"				,"indsLclsNm" : "음식"				,"indsMclsCd" : "Q08"				,"indsMclsNm" : "제과제빵떡케익"				,"indsSclsCd" : "Q08A04"				,"indsSclsNm" : "떡/한과집"				,"stdrDt" : "2015-12-17"				}				,{				"indsLclsCd" : "Q"				,"indsLclsNm" : "음식"				,"indsMclsCd" : "Q08"				,"indsMclsNm" : "제과제빵떡케익"				,"indsSclsCd" : "Q08A03"				,"indsSclsNm" : "떡전문"				,"stdrDt" : "2015-12-17"				}				,{				"indsLclsCd" : "Q"				,"indsLclsNm" : "음식"				,"indsMclsCd" : "Q08"				,"indsMclsNm" : "제과제빵떡케익"				,"indsSclsCd" : "Q08A01"				,"indsSclsNm" : "제과점"				,"stdrDt" : "2015-12-17"				}				,{				"indsLclsCd" : "Q"				,"indsLclsNm" : "음식"				,"indsMclsCd" : "Q08"				,"indsMclsNm" : "제과제빵떡케익"				,"indsSclsCd" : "Q08A05"				,"indsSclsNm" : "찐빵전문"				,"stdrDt" : "2015-12-17"				}				,{				"indsLclsCd" : "Q"				,"indsLclsNm" : "음식"				,"indsMclsCd" : "Q08"				,"indsMclsNm" : "제과제빵떡케익"				,"indsSclsCd" : "Q08A02"				,"indsSclsNm" : "케익전문점"				,"stdrDt" : "2015-12-17"				}			]	}}