{	"header" : {		"description" : "소상공인시장진흥공단 상권정보 업종소분류 코드"		,"columns" : ["상권업종대분류코드","상권업종대분류코드명","상권업종중분류코드","상권업종중분류코드명","상권업종소분류코드","상권업종소분류코드명","데이터기준일자"]		,"resultCode" : "00"		,"resultMsg" : "NORMAL SERVICE"	},	"body" : {			"items" : [				{				"indsLclsCd" : "Q"				,"indsLclsNm" : "음식"				,"indsMclsCd" : "Q09"				,"indsMclsNm" : "유흥주점"				,"indsSclsCd" : "Q09A06"				,"indsSclsNm" : "관광/유흥주점"				,"stdrDt" : "2015-12-17"				}				,{				"indsLclsCd" : "Q"				,"indsLclsNm" : "음식"				,"indsMclsCd" : "Q09"				,"indsMclsNm" : "유흥주점"				,"indsSclsCd" : "Q09A07"				,"indsSclsNm" : "기타일반유흥주점"				,"stdrDt" : "2015-12-17"				}				,{				"indsLclsCd" : "Q"				,"indsLclsNm" : "음식"				,"indsMclsCd" : "Q09"				,"indsMclsNm" : "유흥주점"				,"indsSclsCd" : "Q09A03"				,"indsSclsNm" : "꼬치구이전문점"				,"stdrDt" : "2015-12-17"				}				,{				"indsLclsCd" : "Q"				,"indsLclsNm" : "음식"				,"indsMclsCd" : "Q09"				,"indsMclsNm" : "유흥주점"				,"indsSclsCd" : "Q09A09"				,"indsSclsNm" : "락카페"				,"stdrDt" : "2015-12-17"				}				,{				"indsLclsCd" : "Q"				,"indsLclsNm" : "음식"				,"indsMclsCd" : "Q09"				,"indsMclsNm" : "유흥주점"				,"indsSclsCd" : "Q09A05"				,"indsSclsNm" : "로바다야끼"				,"stdrDt" : "2015-12-17"				}				,{				"indsLclsCd" : "Q"				,"indsLclsNm" : "음식"				,"indsMclsCd" : "Q09"				,"indsMclsNm" : "유흥주점"				,"indsSclsCd" : "Q09A10"				,"indsSclsNm" : "룸살롱/단란주점"				,"stdrDt" : "2015-12-17"				}				,{				"indsLclsCd" : "Q"				,"indsLclsNm" : "음식"				,"indsMclsCd" : "Q09"				,"indsMclsNm" : "유흥주점"				,"indsSclsCd" : "Q09A04"				,"indsSclsNm" : "민속주점"				,"stdrDt" : "2015-12-17"				}				,{				"indsLclsCd" : "Q"				,"indsLclsNm" : "음식"				,"indsMclsCd" : "Q09"				,"indsMclsNm" : "유흥주점"				,"indsSclsCd" : "Q09A08"				,"indsSclsNm" : "빠/카페/스탠드빠"				,"stdrDt" : "2015-12-17"				}				,{				"indsLclsCd" : "Q"				,"indsLclsNm" : "음식"				,"indsMclsCd" : "Q09"				,"indsMclsNm" : "유흥주점"				,"indsSclsCd" : "Q09A02"				,"indsSclsNm" : "소주방/포장마차"				,"stdrDt" : "2015-12-17"				}				,{				"indsLclsCd" : "Q"				,"indsLclsNm" : "음식"				,"indsMclsCd" : "Q09"				,"indsMclsNm" : "유흥주점"				,"indsSclsCd" : "Q09A01"				,"indsSclsNm" : "호프/맥주"				,"stdrDt" : "2015-12-17"				}			]	}}