{	"header" : {		"description" : "소상공인시장진흥공단 상권정보 업종중분류 코드"		,"columns" : ["상권업종대분류코드","상권업종대분류코드명","상권업종중분류코드","상권업종중분류코드명","데이터기준일자"]		,"resultCode" : "00"		,"resultMsg" : "NORMAL SERVICE"	},	"body" : {			"items" : [				{				"indsLclsCd" : "Q1"				,"indsLclsNm" : "보건의료"				,"indsMclsCd" : "Q103"				,"indsMclsNm" : "공중 보건"				,"stdrDt" : "2023-02-28"				}				,{				"indsLclsCd" : "Q1"				,"indsLclsNm" : "보건의료"				,"indsMclsCd" : "Q104"				,"indsMclsNm" : "기타 보건"				,"stdrDt" : "2023-02-28"				}				,{				"indsLclsCd" : "Q1"				,"indsLclsNm" : "보건의료"				,"indsMclsCd" : "Q101"				,"indsMclsNm" : "병원"				,"stdrDt" : "2023-02-28"				}				,{				"indsLclsCd" : "Q1"				,"indsLclsNm" : "보건의료"				,"indsMclsCd" : "Q102"				,"indsMclsNm" : "의원"				,"stdrDt" : "2023-02-28"				}			]	}}