{	"header" : {		"description" : "소상공인시장진흥공단 상권정보 업종소분류 코드"		,"columns" : ["상권업종대분류코드","상권업종대분류코드명","상권업종중분류코드","상권업종중분류코드명","상권업종소분류코드","상권업종소분류코드명","데이터기준일자"]		,"resultCode" : "00"		,"resultMsg" : "NORMAL SERVICE"	},	"body" : {			"items" : [				{				"indsLclsCd" : "Q"				,"indsLclsNm" : "음식"				,"indsMclsCd" : "Q10"				,"indsMclsNm" : "별식/퓨전요리"				,"indsSclsCd" : "Q10A07"				,"indsSclsNm" : "돌구이요리전문"				,"stdrDt" : "2015-12-17"				}				,{				"indsLclsCd" : "Q"				,"indsLclsNm" : "음식"				,"indsMclsCd" : "Q10"				,"indsMclsNm" : "별식/퓨전요리"				,"indsSclsCd" : "Q10A08"				,"indsSclsNm" : "동남아음식전문점"				,"stdrDt" : "2015-12-17"				}				,{				"indsLclsCd" : "Q"				,"indsLclsNm" : "음식"				,"indsMclsCd" : "Q10"				,"indsMclsNm" : "별식/퓨전요리"				,"indsSclsCd" : "Q10A09"				,"indsSclsNm" : "사철탕전문"				,"stdrDt" : "2015-12-17"				}				,{				"indsLclsCd" : "Q"				,"indsLclsNm" : "음식"				,"indsMclsCd" : "Q10"				,"indsMclsNm" : "별식/퓨전요리"				,"indsSclsCd" : "Q10A02"				,"indsSclsNm" : "샤브샤브전문"				,"stdrDt" : "2015-12-17"				}				,{				"indsLclsCd" : "Q"				,"indsLclsNm" : "음식"				,"indsMclsCd" : "Q10"				,"indsMclsNm" : "별식/퓨전요리"				,"indsSclsCd" : "Q10A05"				,"indsSclsNm" : "순대전문점"				,"stdrDt" : "2015-12-17"				}				,{				"indsLclsCd" : "Q"				,"indsLclsNm" : "음식"				,"indsMclsCd" : "Q10"				,"indsMclsNm" : "별식/퓨전요리"				,"indsSclsCd" : "Q10A01"				,"indsSclsNm" : "죽전문점"				,"stdrDt" : "2015-12-17"				}				,{				"indsLclsCd" : "Q"				,"indsLclsNm" : "음식"				,"indsMclsCd" : "Q10"				,"indsMclsNm" : "별식/퓨전요리"				,"indsSclsCd" : "Q10A06"				,"indsSclsNm" : "징기스칸요리전문"				,"stdrDt" : "2015-12-17"				}				,{				"indsLclsCd" : "Q"				,"indsLclsNm" : "음식"				,"indsMclsCd" : "Q10"				,"indsMclsNm" : "별식/퓨전요리"				,"indsSclsCd" : "Q10A03"				,"indsSclsNm" : "철판구이요리전문"				,"stdrDt" : "2015-12-17"				}				,{				"indsLclsCd" : "Q"				,"indsLclsNm" : "음식"				,"indsMclsCd" : "Q10"				,"indsMclsNm" : "별식/퓨전요리"				,"indsSclsCd" : "Q10A04"				,"indsSclsNm" : "퓨전음식전문"				,"stdrDt" : "2015-12-17"				}			]	}}