{	"header" : {		"description" : "소상공인시장진흥공단 상권정보 업종소분류 코드"		,"columns" : ["상권업종대분류코드","상권업종대분류코드명","상권업종중분류코드","상권업종중분류코드명","상권업종소분류코드","상권업종소분류코드명","데이터기준일자"]		,"resultCode" : "00"		,"resultMsg" : "NORMAL SERVICE"	},	"body" : {			"items" : [				{				"indsLclsCd" : "Q1"				,"indsLclsNm" : "보건의료"				,"indsMclsCd" : "Q101"				,"indsMclsNm" : "병원"				,"indsSclsCd" : "Q10105"				,"indsSclsNm" : "요양병원"				,"stdrDt" : "2023-02-28"				}				,{				"indsLclsCd" : "Q1"				,"indsLclsNm" : "보건의료"				,"indsMclsCd" : "Q101"				,"indsMclsNm" : "병원"				,"indsSclsCd" : "Q10102"				,"indsSclsNm" : "일반병원"				,"stdrDt" : "2023-02-28"				}				,{				"indsLclsCd" : "Q1"				,"indsLclsNm" : "보건의료"				,"indsMclsCd" : "Q101"				,"indsMclsNm" : "병원"				,"indsSclsCd" : "Q10101"				,"indsSclsNm" : "종합병원"				,"stdrDt" : "2023-02-28"				}				,{				"indsLclsCd" : "Q1"				,"indsLclsNm" : "보건의료"				,"indsMclsCd" : "Q101"				,"indsMclsNm" : "병원"				,"indsSclsCd" : "Q10103"				,"indsSclsNm" : "치과병원"				,"stdrDt" : "2023-02-28"				}				,{				"indsLclsCd" : "Q1"				,"indsLclsNm" : "보건의료"				,"indsMclsCd" : "Q101"				,"indsMclsNm" : "병원"				,"indsSclsCd" : "Q10104"				,"indsSclsNm" : "한방병원"				,"stdrDt" : "2023-02-28"				}			]	}}