{	"header" : {		"description" : "소상공인시장진흥공단 상권정보 업종소분류 코드"		,"columns" : ["상권업종대분류코드","상권업종대분류코드명","상권업종중분류코드","상권업종중분류코드명","상권업종소분류코드","상권업종소분류코드명","데이터기준일자"]		,"resultCode" : "00"		,"resultMsg" : "NORMAL SERVICE"	},	"body" : {			"items" : [				{				"indsLclsCd" : "Q1"				,"indsLclsNm" : "보건의료"				,"indsMclsCd" : "Q102"				,"indsMclsNm" : "의원"				,"indsSclsCd" : "Q10209"				,"indsSclsNm" : "기타 의원"				,"stdrDt" : "2023-02-28"				}				,{				"indsLclsCd" : "Q1"				,"indsLclsNm" : "보건의료"				,"indsMclsCd" : "Q102"				,"indsMclsNm" : "의원"				,"indsSclsCd" : "Q10201"				,"indsSclsNm" : "내과/소아과 의원"				,"stdrDt" : "2023-02-28"				}				,{				"indsLclsCd" : "Q1"				,"indsLclsNm" : "보건의료"				,"indsMclsCd" : "Q102"				,"indsMclsNm" : "의원"				,"indsSclsCd" : "Q10212"				,"indsSclsNm" : "방사선 진단/병리 검사 의원"				,"stdrDt" : "2023-02-28"				}				,{				"indsLclsCd" : "Q1"				,"indsLclsNm" : "보건의료"				,"indsMclsCd" : "Q102"				,"indsMclsNm" : "의원"				,"indsSclsCd" : "Q10207"				,"indsSclsNm" : "산부인과 의원"				,"stdrDt" : "2023-02-28"				}				,{				"indsLclsCd" : "Q1"				,"indsLclsNm" : "보건의료"				,"indsMclsCd" : "Q102"				,"indsMclsNm" : "의원"				,"indsSclsCd" : "Q10208"				,"indsSclsNm" : "성형외과 의원"				,"stdrDt" : "2023-02-28"				}				,{				"indsLclsCd" : "Q1"				,"indsLclsNm" : "보건의료"				,"indsMclsCd" : "Q102"				,"indsMclsNm" : "의원"				,"indsSclsCd" : "Q10203"				,"indsSclsNm" : "신경/정신과 의원"				,"stdrDt" : "2023-02-28"				}				,{				"indsLclsCd" : "Q1"				,"indsLclsNm" : "보건의료"				,"indsMclsCd" : "Q102"				,"indsMclsNm" : "의원"				,"indsSclsCd" : "Q10205"				,"indsSclsNm" : "안과 의원"				,"stdrDt" : "2023-02-28"				}				,{				"indsLclsCd" : "Q1"				,"indsLclsNm" : "보건의료"				,"indsMclsCd" : "Q102"				,"indsMclsNm" : "의원"				,"indsSclsCd" : "Q10202"				,"indsSclsNm" : "외과 의원"				,"stdrDt" : "2023-02-28"				}				,{				"indsLclsCd" : "Q1"				,"indsLclsNm" : "보건의료"				,"indsMclsCd" : "Q102"				,"indsMclsNm" : "의원"				,"indsSclsCd" : "Q10206"				,"indsSclsNm" : "이비인후과 의원"				,"stdrDt" : "2023-02-28"				}				,{				"indsLclsCd" : "Q1"				,"indsLclsNm" : "보건의료"				,"indsMclsCd" : "Q102"				,"indsMclsNm" : "의원"				,"indsSclsCd" : "Q10210"				,"indsSclsNm" : "치과의원"				,"stdrDt" : "2023-02-28"				}				,{				"indsLclsCd" : "Q1"				,"indsLclsNm" : "보건의료"				,"indsMclsCd" : "Q102"				,"indsMclsNm" : "의원"				,"indsSclsCd" : "Q10204"				,"indsSclsNm" : "피부/비뇨기과 의원"				,"stdrDt" : "2023-02-28"				}				,{				"indsLclsCd" : "Q1"				,"indsLclsNm" : "보건의료"				,"indsMclsCd" : "Q102"				,"indsMclsNm" : "의원"				,"indsSclsCd" : "Q10211"				,"indsSclsNm" : "한의원"				,"stdrDt" : "2023-02-28"				}			]	}}