{	"header" : {		"description" : "소상공인시장진흥공단 상권정보 업종소분류 코드"		,"columns" : ["상권업종대분류코드","상권업종대분류코드명","상권업종중분류코드","상권업종중분류코드명","상권업종소분류코드","상권업종소분류코드명","데이터기준일자"]		,"resultCode" : "00"		,"resultMsg" : "NORMAL SERVICE"	},	"body" : {			"items" : [				{				"indsLclsCd" : "Q1"				,"indsLclsNm" : "보건의료"				,"indsMclsCd" : "Q103"				,"indsMclsNm" : "공중 보건"				,"indsSclsCd" : "Q10301"				,"indsSclsNm" : "보건소"				,"stdrDt" : "2023-02-28"				}			]	}}