{	"header" : {		"description" : "소상공인시장진흥공단 상권정보 업종소분류 코드"		,"columns" : ["상권업종대분류코드","상권업종대분류코드명","상권업종중분류코드","상권업종중분류코드명","상권업종소분류코드","상권업종소분류코드명","데이터기준일자"]		,"resultCode" : "00"		,"resultMsg" : "NORMAL SERVICE"	},	"body" : {			"items" : [				{				"indsLclsCd" : "Q1"				,"indsLclsNm" : "보건의료"				,"indsMclsCd" : "Q104"				,"indsMclsNm" : "기타 보건"				,"indsSclsCd" : "Q10499"				,"indsSclsNm" : "그 외 기타 보건업"				,"stdrDt" : "2023-02-28"				}				,{				"indsLclsCd" : "Q1"				,"indsLclsNm" : "보건의료"				,"indsMclsCd" : "Q104"				,"indsMclsNm" : "기타 보건"				,"indsSclsCd" : "Q10401"				,"indsSclsNm" : "앰뷸런스 서비스업"				,"stdrDt" : "2023-02-28"				}				,{				"indsLclsCd" : "Q1"				,"indsLclsNm" : "보건의료"				,"indsMclsCd" : "Q104"				,"indsMclsNm" : "기타 보건"				,"indsSclsCd" : "Q10402"				,"indsSclsNm" : "유사 의료업"				,"stdrDt" : "2023-02-28"				}			]	}}