{	"header" : {		"description" : "소상공인시장진흥공단 상권정보 업종소분류 코드"		,"columns" : ["상권업종대분류코드","상권업종대분류코드명","상권업종중분류코드","상권업종중분류코드명","상권업종소분류코드","상권업종소분류코드명","데이터기준일자"]		,"resultCode" : "00"		,"resultMsg" : "NORMAL SERVICE"	},	"body" : {			"items" : [				{				"indsLclsCd" : "Q"				,"indsLclsNm" : "음식"				,"indsMclsCd" : "Q12"				,"indsMclsNm" : "커피점/카페"				,"indsSclsCd" : "Q12A04"				,"indsSclsNm" : "보드게임카페"				,"stdrDt" : "2015-12-17"				}				,{				"indsLclsCd" : "Q"				,"indsLclsNm" : "음식"				,"indsMclsCd" : "Q12"				,"indsMclsNm" : "커피점/카페"				,"indsSclsCd" : "Q12A05"				,"indsSclsNm" : "사주카페"				,"stdrDt" : "2015-12-17"				}				,{				"indsLclsCd" : "Q"				,"indsLclsNm" : "음식"				,"indsMclsCd" : "Q12"				,"indsMclsNm" : "커피점/카페"				,"indsSclsCd" : "Q12A03"				,"indsSclsNm" : "생과일주스전문점"				,"stdrDt" : "2015-12-17"				}				,{				"indsLclsCd" : "Q"				,"indsLclsNm" : "음식"				,"indsMclsCd" : "Q12"				,"indsMclsNm" : "커피점/카페"				,"indsSclsCd" : "Q12A07"				,"indsSclsNm" : "애견카페"				,"stdrDt" : "2015-12-17"				}				,{				"indsLclsCd" : "Q"				,"indsLclsNm" : "음식"				,"indsMclsCd" : "Q12"				,"indsMclsNm" : "커피점/카페"				,"indsSclsCd" : "Q12A06"				,"indsSclsNm" : "전통찻집/인삼찻집"				,"stdrDt" : "2015-12-17"				}				,{				"indsLclsCd" : "Q"				,"indsLclsNm" : "음식"				,"indsMclsCd" : "Q12"				,"indsMclsNm" : "커피점/카페"				,"indsSclsCd" : "Q12A01"				,"indsSclsNm" : "커피전문점/카페/다방"				,"stdrDt" : "2015-12-17"				}			]	}}