{	"header" : {		"description" : "소상공인시장진흥공단 상권정보 업종소분류 코드"		,"columns" : ["상권업종대분류코드","상권업종대분류코드명","상권업종중분류코드","상권업종중분류코드명","상권업종소분류코드","상권업종소분류코드명","데이터기준일자"]		,"resultCode" : "00"		,"resultMsg" : "NORMAL SERVICE"	},	"body" : {			"items" : [				{				"indsLclsCd" : "Q"				,"indsLclsNm" : "음식"				,"indsMclsCd" : "Q13"				,"indsMclsNm" : "음식배달서비스"				,"indsSclsCd" : "Q13A02"				,"indsSclsNm" : "국/찌개배달"				,"stdrDt" : "2015-12-17"				}				,{				"indsLclsCd" : "Q"				,"indsLclsNm" : "음식"				,"indsMclsCd" : "Q13"				,"indsMclsNm" : "음식배달서비스"				,"indsSclsCd" : "Q13A01"				,"indsSclsNm" : "야식집"				,"stdrDt" : "2015-12-17"				}				,{				"indsLclsCd" : "Q"				,"indsLclsNm" : "음식"				,"indsMclsCd" : "Q13"				,"indsMclsNm" : "음식배달서비스"				,"indsSclsCd" : "Q13A03"				,"indsSclsNm" : "음식출장조달"				,"stdrDt" : "2015-12-17"				}			]	}}