{	"header" : {		"description" : "소상공인시장진흥공단 상권정보 업종소분류 코드"		,"columns" : ["상권업종대분류코드","상권업종대분류코드명","상권업종중분류코드","상권업종중분류코드명","상권업종소분류코드","상권업종소분류코드명","데이터기준일자"]		,"resultCode" : "00"		,"resultMsg" : "NORMAL SERVICE"	},	"body" : {			"items" : [				{				"indsLclsCd" : "Q"				,"indsLclsNm" : "음식"				,"indsMclsCd" : "Q14"				,"indsMclsNm" : "기타음식업"				,"indsSclsCd" : "Q14A02"				,"indsSclsNm" : "고속도로휴게소"				,"stdrDt" : "2015-12-17"				}				,{				"indsLclsCd" : "Q"				,"indsLclsNm" : "음식"				,"indsMclsCd" : "Q14"				,"indsMclsNm" : "기타음식업"				,"indsSclsCd" : "Q14A01"				,"indsSclsNm" : "구내식당/자급식음식점"				,"stdrDt" : "2015-12-17"				}				,{				"indsLclsCd" : "Q"				,"indsLclsNm" : "음식"				,"indsMclsCd" : "Q14"				,"indsMclsNm" : "기타음식업"				,"indsSclsCd" : "Q14A03"				,"indsSclsNm" : "국도휴게소"				,"stdrDt" : "2015-12-17"				}			]	}}