{	"header" : {		"description" : "소상공인시장진흥공단 상권정보 업종소분류 코드"		,"columns" : ["상권업종대분류코드","상권업종대분류코드명","상권업종중분류코드","상권업종중분류코드명","상권업종소분류코드","상권업종소분류코드명","데이터기준일자"]		,"resultCode" : "00"		,"resultMsg" : "NORMAL SERVICE"	},	"body" : {			"items" : [				{				"indsLclsCd" : "Q"				,"indsLclsNm" : "음식"				,"indsMclsCd" : "Q15"				,"indsMclsNm" : "부페"				,"indsSclsCd" : "Q15A02"				,"indsSclsNm" : "고기부페"				,"stdrDt" : "2015-12-17"				}				,{				"indsLclsCd" : "Q"				,"indsLclsNm" : "음식"				,"indsMclsCd" : "Q15"				,"indsMclsNm" : "부페"				,"indsSclsCd" : "Q15A01"				,"indsSclsNm" : "종합부페"				,"stdrDt" : "2015-12-17"				}				,{				"indsLclsCd" : "Q"				,"indsLclsNm" : "음식"				,"indsMclsCd" : "Q15"				,"indsMclsNm" : "부페"				,"indsSclsCd" : "Q15A04"				,"indsSclsNm" : "채식/한식부페"				,"stdrDt" : "2015-12-17"				}				,{				"indsLclsCd" : "Q"				,"indsLclsNm" : "음식"				,"indsMclsCd" : "Q15"				,"indsMclsNm" : "부페"				,"indsSclsCd" : "Q15A03"				,"indsSclsNm" : "한식부페"				,"stdrDt" : "2015-12-17"				}				,{				"indsLclsCd" : "Q"				,"indsLclsNm" : "음식"				,"indsMclsCd" : "Q15"				,"indsMclsNm" : "부페"				,"indsSclsCd" : "Q15A05"				,"indsSclsNm" : "해물부페"				,"stdrDt" : "2015-12-17"				}			]	}}