{	"header" : {		"description" : "소상공인시장진흥공단 상권정보 업종중분류 코드"		,"columns" : ["상권업종대분류코드","상권업종대분류코드명","상권업종중분류코드","상권업종중분류코드명","데이터기준일자"]		,"resultCode" : "00"		,"resultMsg" : "NORMAL SERVICE"	},	"body" : {			"items" : [				{				"indsLclsCd" : "Q2"				,"indsLclsNm" : "복지 서비스"				,"indsMclsCd" : "Q201"				,"indsMclsNm" : "거주 복지"				,"stdrDt" : "2023-02-28"				}				,{				"indsLclsCd" : "Q2"				,"indsLclsNm" : "복지 서비스"				,"indsMclsCd" : "Q202"				,"indsMclsNm" : "비거주 복지"				,"stdrDt" : "2023-02-28"				}			]	}}