{	"header" : {		"description" : "소상공인시장진흥공단 상권정보 업종소분류 코드"		,"columns" : ["상권업종대분류코드","상권업종대분류코드명","상권업종중분류코드","상권업종중분류코드명","상권업종소분류코드","상권업종소분류코드명","데이터기준일자"]		,"resultCode" : "00"		,"resultMsg" : "NORMAL SERVICE"	},	"body" : {			"items" : [				{				"indsLclsCd" : "Q2"				,"indsLclsNm" : "복지 서비스"				,"indsMclsCd" : "Q201"				,"indsMclsNm" : "거주 복지"				,"indsSclsCd" : "Q20199"				,"indsSclsNm" : "기타 거주 복지시설 운영업"				,"stdrDt" : "2023-02-28"				}				,{				"indsLclsCd" : "Q2"				,"indsLclsNm" : "복지 서비스"				,"indsMclsCd" : "Q201"				,"indsMclsNm" : "거주 복지"				,"indsSclsCd" : "Q20102"				,"indsSclsNm" : "노인 양로 복지시설 운영업"				,"stdrDt" : "2023-02-28"				}				,{				"indsLclsCd" : "Q2"				,"indsLclsNm" : "복지 서비스"				,"indsMclsCd" : "Q201"				,"indsMclsNm" : "거주 복지"				,"indsSclsCd" : "Q20101"				,"indsSclsNm" : "노인 요양 복지시설 운영업"				,"stdrDt" : "2023-02-28"				}				,{				"indsLclsCd" : "Q2"				,"indsLclsNm" : "복지 서비스"				,"indsMclsCd" : "Q201"				,"indsMclsNm" : "거주 복지"				,"indsSclsCd" : "Q20105"				,"indsSclsNm" : "아동/부녀자 복지시설 운영업"				,"stdrDt" : "2023-02-28"				}				,{				"indsLclsCd" : "Q2"				,"indsLclsNm" : "복지 서비스"				,"indsMclsCd" : "Q201"				,"indsMclsNm" : "거주 복지"				,"indsSclsCd" : "Q20103"				,"indsSclsNm" : "장애인 복지시설 운영업"				,"stdrDt" : "2023-02-28"				}				,{				"indsLclsCd" : "Q2"				,"indsLclsNm" : "복지 서비스"				,"indsMclsCd" : "Q201"				,"indsMclsNm" : "거주 복지"				,"indsSclsCd" : "Q20104"				,"indsSclsNm" : "정신질환/약물중독 복지시설 운영업"				,"stdrDt" : "2023-02-28"				}			]	}}