{	"header" : {		"description" : "소상공인시장진흥공단 상권정보 업종소분류 코드"		,"columns" : ["상권업종대분류코드","상권업종대분류코드명","상권업종중분류코드","상권업종중분류코드명","상권업종소분류코드","상권업종소분류코드명","데이터기준일자"]		,"resultCode" : "00"		,"resultMsg" : "NORMAL SERVICE"	},	"body" : {			"items" : [				{				"indsLclsCd" : "Q2"				,"indsLclsNm" : "복지 서비스"				,"indsMclsCd" : "Q202"				,"indsMclsNm" : "비거주 복지"				,"indsSclsCd" : "Q20299"				,"indsSclsNm" : "기타 비거주 복지시설 운영업"				,"stdrDt" : "2023-02-28"				}				,{				"indsLclsCd" : "Q2"				,"indsLclsNm" : "복지 서비스"				,"indsMclsCd" : "Q202"				,"indsMclsNm" : "비거주 복지"				,"indsSclsCd" : "Q20204"				,"indsSclsNm" : "방문 복지서비스 제공업"				,"stdrDt" : "2023-02-28"				}				,{				"indsLclsCd" : "Q2"				,"indsLclsNm" : "복지 서비스"				,"indsMclsCd" : "Q202"				,"indsMclsNm" : "비거주 복지"				,"indsSclsCd" : "Q20201"				,"indsSclsNm" : "보육시설 운영업"				,"stdrDt" : "2023-02-28"				}				,{				"indsLclsCd" : "Q2"				,"indsLclsNm" : "복지 서비스"				,"indsMclsCd" : "Q202"				,"indsMclsNm" : "비거주 복지"				,"indsSclsCd" : "Q20205"				,"indsSclsNm" : "사회복지 상담 서비스 제공업"				,"stdrDt" : "2023-02-28"				}				,{				"indsLclsCd" : "Q2"				,"indsLclsNm" : "복지 서비스"				,"indsMclsCd" : "Q202"				,"indsMclsNm" : "비거주 복지"				,"indsSclsCd" : "Q20203"				,"indsSclsNm" : "종합복지관 운영업"				,"stdrDt" : "2023-02-28"				}				,{				"indsLclsCd" : "Q2"				,"indsLclsNm" : "복지 서비스"				,"indsMclsCd" : "Q202"				,"indsMclsNm" : "비거주 복지"				,"indsSclsCd" : "Q20202"				,"indsSclsNm" : "직업 재활원 운영업"				,"stdrDt" : "2023-02-28"				}			]	}}