{	"header" : {		"description" : "소상공인시장진흥공단 상권정보 업종중분류 코드"		,"columns" : ["상권업종대분류코드","상권업종대분류코드명","상권업종중분류코드","상권업종중분류코드명","데이터기준일자"]		,"resultCode" : "00"		,"resultMsg" : "NORMAL SERVICE"	},	"body" : {			"items" : [				{				"indsLclsCd" : "R"				,"indsLclsNm" : "학문/교육"				,"indsMclsCd" : "R20"				,"indsMclsNm" : "기타교육기관"				,"stdrDt" : "2015-12-17"				}				,{				"indsLclsCd" : "R"				,"indsLclsNm" : "학문/교육"				,"indsMclsCd" : "R10"				,"indsMclsNm" : "도서관/독서실"				,"stdrDt" : "2015-12-17"				}				,{				"indsLclsCd" : "R"				,"indsLclsNm" : "학문/교육"				,"indsMclsCd" : "R14"				,"indsMclsNm" : "연구소"				,"stdrDt" : "2015-12-17"				}				,{				"indsLclsCd" : "R"				,"indsLclsNm" : "학문/교육"				,"indsMclsCd" : "R08"				,"indsMclsNm" : "유아교육"				,"stdrDt" : "2015-12-17"				}				,{				"indsLclsCd" : "R"				,"indsLclsNm" : "학문/교육"				,"indsMclsCd" : "R12"				,"indsMclsNm" : "특수교육기관"				,"stdrDt" : "2015-12-17"				}				,{				"indsLclsCd" : "R"				,"indsLclsNm" : "학문/교육"				,"indsMclsCd" : "R11"				,"indsMclsNm" : "학교"				,"stdrDt" : "2015-12-17"				}				,{				"indsLclsCd" : "R"				,"indsLclsNm" : "학문/교육"				,"indsMclsCd" : "R13"				,"indsMclsNm" : "학문교육기타"				,"stdrDt" : "2015-12-17"				}				,{				"indsLclsCd" : "R"				,"indsLclsNm" : "학문/교육"				,"indsMclsCd" : "R01"				,"indsMclsNm" : "학원-보습교습입시"				,"stdrDt" : "2015-12-17"				}				,{				"indsLclsCd" : "R"				,"indsLclsNm" : "학문/교육"				,"indsMclsCd" : "R04"				,"indsMclsNm" : "학원-어학"				,"stdrDt" : "2015-12-17"				}				,{				"indsLclsCd" : "R"				,"indsLclsNm" : "학문/교육"				,"indsMclsCd" : "R07"				,"indsMclsNm" : "학원-예능취미체육"				,"stdrDt" : "2015-12-17"				}				,{				"indsLclsCd" : "R"				,"indsLclsNm" : "학문/교육"				,"indsMclsCd" : "R05"				,"indsMclsNm" : "학원-음악미술무용"				,"stdrDt" : "2015-12-17"				}				,{				"indsLclsCd" : "R"				,"indsLclsNm" : "학문/교육"				,"indsMclsCd" : "R03"				,"indsMclsNm" : "학원-자격/국가고시"				,"stdrDt" : "2015-12-17"				}				,{				"indsLclsCd" : "R"				,"indsLclsNm" : "학문/교육"				,"indsMclsCd" : "R02"				,"indsMclsNm" : "학원-창업취업취미"				,"stdrDt" : "2015-12-17"				}				,{				"indsLclsCd" : "R"				,"indsLclsNm" : "학문/교육"				,"indsMclsCd" : "R06"				,"indsMclsNm" : "학원-컴퓨터"				,"stdrDt" : "2015-12-17"				}				,{				"indsLclsCd" : "R"				,"indsLclsNm" : "학문/교육"				,"indsMclsCd" : "R09"				,"indsMclsNm" : "학원기타"				,"stdrDt" : "2015-12-17"				}			]	}}