{	"header" : {		"description" : "소상공인시장진흥공단 상권정보 업종소분류 코드"		,"columns" : ["상권업종대분류코드","상권업종대분류코드명","상권업종중분류코드","상권업종중분류코드명","상권업종소분류코드","상권업종소분류코드명","데이터기준일자"]		,"resultCode" : "00"		,"resultMsg" : "NORMAL SERVICE"	},	"body" : {			"items" : [				{				"indsLclsCd" : "R"				,"indsLclsNm" : "학문/교육"				,"indsMclsCd" : "R01"				,"indsMclsNm" : "학원-보습교습입시"				,"indsSclsCd" : "R01A03"				,"indsSclsNm" : "학원-검정고시"				,"stdrDt" : "2015-12-17"				}				,{				"indsLclsCd" : "R"				,"indsLclsNm" : "학문/교육"				,"indsMclsCd" : "R01"				,"indsMclsNm" : "학원-보습교습입시"				,"indsSclsCd" : "R01A01"				,"indsSclsNm" : "학원-입시"				,"stdrDt" : "2015-12-17"				}				,{				"indsLclsCd" : "R"				,"indsLclsNm" : "학문/교육"				,"indsMclsCd" : "R01"				,"indsMclsNm" : "학원-보습교습입시"				,"indsSclsCd" : "R01A02"				,"indsSclsNm" : "학원-편입"				,"stdrDt" : "2015-12-17"				}			]	}}