{	"header" : {		"description" : "소상공인시장진흥공단 상권정보 업종소분류 코드"		,"columns" : ["상권업종대분류코드","상권업종대분류코드명","상권업종중분류코드","상권업종중분류코드명","상권업종소분류코드","상권업종소분류코드명","데이터기준일자"]		,"resultCode" : "00"		,"resultMsg" : "NORMAL SERVICE"	},	"body" : {			"items" : [				{				"indsLclsCd" : "R"				,"indsLclsNm" : "학문/교육"				,"indsMclsCd" : "R02"				,"indsMclsNm" : "학원-창업취업취미"				,"indsSclsCd" : "R02A24"				,"indsSclsNm" : "학원-TV기술"				,"stdrDt" : "2015-12-17"				}				,{				"indsLclsCd" : "R"				,"indsLclsNm" : "학문/교육"				,"indsMclsCd" : "R02"				,"indsMclsNm" : "학원-창업취업취미"				,"indsSclsCd" : "R02A01"				,"indsSclsNm" : "학원-간판디자인"				,"stdrDt" : "2015-12-17"				}				,{				"indsLclsCd" : "R"				,"indsLclsNm" : "학문/교육"				,"indsMclsCd" : "R02"				,"indsMclsNm" : "학원-창업취업취미"				,"indsSclsCd" : "R02A02"				,"indsSclsNm" : "학원-경리"				,"stdrDt" : "2015-12-17"				}				,{				"indsLclsCd" : "R"				,"indsLclsNm" : "학문/교육"				,"indsMclsCd" : "R02"				,"indsMclsNm" : "학원-창업취업취미"				,"indsSclsCd" : "R02A03"				,"indsSclsNm" : "학원-경영"				,"stdrDt" : "2015-12-17"				}				,{				"indsLclsCd" : "R"				,"indsLclsNm" : "학문/교육"				,"indsMclsCd" : "R02"				,"indsMclsNm" : "학원-창업취업취미"				,"indsSclsCd" : "R02A05"				,"indsSclsNm" : "학원-공예"				,"stdrDt" : "2015-12-17"				}				,{				"indsLclsCd" : "R"				,"indsLclsNm" : "학문/교육"				,"indsMclsCd" : "R02"				,"indsMclsNm" : "학원-창업취업취미"				,"indsSclsCd" : "R02A07"				,"indsSclsNm" : "학원-광고디자인"				,"stdrDt" : "2015-12-17"				}				,{				"indsLclsCd" : "R"				,"indsLclsNm" : "학문/교육"				,"indsMclsCd" : "R02"				,"indsMclsNm" : "학원-창업취업취미"				,"indsSclsCd" : "R02A08"				,"indsSclsNm" : "학원-광섬유"				,"stdrDt" : "2015-12-17"				}				,{				"indsLclsCd" : "R"				,"indsLclsNm" : "학문/교육"				,"indsMclsCd" : "R02"				,"indsMclsNm" : "학원-창업취업취미"				,"indsSclsCd" : "R02A36"				,"indsSclsNm" : "학원-네일아트"				,"stdrDt" : "2015-12-17"				}				,{				"indsLclsCd" : "R"				,"indsLclsNm" : "학문/교육"				,"indsMclsCd" : "R02"				,"indsMclsNm" : "학원-창업취업취미"				,"indsSclsCd" : "R02A10"				,"indsSclsNm" : "학원-동물사육"				,"stdrDt" : "2015-12-17"				}				,{				"indsLclsCd" : "R"				,"indsLclsNm" : "학문/교육"				,"indsMclsCd" : "R02"				,"indsMclsNm" : "학원-창업취업취미"				,"indsSclsCd" : "R02A11"				,"indsSclsNm" : "학원-디스플레이"				,"stdrDt" : "2015-12-17"				}				,{				"indsLclsCd" : "R"				,"indsLclsNm" : "학문/교육"				,"indsMclsCd" : "R02"				,"indsMclsNm" : "학원-창업취업취미"				,"indsSclsCd" : "R02A12"				,"indsSclsNm" : "학원-디자인"				,"stdrDt" : "2015-12-17"				}				,{				"indsLclsCd" : "R"				,"indsLclsNm" : "학문/교육"				,"indsMclsCd" : "R02"				,"indsMclsNm" : "학원-창업취업취미"				,"indsSclsCd" : "R02A13"				,"indsSclsNm" : "학원-만화영화"				,"stdrDt" : "2015-12-17"				}				,{				"indsLclsCd" : "R"				,"indsLclsNm" : "학문/교육"				,"indsMclsCd" : "R02"				,"indsMclsNm" : "학원-창업취업취미"				,"indsSclsCd" : "R02A14"				,"indsSclsNm" : "학원-목공예"				,"stdrDt" : "2015-12-17"				}				,{				"indsLclsCd" : "R"				,"indsLclsNm" : "학문/교육"				,"indsMclsCd" : "R02"				,"indsMclsNm" : "학원-창업취업취미"				,"indsSclsCd" : "R02A35"				,"indsSclsNm" : "학원-목욕관리사"				,"stdrDt" : "2015-12-17"				}				,{				"indsLclsCd" : "R"				,"indsLclsNm" : "학문/교육"				,"indsMclsCd" : "R02"				,"indsMclsNm" : "학원-창업취업취미"				,"indsSclsCd" : "R02A15"				,"indsSclsNm" : "학원-미싱자수"				,"stdrDt" : "2015-12-17"				}				,{				"indsLclsCd" : "R"				,"indsLclsNm" : "학문/교육"				,"indsMclsCd" : "R02"				,"indsMclsNm" : "학원-창업취업취미"				,"indsSclsCd" : "R02A16"				,"indsSclsNm" : "학원-병아리감별"				,"stdrDt" : "2015-12-17"				}				,{				"indsLclsCd" : "R"				,"indsLclsNm" : "학문/교육"				,"indsMclsCd" : "R02"				,"indsMclsNm" : "학원-창업취업취미"				,"indsSclsCd" : "R02A17"				,"indsSclsNm" : "학원-복장"				,"stdrDt" : "2015-12-17"				}				,{				"indsLclsCd" : "R"				,"indsLclsNm" : "학문/교육"				,"indsMclsCd" : "R02"				,"indsMclsNm" : "학원-창업취업취미"				,"indsSclsCd" : "R02A04"				,"indsSclsNm" : "학원-분장"				,"stdrDt" : "2015-12-17"				}				,{				"indsLclsCd" : "R"				,"indsLclsNm" : "학문/교육"				,"indsMclsCd" : "R02"				,"indsMclsNm" : "학원-창업취업취미"				,"indsSclsCd" : "R02A18"				,"indsSclsNm" : "학원-비디오"				,"stdrDt" : "2015-12-17"				}				,{				"indsLclsCd" : "R"				,"indsLclsNm" : "학문/교육"				,"indsMclsCd" : "R02"				,"indsMclsNm" : "학원-창업취업취미"				,"indsSclsCd" : "R02A19"				,"indsSclsNm" : "학원-섬유기술"				,"stdrDt" : "2015-12-17"				}				,{				"indsLclsCd" : "R"				,"indsLclsNm" : "학문/교육"				,"indsMclsCd" : "R02"				,"indsMclsNm" : "학원-창업취업취미"				,"indsSclsCd" : "R02A29"				,"indsSclsNm" : "학원-세탁기술"				,"stdrDt" : "2015-12-17"				}				,{				"indsLclsCd" : "R"				,"indsLclsNm" : "학문/교육"				,"indsMclsCd" : "R02"				,"indsMclsNm" : "학원-창업취업취미"				,"indsSclsCd" : "R02A06"				,"indsSclsNm" : "학원-속독"				,"stdrDt" : "2015-12-17"				}				,{				"indsLclsCd" : "R"				,"indsLclsNm" : "학문/교육"				,"indsMclsCd" : "R02"				,"indsMclsNm" : "학원-창업취업취미"				,"indsSclsCd" : "R02A32"				,"indsSclsNm" : "학원-스튜디어스"				,"stdrDt" : "2015-12-17"				}				,{				"indsLclsCd" : "R"				,"indsLclsNm" : "학문/교육"				,"indsMclsCd" : "R02"				,"indsMclsNm" : "학원-창업취업취미"				,"indsSclsCd" : "R02A09"				,"indsSclsNm" : "학원-시계기술학원"				,"stdrDt" : "2015-12-17"				}				,{				"indsLclsCd" : "R"				,"indsLclsNm" : "학문/교육"				,"indsMclsCd" : "R02"				,"indsMclsNm" : "학원-창업취업취미"				,"indsSclsCd" : "R02A20"				,"indsSclsNm" : "학원-안경기술"				,"stdrDt" : "2015-12-17"				}				,{				"indsLclsCd" : "R"				,"indsLclsNm" : "학문/교육"				,"indsMclsCd" : "R02"				,"indsMclsNm" : "학원-창업취업취미"				,"indsSclsCd" : "R02A33"				,"indsSclsNm" : "학원-애견미용"				,"stdrDt" : "2015-12-17"				}				,{				"indsLclsCd" : "R"				,"indsLclsNm" : "학문/교육"				,"indsMclsCd" : "R02"				,"indsMclsNm" : "학원-창업취업취미"				,"indsSclsCd" : "R02A30"				,"indsSclsNm" : "학원-양재"				,"stdrDt" : "2015-12-17"				}				,{				"indsLclsCd" : "R"				,"indsLclsNm" : "학문/교육"				,"indsMclsCd" : "R02"				,"indsMclsNm" : "학원-창업취업취미"				,"indsSclsCd" : "R02A21"				,"indsSclsNm" : "학원-용접기술"				,"stdrDt" : "2015-12-17"				}				,{				"indsLclsCd" : "R"				,"indsLclsNm" : "학문/교육"				,"indsMclsCd" : "R02"				,"indsMclsNm" : "학원-창업취업취미"				,"indsSclsCd" : "R02A22"				,"indsSclsNm" : "학원-차트"				,"stdrDt" : "2015-12-17"				}				,{				"indsLclsCd" : "R"				,"indsLclsNm" : "학문/교육"				,"indsMclsCd" : "R02"				,"indsMclsNm" : "학원-창업취업취미"				,"indsSclsCd" : "R02A31"				,"indsSclsNm" : "학원-칵테일"				,"stdrDt" : "2015-12-17"				}				,{				"indsLclsCd" : "R"				,"indsLclsNm" : "학문/교육"				,"indsMclsCd" : "R02"				,"indsMclsNm" : "학원-창업취업취미"				,"indsSclsCd" : "R02A37"				,"indsSclsNm" : "학원-캐드"				,"stdrDt" : "2015-12-17"				}				,{				"indsLclsCd" : "R"				,"indsLclsNm" : "학문/교육"				,"indsMclsCd" : "R02"				,"indsMclsNm" : "학원-창업취업취미"				,"indsSclsCd" : "R02A34"				,"indsSclsNm" : "학원-캐디"				,"stdrDt" : "2015-12-17"				}				,{				"indsLclsCd" : "R"				,"indsLclsNm" : "학문/교육"				,"indsMclsCd" : "R02"				,"indsMclsNm" : "학원-창업취업취미"				,"indsSclsCd" : "R02A23"				,"indsSclsNm" : "학원-텔렉스/통신"				,"stdrDt" : "2015-12-17"				}				,{				"indsLclsCd" : "R"				,"indsLclsNm" : "학문/교육"				,"indsMclsCd" : "R02"				,"indsMclsNm" : "학원-창업취업취미"				,"indsSclsCd" : "R02A25"				,"indsSclsNm" : "학원-편물기술"				,"stdrDt" : "2015-12-17"				}				,{				"indsLclsCd" : "R"				,"indsLclsNm" : "학문/교육"				,"indsMclsCd" : "R02"				,"indsMclsNm" : "학원-창업취업취미"				,"indsSclsCd" : "R02A26"				,"indsSclsNm" : "학원-표구기술"				,"stdrDt" : "2015-12-17"				}				,{				"indsLclsCd" : "R"				,"indsLclsNm" : "학문/교육"				,"indsMclsCd" : "R02"				,"indsMclsNm" : "학원-창업취업취미"				,"indsSclsCd" : "R02A27"				,"indsSclsNm" : "학원-피부미용"				,"stdrDt" : "2015-12-17"				}				,{				"indsLclsCd" : "R"				,"indsLclsNm" : "학문/교육"				,"indsMclsCd" : "R02"				,"indsMclsNm" : "학원-창업취업취미"				,"indsSclsCd" : "R02A28"				,"indsSclsNm" : "학원-한복기술"				,"stdrDt" : "2015-12-17"				}			]	}}