{	"header" : {		"description" : "소상공인시장진흥공단 상권정보 업종소분류 코드"		,"columns" : ["상권업종대분류코드","상권업종대분류코드명","상권업종중분류코드","상권업종중분류코드명","상권업종소분류코드","상권업종소분류코드명","데이터기준일자"]		,"resultCode" : "00"		,"resultMsg" : "NORMAL SERVICE"	},	"body" : {			"items" : [				{				"indsLclsCd" : "R"				,"indsLclsNm" : "학문/교육"				,"indsMclsCd" : "R03"				,"indsMclsNm" : "학원-자격/국가고시"				,"indsSclsCd" : "R03A01"				,"indsSclsNm" : "학원-간호조무사"				,"stdrDt" : "2015-12-17"				}				,{				"indsLclsCd" : "R"				,"indsLclsNm" : "학문/교육"				,"indsMclsCd" : "R03"				,"indsMclsNm" : "학원-자격/국가고시"				,"indsSclsCd" : "R03A02"				,"indsSclsNm" : "학원-건축토목기술"				,"stdrDt" : "2015-12-17"				}				,{				"indsLclsCd" : "R"				,"indsLclsNm" : "학문/교육"				,"indsMclsCd" : "R03"				,"indsMclsNm" : "학원-자격/국가고시"				,"indsSclsCd" : "R03A27"				,"indsSclsNm" : "학원-경찰"				,"stdrDt" : "2015-12-17"				}				,{				"indsLclsCd" : "R"				,"indsLclsNm" : "학문/교육"				,"indsMclsCd" : "R03"				,"indsMclsNm" : "학원-자격/국가고시"				,"indsSclsCd" : "R03A03"				,"indsSclsNm" : "학원-공인중개사"				,"stdrDt" : "2015-12-17"				}				,{				"indsLclsCd" : "R"				,"indsLclsNm" : "학문/교육"				,"indsMclsCd" : "R03"				,"indsMclsNm" : "학원-자격/국가고시"				,"indsSclsCd" : "R03A04"				,"indsSclsNm" : "학원-관광통역"				,"stdrDt" : "2015-12-17"				}				,{				"indsLclsCd" : "R"				,"indsLclsNm" : "학문/교육"				,"indsMclsCd" : "R03"				,"indsMclsNm" : "학원-자격/국가고시"				,"indsSclsCd" : "R03A22"				,"indsSclsNm" : "학원-국가고시"				,"stdrDt" : "2015-12-17"				}				,{				"indsLclsCd" : "R"				,"indsLclsNm" : "학문/교육"				,"indsMclsCd" : "R03"				,"indsMclsNm" : "학원-자격/국가고시"				,"indsSclsCd" : "R03A07"				,"indsSclsNm" : "학원-기계/금형기술"				,"stdrDt" : "2015-12-17"				}				,{				"indsLclsCd" : "R"				,"indsLclsNm" : "학문/교육"				,"indsMclsCd" : "R03"				,"indsMclsNm" : "학원-자격/국가고시"				,"indsSclsCd" : "R03A06"				,"indsSclsNm" : "학원-기계고시"				,"stdrDt" : "2015-12-17"				}				,{				"indsLclsCd" : "R"				,"indsLclsNm" : "학문/교육"				,"indsMclsCd" : "R03"				,"indsMclsNm" : "학원-자격/국가고시"				,"indsSclsCd" : "R03A08"				,"indsSclsNm" : "학원-냉동열관리"				,"stdrDt" : "2015-12-17"				}				,{				"indsLclsCd" : "R"				,"indsLclsNm" : "학문/교육"				,"indsMclsCd" : "R03"				,"indsMclsNm" : "학원-자격/국가고시"				,"indsSclsCd" : "R03A09"				,"indsSclsNm" : "학원-도배"				,"stdrDt" : "2015-12-17"				}				,{				"indsLclsCd" : "R"				,"indsLclsNm" : "학문/교육"				,"indsMclsCd" : "R03"				,"indsMclsNm" : "학원-자격/국가고시"				,"indsSclsCd" : "R03A12"				,"indsSclsNm" : "학원-미용"				,"stdrDt" : "2015-12-17"				}				,{				"indsLclsCd" : "R"				,"indsLclsNm" : "학문/교육"				,"indsMclsCd" : "R03"				,"indsMclsNm" : "학원-자격/국가고시"				,"indsSclsCd" : "R03A10"				,"indsSclsNm" : "학원-배관용접"				,"stdrDt" : "2015-12-17"				}				,{				"indsLclsCd" : "R"				,"indsLclsNm" : "학문/교육"				,"indsMclsCd" : "R03"				,"indsMclsNm" : "학원-자격/국가고시"				,"indsSclsCd" : "R03A11"				,"indsSclsNm" : "학원-보석감정"				,"stdrDt" : "2015-12-17"				}				,{				"indsLclsCd" : "R"				,"indsLclsNm" : "학문/교육"				,"indsMclsCd" : "R03"				,"indsMclsNm" : "학원-자격/국가고시"				,"indsSclsCd" : "R03A26"				,"indsSclsNm" : "학원-비파괴"				,"stdrDt" : "2015-12-17"				}				,{				"indsLclsCd" : "R"				,"indsLclsNm" : "학문/교육"				,"indsMclsCd" : "R03"				,"indsMclsNm" : "학원-자격/국가고시"				,"indsSclsCd" : "R03A24"				,"indsSclsNm" : "학원-속기"				,"stdrDt" : "2015-12-17"				}				,{				"indsLclsCd" : "R"				,"indsLclsNm" : "학문/교육"				,"indsMclsCd" : "R03"				,"indsMclsNm" : "학원-자격/국가고시"				,"indsSclsCd" : "R03A25"				,"indsSclsNm" : "학원-이용"				,"stdrDt" : "2015-12-17"				}				,{				"indsLclsCd" : "R"				,"indsLclsNm" : "학문/교육"				,"indsMclsCd" : "R03"				,"indsMclsNm" : "학원-자격/국가고시"				,"indsSclsCd" : "R03A13"				,"indsSclsNm" : "학원-자동차운전"				,"stdrDt" : "2015-12-17"				}				,{				"indsLclsCd" : "R"				,"indsLclsNm" : "학문/교육"				,"indsMclsCd" : "R03"				,"indsMclsNm" : "학원-자격/국가고시"				,"indsSclsCd" : "R03A14"				,"indsSclsNm" : "학원-자동차정비"				,"stdrDt" : "2015-12-17"				}				,{				"indsLclsCd" : "R"				,"indsLclsNm" : "학문/교육"				,"indsMclsCd" : "R03"				,"indsMclsNm" : "학원-자격/국가고시"				,"indsSclsCd" : "R03A15"				,"indsSclsNm" : "학원-전기기술"				,"stdrDt" : "2015-12-17"				}				,{				"indsLclsCd" : "R"				,"indsLclsNm" : "학문/교육"				,"indsMclsCd" : "R03"				,"indsMclsNm" : "학원-자격/국가고시"				,"indsSclsCd" : "R03A23"				,"indsSclsNm" : "학원-전자기술"				,"stdrDt" : "2015-12-17"				}				,{				"indsLclsCd" : "R"				,"indsLclsNm" : "학문/교육"				,"indsMclsCd" : "R03"				,"indsMclsNm" : "학원-자격/국가고시"				,"indsSclsCd" : "R03A16"				,"indsSclsNm" : "학원-전자통신"				,"stdrDt" : "2015-12-17"				}				,{				"indsLclsCd" : "R"				,"indsLclsNm" : "학문/교육"				,"indsMclsCd" : "R03"				,"indsMclsNm" : "학원-자격/국가고시"				,"indsSclsCd" : "R03A17"				,"indsSclsNm" : "학원-제과기술"				,"stdrDt" : "2015-12-17"				}				,{				"indsLclsCd" : "R"				,"indsLclsNm" : "학문/교육"				,"indsMclsCd" : "R03"				,"indsMclsNm" : "학원-자격/국가고시"				,"indsSclsCd" : "R03A18"				,"indsSclsNm" : "학원-중장비"				,"stdrDt" : "2015-12-17"				}				,{				"indsLclsCd" : "R"				,"indsLclsNm" : "학문/교육"				,"indsMclsCd" : "R03"				,"indsMclsNm" : "학원-자격/국가고시"				,"indsSclsCd" : "R03A19"				,"indsSclsNm" : "학원-품질관리"				,"stdrDt" : "2015-12-17"				}				,{				"indsLclsCd" : "R"				,"indsLclsNm" : "학문/교육"				,"indsMclsCd" : "R03"				,"indsMclsNm" : "학원-자격/국가고시"				,"indsSclsCd" : "R03A20"				,"indsSclsNm" : "학원-항공기술"				,"stdrDt" : "2015-12-17"				}				,{				"indsLclsCd" : "R"				,"indsLclsNm" : "학문/교육"				,"indsMclsCd" : "R03"				,"indsMclsNm" : "학원-자격/국가고시"				,"indsSclsCd" : "R03A21"				,"indsSclsNm" : "학원-환경기사"				,"stdrDt" : "2015-12-17"				}				,{				"indsLclsCd" : "R"				,"indsLclsNm" : "학문/교육"				,"indsMclsCd" : "R03"				,"indsMclsNm" : "학원-자격/국가고시"				,"indsSclsCd" : "R03A05"				,"indsSclsNm" : "학원/국가고시"				,"stdrDt" : "2015-12-17"				}			]	}}