{	"header" : {		"description" : "소상공인시장진흥공단 상권정보 업종소분류 코드"		,"columns" : ["상권업종대분류코드","상권업종대분류코드명","상권업종중분류코드","상권업종중분류코드명","상권업종소분류코드","상권업종소분류코드명","데이터기준일자"]		,"resultCode" : "00"		,"resultMsg" : "NORMAL SERVICE"	},	"body" : {			"items" : [				{				"indsLclsCd" : "R"				,"indsLclsNm" : "학문/교육"				,"indsMclsCd" : "R05"				,"indsMclsNm" : "학원-음악미술무용"				,"indsSclsCd" : "R05A01"				,"indsSclsNm" : "서예/서화/미술"				,"stdrDt" : "2015-12-17"				}				,{				"indsLclsCd" : "R"				,"indsLclsNm" : "학문/교육"				,"indsMclsCd" : "R05"				,"indsMclsNm" : "학원-음악미술무용"				,"indsSclsCd" : "R05A02"				,"indsSclsNm" : "피아노/바이올린/기타"				,"stdrDt" : "2015-12-17"				}				,{				"indsLclsCd" : "R"				,"indsLclsNm" : "학문/교육"				,"indsMclsCd" : "R05"				,"indsMclsNm" : "학원-음악미술무용"				,"indsSclsCd" : "R05A06"				,"indsSclsNm" : "학원-국악"				,"stdrDt" : "2015-12-17"				}				,{				"indsLclsCd" : "R"				,"indsLclsNm" : "학문/교육"				,"indsMclsCd" : "R05"				,"indsMclsNm" : "학원-음악미술무용"				,"indsSclsCd" : "R05A05"				,"indsSclsNm" : "학원-무용"				,"stdrDt" : "2015-12-17"				}			]	}}