{	"header" : {		"description" : "소상공인시장진흥공단 상권정보 업종소분류 코드"		,"columns" : ["상권업종대분류코드","상권업종대분류코드명","상권업종중분류코드","상권업종중분류코드명","상권업종소분류코드","상권업종소분류코드명","데이터기준일자"]		,"resultCode" : "00"		,"resultMsg" : "NORMAL SERVICE"	},	"body" : {			"items" : [				{				"indsLclsCd" : "R"				,"indsLclsNm" : "학문/교육"				,"indsMclsCd" : "R07"				,"indsMclsNm" : "학원-예능취미체육"				,"indsSclsCd" : "R07A22"				,"indsSclsNm" : "검도도장"				,"stdrDt" : "2015-12-17"				}				,{				"indsLclsCd" : "R"				,"indsLclsNm" : "학문/교육"				,"indsMclsCd" : "R07"				,"indsMclsNm" : "학원-예능취미체육"				,"indsSclsCd" : "R07A24"				,"indsSclsNm" : "레크레이션지도/상담"				,"stdrDt" : "2015-12-17"				}				,{				"indsLclsCd" : "R"				,"indsLclsNm" : "학문/교육"				,"indsMclsCd" : "R07"				,"indsMclsNm" : "학원-예능취미체육"				,"indsSclsCd" : "R07A23"				,"indsSclsNm" : "유도장"				,"stdrDt" : "2015-12-17"				}				,{				"indsLclsCd" : "R"				,"indsLclsNm" : "학문/교육"				,"indsMclsCd" : "R07"				,"indsMclsNm" : "학원-예능취미체육"				,"indsSclsCd" : "R07A20"				,"indsSclsNm" : "태권도장"				,"stdrDt" : "2015-12-17"				}				,{				"indsLclsCd" : "R"				,"indsLclsNm" : "학문/교육"				,"indsMclsCd" : "R07"				,"indsMclsNm" : "학원-예능취미체육"				,"indsSclsCd" : "R07A01"				,"indsSclsNm" : "학원-가요"				,"stdrDt" : "2015-12-17"				}				,{				"indsLclsCd" : "R"				,"indsLclsNm" : "학문/교육"				,"indsMclsCd" : "R07"				,"indsMclsNm" : "학원-예능취미체육"				,"indsSclsCd" : "R07A02"				,"indsSclsNm" : "학원-기억법"				,"stdrDt" : "2015-12-17"				}				,{				"indsLclsCd" : "R"				,"indsLclsNm" : "학문/교육"				,"indsMclsCd" : "R07"				,"indsMclsNm" : "학원-예능취미체육"				,"indsSclsCd" : "R07A03"				,"indsSclsNm" : "학원-꽃꽃이"				,"stdrDt" : "2015-12-17"				}				,{				"indsLclsCd" : "R"				,"indsLclsNm" : "학문/교육"				,"indsMclsCd" : "R07"				,"indsMclsNm" : "학원-예능취미체육"				,"indsSclsCd" : "R07A05"				,"indsSclsNm" : "학원-레크리에이션"				,"stdrDt" : "2015-12-17"				}				,{				"indsLclsCd" : "R"				,"indsLclsNm" : "학문/교육"				,"indsMclsCd" : "R07"				,"indsMclsNm" : "학원-예능취미체육"				,"indsSclsCd" : "R07A18"				,"indsSclsNm" : "학원-마술"				,"stdrDt" : "2015-12-17"				}				,{				"indsLclsCd" : "R"				,"indsLclsNm" : "학문/교육"				,"indsMclsCd" : "R07"				,"indsMclsNm" : "학원-예능취미체육"				,"indsSclsCd" : "R07A16"				,"indsSclsNm" : "학원-바둑"				,"stdrDt" : "2015-12-17"				}				,{				"indsLclsCd" : "R"				,"indsLclsNm" : "학문/교육"				,"indsMclsCd" : "R07"				,"indsMclsNm" : "학원-예능취미체육"				,"indsSclsCd" : "R07A06"				,"indsSclsNm" : "학원-배우/탤런트"				,"stdrDt" : "2015-12-17"				}				,{				"indsLclsCd" : "R"				,"indsLclsNm" : "학문/교육"				,"indsMclsCd" : "R07"				,"indsMclsNm" : "학원-예능취미체육"				,"indsSclsCd" : "R07A07"				,"indsSclsNm" : "학원-사교춤"				,"stdrDt" : "2015-12-17"				}				,{				"indsLclsCd" : "R"				,"indsLclsNm" : "학문/교육"				,"indsMclsCd" : "R07"				,"indsMclsNm" : "학원-예능취미체육"				,"indsSclsCd" : "R07A08"				,"indsSclsNm" : "학원-사진"				,"stdrDt" : "2015-12-17"				}				,{				"indsLclsCd" : "R"				,"indsLclsNm" : "학문/교육"				,"indsMclsCd" : "R07"				,"indsMclsNm" : "학원-예능취미체육"				,"indsSclsCd" : "R07A19"				,"indsSclsNm" : "학원-서당"				,"stdrDt" : "2015-12-17"				}				,{				"indsLclsCd" : "R"				,"indsLclsNm" : "학문/교육"				,"indsMclsCd" : "R07"				,"indsMclsNm" : "학원-예능취미체육"				,"indsSclsCd" : "R07A17"				,"indsSclsNm" : "학원-스포츠/재즈댄스"				,"stdrDt" : "2015-12-17"				}				,{				"indsLclsCd" : "R"				,"indsLclsNm" : "학문/교육"				,"indsMclsCd" : "R07"				,"indsMclsNm" : "학원-예능취미체육"				,"indsSclsCd" : "R07A09"				,"indsSclsNm" : "학원-아트플라워"				,"stdrDt" : "2015-12-17"				}				,{				"indsLclsCd" : "R"				,"indsLclsNm" : "학문/교육"				,"indsMclsCd" : "R07"				,"indsMclsNm" : "학원-예능취미체육"				,"indsSclsCd" : "R07A14"				,"indsSclsNm" : "학원-에어로빅"				,"stdrDt" : "2015-12-17"				}				,{				"indsLclsCd" : "R"				,"indsLclsNm" : "학문/교육"				,"indsMclsCd" : "R07"				,"indsMclsNm" : "학원-예능취미체육"				,"indsSclsCd" : "R07A10"				,"indsSclsNm" : "학원-요리"				,"stdrDt" : "2015-12-17"				}				,{				"indsLclsCd" : "R"				,"indsLclsNm" : "학문/교육"				,"indsMclsCd" : "R07"				,"indsMclsNm" : "학원-예능취미체육"				,"indsSclsCd" : "R07A15"				,"indsSclsNm" : "학원-웅변"				,"stdrDt" : "2015-12-17"				}				,{				"indsLclsCd" : "R"				,"indsLclsNm" : "학문/교육"				,"indsMclsCd" : "R07"				,"indsMclsNm" : "학원-예능취미체육"				,"indsSclsCd" : "R07A04"				,"indsSclsNm" : "학원-자수/동양자수"				,"stdrDt" : "2015-12-17"				}				,{				"indsLclsCd" : "R"				,"indsLclsNm" : "학문/교육"				,"indsMclsCd" : "R07"				,"indsMclsNm" : "학원-예능취미체육"				,"indsSclsCd" : "R07A11"				,"indsSclsNm" : "학원-주산암산부기속셈"				,"stdrDt" : "2015-12-17"				}				,{				"indsLclsCd" : "R"				,"indsLclsNm" : "학문/교육"				,"indsMclsCd" : "R07"				,"indsMclsNm" : "학원-예능취미체육"				,"indsSclsCd" : "R07A12"				,"indsSclsNm" : "학원-지점토"				,"stdrDt" : "2015-12-17"				}				,{				"indsLclsCd" : "R"				,"indsLclsNm" : "학문/교육"				,"indsMclsCd" : "R07"				,"indsMclsNm" : "학원-예능취미체육"				,"indsSclsCd" : "R07A13"				,"indsSclsNm" : "학원-펜글씨/한문"				,"stdrDt" : "2015-12-17"				}				,{				"indsLclsCd" : "R"				,"indsLclsNm" : "학문/교육"				,"indsMclsCd" : "R07"				,"indsMclsNm" : "학원-예능취미체육"				,"indsSclsCd" : "R07A21"				,"indsSclsNm" : "합기도장"				,"stdrDt" : "2015-12-17"				}			]	}}