{	"header" : {		"description" : "소상공인시장진흥공단 상권정보 업종소분류 코드"		,"columns" : ["상권업종대분류코드","상권업종대분류코드명","상권업종중분류코드","상권업종중분류코드명","상권업종소분류코드","상권업종소분류코드명","데이터기준일자"]		,"resultCode" : "00"		,"resultMsg" : "NORMAL SERVICE"	},	"body" : {			"items" : [				{				"indsLclsCd" : "R"				,"indsLclsNm" : "학문/교육"				,"indsMclsCd" : "R08"				,"indsMclsNm" : "유아교육"				,"indsSclsCd" : "R08A01"				,"indsSclsNm" : "놀이방"				,"stdrDt" : "2015-12-17"				}				,{				"indsLclsCd" : "R"				,"indsLclsNm" : "학문/교육"				,"indsMclsCd" : "R08"				,"indsMclsNm" : "유아교육"				,"indsSclsCd" : "R08A06"				,"indsSclsNm" : "동화구연"				,"stdrDt" : "2015-12-17"				}				,{				"indsLclsCd" : "R"				,"indsLclsNm" : "학문/교육"				,"indsMclsCd" : "R08"				,"indsMclsNm" : "유아교육"				,"indsSclsCd" : "R08A05"				,"indsSclsNm" : "블럭놀이방"				,"stdrDt" : "2015-12-17"				}				,{				"indsLclsCd" : "R"				,"indsLclsNm" : "학문/교육"				,"indsMclsCd" : "R08"				,"indsMclsNm" : "유아교육"				,"indsSclsCd" : "R08A04"				,"indsSclsNm" : "실내놀이터-유아"				,"stdrDt" : "2015-12-17"				}				,{				"indsLclsCd" : "R"				,"indsLclsNm" : "학문/교육"				,"indsMclsCd" : "R08"				,"indsMclsNm" : "유아교육"				,"indsSclsCd" : "R08A02"				,"indsSclsNm" : "어린이집"				,"stdrDt" : "2015-12-17"				}				,{				"indsLclsCd" : "R"				,"indsLclsNm" : "학문/교육"				,"indsMclsCd" : "R08"				,"indsMclsNm" : "유아교육"				,"indsSclsCd" : "R08A07"				,"indsSclsNm" : "유아교육기관기타"				,"stdrDt" : "2015-12-17"				}				,{				"indsLclsCd" : "R"				,"indsLclsNm" : "학문/교육"				,"indsMclsCd" : "R08"				,"indsMclsNm" : "유아교육"				,"indsSclsCd" : "R08A03"				,"indsSclsNm" : "유치원"				,"stdrDt" : "2015-12-17"				}			]	}}