{	"header" : {		"description" : "소상공인시장진흥공단 상권정보 업종소분류 코드"		,"columns" : ["상권업종대분류코드","상권업종대분류코드명","상권업종중분류코드","상권업종중분류코드명","상권업종소분류코드","상권업종소분류코드명","데이터기준일자"]		,"resultCode" : "00"		,"resultMsg" : "NORMAL SERVICE"	},	"body" : {			"items" : [				{				"indsLclsCd" : "R"				,"indsLclsNm" : "학문/교육"				,"indsMclsCd" : "R09"				,"indsMclsNm" : "학원기타"				,"indsSclsCd" : "R09A10"				,"indsSclsNm" : "비행훈련원"				,"stdrDt" : "2015-12-17"				}				,{				"indsLclsCd" : "R"				,"indsLclsNm" : "학문/교육"				,"indsMclsCd" : "R09"				,"indsMclsNm" : "학원기타"				,"indsSclsCd" : "R09A08"				,"indsSclsNm" : "예절지도"				,"stdrDt" : "2015-12-17"				}				,{				"indsLclsCd" : "R"				,"indsLclsNm" : "학문/교육"				,"indsMclsCd" : "R09"				,"indsMclsNm" : "학원기타"				,"indsSclsCd" : "R09A03"				,"indsSclsNm" : "운전연수전문"				,"stdrDt" : "2015-12-17"				}				,{				"indsLclsCd" : "R"				,"indsLclsNm" : "학문/교육"				,"indsMclsCd" : "R09"				,"indsMclsNm" : "학원기타"				,"indsSclsCd" : "R09A01"				,"indsSclsNm" : "학원(종합)"				,"stdrDt" : "2015-12-17"				}				,{				"indsLclsCd" : "R"				,"indsLclsNm" : "학문/교육"				,"indsMclsCd" : "R09"				,"indsMclsNm" : "학원기타"				,"indsSclsCd" : "R09A11"				,"indsSclsNm" : "학원-기타"				,"stdrDt" : "2015-12-17"				}				,{				"indsLclsCd" : "R"				,"indsLclsNm" : "학문/교육"				,"indsMclsCd" : "R09"				,"indsMclsNm" : "학원기타"				,"indsSclsCd" : "R09A09"				,"indsSclsNm" : "학원-말더듬"				,"stdrDt" : "2015-12-17"				}				,{				"indsLclsCd" : "R"				,"indsLclsNm" : "학문/교육"				,"indsMclsCd" : "R09"				,"indsMclsNm" : "학원기타"				,"indsSclsCd" : "R09A02"				,"indsSclsNm" : "학원-모델"				,"stdrDt" : "2015-12-17"				}				,{				"indsLclsCd" : "R"				,"indsLclsNm" : "학문/교육"				,"indsMclsCd" : "R09"				,"indsMclsNm" : "학원기타"				,"indsSclsCd" : "R09A04"				,"indsSclsNm" : "학원-실내운전"				,"stdrDt" : "2015-12-17"				}				,{				"indsLclsCd" : "R"				,"indsLclsNm" : "학문/교육"				,"indsMclsCd" : "R09"				,"indsMclsNm" : "학원기타"				,"indsSclsCd" : "R09A07"				,"indsSclsNm" : "학원-심리변론"				,"stdrDt" : "2015-12-17"				}				,{				"indsLclsCd" : "R"				,"indsLclsNm" : "학문/교육"				,"indsMclsCd" : "R09"				,"indsMclsNm" : "학원기타"				,"indsSclsCd" : "R09A05"				,"indsSclsNm" : "학원-역학"				,"stdrDt" : "2015-12-17"				}				,{				"indsLclsCd" : "R"				,"indsLclsNm" : "학문/교육"				,"indsMclsCd" : "R09"				,"indsMclsNm" : "학원기타"				,"indsSclsCd" : "R09A06"				,"indsSclsNm" : "학원-침술"				,"stdrDt" : "2015-12-17"				}			]	}}