{	"header" : {		"description" : "소상공인시장진흥공단 상권정보 업종중분류 코드"		,"columns" : ["상권업종대분류코드","상권업종대분류코드명","상권업종중분류코드","상권업종중분류코드명","데이터기준일자"]		,"resultCode" : "00"		,"resultMsg" : "NORMAL SERVICE"	},	"body" : {			"items" : [				{				"indsLclsCd" : "R1"				,"indsLclsNm" : "예술, 스포츠, 여가"				,"indsMclsCd" : "R102"				,"indsMclsNm" : "도서관, 사적지"				,"stdrDt" : "2023-02-28"				}				,{				"indsLclsCd" : "R1"				,"indsLclsNm" : "예술, 스포츠, 여가"				,"indsMclsCd" : "R103"				,"indsMclsNm" : "스포츠 서비스"				,"stdrDt" : "2023-02-28"				}				,{				"indsLclsCd" : "R1"				,"indsLclsNm" : "예술, 스포츠, 여가"				,"indsMclsCd" : "R104"				,"indsMclsNm" : "유원지, 오락"				,"stdrDt" : "2023-02-28"				}				,{				"indsLclsCd" : "R1"				,"indsLclsNm" : "예술, 스포츠, 여가"				,"indsMclsCd" : "R101"				,"indsMclsNm" : "창작, 예술"				,"stdrDt" : "2023-02-28"				}			]	}}