{	"header" : {		"description" : "소상공인시장진흥공단 상권정보 업종소분류 코드"		,"columns" : ["상권업종대분류코드","상권업종대분류코드명","상권업종중분류코드","상권업종중분류코드명","상권업종소분류코드","상권업종소분류코드명","데이터기준일자"]		,"resultCode" : "00"		,"resultMsg" : "NORMAL SERVICE"	},	"body" : {			"items" : [				{				"indsLclsCd" : "R"				,"indsLclsNm" : "학문/교육"				,"indsMclsCd" : "R10"				,"indsMclsNm" : "도서관/독서실"				,"indsSclsCd" : "R10A02"				,"indsSclsNm" : "고시원"				,"stdrDt" : "2015-12-17"				}				,{				"indsLclsCd" : "R"				,"indsLclsNm" : "학문/교육"				,"indsMclsCd" : "R10"				,"indsMclsNm" : "도서관/독서실"				,"indsSclsCd" : "R10B06"				,"indsSclsNm" : "국립중앙도서관"				,"stdrDt" : "2015-12-17"				}				,{				"indsLclsCd" : "R"				,"indsLclsNm" : "학문/교육"				,"indsMclsCd" : "R10"				,"indsMclsNm" : "도서관/독서실"				,"indsSclsCd" : "R10B07"				,"indsSclsNm" : "국회도서관"				,"stdrDt" : "2015-12-17"				}				,{				"indsLclsCd" : "R"				,"indsLclsNm" : "학문/교육"				,"indsMclsCd" : "R10"				,"indsMclsNm" : "도서관/독서실"				,"indsSclsCd" : "R10B10"				,"indsSclsNm" : "기록보존업"				,"stdrDt" : "2015-12-17"				}				,{				"indsLclsCd" : "R"				,"indsLclsNm" : "학문/교육"				,"indsMclsCd" : "R10"				,"indsMclsNm" : "도서관/독서실"				,"indsSclsCd" : "R10B05"				,"indsSclsNm" : "도서관"				,"stdrDt" : "2015-12-17"				}				,{				"indsLclsCd" : "R"				,"indsLclsNm" : "학문/교육"				,"indsMclsCd" : "R10"				,"indsMclsNm" : "도서관/독서실"				,"indsSclsCd" : "R10B04"				,"indsSclsNm" : "도서관/독서실/기록보존"				,"stdrDt" : "2015-12-17"				}				,{				"indsLclsCd" : "R"				,"indsLclsNm" : "학문/교육"				,"indsMclsCd" : "R10"				,"indsMclsNm" : "도서관/독서실"				,"indsSclsCd" : "R10A01"				,"indsSclsNm" : "독서실"				,"stdrDt" : "2015-12-17"				}				,{				"indsLclsCd" : "R"				,"indsLclsNm" : "학문/교육"				,"indsMclsCd" : "R10"				,"indsMclsNm" : "도서관/독서실"				,"indsSclsCd" : "R10A03"				,"indsSclsNm" : "이동도서관운영"				,"stdrDt" : "2015-12-17"				}			]	}}