{	"header" : {		"description" : "소상공인시장진흥공단 상권정보 업종소분류 코드"		,"columns" : ["상권업종대분류코드","상권업종대분류코드명","상권업종중분류코드","상권업종중분류코드명","상권업종소분류코드","상권업종소분류코드명","데이터기준일자"]		,"resultCode" : "00"		,"resultMsg" : "NORMAL SERVICE"	},	"body" : {			"items" : [				{				"indsLclsCd" : "R1"				,"indsLclsNm" : "예술, 스포츠, 여가"				,"indsMclsCd" : "R101"				,"indsMclsNm" : "창작, 예술"				,"indsSclsCd" : "R10107"				,"indsSclsNm" : "공연 기획업"				,"stdrDt" : "2023-02-28"				}				,{				"indsLclsCd" : "R1"				,"indsLclsNm" : "예술, 스포츠, 여가"				,"indsMclsCd" : "R101"				,"indsMclsNm" : "창작, 예술"				,"indsSclsCd" : "R10108"				,"indsSclsNm" : "공연 및 제작관련 대리업"				,"stdrDt" : "2023-02-28"				}				,{				"indsLclsCd" : "R1"				,"indsLclsNm" : "예술, 스포츠, 여가"				,"indsMclsCd" : "R101"				,"indsMclsNm" : "창작, 예술"				,"indsSclsCd" : "R10105"				,"indsSclsNm" : "공연 예술가"				,"stdrDt" : "2023-02-28"				}				,{				"indsLclsCd" : "R1"				,"indsLclsNm" : "예술, 스포츠, 여가"				,"indsMclsCd" : "R101"				,"indsMclsNm" : "창작, 예술"				,"indsSclsCd" : "R10101"				,"indsSclsNm" : "공연시설 운영업"				,"stdrDt" : "2023-02-28"				}				,{				"indsLclsCd" : "R1"				,"indsLclsNm" : "예술, 스포츠, 여가"				,"indsMclsCd" : "R101"				,"indsMclsNm" : "창작, 예술"				,"indsSclsCd" : "R10109"				,"indsSclsNm" : "그 외 기타 창작 및 예술관련 서비스업"				,"stdrDt" : "2023-02-28"				}				,{				"indsLclsCd" : "R1"				,"indsLclsNm" : "예술, 스포츠, 여가"				,"indsMclsCd" : "R101"				,"indsMclsNm" : "창작, 예술"				,"indsSclsCd" : "R10199"				,"indsSclsNm" : "그 외 기타 창작 및 예술관련 서비스업(인적용역)"				,"stdrDt" : "2023-02-28"				}				,{				"indsLclsCd" : "R1"				,"indsLclsNm" : "예술, 스포츠, 여가"				,"indsMclsCd" : "R101"				,"indsMclsNm" : "창작, 예술"				,"indsSclsCd" : "R10104"				,"indsSclsNm" : "기타 공연단체"				,"stdrDt" : "2023-02-28"				}				,{				"indsLclsCd" : "R1"				,"indsLclsNm" : "예술, 스포츠, 여가"				,"indsMclsCd" : "R101"				,"indsMclsNm" : "창작, 예술"				,"indsSclsCd" : "R10103"				,"indsSclsNm" : "무용 및 음악단체"				,"stdrDt" : "2023-02-28"				}				,{				"indsLclsCd" : "R1"				,"indsLclsNm" : "예술, 스포츠, 여가"				,"indsMclsCd" : "R101"				,"indsMclsNm" : "창작, 예술"				,"indsSclsCd" : "R10106"				,"indsSclsNm" : "비공연 예술가"				,"stdrDt" : "2023-02-28"				}				,{				"indsLclsCd" : "R1"				,"indsLclsNm" : "예술, 스포츠, 여가"				,"indsMclsCd" : "R101"				,"indsMclsNm" : "창작, 예술"				,"indsSclsCd" : "R10102"				,"indsSclsNm" : "연극단체"				,"stdrDt" : "2023-02-28"				}			]	}}