{	"header" : {		"description" : "소상공인시장진흥공단 상권정보 업종소분류 코드"		,"columns" : ["상권업종대분류코드","상권업종대분류코드명","상권업종중분류코드","상권업종중분류코드명","상권업종소분류코드","상권업종소분류코드명","데이터기준일자"]		,"resultCode" : "00"		,"resultMsg" : "NORMAL SERVICE"	},	"body" : {			"items" : [				{				"indsLclsCd" : "R1"				,"indsLclsNm" : "예술, 스포츠, 여가"				,"indsMclsCd" : "R102"				,"indsMclsNm" : "도서관, 사적지"				,"indsSclsCd" : "R10299"				,"indsSclsNm" : "기타 여가 서비스"				,"stdrDt" : "2023-02-28"				}				,{				"indsLclsCd" : "R1"				,"indsLclsNm" : "예술, 스포츠, 여가"				,"indsMclsCd" : "R102"				,"indsMclsNm" : "도서관, 사적지"				,"indsSclsCd" : "R10201"				,"indsSclsNm" : "도서관/기록 보존소 운영업"				,"stdrDt" : "2023-02-28"				}				,{				"indsLclsCd" : "R1"				,"indsLclsNm" : "예술, 스포츠, 여가"				,"indsMclsCd" : "R102"				,"indsMclsNm" : "도서관, 사적지"				,"indsSclsCd" : "R10202"				,"indsSclsNm" : "독서실/스터디 카페"				,"stdrDt" : "2023-02-28"				}				,{				"indsLclsCd" : "R1"				,"indsLclsNm" : "예술, 스포츠, 여가"				,"indsMclsCd" : "R102"				,"indsMclsNm" : "도서관, 사적지"				,"indsSclsCd" : "R10203"				,"indsSclsNm" : "박물관"				,"stdrDt" : "2023-02-28"				}				,{				"indsLclsCd" : "R1"				,"indsLclsNm" : "예술, 스포츠, 여가"				,"indsMclsCd" : "R102"				,"indsMclsNm" : "도서관, 사적지"				,"indsSclsCd" : "R10204"				,"indsSclsNm" : "사적지 관리 운영업"				,"stdrDt" : "2023-02-28"				}				,{				"indsLclsCd" : "R1"				,"indsLclsNm" : "예술, 스포츠, 여가"				,"indsMclsCd" : "R102"				,"indsMclsNm" : "도서관, 사적지"				,"indsSclsCd" : "R10205"				,"indsSclsNm" : "식물원/동물원"				,"stdrDt" : "2023-02-28"				}				,{				"indsLclsCd" : "R1"				,"indsLclsNm" : "예술, 스포츠, 여가"				,"indsMclsCd" : "R102"				,"indsMclsNm" : "도서관, 사적지"				,"indsSclsCd" : "R10206"				,"indsSclsNm" : "자연공원 운영업"				,"stdrDt" : "2023-02-28"				}			]	}}