{	"header" : {		"description" : "소상공인시장진흥공단 상권정보 업종소분류 코드"		,"columns" : ["상권업종대분류코드","상권업종대분류코드명","상권업종중분류코드","상권업종중분류코드명","상권업종소분류코드","상권업종소분류코드명","데이터기준일자"]		,"resultCode" : "00"		,"resultMsg" : "NORMAL SERVICE"	},	"body" : {			"items" : [				{				"indsLclsCd" : "R1"				,"indsLclsNm" : "예술, 스포츠, 여가"				,"indsMclsCd" : "R103"				,"indsMclsNm" : "스포츠 서비스"				,"indsSclsCd" : "R10303"				,"indsSclsNm" : "경주장/동물 경기장"				,"stdrDt" : "2023-02-28"				}				,{				"indsLclsCd" : "R1"				,"indsLclsNm" : "예술, 스포츠, 여가"				,"indsMclsCd" : "R103"				,"indsMclsNm" : "스포츠 서비스"				,"indsSclsCd" : "R10311"				,"indsSclsNm" : "골프 연습장"				,"stdrDt" : "2023-02-28"				}				,{				"indsLclsCd" : "R1"				,"indsLclsNm" : "예술, 스포츠, 여가"				,"indsMclsCd" : "R103"				,"indsMclsNm" : "스포츠 서비스"				,"indsSclsCd" : "R10304"				,"indsSclsNm" : "골프장"				,"stdrDt" : "2023-02-28"				}				,{				"indsLclsCd" : "R1"				,"indsLclsNm" : "예술, 스포츠, 여가"				,"indsMclsCd" : "R103"				,"indsMclsNm" : "스포츠 서비스"				,"indsSclsCd" : "R10318"				,"indsSclsNm" : "기타 스포츠 서비스업"				,"stdrDt" : "2023-02-28"				}				,{				"indsLclsCd" : "R1"				,"indsLclsNm" : "예술, 스포츠, 여가"				,"indsMclsCd" : "R103"				,"indsMclsNm" : "스포츠 서비스"				,"indsSclsCd" : "R10399"				,"indsSclsNm" : "기타 스포츠 서비스업(인적용역)"				,"stdrDt" : "2023-02-28"				}				,{				"indsLclsCd" : "R1"				,"indsLclsNm" : "예술, 스포츠, 여가"				,"indsMclsCd" : "R103"				,"indsMclsNm" : "스포츠 서비스"				,"indsSclsCd" : "R10314"				,"indsSclsNm" : "기타 스포츠시설 운영업"				,"stdrDt" : "2023-02-28"				}				,{				"indsLclsCd" : "R1"				,"indsLclsNm" : "예술, 스포츠, 여가"				,"indsMclsCd" : "R103"				,"indsMclsNm" : "스포츠 서비스"				,"indsSclsCd" : "R10315"				,"indsSclsNm" : "눈썰매장"				,"stdrDt" : "2023-02-28"				}				,{				"indsLclsCd" : "R1"				,"indsLclsNm" : "예술, 스포츠, 여가"				,"indsMclsCd" : "R103"				,"indsMclsNm" : "스포츠 서비스"				,"indsSclsCd" : "R10310"				,"indsSclsNm" : "당구장"				,"stdrDt" : "2023-02-28"				}				,{				"indsLclsCd" : "R1"				,"indsLclsNm" : "예술, 스포츠, 여가"				,"indsMclsCd" : "R103"				,"indsMclsNm" : "스포츠 서비스"				,"indsSclsCd" : "R10309"				,"indsSclsNm" : "볼링장"				,"stdrDt" : "2023-02-28"				}				,{				"indsLclsCd" : "R1"				,"indsLclsNm" : "예술, 스포츠, 여가"				,"indsMclsCd" : "R103"				,"indsMclsNm" : "스포츠 서비스"				,"indsSclsCd" : "R10308"				,"indsSclsNm" : "수영장"				,"stdrDt" : "2023-02-28"				}				,{				"indsLclsCd" : "R1"				,"indsLclsNm" : "예술, 스포츠, 여가"				,"indsMclsCd" : "R103"				,"indsMclsNm" : "스포츠 서비스"				,"indsSclsCd" : "R10316"				,"indsSclsNm" : "스쿼시/라켓볼장"				,"stdrDt" : "2023-02-28"				}				,{				"indsLclsCd" : "R1"				,"indsLclsNm" : "예술, 스포츠, 여가"				,"indsMclsCd" : "R103"				,"indsMclsNm" : "스포츠 서비스"				,"indsSclsCd" : "R10305"				,"indsSclsNm" : "스키장"				,"stdrDt" : "2023-02-28"				}				,{				"indsLclsCd" : "R1"				,"indsLclsNm" : "예술, 스포츠, 여가"				,"indsMclsCd" : "R103"				,"indsMclsNm" : "스포츠 서비스"				,"indsSclsCd" : "R10317"				,"indsSclsNm" : "스포츠 클럽 운영업"				,"stdrDt" : "2023-02-28"				}				,{				"indsLclsCd" : "R1"				,"indsLclsNm" : "예술, 스포츠, 여가"				,"indsMclsCd" : "R103"				,"indsMclsNm" : "스포츠 서비스"				,"indsSclsCd" : "R10301"				,"indsSclsNm" : "실내 경기장"				,"stdrDt" : "2023-02-28"				}				,{				"indsLclsCd" : "R1"				,"indsLclsNm" : "예술, 스포츠, 여가"				,"indsMclsCd" : "R103"				,"indsMclsNm" : "스포츠 서비스"				,"indsSclsCd" : "R10302"				,"indsSclsNm" : "실외 경기장"				,"stdrDt" : "2023-02-28"				}				,{				"indsLclsCd" : "R1"				,"indsLclsNm" : "예술, 스포츠, 여가"				,"indsMclsCd" : "R103"				,"indsMclsNm" : "스포츠 서비스"				,"indsSclsCd" : "R10306"				,"indsSclsNm" : "종합 스포츠시설"				,"stdrDt" : "2023-02-28"				}				,{				"indsLclsCd" : "R1"				,"indsLclsNm" : "예술, 스포츠, 여가"				,"indsMclsCd" : "R103"				,"indsMclsNm" : "스포츠 서비스"				,"indsSclsCd" : "R10313"				,"indsSclsNm" : "탁구장"				,"stdrDt" : "2023-02-28"				}				,{				"indsLclsCd" : "R1"				,"indsLclsNm" : "예술, 스포츠, 여가"				,"indsMclsCd" : "R103"				,"indsMclsNm" : "스포츠 서비스"				,"indsSclsCd" : "R10312"				,"indsSclsNm" : "테니스장"				,"stdrDt" : "2023-02-28"				}				,{				"indsLclsCd" : "R1"				,"indsLclsNm" : "예술, 스포츠, 여가"				,"indsMclsCd" : "R103"				,"indsMclsNm" : "스포츠 서비스"				,"indsSclsCd" : "R10307"				,"indsSclsNm" : "헬스장"				,"stdrDt" : "2023-02-28"				}			]	}}