{	"header" : {		"description" : "소상공인시장진흥공단 상권정보 업종소분류 코드"		,"columns" : ["상권업종대분류코드","상권업종대분류코드명","상권업종중분류코드","상권업종중분류코드명","상권업종소분류코드","상권업종소분류코드명","데이터기준일자"]		,"resultCode" : "00"		,"resultMsg" : "NORMAL SERVICE"	},	"body" : {			"items" : [				{				"indsLclsCd" : "R1"				,"indsLclsNm" : "예술, 스포츠, 여가"				,"indsMclsCd" : "R104"				,"indsMclsNm" : "유원지, 오락"				,"indsSclsCd" : "R10406"				,"indsSclsNm" : "PC방"				,"stdrDt" : "2023-02-28"				}				,{				"indsLclsCd" : "R1"				,"indsLclsNm" : "예술, 스포츠, 여가"				,"indsMclsCd" : "R104"				,"indsMclsNm" : "유원지, 오락"				,"indsSclsCd" : "R10411"				,"indsSclsNm" : "기타 사행시설 관리/운영업"				,"stdrDt" : "2023-02-28"				}				,{				"indsLclsCd" : "R1"				,"indsLclsNm" : "예술, 스포츠, 여가"				,"indsMclsCd" : "R104"				,"indsMclsNm" : "유원지, 오락"				,"indsSclsCd" : "R10499"				,"indsSclsNm" : "기타 오락관련 서비스업"				,"stdrDt" : "2023-02-28"				}				,{				"indsLclsCd" : "R1"				,"indsLclsNm" : "예술, 스포츠, 여가"				,"indsMclsCd" : "R104"				,"indsMclsNm" : "유원지, 오락"				,"indsSclsCd" : "R10405"				,"indsSclsNm" : "기타 오락장"				,"stdrDt" : "2023-02-28"				}				,{				"indsLclsCd" : "R1"				,"indsLclsNm" : "예술, 스포츠, 여가"				,"indsMclsCd" : "R104"				,"indsMclsNm" : "유원지, 오락"				,"indsSclsCd" : "R10408"				,"indsSclsNm" : "낚시터 운영업"				,"stdrDt" : "2023-02-28"				}				,{				"indsLclsCd" : "R1"				,"indsLclsNm" : "예술, 스포츠, 여가"				,"indsMclsCd" : "R104"				,"indsMclsNm" : "유원지, 오락"				,"indsSclsCd" : "R10407"				,"indsSclsNm" : "노래방"				,"stdrDt" : "2023-02-28"				}				,{				"indsLclsCd" : "R1"				,"indsLclsNm" : "예술, 스포츠, 여가"				,"indsMclsCd" : "R104"				,"indsMclsNm" : "유원지, 오락"				,"indsSclsCd" : "R10403"				,"indsSclsNm" : "놀이공원/테마파크"				,"stdrDt" : "2023-02-28"				}				,{				"indsLclsCd" : "R1"				,"indsLclsNm" : "예술, 스포츠, 여가"				,"indsMclsCd" : "R104"				,"indsMclsNm" : "유원지, 오락"				,"indsSclsCd" : "R10414"				,"indsSclsNm" : "바둑/장기/체스 경기 운영업"				,"stdrDt" : "2023-02-28"				}				,{				"indsLclsCd" : "R1"				,"indsLclsNm" : "예술, 스포츠, 여가"				,"indsMclsCd" : "R104"				,"indsMclsNm" : "유원지, 오락"				,"indsSclsCd" : "R10410"				,"indsSclsNm" : "복권 발행/판매업"				,"stdrDt" : "2023-02-28"				}				,{				"indsLclsCd" : "R1"				,"indsLclsNm" : "예술, 스포츠, 여가"				,"indsMclsCd" : "R104"				,"indsMclsNm" : "유원지, 오락"				,"indsSclsCd" : "R10402"				,"indsSclsNm" : "비디오방"				,"stdrDt" : "2023-02-28"				}				,{				"indsLclsCd" : "R1"				,"indsLclsNm" : "예술, 스포츠, 여가"				,"indsMclsCd" : "R104"				,"indsMclsNm" : "유원지, 오락"				,"indsSclsCd" : "R10409"				,"indsSclsNm" : "수상/해양 레저업"				,"stdrDt" : "2023-02-28"				}				,{				"indsLclsCd" : "R1"				,"indsLclsNm" : "예술, 스포츠, 여가"				,"indsMclsCd" : "R104"				,"indsMclsNm" : "유원지, 오락"				,"indsSclsCd" : "R10401"				,"indsSclsNm" : "영화관"				,"stdrDt" : "2023-02-28"				}				,{				"indsLclsCd" : "R1"				,"indsLclsNm" : "예술, 스포츠, 여가"				,"indsMclsCd" : "R104"				,"indsMclsNm" : "유원지, 오락"				,"indsSclsCd" : "R10404"				,"indsSclsNm" : "전자 게임장"				,"stdrDt" : "2023-02-28"				}				,{				"indsLclsCd" : "R1"				,"indsLclsNm" : "예술, 스포츠, 여가"				,"indsMclsCd" : "R104"				,"indsMclsNm" : "유원지, 오락"				,"indsSclsCd" : "R10413"				,"indsSclsNm" : "체육 공원 운영업"				,"stdrDt" : "2023-02-28"				}				,{				"indsLclsCd" : "R1"				,"indsLclsNm" : "예술, 스포츠, 여가"				,"indsMclsCd" : "R104"				,"indsMclsNm" : "유원지, 오락"				,"indsSclsCd" : "R10412"				,"indsSclsNm" : "콜라텍/무도장"				,"stdrDt" : "2023-02-28"				}			]	}}