{	"header" : {		"description" : "소상공인시장진흥공단 상권정보 업종소분류 코드"		,"columns" : ["상권업종대분류코드","상권업종대분류코드명","상권업종중분류코드","상권업종중분류코드명","상권업종소분류코드","상권업종소분류코드명","데이터기준일자"]		,"resultCode" : "00"		,"resultMsg" : "NORMAL SERVICE"	},	"body" : {			"items" : [				{				"indsLclsCd" : "R"				,"indsLclsNm" : "학문/교육"				,"indsMclsCd" : "R11"				,"indsMclsNm" : "학교"				,"indsSclsCd" : "R11B08"				,"indsSclsNm" : "고등공민학교"				,"stdrDt" : "2015-12-17"				}				,{				"indsLclsCd" : "R"				,"indsLclsNm" : "학문/교육"				,"indsMclsCd" : "R11"				,"indsMclsNm" : "학교"				,"indsSclsCd" : "R11B07"				,"indsSclsNm" : "고등기술학교"				,"stdrDt" : "2015-12-17"				}				,{				"indsLclsCd" : "R"				,"indsLclsNm" : "학문/교육"				,"indsMclsCd" : "R11"				,"indsMclsNm" : "학교"				,"indsSclsCd" : "R11B03"				,"indsSclsNm" : "고등학교"				,"stdrDt" : "2015-12-17"				}				,{				"indsLclsCd" : "R"				,"indsLclsNm" : "학문/교육"				,"indsMclsCd" : "R11"				,"indsMclsNm" : "학교"				,"indsSclsCd" : "R11B12"				,"indsSclsNm" : "기타고등교육기관"				,"stdrDt" : "2015-12-17"				}				,{				"indsLclsCd" : "R"				,"indsLclsNm" : "학문/교육"				,"indsMclsCd" : "R11"				,"indsMclsNm" : "학교"				,"indsSclsCd" : "R11B09"				,"indsSclsNm" : "기타중등교육기관"				,"stdrDt" : "2015-12-17"				}				,{				"indsLclsCd" : "R"				,"indsLclsNm" : "학문/교육"				,"indsMclsCd" : "R11"				,"indsMclsNm" : "학교"				,"indsSclsCd" : "R11B04"				,"indsSclsNm" : "대학교"				,"stdrDt" : "2015-12-17"				}				,{				"indsLclsCd" : "R"				,"indsLclsNm" : "학문/교육"				,"indsMclsCd" : "R11"				,"indsMclsNm" : "학교"				,"indsSclsCd" : "R11B05"				,"indsSclsNm" : "대학원"				,"stdrDt" : "2015-12-17"				}				,{				"indsLclsCd" : "R"				,"indsLclsNm" : "학문/교육"				,"indsMclsCd" : "R11"				,"indsMclsNm" : "학교"				,"indsSclsCd" : "R11B10"				,"indsSclsNm" : "신학대학"				,"stdrDt" : "2015-12-17"				}				,{				"indsLclsCd" : "R"				,"indsLclsNm" : "학문/교육"				,"indsMclsCd" : "R11"				,"indsMclsNm" : "학교"				,"indsSclsCd" : "R11B06"				,"indsSclsNm" : "전문대학"				,"stdrDt" : "2015-12-17"				}				,{				"indsLclsCd" : "R"				,"indsLclsNm" : "학문/교육"				,"indsMclsCd" : "R11"				,"indsMclsNm" : "학교"				,"indsSclsCd" : "R11B02"				,"indsSclsNm" : "중학교"				,"stdrDt" : "2015-12-17"				}				,{				"indsLclsCd" : "R"				,"indsLclsNm" : "학문/교육"				,"indsMclsCd" : "R11"				,"indsMclsNm" : "학교"				,"indsSclsCd" : "R11B11"				,"indsSclsNm" : "직업전문학교"				,"stdrDt" : "2015-12-17"				}				,{				"indsLclsCd" : "R"				,"indsLclsNm" : "학문/교육"				,"indsMclsCd" : "R11"				,"indsMclsNm" : "학교"				,"indsSclsCd" : "R11B01"				,"indsSclsNm" : "초등학교"				,"stdrDt" : "2015-12-17"				}			]	}}