{	"header" : {		"description" : "소상공인시장진흥공단 상권정보 업종소분류 코드"		,"columns" : ["상권업종대분류코드","상권업종대분류코드명","상권업종중분류코드","상권업종중분류코드명","상권업종소분류코드","상권업종소분류코드명","데이터기준일자"]		,"resultCode" : "00"		,"resultMsg" : "NORMAL SERVICE"	},	"body" : {			"items" : [				{				"indsLclsCd" : "R"				,"indsLclsNm" : "학문/교육"				,"indsMclsCd" : "R12"				,"indsMclsNm" : "특수교육기관"				,"indsSclsCd" : "R12B03"				,"indsSclsNm" : "특수교육기관-기타"				,"stdrDt" : "2015-12-17"				}				,{				"indsLclsCd" : "R"				,"indsLclsNm" : "학문/교육"				,"indsMclsCd" : "R12"				,"indsMclsNm" : "특수교육기관"				,"indsSclsCd" : "R12B02"				,"indsSclsNm" : "특수교육기관-종합"				,"stdrDt" : "2015-12-17"				}				,{				"indsLclsCd" : "R"				,"indsLclsNm" : "학문/교육"				,"indsMclsCd" : "R12"				,"indsMclsNm" : "특수교육기관"				,"indsSclsCd" : "R12B01"				,"indsSclsNm" : "특수학교"				,"stdrDt" : "2015-12-17"				}			]	}}