{	"header" : {		"description" : "소상공인시장진흥공단 상권정보 업종소분류 코드"		,"columns" : ["상권업종대분류코드","상권업종대분류코드명","상권업종중분류코드","상권업종중분류코드명","상권업종소분류코드","상권업종소분류코드명","데이터기준일자"]		,"resultCode" : "00"		,"resultMsg" : "NORMAL SERVICE"	},	"body" : {			"items" : [				{				"indsLclsCd" : "R"				,"indsLclsNm" : "학문/교육"				,"indsMclsCd" : "R13"				,"indsMclsNm" : "학문교육기타"				,"indsSclsCd" : "R13A02"				,"indsSclsNm" : "시험정보안내"				,"stdrDt" : "2015-12-17"				}				,{				"indsLclsCd" : "R"				,"indsLclsNm" : "학문/교육"				,"indsMclsCd" : "R13"				,"indsMclsNm" : "학문교육기타"				,"indsSclsCd" : "R13A03"				,"indsSclsNm" : "운동/코치학교"				,"stdrDt" : "2015-12-17"				}				,{				"indsLclsCd" : "R"				,"indsLclsNm" : "학문/교육"				,"indsMclsCd" : "R13"				,"indsMclsNm" : "학문교육기타"				,"indsSclsCd" : "R13A01"				,"indsSclsNm" : "학습지보급"				,"stdrDt" : "2015-12-17"				}			]	}}