{	"header" : {		"description" : "소상공인시장진흥공단 상권정보 업종소분류 코드"		,"columns" : ["상권업종대분류코드","상권업종대분류코드명","상권업종중분류코드","상권업종중분류코드명","상권업종소분류코드","상권업종소분류코드명","데이터기준일자"]		,"resultCode" : "00"		,"resultMsg" : "NORMAL SERVICE"	},	"body" : {			"items" : [				{				"indsLclsCd" : "R"				,"indsLclsNm" : "학문/교육"				,"indsMclsCd" : "R14"				,"indsMclsNm" : "연구소"				,"indsSclsCd" : "R14B13"				,"indsSclsNm" : "경영연구소"				,"stdrDt" : "2015-12-17"				}				,{				"indsLclsCd" : "R"				,"indsLclsNm" : "학문/교육"				,"indsMclsCd" : "R14"				,"indsMclsNm" : "연구소"				,"indsSclsCd" : "R14B14"				,"indsSclsNm" : "경제연구소"				,"stdrDt" : "2015-12-17"				}				,{				"indsLclsCd" : "R"				,"indsLclsNm" : "학문/교육"				,"indsMclsCd" : "R14"				,"indsMclsNm" : "연구소"				,"indsSclsCd" : "R14B02"				,"indsSclsNm" : "공학연구소"				,"stdrDt" : "2015-12-17"				}				,{				"indsLclsCd" : "R"				,"indsLclsNm" : "학문/교육"				,"indsMclsCd" : "R14"				,"indsMclsNm" : "연구소"				,"indsSclsCd" : "R14B16"				,"indsSclsNm" : "국립국어연구원"				,"stdrDt" : "2015-12-17"				}				,{				"indsLclsCd" : "R"				,"indsLclsNm" : "학문/교육"				,"indsMclsCd" : "R14"				,"indsMclsNm" : "연구소"				,"indsSclsCd" : "R14B06"				,"indsSclsNm" : "농학연구소"				,"stdrDt" : "2015-12-17"				}				,{				"indsLclsCd" : "R"				,"indsLclsNm" : "학문/교육"				,"indsMclsCd" : "R14"				,"indsMclsNm" : "연구소"				,"indsSclsCd" : "R14B03"				,"indsSclsNm" : "물리연구소"				,"stdrDt" : "2015-12-17"				}				,{				"indsLclsCd" : "R"				,"indsLclsNm" : "학문/교육"				,"indsMclsCd" : "R14"				,"indsMclsNm" : "연구소"				,"indsSclsCd" : "R14B12"				,"indsSclsNm" : "사회과학연구소"				,"stdrDt" : "2015-12-17"				}				,{				"indsLclsCd" : "R"				,"indsLclsNm" : "학문/교육"				,"indsMclsCd" : "R14"				,"indsMclsNm" : "연구소"				,"indsSclsCd" : "R14B05"				,"indsSclsNm" : "생명과학연구소"				,"stdrDt" : "2015-12-17"				}				,{				"indsLclsCd" : "R"				,"indsLclsNm" : "학문/교육"				,"indsMclsCd" : "R14"				,"indsMclsNm" : "연구소"				,"indsSclsCd" : "R14B09"				,"indsSclsNm" : "수의학연구소"				,"stdrDt" : "2015-12-17"				}				,{				"indsLclsCd" : "R"				,"indsLclsNm" : "학문/교육"				,"indsMclsCd" : "R14"				,"indsMclsNm" : "연구소"				,"indsSclsCd" : "R14B08"				,"indsSclsNm" : "양학연구소"				,"stdrDt" : "2015-12-17"				}				,{				"indsLclsCd" : "R"				,"indsLclsNm" : "학문/교육"				,"indsMclsCd" : "R14"				,"indsMclsNm" : "연구소"				,"indsSclsCd" : "R14B07"				,"indsSclsNm" : "의학연구소"				,"stdrDt" : "2015-12-17"				}				,{				"indsLclsCd" : "R"				,"indsLclsNm" : "학문/교육"				,"indsMclsCd" : "R14"				,"indsMclsNm" : "연구소"				,"indsSclsCd" : "R14B15"				,"indsSclsNm" : "인문/사회과학연구개발-기타"				,"stdrDt" : "2015-12-17"				}				,{				"indsLclsCd" : "R"				,"indsLclsNm" : "학문/교육"				,"indsMclsCd" : "R14"				,"indsMclsNm" : "연구소"				,"indsSclsCd" : "R14B11"				,"indsSclsNm" : "인문/사회과학연구개발-종합"				,"stdrDt" : "2015-12-17"				}				,{				"indsLclsCd" : "R"				,"indsLclsNm" : "학문/교육"				,"indsMclsCd" : "R14"				,"indsMclsNm" : "연구소"				,"indsSclsCd" : "R14B10"				,"indsSclsNm" : "자연과학연구개발-기타"				,"stdrDt" : "2015-12-17"				}				,{				"indsLclsCd" : "R"				,"indsLclsNm" : "학문/교육"				,"indsMclsCd" : "R14"				,"indsMclsNm" : "연구소"				,"indsSclsCd" : "R14B01"				,"indsSclsNm" : "자연과학연구개발-종합"				,"stdrDt" : "2015-12-17"				}				,{				"indsLclsCd" : "R"				,"indsLclsNm" : "학문/교육"				,"indsMclsCd" : "R14"				,"indsMclsNm" : "연구소"				,"indsSclsCd" : "R14B04"				,"indsSclsNm" : "화학연구소"				,"stdrDt" : "2015-12-17"				}			]	}}