{	"header" : {		"description" : "소상공인시장진흥공단 상권정보 업종소분류 코드"		,"columns" : ["상권업종대분류코드","상권업종대분류코드명","상권업종중분류코드","상권업종중분류코드명","상권업종소분류코드","상권업종소분류코드명","데이터기준일자"]		,"resultCode" : "00"		,"resultMsg" : "NORMAL SERVICE"	},	"body" : {			"items" : [				{				"indsLclsCd" : "R"				,"indsLclsNm" : "학문/교육"				,"indsMclsCd" : "R20"				,"indsMclsNm" : "기타교육기관"				,"indsSclsCd" : "R20B01"				,"indsSclsNm" : "문화센터"				,"stdrDt" : "2015-12-17"				}				,{				"indsLclsCd" : "R"				,"indsLclsNm" : "학문/교육"				,"indsMclsCd" : "R20"				,"indsMclsNm" : "기타교육기관"				,"indsSclsCd" : "R20B10"				,"indsSclsNm" : "사회교육단체"				,"stdrDt" : "2015-12-17"				}				,{				"indsLclsCd" : "R"				,"indsLclsNm" : "학문/교육"				,"indsMclsCd" : "R20"				,"indsMclsNm" : "기타교육기관"				,"indsSclsCd" : "R20B05"				,"indsSclsNm" : "상설직원훈련기관"				,"stdrDt" : "2015-12-17"				}				,{				"indsLclsCd" : "R"				,"indsLclsNm" : "학문/교육"				,"indsMclsCd" : "R20"				,"indsMclsNm" : "기타교육기관"				,"indsSclsCd" : "R20B06"				,"indsSclsNm" : "야학"				,"stdrDt" : "2015-12-17"				}				,{				"indsLclsCd" : "R"				,"indsLclsNm" : "학문/교육"				,"indsMclsCd" : "R20"				,"indsMclsNm" : "기타교육기관"				,"indsSclsCd" : "R20B07"				,"indsSclsNm" : "외국인학교"				,"stdrDt" : "2015-12-17"				}				,{				"indsLclsCd" : "R"				,"indsLclsNm" : "학문/교육"				,"indsMclsCd" : "R20"				,"indsMclsNm" : "기타교육기관"				,"indsSclsCd" : "R20B08"				,"indsSclsNm" : "적성검사"				,"stdrDt" : "2015-12-17"				}				,{				"indsLclsCd" : "R"				,"indsLclsNm" : "학문/교육"				,"indsMclsCd" : "R20"				,"indsMclsNm" : "기타교육기관"				,"indsSclsCd" : "R20B03"				,"indsSclsNm" : "직업훈련소"				,"stdrDt" : "2015-12-17"				}				,{				"indsLclsCd" : "R"				,"indsLclsNm" : "학문/교육"				,"indsMclsCd" : "R20"				,"indsMclsNm" : "기타교육기관"				,"indsSclsCd" : "R20B04"				,"indsSclsNm" : "직장위탁교육"				,"stdrDt" : "2015-12-17"				}				,{				"indsLclsCd" : "R"				,"indsLclsNm" : "학문/교육"				,"indsMclsCd" : "R20"				,"indsMclsNm" : "기타교육기관"				,"indsSclsCd" : "R20B02"				,"indsSclsNm" : "학교-노인대학"				,"stdrDt" : "2015-12-17"				}				,{				"indsLclsCd" : "R"				,"indsLclsNm" : "학문/교육"				,"indsMclsCd" : "R20"				,"indsMclsNm" : "기타교육기관"				,"indsSclsCd" : "R20B09"				,"indsSclsNm" : "향교"				,"stdrDt" : "2015-12-17"				}			]	}}