{	"header" : {		"description" : "소상공인시장진흥공단 상권정보 업종소분류 코드"		,"columns" : ["상권업종대분류코드","상권업종대분류코드명","상권업종중분류코드","상권업종중분류코드명","상권업종소분류코드","상권업종소분류코드명","데이터기준일자"]		,"resultCode" : "00"		,"resultMsg" : "NORMAL SERVICE"	},	"body" : {			"items" : [				{				"indsLclsCd" : "S"				,"indsLclsNm" : "의료"				,"indsMclsCd" : "S01"				,"indsMclsNm" : "병원"				,"indsSclsCd" : "S01B19"				,"indsSclsNm" : "국립재활원"				,"stdrDt" : "2015-12-17"				}				,{				"indsLclsCd" : "S"				,"indsLclsNm" : "의료"				,"indsMclsCd" : "S01"				,"indsMclsNm" : "병원"				,"indsSclsCd" : "S01B18"				,"indsSclsNm" : "국립정신병원"				,"stdrDt" : "2015-12-17"				}				,{				"indsLclsCd" : "S"				,"indsLclsNm" : "의료"				,"indsMclsCd" : "S01"				,"indsMclsNm" : "병원"				,"indsSclsCd" : "S01B99"				,"indsSclsNm" : "기타병원"				,"stdrDt" : "2015-12-17"				}				,{				"indsLclsCd" : "S"				,"indsLclsNm" : "의료"				,"indsMclsCd" : "S01"				,"indsMclsNm" : "병원"				,"indsSclsCd" : "S01B07"				,"indsSclsNm" : "내과/외과"				,"stdrDt" : "2015-12-17"				}				,{				"indsLclsCd" : "S"				,"indsLclsNm" : "의료"				,"indsMclsCd" : "S01"				,"indsMclsNm" : "병원"				,"indsSclsCd" : "S01B17"				,"indsSclsNm" : "노인/치매병원"				,"stdrDt" : "2015-12-17"				}				,{				"indsLclsCd" : "S"				,"indsLclsNm" : "의료"				,"indsMclsCd" : "S01"				,"indsMclsNm" : "병원"				,"indsSclsCd" : "S01B20"				,"indsSclsNm" : "보건소"				,"stdrDt" : "2015-12-17"				}				,{				"indsLclsCd" : "S"				,"indsLclsNm" : "의료"				,"indsMclsCd" : "S01"				,"indsMclsNm" : "병원"				,"indsSclsCd" : "S01B12"				,"indsSclsNm" : "비뇨기과"				,"stdrDt" : "2015-12-17"				}				,{				"indsLclsCd" : "S"				,"indsLclsNm" : "의료"				,"indsMclsCd" : "S01"				,"indsMclsNm" : "병원"				,"indsSclsCd" : "S01B10"				,"indsSclsNm" : "산부인과"				,"stdrDt" : "2015-12-17"				}				,{				"indsLclsCd" : "S"				,"indsLclsNm" : "의료"				,"indsMclsCd" : "S01"				,"indsMclsNm" : "병원"				,"indsSclsCd" : "S01B11"				,"indsSclsNm" : "소아과"				,"stdrDt" : "2015-12-17"				}				,{				"indsLclsCd" : "S"				,"indsLclsNm" : "의료"				,"indsMclsCd" : "S01"				,"indsMclsNm" : "병원"				,"indsSclsCd" : "S01B15"				,"indsSclsNm" : "신경외과"				,"stdrDt" : "2015-12-17"				}				,{				"indsLclsCd" : "S"				,"indsLclsNm" : "의료"				,"indsMclsCd" : "S01"				,"indsMclsNm" : "병원"				,"indsSclsCd" : "S01B13"				,"indsSclsNm" : "안과의원"				,"stdrDt" : "2015-12-17"				}				,{				"indsLclsCd" : "S"				,"indsLclsNm" : "의료"				,"indsMclsCd" : "S01"				,"indsMclsNm" : "병원"				,"indsSclsCd" : "S01B14"				,"indsSclsNm" : "이비인후과의원"				,"stdrDt" : "2015-12-17"				}				,{				"indsLclsCd" : "S"				,"indsLclsNm" : "의료"				,"indsMclsCd" : "S01"				,"indsMclsNm" : "병원"				,"indsSclsCd" : "S01B02"				,"indsSclsNm" : "일반병원"				,"stdrDt" : "2015-12-17"				}				,{				"indsLclsCd" : "S"				,"indsLclsNm" : "의료"				,"indsMclsCd" : "S01"				,"indsMclsNm" : "병원"				,"indsSclsCd" : "S01B08"				,"indsSclsNm" : "정형/성형외과"				,"stdrDt" : "2015-12-17"				}				,{				"indsLclsCd" : "S"				,"indsLclsNm" : "의료"				,"indsMclsCd" : "S01"				,"indsMclsNm" : "병원"				,"indsSclsCd" : "S01B01"				,"indsSclsNm" : "종합병원"				,"stdrDt" : "2015-12-17"				}				,{				"indsLclsCd" : "S"				,"indsLclsNm" : "의료"				,"indsMclsCd" : "S01"				,"indsMclsNm" : "병원"				,"indsSclsCd" : "S01B03"				,"indsSclsNm" : "치과병원"				,"stdrDt" : "2015-12-17"				}				,{				"indsLclsCd" : "S"				,"indsLclsNm" : "의료"				,"indsMclsCd" : "S01"				,"indsMclsNm" : "병원"				,"indsSclsCd" : "S01B04"				,"indsSclsNm" : "치과의원"				,"stdrDt" : "2015-12-17"				}				,{				"indsLclsCd" : "S"				,"indsLclsNm" : "의료"				,"indsMclsCd" : "S01"				,"indsMclsNm" : "병원"				,"indsSclsCd" : "S01B16"				,"indsSclsNm" : "피부과"				,"stdrDt" : "2015-12-17"				}				,{				"indsLclsCd" : "S"				,"indsLclsNm" : "의료"				,"indsMclsCd" : "S01"				,"indsMclsNm" : "병원"				,"indsSclsCd" : "S01B05"				,"indsSclsNm" : "한방병원"				,"stdrDt" : "2015-12-17"				}				,{				"indsLclsCd" : "S"				,"indsLclsNm" : "의료"				,"indsMclsCd" : "S01"				,"indsMclsNm" : "병원"				,"indsSclsCd" : "S01B06"				,"indsSclsNm" : "한의원"				,"stdrDt" : "2015-12-17"				}			]	}}