{	"header" : {		"description" : "소상공인시장진흥공단 상권정보 업종소분류 코드"		,"columns" : ["상권업종대분류코드","상권업종대분류코드명","상권업종중분류코드","상권업종중분류코드명","상권업종소분류코드","상권업종소분류코드명","데이터기준일자"]		,"resultCode" : "00"		,"resultMsg" : "NORMAL SERVICE"	},	"body" : {			"items" : [				{				"indsLclsCd" : "S"				,"indsLclsNm" : "의료"				,"indsMclsCd" : "S03"				,"indsMclsNm" : "유사의료업"				,"indsSclsCd" : "S03B07"				,"indsSclsNm" : "언어치료"				,"stdrDt" : "2015-12-17"				}				,{				"indsLclsCd" : "S"				,"indsLclsNm" : "의료"				,"indsMclsCd" : "S03"				,"indsMclsNm" : "유사의료업"				,"indsSclsCd" : "S03B09"				,"indsSclsNm" : "유사의료업기타"				,"stdrDt" : "2015-12-17"				}				,{				"indsLclsCd" : "S"				,"indsLclsNm" : "의료"				,"indsMclsCd" : "S03"				,"indsMclsNm" : "유사의료업"				,"indsSclsCd" : "S03B01"				,"indsSclsNm" : "응급구조대"				,"stdrDt" : "2015-12-17"				}				,{				"indsLclsCd" : "S"				,"indsLclsNm" : "의료"				,"indsMclsCd" : "S03"				,"indsMclsNm" : "유사의료업"				,"indsSclsCd" : "S03B02"				,"indsSclsNm" : "접골원"				,"stdrDt" : "2015-12-17"				}				,{				"indsLclsCd" : "S"				,"indsLclsNm" : "의료"				,"indsMclsCd" : "S03"				,"indsMclsNm" : "유사의료업"				,"indsSclsCd" : "S03B08"				,"indsSclsNm" : "제대혈"				,"stdrDt" : "2015-12-17"				}				,{				"indsLclsCd" : "S"				,"indsLclsNm" : "의료"				,"indsMclsCd" : "S03"				,"indsMclsNm" : "유사의료업"				,"indsSclsCd" : "S03B05"				,"indsSclsNm" : "척추교정치료"				,"stdrDt" : "2015-12-17"				}				,{				"indsLclsCd" : "S"				,"indsLclsNm" : "의료"				,"indsMclsCd" : "S03"				,"indsMclsNm" : "유사의료업"				,"indsSclsCd" : "S03B06"				,"indsSclsNm" : "치과기공소"				,"stdrDt" : "2015-12-17"				}				,{				"indsLclsCd" : "S"				,"indsLclsNm" : "의료"				,"indsMclsCd" : "S03"				,"indsMclsNm" : "유사의료업"				,"indsSclsCd" : "S03B03"				,"indsSclsNm" : "침구원"				,"stdrDt" : "2015-12-17"				}				,{				"indsLclsCd" : "S"				,"indsLclsNm" : "의료"				,"indsMclsCd" : "S03"				,"indsMclsNm" : "유사의료업"				,"indsSclsCd" : "S03B04"				,"indsSclsNm" : "혈액원"				,"stdrDt" : "2015-12-17"				}			]	}}