{	"header" : {		"description" : "소상공인시장진흥공단 상권정보 업종소분류 코드"		,"columns" : ["상권업종대분류코드","상권업종대분류코드명","상권업종중분류코드","상권업종중분류코드명","상권업종소분류코드","상권업종소분류코드명","데이터기준일자"]		,"resultCode" : "00"		,"resultMsg" : "NORMAL SERVICE"	},	"body" : {			"items" : [				{				"indsLclsCd" : "S"				,"indsLclsNm" : "의료"				,"indsMclsCd" : "S04"				,"indsMclsNm" : "수의업"				,"indsSclsCd" : "S04A02"				,"indsSclsNm" : "동물병원"				,"stdrDt" : "2015-12-17"				}				,{				"indsLclsCd" : "S"				,"indsLclsNm" : "의료"				,"indsMclsCd" : "S04"				,"indsMclsNm" : "수의업"				,"indsSclsCd" : "S04A03"				,"indsSclsNm" : "수의업-기타"				,"stdrDt" : "2015-12-17"				}				,{				"indsLclsCd" : "S"				,"indsLclsNm" : "의료"				,"indsMclsCd" : "S04"				,"indsMclsNm" : "수의업"				,"indsSclsCd" : "S04A01"				,"indsSclsNm" : "수의업-종합"				,"stdrDt" : "2015-12-17"				}			]	}}