{	"header" : {		"description" : "소상공인시장진흥공단 상권정보 업종소분류 코드"		,"columns" : ["상권업종대분류코드","상권업종대분류코드명","상권업종중분류코드","상권업종중분류코드명","상권업종소분류코드","상권업종소분류코드명","데이터기준일자"]		,"resultCode" : "00"		,"resultMsg" : "NORMAL SERVICE"	},	"body" : {			"items" : [				{				"indsLclsCd" : "S"				,"indsLclsNm" : "의료"				,"indsMclsCd" : "S05"				,"indsMclsNm" : "수용복지시설"				,"indsSclsCd" : "S05B06"				,"indsSclsNm" : "노인수용복지시설"				,"stdrDt" : "2015-12-17"				}				,{				"indsLclsCd" : "S"				,"indsLclsNm" : "의료"				,"indsMclsCd" : "S05"				,"indsMclsNm" : "수용복지시설"				,"indsSclsCd" : "S05B05"				,"indsSclsNm" : "수용복지시설-기타"				,"stdrDt" : "2015-12-17"				}				,{				"indsLclsCd" : "S"				,"indsLclsNm" : "의료"				,"indsMclsCd" : "S05"				,"indsMclsNm" : "수용복지시설"				,"indsSclsCd" : "S05B01"				,"indsSclsNm" : "수용복지시설-종합"				,"stdrDt" : "2015-12-17"				}				,{				"indsLclsCd" : "S"				,"indsLclsNm" : "의료"				,"indsMclsCd" : "S05"				,"indsMclsNm" : "수용복지시설"				,"indsSclsCd" : "S05B02"				,"indsSclsNm" : "시립양로원"				,"stdrDt" : "2015-12-17"				}				,{				"indsLclsCd" : "S"				,"indsLclsNm" : "의료"				,"indsMclsCd" : "S05"				,"indsMclsNm" : "수용복지시설"				,"indsSclsCd" : "S05B03"				,"indsSclsNm" : "시립요양원"				,"stdrDt" : "2015-12-17"				}				,{				"indsLclsCd" : "S"				,"indsLclsNm" : "의료"				,"indsMclsCd" : "S05"				,"indsMclsNm" : "수용복지시설"				,"indsSclsCd" : "S05B04"				,"indsSclsNm" : "아동수용복지시설"				,"stdrDt" : "2015-12-17"				}				,{				"indsLclsCd" : "S"				,"indsLclsNm" : "의료"				,"indsMclsCd" : "S05"				,"indsMclsNm" : "수용복지시설"				,"indsSclsCd" : "S05B07"				,"indsSclsNm" : "장애자수용복지시설"				,"stdrDt" : "2015-12-17"				}			]	}}