{	"header" : {		"description" : "소상공인시장진흥공단 상권정보 업종소분류 코드"		,"columns" : ["상권업종대분류코드","상권업종대분류코드명","상권업종중분류코드","상권업종중분류코드명","상권업종소분류코드","상권업종소분류코드명","데이터기준일자"]		,"resultCode" : "00"		,"resultMsg" : "NORMAL SERVICE"	},	"body" : {			"items" : [				{				"indsLclsCd" : "S"				,"indsLclsNm" : "의료"				,"indsMclsCd" : "S06"				,"indsMclsNm" : "비수용복지시설"				,"indsSclsCd" : "S06B03"				,"indsSclsNm" : "노인정"				,"stdrDt" : "2015-12-17"				}				,{				"indsLclsCd" : "S"				,"indsLclsNm" : "의료"				,"indsMclsCd" : "S06"				,"indsMclsNm" : "비수용복지시설"				,"indsSclsCd" : "S06B04"				,"indsSclsNm" : "미혼모상담"				,"stdrDt" : "2015-12-17"				}				,{				"indsLclsCd" : "S"				,"indsLclsNm" : "의료"				,"indsMclsCd" : "S06"				,"indsMclsNm" : "비수용복지시설"				,"indsSclsCd" : "S06B01"				,"indsSclsNm" : "보육시설"				,"stdrDt" : "2015-12-17"				}				,{				"indsLclsCd" : "S"				,"indsLclsNm" : "의료"				,"indsMclsCd" : "S06"				,"indsMclsNm" : "비수용복지시설"				,"indsSclsCd" : "S06B06"				,"indsSclsNm" : "부녀보호소"				,"stdrDt" : "2015-12-17"				}				,{				"indsLclsCd" : "S"				,"indsLclsNm" : "의료"				,"indsMclsCd" : "S06"				,"indsMclsNm" : "비수용복지시설"				,"indsSclsCd" : "S06B05"				,"indsSclsNm" : "부녀복지관"				,"stdrDt" : "2015-12-17"				}				,{				"indsLclsCd" : "S"				,"indsLclsNm" : "의료"				,"indsMclsCd" : "S06"				,"indsMclsNm" : "비수용복지시설"				,"indsSclsCd" : "S06B09"				,"indsSclsNm" : "비수용복지시설-종합"				,"stdrDt" : "2015-12-17"				}				,{				"indsLclsCd" : "S"				,"indsLclsNm" : "의료"				,"indsMclsCd" : "S06"				,"indsMclsNm" : "비수용복지시설"				,"indsSclsCd" : "S06B11"				,"indsSclsNm" : "사회복지기구"				,"stdrDt" : "2015-12-17"				}				,{				"indsLclsCd" : "S"				,"indsLclsNm" : "의료"				,"indsMclsCd" : "S06"				,"indsMclsNm" : "비수용복지시설"				,"indsSclsCd" : "S06B07"				,"indsSclsNm" : "아동상담소"				,"stdrDt" : "2015-12-17"				}				,{				"indsLclsCd" : "S"				,"indsLclsNm" : "의료"				,"indsMclsCd" : "S06"				,"indsMclsNm" : "비수용복지시설"				,"indsSclsCd" : "S06B08"				,"indsSclsNm" : "입양소"				,"stdrDt" : "2015-12-17"				}				,{				"indsLclsCd" : "S"				,"indsLclsNm" : "의료"				,"indsMclsCd" : "S06"				,"indsMclsNm" : "비수용복지시설"				,"indsSclsCd" : "S06B12"				,"indsSclsNm" : "장애인이용복지시설"				,"stdrDt" : "2015-12-17"				}				,{				"indsLclsCd" : "S"				,"indsLclsNm" : "의료"				,"indsMclsCd" : "S06"				,"indsMclsNm" : "비수용복지시설"				,"indsSclsCd" : "S06B13"				,"indsSclsNm" : "재난구호시설"				,"stdrDt" : "2015-12-17"				}				,{				"indsLclsCd" : "S"				,"indsLclsNm" : "의료"				,"indsMclsCd" : "S06"				,"indsMclsNm" : "비수용복지시설"				,"indsSclsCd" : "S06B02"				,"indsSclsNm" : "탁아소"				,"stdrDt" : "2015-12-17"				}			]	}}