{	"header" : {		"description" : "소상공인시장진흥공단 상권정보 업종소분류 코드"		,"columns" : ["상권업종대분류코드","상권업종대분류코드명","상권업종중분류코드","상권업종중분류코드명","상권업종소분류코드","상권업종소분류코드명","데이터기준일자"]		,"resultCode" : "00"		,"resultMsg" : "NORMAL SERVICE"	},	"body" : {			"items" : [				{				"indsLclsCd" : "S"				,"indsLclsNm" : "의료"				,"indsMclsCd" : "S07"				,"indsMclsNm" : "의료관련서비스업"				,"indsSclsCd" : "S07B01"				,"indsSclsNm" : "건강진단센타"				,"stdrDt" : "2015-12-17"				}				,{				"indsLclsCd" : "S"				,"indsLclsNm" : "의료"				,"indsMclsCd" : "S07"				,"indsMclsNm" : "의료관련서비스업"				,"indsSclsCd" : "S07B02"				,"indsSclsNm" : "병리실험서비스"				,"stdrDt" : "2015-12-17"				}				,{				"indsLclsCd" : "S"				,"indsLclsNm" : "의료"				,"indsMclsCd" : "S07"				,"indsMclsNm" : "의료관련서비스업"				,"indsSclsCd" : "S07A07"				,"indsSclsNm" : "산후조리원"				,"stdrDt" : "2015-12-17"				}				,{				"indsLclsCd" : "S"				,"indsLclsNm" : "의료"				,"indsMclsCd" : "S07"				,"indsMclsNm" : "의료관련서비스업"				,"indsSclsCd" : "S07B06"				,"indsSclsNm" : "시력회복훈련원"				,"stdrDt" : "2015-12-17"				}				,{				"indsLclsCd" : "S"				,"indsLclsNm" : "의료"				,"indsMclsCd" : "S07"				,"indsMclsNm" : "의료관련서비스업"				,"indsSclsCd" : "S07B04"				,"indsSclsNm" : "심리요법치료"				,"stdrDt" : "2015-12-17"				}				,{				"indsLclsCd" : "S"				,"indsLclsNm" : "의료"				,"indsMclsCd" : "S07"				,"indsMclsNm" : "의료관련서비스업"				,"indsSclsCd" : "S07B05"				,"indsSclsNm" : "요양원"				,"stdrDt" : "2015-12-17"				}				,{				"indsLclsCd" : "S"				,"indsLclsNm" : "의료"				,"indsMclsCd" : "S07"				,"indsMclsNm" : "의료관련서비스업"				,"indsSclsCd" : "S07A08"				,"indsSclsNm" : "조산원"				,"stdrDt" : "2015-12-17"				}			]	}}