{	"header" : {		"description" : "소상공인시장진흥공단 상권정보 업종중분류 코드"		,"columns" : ["상권업종대분류코드","상권업종대분류코드명","상권업종중분류코드","상권업종중분류코드명","데이터기준일자"]		,"resultCode" : "00"		,"resultMsg" : "NORMAL SERVICE"	},	"body" : {			"items" : [				{				"indsLclsCd" : "S1"				,"indsLclsNm" : "협회, 단체"				,"indsMclsCd" : "S107"				,"indsMclsNm" : "기타 협회"				,"stdrDt" : "2023-02-28"				}				,{				"indsLclsCd" : "S1"				,"indsLclsNm" : "협회, 단체"				,"indsMclsCd" : "S103"				,"indsMclsNm" : "노동 조합"				,"stdrDt" : "2023-02-28"				}				,{				"indsLclsCd" : "S1"				,"indsLclsNm" : "협회, 단체"				,"indsMclsCd" : "S101"				,"indsMclsNm" : "산업 단체"				,"stdrDt" : "2023-02-28"				}				,{				"indsLclsCd" : "S1"				,"indsLclsNm" : "협회, 단체"				,"indsMclsCd" : "S106"				,"indsMclsNm" : "시민운동 "				,"stdrDt" : "2023-02-28"				}				,{				"indsLclsCd" : "S1"				,"indsLclsNm" : "협회, 단체"				,"indsMclsCd" : "S102"				,"indsMclsNm" : "전문가 단체"				,"stdrDt" : "2023-02-28"				}				,{				"indsLclsCd" : "S1"				,"indsLclsNm" : "협회, 단체"				,"indsMclsCd" : "S105"				,"indsMclsNm" : "정치 단체"				,"stdrDt" : "2023-02-28"				}				,{				"indsLclsCd" : "S1"				,"indsLclsNm" : "협회, 단체"				,"indsMclsCd" : "S104"				,"indsMclsNm" : "종교 단체"				,"stdrDt" : "2023-02-28"				}			]	}}