{	"header" : {		"description" : "소상공인시장진흥공단 상권정보 업종소분류 코드"		,"columns" : ["상권업종대분류코드","상권업종대분류코드명","상권업종중분류코드","상권업종중분류코드명","상권업종소분류코드","상권업종소분류코드명","데이터기준일자"]		,"resultCode" : "00"		,"resultMsg" : "NORMAL SERVICE"	},	"body" : {			"items" : [				{				"indsLclsCd" : "S1"				,"indsLclsNm" : "협회, 단체"				,"indsMclsCd" : "S103"				,"indsMclsNm" : "노동 조합"				,"indsSclsCd" : "S10301"				,"indsSclsNm" : "노동조합"				,"stdrDt" : "2023-02-28"				}			]	}}