{	"header" : {		"description" : "소상공인시장진흥공단 상권정보 업종소분류 코드"		,"columns" : ["상권업종대분류코드","상권업종대분류코드명","상권업종중분류코드","상권업종중분류코드명","상권업종소분류코드","상권업종소분류코드명","데이터기준일자"]		,"resultCode" : "00"		,"resultMsg" : "NORMAL SERVICE"	},	"body" : {			"items" : [				{				"indsLclsCd" : "S1"				,"indsLclsNm" : "협회, 단체"				,"indsMclsCd" : "S105"				,"indsMclsNm" : "정치 단체"				,"indsSclsCd" : "S10501"				,"indsSclsNm" : "정치 단체"				,"stdrDt" : "2023-02-28"				}			]	}}