{	"header" : {		"description" : "소상공인시장진흥공단 상권정보 업종중분류 코드"		,"columns" : ["상권업종대분류코드","상권업종대분류코드명","상권업종중분류코드","상권업종중분류코드명","데이터기준일자"]		,"resultCode" : "00"		,"resultMsg" : "NORMAL SERVICE"	},	"body" : {			"items" : [				{				"indsLclsCd" : "S2"				,"indsLclsNm" : "수리, 개인 서비스"				,"indsMclsCd" : "S205"				,"indsMclsNm" : "가전제품 수리"				,"stdrDt" : "2023-02-28"				}				,{				"indsLclsCd" : "S2"				,"indsLclsNm" : "수리, 개인 서비스"				,"indsMclsCd" : "S206"				,"indsMclsNm" : "기타 가정용품 수리"				,"stdrDt" : "2023-02-28"				}				,{				"indsLclsCd" : "S2"				,"indsLclsNm" : "수리, 개인 서비스"				,"indsMclsCd" : "S211"				,"indsMclsNm" : "기타 개인"				,"stdrDt" : "2023-02-28"				}				,{				"indsLclsCd" : "S2"				,"indsLclsNm" : "수리, 개인 서비스"				,"indsMclsCd" : "S204"				,"indsMclsNm" : "모터사이클 수리"				,"stdrDt" : "2023-02-28"				}				,{				"indsLclsCd" : "S2"				,"indsLclsNm" : "수리, 개인 서비스"				,"indsMclsCd" : "S209"				,"indsMclsNm" : "세탁"				,"stdrDt" : "2023-02-28"				}				,{				"indsLclsCd" : "S2"				,"indsLclsNm" : "수리, 개인 서비스"				,"indsMclsCd" : "S208"				,"indsMclsNm" : "욕탕, 신체관리"				,"stdrDt" : "2023-02-28"				}				,{				"indsLclsCd" : "S2"				,"indsLclsNm" : "수리, 개인 서비스"				,"indsMclsCd" : "S207"				,"indsMclsNm" : "이용, 미용"				,"stdrDt" : "2023-02-28"				}				,{				"indsLclsCd" : "S2"				,"indsLclsNm" : "수리, 개인 서비스"				,"indsMclsCd" : "S203"				,"indsMclsNm" : "자동차 수리, 세차"				,"stdrDt" : "2023-02-28"				}				,{				"indsLclsCd" : "S2"				,"indsLclsNm" : "수리, 개인 서비스"				,"indsMclsCd" : "S210"				,"indsMclsNm" : "장례식장 "				,"stdrDt" : "2023-02-28"				}				,{				"indsLclsCd" : "S2"				,"indsLclsNm" : "수리, 개인 서비스"				,"indsMclsCd" : "S201"				,"indsMclsNm" : "컴퓨터 수리"				,"stdrDt" : "2023-02-28"				}				,{				"indsLclsCd" : "S2"				,"indsLclsNm" : "수리, 개인 서비스"				,"indsMclsCd" : "S202"				,"indsMclsNm" : "통신장비 수리"				,"stdrDt" : "2023-02-28"				}			]	}}