{	"header" : {		"description" : "소상공인시장진흥공단 상권정보 업종소분류 코드"		,"columns" : ["상권업종대분류코드","상권업종대분류코드명","상권업종중분류코드","상권업종중분류코드명","상권업종소분류코드","상권업종소분류코드명","데이터기준일자"]		,"resultCode" : "00"		,"resultMsg" : "NORMAL SERVICE"	},	"body" : {			"items" : [				{				"indsLclsCd" : "S2"				,"indsLclsNm" : "수리, 개인 서비스"				,"indsMclsCd" : "S206"				,"indsMclsNm" : "기타 가정용품 수리"				,"indsSclsCd" : "S20602"				,"indsSclsNm" : "가죽/가방/신발 수선업"				,"stdrDt" : "2023-02-28"				}				,{				"indsLclsCd" : "S2"				,"indsLclsNm" : "수리, 개인 서비스"				,"indsMclsCd" : "S206"				,"indsMclsNm" : "기타 가정용품 수리"				,"indsSclsCd" : "S20699"				,"indsSclsNm" : "그 외 기타 개인/가정용품 수리업"				,"stdrDt" : "2023-02-28"				}				,{				"indsLclsCd" : "S2"				,"indsLclsNm" : "수리, 개인 서비스"				,"indsMclsCd" : "S206"				,"indsMclsNm" : "기타 가정용품 수리"				,"indsSclsCd" : "S20603"				,"indsSclsNm" : "시계/귀금속/악기 수리업"				,"stdrDt" : "2023-02-28"				}				,{				"indsLclsCd" : "S2"				,"indsLclsNm" : "수리, 개인 서비스"				,"indsMclsCd" : "S206"				,"indsMclsNm" : "기타 가정용품 수리"				,"indsSclsCd" : "S20604"				,"indsSclsNm" : "시계/귀금속/악기 수리업(인적용역)"				,"stdrDt" : "2023-02-28"				}				,{				"indsLclsCd" : "S2"				,"indsLclsNm" : "수리, 개인 서비스"				,"indsMclsCd" : "S206"				,"indsMclsNm" : "기타 가정용품 수리"				,"indsSclsCd" : "S20601"				,"indsSclsNm" : "의류/이불 수선업"				,"stdrDt" : "2023-02-28"				}			]	}}