{	"header" : {		"description" : "소상공인시장진흥공단 상권정보 업종소분류 코드"		,"columns" : ["상권업종대분류코드","상권업종대분류코드명","상권업종중분류코드","상권업종중분류코드명","상권업종소분류코드","상권업종소분류코드명","데이터기준일자"]		,"resultCode" : "00"		,"resultMsg" : "NORMAL SERVICE"	},	"body" : {			"items" : [				{				"indsLclsCd" : "S2"				,"indsLclsNm" : "수리, 개인 서비스"				,"indsMclsCd" : "S207"				,"indsMclsNm" : "이용, 미용"				,"indsSclsCd" : "S20703"				,"indsSclsNm" : "네일숍"				,"stdrDt" : "2023-02-28"				}				,{				"indsLclsCd" : "S2"				,"indsLclsNm" : "수리, 개인 서비스"				,"indsMclsCd" : "S207"				,"indsMclsNm" : "이용, 미용"				,"indsSclsCd" : "S20701"				,"indsSclsNm" : "미용실"				,"stdrDt" : "2023-02-28"				}				,{				"indsLclsCd" : "S2"				,"indsLclsNm" : "수리, 개인 서비스"				,"indsMclsCd" : "S207"				,"indsMclsNm" : "이용, 미용"				,"indsSclsCd" : "S20702"				,"indsSclsNm" : "피부 관리실"				,"stdrDt" : "2023-02-28"				}			]	}}