{	"header" : {		"description" : "소상공인시장진흥공단 상권정보 업종소분류 코드"		,"columns" : ["상권업종대분류코드","상권업종대분류코드명","상권업종중분류코드","상권업종중분류코드명","상권업종소분류코드","상권업종소분류코드명","데이터기준일자"]		,"resultCode" : "00"		,"resultMsg" : "NORMAL SERVICE"	},	"body" : {			"items" : [				{				"indsLclsCd" : "S2"				,"indsLclsNm" : "수리, 개인 서비스"				,"indsMclsCd" : "S208"				,"indsMclsNm" : "욕탕, 신체관리"				,"indsSclsCd" : "S20802"				,"indsSclsNm" : "마사지/안마"				,"stdrDt" : "2023-02-28"				}				,{				"indsLclsCd" : "S2"				,"indsLclsNm" : "수리, 개인 서비스"				,"indsMclsCd" : "S208"				,"indsMclsNm" : "욕탕, 신체관리"				,"indsSclsCd" : "S20801"				,"indsSclsNm" : "목욕탕/사우나"				,"stdrDt" : "2023-02-28"				}				,{				"indsLclsCd" : "S2"				,"indsLclsNm" : "수리, 개인 서비스"				,"indsMclsCd" : "S208"				,"indsMclsNm" : "욕탕, 신체관리"				,"indsSclsCd" : "S20804"				,"indsSclsNm" : "세신사"				,"stdrDt" : "2023-02-28"				}				,{				"indsLclsCd" : "S2"				,"indsLclsNm" : "수리, 개인 서비스"				,"indsMclsCd" : "S208"				,"indsMclsNm" : "욕탕, 신체관리"				,"indsSclsCd" : "S20803"				,"indsSclsNm" : "체형/비만 관리"				,"stdrDt" : "2023-02-28"				}			]	}}