{	"header" : {		"description" : "소상공인시장진흥공단 상권정보 업종소분류 코드"		,"columns" : ["상권업종대분류코드","상권업종대분류코드명","상권업종중분류코드","상권업종중분류코드명","상권업종소분류코드","상권업종소분류코드명","데이터기준일자"]		,"resultCode" : "00"		,"resultMsg" : "NORMAL SERVICE"	},	"body" : {			"items" : [				{				"indsLclsCd" : "S2"				,"indsLclsNm" : "수리, 개인 서비스"				,"indsMclsCd" : "S210"				,"indsMclsNm" : "장례식장 "				,"indsSclsCd" : "S21001"				,"indsSclsNm" : "장례식장"				,"stdrDt" : "2023-02-28"				}				,{				"indsLclsCd" : "S2"				,"indsLclsNm" : "수리, 개인 서비스"				,"indsMclsCd" : "S210"				,"indsMclsNm" : "장례식장 "				,"indsSclsCd" : "S21002"				,"indsSclsNm" : "화장터/묘지/납골당"				,"stdrDt" : "2023-02-28"				}			]	}}