{	"header" : {		"description" : "소상공인시장진흥공단 상권정보 업종소분류 코드"		,"columns" : ["상권업종대분류코드","상권업종대분류코드명","상권업종중분류코드","상권업종중분류코드명","상권업종소분류코드","상권업종소분류코드명","데이터기준일자"]		,"resultCode" : "00"		,"resultMsg" : "NORMAL SERVICE"	},	"body" : {			"items" : [				{				"indsLclsCd" : "S2"				,"indsLclsNm" : "수리, 개인 서비스"				,"indsMclsCd" : "S211"				,"indsMclsNm" : "기타 개인"				,"indsSclsCd" : "S21105"				,"indsSclsNm" : "결혼 상담 서비스업"				,"stdrDt" : "2023-02-28"				}				,{				"indsLclsCd" : "S2"				,"indsLclsNm" : "수리, 개인 서비스"				,"indsMclsCd" : "S211"				,"indsMclsNm" : "기타 개인"				,"indsSclsCd" : "S21106"				,"indsSclsNm" : "그 외 기타 개인서비스업"				,"stdrDt" : "2023-02-28"				}				,{				"indsLclsCd" : "S2"				,"indsLclsNm" : "수리, 개인 서비스"				,"indsMclsCd" : "S211"				,"indsMclsNm" : "기타 개인"				,"indsSclsCd" : "S21199"				,"indsSclsNm" : "그 외 기타 개인서비스업(인적용역)"				,"stdrDt" : "2023-02-28"				}				,{				"indsLclsCd" : "S2"				,"indsLclsNm" : "수리, 개인 서비스"				,"indsMclsCd" : "S211"				,"indsMclsNm" : "기타 개인"				,"indsSclsCd" : "S21103"				,"indsSclsNm" : "산후조리원"				,"stdrDt" : "2023-02-28"				}				,{				"indsLclsCd" : "S2"				,"indsLclsNm" : "수리, 개인 서비스"				,"indsMclsCd" : "S211"				,"indsMclsNm" : "기타 개인"				,"indsSclsCd" : "S21104"				,"indsSclsNm" : "산후조리원(인적용역)"				,"stdrDt" : "2023-02-28"				}				,{				"indsLclsCd" : "S2"				,"indsLclsNm" : "수리, 개인 서비스"				,"indsMclsCd" : "S211"				,"indsMclsNm" : "기타 개인"				,"indsSclsCd" : "S21101"				,"indsSclsNm" : "예식장업"				,"stdrDt" : "2023-02-28"				}				,{				"indsLclsCd" : "S2"				,"indsLclsNm" : "수리, 개인 서비스"				,"indsMclsCd" : "S211"				,"indsMclsNm" : "기타 개인"				,"indsSclsCd" : "S21102"				,"indsSclsNm" : "점술집"				,"stdrDt" : "2023-02-28"				}			]	}}