{	"header" : {		"description" : "소상공인시장진흥공단 상권정보 업종대분류 코드"		,"columns" : ["상권업종대분류코드","상권업종대분류코드명","데이터기준일자"]		,"resultCode" : "00"		,"resultMsg" : "NORMAL SERVICE"	},	"body" : {			"items" : [				{				"indsLclsCd" : "A"				,"indsLclsNm" : "1차산업"				,"stdrDt" : "2015-12-17"				}				,{				"indsLclsCd" : "N"				,"indsLclsNm" : "관광/여가/오락"				,"stdrDt" : "2015-12-17"				}				,{				"indsLclsCd" : "G"				,"indsLclsNm" : "교통/운송"				,"stdrDt" : "2015-12-17"				}				,{				"indsLclsCd" : "V"				,"indsLclsNm" : "국가기관/단체"				,"stdrDt" : "2015-12-17"				}				,{				"indsLclsCd" : "K"				,"indsLclsNm" : "금융"				,"stdrDt" : "2015-12-17"				}				,{				"indsLclsCd" : "I"				,"indsLclsNm" : "기술/건축/환경"				,"stdrDt" : "2015-12-17"				}				,{				"indsLclsCd" : "C"				,"indsLclsNm" : "도매/유통/무역"				,"stdrDt" : "2015-12-17"				}				,{				"indsLclsCd" : "M"				,"indsLclsNm" : "문화/예술/종교"				,"stdrDt" : "2015-12-17"				}				,{				"indsLclsCd" : "T"				,"indsLclsNm" : "복지"				,"stdrDt" : "2015-12-17"				}				,{				"indsLclsCd" : "L"				,"indsLclsNm" : "부동산"				,"stdrDt" : "2015-12-17"				}				,{				"indsLclsCd" : "F"				,"indsLclsNm" : "생활서비스"				,"stdrDt" : "2015-12-17"				}				,{				"indsLclsCd" : "D"				,"indsLclsNm" : "소매"				,"stdrDt" : "2015-12-17"				}				,{				"indsLclsCd" : "O"				,"indsLclsNm" : "숙박"				,"stdrDt" : "2015-12-17"				}				,{				"indsLclsCd" : "P"				,"indsLclsNm" : "스포츠"				,"stdrDt" : "2015-12-17"				}				,{				"indsLclsCd" : "U"				,"indsLclsNm" : "언론/미디어"				,"stdrDt" : "2015-12-17"				}				,{				"indsLclsCd" : "9"				,"indsLclsNm" : "업종분류불능"				,"stdrDt" : "2015-12-17"				}				,{				"indsLclsCd" : "Q"				,"indsLclsNm" : "음식"				,"stdrDt" : "2015-12-17"				}				,{				"indsLclsCd" : "S"				,"indsLclsNm" : "의료"				,"stdrDt" : "2015-12-17"				}				,{				"indsLclsCd" : "E"				,"indsLclsNm" : "전기/가스/수도"				,"stdrDt" : "2015-12-17"				}				,{				"indsLclsCd" : "H"				,"indsLclsNm" : "전자/정보통신"				,"stdrDt" : "2015-12-17"				}				,{				"indsLclsCd" : "B"				,"indsLclsNm" : "제조"				,"stdrDt" : "2015-12-17"				}				,{				"indsLclsCd" : "R"				,"indsLclsNm" : "학문/교육"				,"stdrDt" : "2015-12-17"				}			]	}}