{	"header" : {		"description" : "소상공인시장진흥공단 상권정보 업종대분류 코드"		,"columns" : ["상권업종대분류코드","상권업종대분류코드명","데이터기준일자"]		,"resultCode" : "00"		,"resultMsg" : "NORMAL SERVICE"	},	"body" : {			"items" : [				{				"indsLclsCd" : "F1"				,"indsLclsNm" : "건설업"				,"stdrDt" : "2023-02-28"				}				,{				"indsLclsCd" : "O1"				,"indsLclsNm" : "공공 행정, 국방"				,"stdrDt" : "2023-02-28"				}				,{				"indsLclsCd" : "M1"				,"indsLclsNm" : "과학, 기술 서비스"				,"stdrDt" : "2023-02-28"				}				,{				"indsLclsCd" : "B1"				,"indsLclsNm" : "광업"				,"stdrDt" : "2023-02-28"				}				,{				"indsLclsCd" : "P1"				,"indsLclsNm" : "교육"				,"stdrDt" : "2023-02-28"				}				,{				"indsLclsCd" : "U1"				,"indsLclsNm" : "국제기관"				,"stdrDt" : "2023-02-28"				}				,{				"indsLclsCd" : "K1"				,"indsLclsNm" : "금융, 보험"				,"stdrDt" : "2023-02-28"				}				,{				"indsLclsCd" : "A1"				,"indsLclsNm" : "농업, 임업, 어업"				,"stdrDt" : "2023-02-28"				}				,{				"indsLclsCd" : "G1"				,"indsLclsNm" : "도매업"				,"stdrDt" : "2023-02-28"				}				,{				"indsLclsCd" : "Q1"				,"indsLclsNm" : "보건의료"				,"stdrDt" : "2023-02-28"				}				,{				"indsLclsCd" : "Q2"				,"indsLclsNm" : "복지 서비스"				,"stdrDt" : "2023-02-28"				}				,{				"indsLclsCd" : "L1"				,"indsLclsNm" : "부동산"				,"stdrDt" : "2023-02-28"				}				,{				"indsLclsCd" : "G2"				,"indsLclsNm" : "소매업"				,"stdrDt" : "2023-02-28"				}				,{				"indsLclsCd" : "E1"				,"indsLclsNm" : "수도, 하수 처리, 원료 재생업"				,"stdrDt" : "2023-02-28"				}				,{				"indsLclsCd" : "S2"				,"indsLclsNm" : "수리, 개인 서비스"				,"stdrDt" : "2023-02-28"				}				,{				"indsLclsCd" : "I1"				,"indsLclsNm" : "숙박"				,"stdrDt" : "2023-02-28"				}				,{				"indsLclsCd" : "N1"				,"indsLclsNm" : "시설 관리, 임대"				,"stdrDt" : "2023-02-28"				}				,{				"indsLclsCd" : "R1"				,"indsLclsNm" : "예술, 스포츠, 여가"				,"stdrDt" : "2023-02-28"				}				,{				"indsLclsCd" : "H1"				,"indsLclsNm" : "운수, 창고"				,"stdrDt" : "2023-02-28"				}				,{				"indsLclsCd" : "I2"				,"indsLclsNm" : "음식점"				,"stdrDt" : "2023-02-28"				}				,{				"indsLclsCd" : "T1"				,"indsLclsNm" : "자가 생산활동"				,"stdrDt" : "2023-02-28"				}				,{				"indsLclsCd" : "D1"				,"indsLclsNm" : "전기, 가스, 증기 공급"				,"stdrDt" : "2023-02-28"				}				,{				"indsLclsCd" : "J1"				,"indsLclsNm" : "정보통신"				,"stdrDt" : "2023-02-28"				}				,{				"indsLclsCd" : "C1"				,"indsLclsNm" : "제조업"				,"stdrDt" : "2023-02-28"				}				,{				"indsLclsCd" : "S1"				,"indsLclsNm" : "협회, 단체"				,"stdrDt" : "2023-02-28"				}			]	}}