{	"header" : {		"description" : "소상공인시장진흥공단 상권정보 업종중분류 코드"		,"columns" : ["상권업종대분류코드","상권업종대분류코드명","상권업종중분류코드","상권업종중분류코드명","데이터기준일자"]		,"resultCode" : "00"		,"resultMsg" : "NORMAL SERVICE"	},	"body" : {			"items" : [				{				"indsLclsCd" : "T1"				,"indsLclsNm" : "자가 생산활동"				,"indsMclsCd" : "T101"				,"indsMclsNm" : "가구내고용"				,"stdrDt" : "2023-02-28"				}				,{				"indsLclsCd" : "T1"				,"indsLclsNm" : "자가 생산활동"				,"indsMclsCd" : "T102"				,"indsMclsNm" : "자가 소비 생산"				,"stdrDt" : "2023-02-28"				}				,{				"indsLclsCd" : "T1"				,"indsLclsNm" : "자가 생산활동"				,"indsMclsCd" : "T103"				,"indsMclsNm" : "자가 소비 서비스"				,"stdrDt" : "2023-02-28"				}			]	}}