{	"header" : {		"description" : "소상공인시장진흥공단 상권정보 업종소분류 코드"		,"columns" : ["상권업종대분류코드","상권업종대분류코드명","상권업종중분류코드","상권업종중분류코드명","상권업종소분류코드","상권업종소분류코드명","데이터기준일자"]		,"resultCode" : "00"		,"resultMsg" : "NORMAL SERVICE"	},	"body" : {			"items" : [				{				"indsLclsCd" : "T1"				,"indsLclsNm" : "자가 생산활동"				,"indsMclsCd" : "T101"				,"indsMclsNm" : "가구내고용"				,"indsSclsCd" : "T10101"				,"indsSclsNm" : "가구 내 고용활동"				,"stdrDt" : "2023-02-28"				}			]	}}