{	"header" : {		"description" : "소상공인시장진흥공단 상권정보 업종소분류 코드"		,"columns" : ["상권업종대분류코드","상권업종대분류코드명","상권업종중분류코드","상권업종중분류코드명","상권업종소분류코드","상권업종소분류코드명","데이터기준일자"]		,"resultCode" : "00"		,"resultMsg" : "NORMAL SERVICE"	},	"body" : {			"items" : [				{				"indsLclsCd" : "U"				,"indsLclsNm" : "언론/미디어"				,"indsMclsCd" : "U01"				,"indsMclsNm" : "TV"				,"indsSclsCd" : "U01A99"				,"indsSclsNm" : "TV방송업-기타"				,"stdrDt" : "2015-12-17"				}				,{				"indsLclsCd" : "U"				,"indsLclsNm" : "언론/미디어"				,"indsMclsCd" : "U01"				,"indsMclsNm" : "TV"				,"indsSclsCd" : "U01A00"				,"indsSclsNm" : "TV방송업-종합"				,"stdrDt" : "2015-12-17"				}				,{				"indsLclsCd" : "U"				,"indsLclsNm" : "언론/미디어"				,"indsMclsCd" : "U01"				,"indsMclsNm" : "TV"				,"indsSclsCd" : "U01A01"				,"indsSclsNm" : "방송사-TV"				,"stdrDt" : "2015-12-17"				}				,{				"indsLclsCd" : "U"				,"indsLclsNm" : "언론/미디어"				,"indsMclsCd" : "U01"				,"indsMclsNm" : "TV"				,"indsSclsCd" : "U01A04"				,"indsSclsNm" : "방송사-교육TV"				,"stdrDt" : "2015-12-17"				}				,{				"indsLclsCd" : "U"				,"indsLclsNm" : "언론/미디어"				,"indsMclsCd" : "U01"				,"indsMclsNm" : "TV"				,"indsSclsCd" : "U01A03"				,"indsSclsNm" : "방송사-외국TV"				,"stdrDt" : "2015-12-17"				}				,{				"indsLclsCd" : "U"				,"indsLclsNm" : "언론/미디어"				,"indsMclsCd" : "U01"				,"indsMclsNm" : "TV"				,"indsSclsCd" : "U01A02"				,"indsSclsNm" : "방송사-지방TV"				,"stdrDt" : "2015-12-17"				}				,{				"indsLclsCd" : "U"				,"indsLclsNm" : "언론/미디어"				,"indsMclsCd" : "U01"				,"indsMclsNm" : "TV"				,"indsSclsCd" : "U01A05"				,"indsSclsNm" : "송신소"				,"stdrDt" : "2015-12-17"				}			]	}}