{	"header" : {		"description" : "소상공인시장진흥공단 상권정보 업종소분류 코드"		,"columns" : ["상권업종대분류코드","상권업종대분류코드명","상권업종중분류코드","상권업종중분류코드명","상권업종소분류코드","상권업종소분류코드명","데이터기준일자"]		,"resultCode" : "00"		,"resultMsg" : "NORMAL SERVICE"	},	"body" : {			"items" : [				{				"indsLclsCd" : "U"				,"indsLclsNm" : "언론/미디어"				,"indsMclsCd" : "U02"				,"indsMclsNm" : "라디오"				,"indsSclsCd" : "U02A99"				,"indsSclsNm" : "라디오방송-기타"				,"stdrDt" : "2015-12-17"				}				,{				"indsLclsCd" : "U"				,"indsLclsNm" : "언론/미디어"				,"indsMclsCd" : "U02"				,"indsMclsNm" : "라디오"				,"indsSclsCd" : "U02A00"				,"indsSclsNm" : "라디오방송-종합"				,"stdrDt" : "2015-12-17"				}				,{				"indsLclsCd" : "U"				,"indsLclsNm" : "언론/미디어"				,"indsMclsCd" : "U02"				,"indsMclsNm" : "라디오"				,"indsSclsCd" : "U02A01"				,"indsSclsNm" : "라디오방송사"				,"stdrDt" : "2015-12-17"				}				,{				"indsLclsCd" : "U"				,"indsLclsNm" : "언론/미디어"				,"indsMclsCd" : "U02"				,"indsMclsNm" : "라디오"				,"indsSclsCd" : "U02A05"				,"indsSclsNm" : "라디오방송사-교통"				,"stdrDt" : "2015-12-17"				}				,{				"indsLclsCd" : "U"				,"indsLclsNm" : "언론/미디어"				,"indsMclsCd" : "U02"				,"indsMclsNm" : "라디오"				,"indsSclsCd" : "U02A03"				,"indsSclsNm" : "라디오방송사-외국"				,"stdrDt" : "2015-12-17"				}				,{				"indsLclsCd" : "U"				,"indsLclsNm" : "언론/미디어"				,"indsMclsCd" : "U02"				,"indsMclsNm" : "라디오"				,"indsSclsCd" : "U02A04"				,"indsSclsNm" : "라디오방송사-종교"				,"stdrDt" : "2015-12-17"				}				,{				"indsLclsCd" : "U"				,"indsLclsNm" : "언론/미디어"				,"indsMclsCd" : "U02"				,"indsMclsNm" : "라디오"				,"indsSclsCd" : "U02A02"				,"indsSclsNm" : "라디오방송사-지방"				,"stdrDt" : "2015-12-17"				}			]	}}