{	"header" : {		"description" : "소상공인시장진흥공단 상권정보 업종소분류 코드"		,"columns" : ["상권업종대분류코드","상권업종대분류코드명","상권업종중분류코드","상권업종중분류코드명","상권업종소분류코드","상권업종소분류코드명","데이터기준일자"]		,"resultCode" : "00"		,"resultMsg" : "NORMAL SERVICE"	},	"body" : {			"items" : [				{				"indsLclsCd" : "U"				,"indsLclsNm" : "언론/미디어"				,"indsMclsCd" : "U03"				,"indsMclsNm" : "유선방송"				,"indsSclsCd" : "U03A01"				,"indsSclsNm" : "영상유선방송"				,"stdrDt" : "2015-12-17"				}				,{				"indsLclsCd" : "U"				,"indsLclsNm" : "언론/미디어"				,"indsMclsCd" : "U03"				,"indsMclsNm" : "유선방송"				,"indsSclsCd" : "U03A99"				,"indsSclsNm" : "유선방송업-기타"				,"stdrDt" : "2015-12-17"				}				,{				"indsLclsCd" : "U"				,"indsLclsNm" : "언론/미디어"				,"indsMclsCd" : "U03"				,"indsMclsNm" : "유선방송"				,"indsSclsCd" : "U03A00"				,"indsSclsNm" : "유선방송업-종합"				,"stdrDt" : "2015-12-17"				}				,{				"indsLclsCd" : "U"				,"indsLclsNm" : "언론/미디어"				,"indsMclsCd" : "U03"				,"indsMclsNm" : "유선방송"				,"indsSclsCd" : "U03A02"				,"indsSclsNm" : "음악유선방송"				,"stdrDt" : "2015-12-17"				}				,{				"indsLclsCd" : "U"				,"indsLclsNm" : "언론/미디어"				,"indsMclsCd" : "U03"				,"indsMclsNm" : "유선방송"				,"indsSclsCd" : "U03A03"				,"indsSclsNm" : "케이블티브이방송"				,"stdrDt" : "2015-12-17"				}			]	}}