{	"header" : {		"description" : "소상공인시장진흥공단 상권정보 업종소분류 코드"		,"columns" : ["상권업종대분류코드","상권업종대분류코드명","상권업종중분류코드","상권업종중분류코드명","상권업종소분류코드","상권업종소분류코드명","데이터기준일자"]		,"resultCode" : "00"		,"resultMsg" : "NORMAL SERVICE"	},	"body" : {			"items" : [				{				"indsLclsCd" : "U"				,"indsLclsNm" : "언론/미디어"				,"indsMclsCd" : "U04"				,"indsMclsNm" : "방송제작"				,"indsSclsCd" : "U04A01"				,"indsSclsNm" : "TV방송프로그램제작업"				,"stdrDt" : "2015-12-17"				}				,{				"indsLclsCd" : "U"				,"indsLclsNm" : "언론/미디어"				,"indsMclsCd" : "U04"				,"indsMclsNm" : "방송제작"				,"indsSclsCd" : "U04A02"				,"indsSclsNm" : "라디오방송프로그램제작"				,"stdrDt" : "2015-12-17"				}				,{				"indsLclsCd" : "U"				,"indsLclsNm" : "언론/미디어"				,"indsMclsCd" : "U04"				,"indsMclsNm" : "방송제작"				,"indsSclsCd" : "U04A99"				,"indsSclsNm" : "방송프로그램제작-기타"				,"stdrDt" : "2015-12-17"				}				,{				"indsLclsCd" : "U"				,"indsLclsNm" : "언론/미디어"				,"indsMclsCd" : "U04"				,"indsMclsNm" : "방송제작"				,"indsSclsCd" : "U04A00"				,"indsSclsNm" : "방송프로그램제작-종합"				,"stdrDt" : "2015-12-17"				}				,{				"indsLclsCd" : "U"				,"indsLclsNm" : "언론/미디어"				,"indsMclsCd" : "U04"				,"indsMclsNm" : "방송제작"				,"indsSclsCd" : "U04A03"				,"indsSclsNm" : "유선방송영상프로그램제작"				,"stdrDt" : "2015-12-17"				}				,{				"indsLclsCd" : "U"				,"indsLclsNm" : "언론/미디어"				,"indsMclsCd" : "U04"				,"indsMclsNm" : "방송제작"				,"indsSclsCd" : "U04A04"				,"indsSclsNm" : "유선방송음악프로그램제작"				,"stdrDt" : "2015-12-17"				}			]	}}