{	"header" : {		"description" : "소상공인시장진흥공단 상권정보 업종소분류 코드"		,"columns" : ["상권업종대분류코드","상권업종대분류코드명","상권업종중분류코드","상권업종중분류코드명","상권업종소분류코드","상권업종소분류코드명","데이터기준일자"]		,"resultCode" : "00"		,"resultMsg" : "NORMAL SERVICE"	},	"body" : {			"items" : [				{				"indsLclsCd" : "U"				,"indsLclsNm" : "언론/미디어"				,"indsMclsCd" : "U05"				,"indsMclsNm" : "광고"				,"indsSclsCd" : "U05A05"				,"indsSclsNm" : "광고대행-DM"				,"stdrDt" : "2015-12-17"				}				,{				"indsLclsCd" : "U"				,"indsLclsNm" : "언론/미디어"				,"indsMclsCd" : "U05"				,"indsMclsNm" : "광고"				,"indsSclsCd" : "U05A07"				,"indsSclsNm" : "광고대행-교통"				,"stdrDt" : "2015-12-17"				}				,{				"indsLclsCd" : "U"				,"indsLclsNm" : "언론/미디어"				,"indsMclsCd" : "U05"				,"indsMclsNm" : "광고"				,"indsSclsCd" : "U05A99"				,"indsSclsNm" : "광고대행-기타"				,"stdrDt" : "2015-12-17"				}				,{				"indsLclsCd" : "U"				,"indsLclsNm" : "언론/미디어"				,"indsMclsCd" : "U05"				,"indsMclsNm" : "광고"				,"indsSclsCd" : "U05A01"				,"indsSclsNm" : "광고대행-방송"				,"stdrDt" : "2015-12-17"				}				,{				"indsLclsCd" : "U"				,"indsLclsNm" : "언론/미디어"				,"indsMclsCd" : "U05"				,"indsMclsNm" : "광고"				,"indsSclsCd" : "U05A02"				,"indsSclsNm" : "광고대행-신문"				,"stdrDt" : "2015-12-17"				}				,{				"indsLclsCd" : "U"				,"indsLclsNm" : "언론/미디어"				,"indsMclsCd" : "U05"				,"indsMclsNm" : "광고"				,"indsSclsCd" : "U05A06"				,"indsSclsNm" : "광고대행-이동"				,"stdrDt" : "2015-12-17"				}				,{				"indsLclsCd" : "U"				,"indsLclsNm" : "언론/미디어"				,"indsMclsCd" : "U05"				,"indsMclsNm" : "광고"				,"indsSclsCd" : "U05A04"				,"indsSclsNm" : "광고대행-정치"				,"stdrDt" : "2015-12-17"				}				,{				"indsLclsCd" : "U"				,"indsLclsNm" : "언론/미디어"				,"indsMclsCd" : "U05"				,"indsMclsNm" : "광고"				,"indsSclsCd" : "U05A00"				,"indsSclsNm" : "광고대행-종합"				,"stdrDt" : "2015-12-17"				}				,{				"indsLclsCd" : "U"				,"indsLclsNm" : "언론/미디어"				,"indsMclsCd" : "U05"				,"indsMclsNm" : "광고"				,"indsSclsCd" : "U05A03"				,"indsSclsNm" : "광고대행-해외"				,"stdrDt" : "2015-12-17"				}			]	}}