{	"header" : {		"description" : "소상공인시장진흥공단 상권정보 업종소분류 코드"		,"columns" : ["상권업종대분류코드","상권업종대분류코드명","상권업종중분류코드","상권업종중분류코드명","상권업종소분류코드","상권업종소분류코드명","데이터기준일자"]		,"resultCode" : "00"		,"resultMsg" : "NORMAL SERVICE"	},	"body" : {			"items" : [				{				"indsLclsCd" : "U"				,"indsLclsNm" : "언론/미디어"				,"indsMclsCd" : "U06"				,"indsMclsNm" : "정보제공"				,"indsSclsCd" : "U06A99"				,"indsSclsNm" : "뉴스제공업-기타"				,"stdrDt" : "2015-12-17"				}				,{				"indsLclsCd" : "U"				,"indsLclsNm" : "언론/미디어"				,"indsMclsCd" : "U06"				,"indsMclsNm" : "정보제공"				,"indsSclsCd" : "U06A00"				,"indsSclsNm" : "뉴스제공업-종합"				,"stdrDt" : "2015-12-17"				}				,{				"indsLclsCd" : "U"				,"indsLclsNm" : "언론/미디어"				,"indsMclsCd" : "U06"				,"indsMclsNm" : "정보제공"				,"indsSclsCd" : "U06A01"				,"indsSclsNm" : "통신사"				,"stdrDt" : "2015-12-17"				}			]	}}