{	"header" : {		"description" : "소상공인시장진흥공단 상권정보 업종소분류 코드"		,"columns" : ["상권업종대분류코드","상권업종대분류코드명","상권업종중분류코드","상권업종중분류코드명","상권업종소분류코드","상권업종소분류코드명","데이터기준일자"]		,"resultCode" : "00"		,"resultMsg" : "NORMAL SERVICE"	},	"body" : {			"items" : [				{				"indsLclsCd" : "U"				,"indsLclsNm" : "언론/미디어"				,"indsMclsCd" : "U07"				,"indsMclsNm" : "신문"				,"indsSclsCd" : "U07A99"				,"indsSclsNm" : "신문발행업-기타"				,"stdrDt" : "2015-12-17"				}				,{				"indsLclsCd" : "U"				,"indsLclsNm" : "언론/미디어"				,"indsMclsCd" : "U07"				,"indsMclsNm" : "신문"				,"indsSclsCd" : "U07A00"				,"indsSclsNm" : "신문발행업-종합"				,"stdrDt" : "2015-12-17"				}				,{				"indsLclsCd" : "U"				,"indsLclsNm" : "언론/미디어"				,"indsMclsCd" : "U07"				,"indsMclsNm" : "신문"				,"indsSclsCd" : "U07A06"				,"indsSclsNm" : "신문사-경매"				,"stdrDt" : "2015-12-17"				}				,{				"indsLclsCd" : "U"				,"indsLclsNm" : "언론/미디어"				,"indsMclsCd" : "U07"				,"indsMclsNm" : "신문"				,"indsSclsCd" : "U07A04"				,"indsSclsNm" : "신문사-외국"				,"stdrDt" : "2015-12-17"				}				,{				"indsLclsCd" : "U"				,"indsLclsNm" : "언론/미디어"				,"indsMclsCd" : "U07"				,"indsMclsNm" : "신문"				,"indsSclsCd" : "U07A05"				,"indsSclsNm" : "신문사-인터넷"				,"stdrDt" : "2015-12-17"				}				,{				"indsLclsCd" : "U"				,"indsLclsNm" : "언론/미디어"				,"indsMclsCd" : "U07"				,"indsMclsNm" : "신문"				,"indsSclsCd" : "U07A01"				,"indsSclsNm" : "신문사-일간"				,"stdrDt" : "2015-12-17"				}				,{				"indsLclsCd" : "U"				,"indsLclsNm" : "언론/미디어"				,"indsMclsCd" : "U07"				,"indsMclsNm" : "신문"				,"indsSclsCd" : "U07A02"				,"indsSclsNm" : "신문사-주간"				,"stdrDt" : "2015-12-17"				}				,{				"indsLclsCd" : "U"				,"indsLclsNm" : "언론/미디어"				,"indsMclsCd" : "U07"				,"indsMclsNm" : "신문"				,"indsSclsCd" : "U07A03"				,"indsSclsNm" : "신문사-지방"				,"stdrDt" : "2015-12-17"				}				,{				"indsLclsCd" : "U"				,"indsLclsNm" : "언론/미디어"				,"indsMclsCd" : "U07"				,"indsMclsNm" : "신문"				,"indsSclsCd" : "U07B02"				,"indsSclsNm" : "잡지-월간"				,"stdrDt" : "2015-12-17"				}				,{				"indsLclsCd" : "U"				,"indsLclsNm" : "언론/미디어"				,"indsMclsCd" : "U07"				,"indsMclsNm" : "신문"				,"indsSclsCd" : "U07B01"				,"indsSclsNm" : "잡지-주간"				,"stdrDt" : "2015-12-17"				}				,{				"indsLclsCd" : "U"				,"indsLclsNm" : "언론/미디어"				,"indsMclsCd" : "U07"				,"indsMclsNm" : "신문"				,"indsSclsCd" : "U07B99"				,"indsSclsNm" : "정기간행물발행-기타"				,"stdrDt" : "2015-12-17"				}				,{				"indsLclsCd" : "U"				,"indsLclsNm" : "언론/미디어"				,"indsMclsCd" : "U07"				,"indsMclsNm" : "신문"				,"indsSclsCd" : "U07B00"				,"indsSclsNm" : "정기간행물발행-종합"				,"stdrDt" : "2015-12-17"				}			]	}}