{	"header" : {		"description" : "소상공인시장진흥공단 상권정보 업종소분류 코드"		,"columns" : ["상권업종대분류코드","상권업종대분류코드명","상권업종중분류코드","상권업종중분류코드명","상권업종소분류코드","상권업종소분류코드명","데이터기준일자"]		,"resultCode" : "00"		,"resultMsg" : "NORMAL SERVICE"	},	"body" : {			"items" : [				{				"indsLclsCd" : "U"				,"indsLclsNm" : "언론/미디어"				,"indsMclsCd" : "U08"				,"indsMclsNm" : "도서출판"				,"indsSclsCd" : "U08A02"				,"indsSclsNm" : "기술과학서출판"				,"stdrDt" : "2015-12-17"				}				,{				"indsLclsCd" : "U"				,"indsLclsNm" : "언론/미디어"				,"indsMclsCd" : "U08"				,"indsMclsNm" : "도서출판"				,"indsSclsCd" : "U08A08"				,"indsSclsNm" : "만화출판"				,"stdrDt" : "2015-12-17"				}				,{				"indsLclsCd" : "U"				,"indsLclsNm" : "언론/미디어"				,"indsMclsCd" : "U08"				,"indsMclsNm" : "도서출판"				,"indsSclsCd" : "U08A04"				,"indsSclsNm" : "번역서적출판"				,"stdrDt" : "2015-12-17"				}				,{				"indsLclsCd" : "U"				,"indsLclsNm" : "언론/미디어"				,"indsMclsCd" : "U08"				,"indsMclsNm" : "도서출판"				,"indsSclsCd" : "U08A03"				,"indsSclsNm" : "사회과학서출판"				,"stdrDt" : "2015-12-17"				}				,{				"indsLclsCd" : "U"				,"indsLclsNm" : "언론/미디어"				,"indsMclsCd" : "U08"				,"indsMclsNm" : "도서출판"				,"indsSclsCd" : "U08A99"				,"indsSclsNm" : "서적출판-기타"				,"stdrDt" : "2015-12-17"				}				,{				"indsLclsCd" : "U"				,"indsLclsNm" : "언론/미디어"				,"indsMclsCd" : "U08"				,"indsMclsNm" : "도서출판"				,"indsSclsCd" : "U08A00"				,"indsSclsNm" : "서적출판-종합"				,"stdrDt" : "2015-12-17"				}				,{				"indsLclsCd" : "U"				,"indsLclsNm" : "언론/미디어"				,"indsMclsCd" : "U08"				,"indsMclsNm" : "도서출판"				,"indsSclsCd" : "U08A05"				,"indsSclsNm" : "외국서적출판"				,"stdrDt" : "2015-12-17"				}				,{				"indsLclsCd" : "U"				,"indsLclsNm" : "언론/미디어"				,"indsMclsCd" : "U08"				,"indsMclsNm" : "도서출판"				,"indsSclsCd" : "U08A09"				,"indsSclsNm" : "족보제작"				,"stdrDt" : "2015-12-17"				}				,{				"indsLclsCd" : "U"				,"indsLclsNm" : "언론/미디어"				,"indsMclsCd" : "U08"				,"indsMclsNm" : "도서출판"				,"indsSclsCd" : "U08A06"				,"indsSclsNm" : "종교서적출판"				,"stdrDt" : "2015-12-17"				}				,{				"indsLclsCd" : "U"				,"indsLclsNm" : "언론/미디어"				,"indsMclsCd" : "U08"				,"indsMclsNm" : "도서출판"				,"indsSclsCd" : "U08A07"				,"indsSclsNm" : "컴퓨터서적출판"				,"stdrDt" : "2015-12-17"				}				,{				"indsLclsCd" : "U"				,"indsLclsNm" : "언론/미디어"				,"indsMclsCd" : "U08"				,"indsMclsNm" : "도서출판"				,"indsSclsCd" : "U08A01"				,"indsSclsNm" : "학습참고서출판"				,"stdrDt" : "2015-12-17"				}			]	}}