{	"header" : {		"description" : "소상공인시장진흥공단 상권정보 업종소분류 코드"		,"columns" : ["상권업종대분류코드","상권업종대분류코드명","상권업종중분류코드","상권업종중분류코드명","상권업종소분류코드","상권업종소분류코드명","데이터기준일자"]		,"resultCode" : "00"		,"resultMsg" : "NORMAL SERVICE"	},	"body" : {			"items" : [				{				"indsLclsCd" : "U"				,"indsLclsNm" : "언론/미디어"				,"indsMclsCd" : "U09"				,"indsMclsNm" : "멀티미디어"				,"indsSclsCd" : "U09A05"				,"indsSclsNm" : "CD-ROM출판"				,"stdrDt" : "2015-12-17"				}				,{				"indsLclsCd" : "U"				,"indsLclsNm" : "언론/미디어"				,"indsMclsCd" : "U09"				,"indsMclsNm" : "멀티미디어"				,"indsSclsCd" : "U09A04"				,"indsSclsNm" : "CD/LD음반제작"				,"stdrDt" : "2015-12-17"				}				,{				"indsLclsCd" : "U"				,"indsLclsNm" : "언론/미디어"				,"indsMclsCd" : "U09"				,"indsMclsNm" : "멀티미디어"				,"indsSclsCd" : "U09A99"				,"indsSclsNm" : "기록물출판-기타"				,"stdrDt" : "2015-12-17"				}				,{				"indsLclsCd" : "U"				,"indsLclsNm" : "언론/미디어"				,"indsMclsCd" : "U09"				,"indsMclsNm" : "멀티미디어"				,"indsSclsCd" : "U09A00"				,"indsSclsNm" : "기록물출판-종합"				,"stdrDt" : "2015-12-17"				}				,{				"indsLclsCd" : "U"				,"indsLclsNm" : "언론/미디어"				,"indsMclsCd" : "U09"				,"indsMclsNm" : "멀티미디어"				,"indsSclsCd" : "U09A02"				,"indsSclsNm" : "비디오제작"				,"stdrDt" : "2015-12-17"				}				,{				"indsLclsCd" : "U"				,"indsLclsNm" : "언론/미디어"				,"indsMclsCd" : "U09"				,"indsMclsNm" : "멀티미디어"				,"indsSclsCd" : "U09A01"				,"indsSclsNm" : "음반제작"				,"stdrDt" : "2015-12-17"				}				,{				"indsLclsCd" : "U"				,"indsLclsNm" : "언론/미디어"				,"indsMclsCd" : "U09"				,"indsMclsNm" : "멀티미디어"				,"indsSclsCd" : "U09A03"				,"indsSclsNm" : "카세트제작"				,"stdrDt" : "2015-12-17"				}			]	}}