{	"header" : {		"description" : "소상공인시장진흥공단 상권정보 업종소분류 코드"		,"columns" : ["상권업종대분류코드","상권업종대분류코드명","상권업종중분류코드","상권업종중분류코드명","상권업종소분류코드","상권업종소분류코드명","데이터기준일자"]		,"resultCode" : "00"		,"resultMsg" : "NORMAL SERVICE"	},	"body" : {			"items" : [				{				"indsLclsCd" : "U1"				,"indsLclsNm" : "국제기관"				,"indsMclsCd" : "U101"				,"indsMclsNm" : "국제기관"				,"indsSclsCd" : "U10102"				,"indsSclsNm" : "기타 국제 및 외국기관"				,"stdrDt" : "2023-02-28"				}				,{				"indsLclsCd" : "U1"				,"indsLclsNm" : "국제기관"				,"indsMclsCd" : "U101"				,"indsMclsNm" : "국제기관"				,"indsSclsCd" : "U10101"				,"indsSclsNm" : "주한 외국 공관"				,"stdrDt" : "2023-02-28"				}			]	}}