{	"header" : {		"description" : "소상공인시장진흥공단 상권정보 업종소분류 코드"		,"columns" : ["상권업종대분류코드","상권업종대분류코드명","상권업종중분류코드","상권업종중분류코드명","상권업종소분류코드","상권업종소분류코드명","데이터기준일자"]		,"resultCode" : "00"		,"resultMsg" : "NORMAL SERVICE"	},	"body" : {			"items" : [				{				"indsLclsCd" : "V"				,"indsLclsNm" : "국가기관/단체"				,"indsMclsCd" : "V01"				,"indsMclsNm" : "입법기관"				,"indsSclsCd" : "V01A01"				,"indsSclsNm" : "국회"				,"stdrDt" : "2015-12-17"				}				,{				"indsLclsCd" : "V"				,"indsLclsNm" : "국가기관/단체"				,"indsMclsCd" : "V01"				,"indsMclsNm" : "입법기관"				,"indsSclsCd" : "V01A03"				,"indsSclsNm" : "국회사무처"				,"stdrDt" : "2015-12-17"				}				,{				"indsLclsCd" : "V"				,"indsLclsNm" : "국가기관/단체"				,"indsMclsCd" : "V01"				,"indsMclsNm" : "입법기관"				,"indsSclsCd" : "V01A05"				,"indsSclsNm" : "국회의원회관"				,"stdrDt" : "2015-12-17"				}				,{				"indsLclsCd" : "V"				,"indsLclsNm" : "국가기관/단체"				,"indsMclsCd" : "V01"				,"indsMclsNm" : "입법기관"				,"indsSclsCd" : "V01A99"				,"indsSclsNm" : "기타입법기관"				,"stdrDt" : "2015-12-17"				}				,{				"indsLclsCd" : "V"				,"indsLclsNm" : "국가기관/단체"				,"indsMclsCd" : "V01"				,"indsMclsNm" : "입법기관"				,"indsSclsCd" : "V01A02"				,"indsSclsNm" : "지방의회"				,"stdrDt" : "2015-12-17"				}			]	}}