{	"header" : {		"description" : "소상공인시장진흥공단 상권정보 업종소분류 코드"		,"columns" : ["상권업종대분류코드","상권업종대분류코드명","상권업종중분류코드","상권업종중분류코드명","상권업종소분류코드","상권업종소분류코드명","데이터기준일자"]		,"resultCode" : "00"		,"resultMsg" : "NORMAL SERVICE"	},	"body" : {			"items" : [				{				"indsLclsCd" : "V"				,"indsLclsNm" : "국가기관/단체"				,"indsMclsCd" : "V02"				,"indsMclsNm" : "중앙행정기관"				,"indsSclsCd" : "V02A04"				,"indsSclsNm" : "감사원"				,"stdrDt" : "2015-12-17"				}				,{				"indsLclsCd" : "V"				,"indsLclsNm" : "국가기관/단체"				,"indsMclsCd" : "V02"				,"indsMclsNm" : "중앙행정기관"				,"indsSclsCd" : "V02A13"				,"indsSclsNm" : "과학기술부"				,"stdrDt" : "2015-12-17"				}				,{				"indsLclsCd" : "V"				,"indsLclsNm" : "국가기관/단체"				,"indsMclsCd" : "V02"				,"indsMclsNm" : "중앙행정기관"				,"indsSclsCd" : "V02A27"				,"indsSclsNm" : "관세청"				,"stdrDt" : "2015-12-17"				}				,{				"indsLclsCd" : "V"				,"indsLclsNm" : "국가기관/단체"				,"indsMclsCd" : "V02"				,"indsMclsNm" : "중앙행정기관"				,"indsSclsCd" : "V02A35"				,"indsSclsNm" : "교육인적자원부"				,"stdrDt" : "2015-12-17"				}				,{				"indsLclsCd" : "V"				,"indsLclsNm" : "국가기관/단체"				,"indsMclsCd" : "V02"				,"indsMclsNm" : "중앙행정기관"				,"indsSclsCd" : "V02A36"				,"indsSclsNm" : "교육청"				,"stdrDt" : "2015-12-17"				}				,{				"indsLclsCd" : "V"				,"indsLclsNm" : "국가기관/단체"				,"indsMclsCd" : "V02"				,"indsMclsNm" : "중앙행정기관"				,"indsSclsCd" : "V02A20"				,"indsSclsNm" : "국가보훈처"				,"stdrDt" : "2015-12-17"				}				,{				"indsLclsCd" : "V"				,"indsLclsNm" : "국가기관/단체"				,"indsMclsCd" : "V02"				,"indsMclsNm" : "중앙행정기관"				,"indsSclsCd" : "V02A03"				,"indsSclsNm" : "국가안전기획부"				,"stdrDt" : "2015-12-17"				}				,{				"indsLclsCd" : "V"				,"indsLclsNm" : "국가기관/단체"				,"indsMclsCd" : "V02"				,"indsMclsNm" : "중앙행정기관"				,"indsSclsCd" : "V02A06"				,"indsSclsNm" : "국무총리실"				,"stdrDt" : "2015-12-17"				}				,{				"indsLclsCd" : "V"				,"indsLclsNm" : "국가기관/단체"				,"indsMclsCd" : "V02"				,"indsMclsNm" : "중앙행정기관"				,"indsSclsCd" : "V02A33"				,"indsSclsNm" : "국세심판원"				,"stdrDt" : "2015-12-17"				}				,{				"indsLclsCd" : "V"				,"indsLclsNm" : "국가기관/단체"				,"indsMclsCd" : "V02"				,"indsMclsNm" : "중앙행정기관"				,"indsSclsCd" : "V02A24"				,"indsSclsNm" : "국세청"				,"stdrDt" : "2015-12-17"				}				,{				"indsLclsCd" : "V"				,"indsLclsNm" : "국가기관/단체"				,"indsMclsCd" : "V02"				,"indsMclsNm" : "중앙행정기관"				,"indsSclsCd" : "V02A18"				,"indsSclsNm" : "국정홍보처"				,"stdrDt" : "2015-12-17"				}				,{				"indsLclsCd" : "V"				,"indsLclsNm" : "국가기관/단체"				,"indsMclsCd" : "V02"				,"indsMclsNm" : "중앙행정기관"				,"indsSclsCd" : "V02A31"				,"indsSclsNm" : "금융감독원"				,"stdrDt" : "2015-12-17"				}				,{				"indsLclsCd" : "V"				,"indsLclsNm" : "국가기관/단체"				,"indsMclsCd" : "V02"				,"indsMclsNm" : "중앙행정기관"				,"indsSclsCd" : "V02A17"				,"indsSclsNm" : "기상관측소"				,"stdrDt" : "2015-12-17"				}				,{				"indsLclsCd" : "V"				,"indsLclsNm" : "국가기관/단체"				,"indsMclsCd" : "V02"				,"indsMclsNm" : "중앙행정기관"				,"indsSclsCd" : "V02A16"				,"indsSclsNm" : "기상대"				,"stdrDt" : "2015-12-17"				}				,{				"indsLclsCd" : "V"				,"indsLclsNm" : "국가기관/단체"				,"indsMclsCd" : "V02"				,"indsMclsNm" : "중앙행정기관"				,"indsSclsCd" : "V02A14"				,"indsSclsNm" : "기상청"				,"stdrDt" : "2015-12-17"				}				,{				"indsLclsCd" : "V"				,"indsLclsNm" : "국가기관/단체"				,"indsMclsCd" : "V02"				,"indsMclsNm" : "중앙행정기관"				,"indsSclsCd" : "V02A37"				,"indsSclsNm" : "기타교육관리행정"				,"stdrDt" : "2015-12-17"				}				,{				"indsLclsCd" : "V"				,"indsLclsNm" : "국가기관/단체"				,"indsMclsCd" : "V02"				,"indsMclsNm" : "중앙행정기관"				,"indsSclsCd" : "V02A99"				,"indsSclsNm" : "기타중앙종합행정"				,"stdrDt" : "2015-12-17"				}				,{				"indsLclsCd" : "V"				,"indsLclsNm" : "국가기관/단체"				,"indsMclsCd" : "V02"				,"indsMclsNm" : "중앙행정기관"				,"indsSclsCd" : "V02A32"				,"indsSclsNm" : "기획예산처"				,"stdrDt" : "2015-12-17"				}				,{				"indsLclsCd" : "V"				,"indsLclsNm" : "국가기관/단체"				,"indsMclsCd" : "V02"				,"indsMclsNm" : "중앙행정기관"				,"indsSclsCd" : "V02A11"				,"indsSclsNm" : "남북대화사무국"				,"stdrDt" : "2015-12-17"				}				,{				"indsLclsCd" : "V"				,"indsLclsNm" : "국가기관/단체"				,"indsMclsCd" : "V02"				,"indsMclsNm" : "중앙행정기관"				,"indsSclsCd" : "V02A02"				,"indsSclsNm" : "대통령비서실"				,"stdrDt" : "2015-12-17"				}				,{				"indsLclsCd" : "V"				,"indsLclsNm" : "국가기관/단체"				,"indsMclsCd" : "V02"				,"indsMclsNm" : "중앙행정기관"				,"indsSclsCd" : "V02A19"				,"indsSclsNm" : "법제처"				,"stdrDt" : "2015-12-17"				}				,{				"indsLclsCd" : "V"				,"indsLclsNm" : "국가기관/단체"				,"indsMclsCd" : "V02"				,"indsMclsNm" : "중앙행정기관"				,"indsSclsCd" : "V02A28"				,"indsSclsNm" : "세관"				,"stdrDt" : "2015-12-17"				}				,{				"indsLclsCd" : "V"				,"indsLclsNm" : "국가기관/단체"				,"indsMclsCd" : "V02"				,"indsMclsNm" : "중앙행정기관"				,"indsSclsCd" : "V02A30"				,"indsSclsNm" : "여성가족부"				,"stdrDt" : "2015-12-17"				}				,{				"indsLclsCd" : "V"				,"indsLclsNm" : "국가기관/단체"				,"indsMclsCd" : "V02"				,"indsMclsNm" : "중앙행정기관"				,"indsSclsCd" : "V02A29"				,"indsSclsNm" : "이북5도청"				,"stdrDt" : "2015-12-17"				}				,{				"indsLclsCd" : "V"				,"indsLclsNm" : "국가기관/단체"				,"indsMclsCd" : "V02"				,"indsMclsNm" : "중앙행정기관"				,"indsSclsCd" : "V02A23"				,"indsSclsNm" : "재무부"				,"stdrDt" : "2015-12-17"				}				,{				"indsLclsCd" : "V"				,"indsLclsNm" : "국가기관/단체"				,"indsMclsCd" : "V02"				,"indsMclsNm" : "중앙행정기관"				,"indsSclsCd" : "V02A05"				,"indsSclsNm" : "재정경제부"				,"stdrDt" : "2015-12-17"				}				,{				"indsLclsCd" : "V"				,"indsLclsNm" : "국가기관/단체"				,"indsMclsCd" : "V02"				,"indsMclsNm" : "중앙행정기관"				,"indsSclsCd" : "V02A07"				,"indsSclsNm" : "조달청"				,"stdrDt" : "2015-12-17"				}				,{				"indsLclsCd" : "V"				,"indsLclsNm" : "국가기관/단체"				,"indsMclsCd" : "V02"				,"indsMclsNm" : "중앙행정기관"				,"indsSclsCd" : "V02A25"				,"indsSclsNm" : "지방국세청"				,"stdrDt" : "2015-12-17"				}				,{				"indsLclsCd" : "V"				,"indsLclsNm" : "국가기관/단체"				,"indsMclsCd" : "V02"				,"indsMclsNm" : "중앙행정기관"				,"indsSclsCd" : "V02A21"				,"indsSclsNm" : "지방보훈청"				,"stdrDt" : "2015-12-17"				}				,{				"indsLclsCd" : "V"				,"indsLclsNm" : "국가기관/단체"				,"indsMclsCd" : "V02"				,"indsMclsNm" : "중앙행정기관"				,"indsSclsCd" : "V02A01"				,"indsSclsNm" : "청와대"				,"stdrDt" : "2015-12-17"				}				,{				"indsLclsCd" : "V"				,"indsLclsNm" : "국가기관/단체"				,"indsMclsCd" : "V02"				,"indsMclsNm" : "중앙행정기관"				,"indsSclsCd" : "V02A12"				,"indsSclsNm" : "총무처"				,"stdrDt" : "2015-12-17"				}				,{				"indsLclsCd" : "V"				,"indsLclsNm" : "국가기관/단체"				,"indsMclsCd" : "V02"				,"indsMclsNm" : "중앙행정기관"				,"indsSclsCd" : "V02A15"				,"indsSclsNm" : "측후소"				,"stdrDt" : "2015-12-17"				}				,{				"indsLclsCd" : "V"				,"indsLclsNm" : "국가기관/단체"				,"indsMclsCd" : "V02"				,"indsMclsNm" : "중앙행정기관"				,"indsSclsCd" : "V02A08"				,"indsSclsNm" : "통계청"				,"stdrDt" : "2015-12-17"				}				,{				"indsLclsCd" : "V"				,"indsLclsNm" : "국가기관/단체"				,"indsMclsCd" : "V02"				,"indsMclsNm" : "중앙행정기관"				,"indsSclsCd" : "V02A10"				,"indsSclsNm" : "통일교육원"				,"stdrDt" : "2015-12-17"				}				,{				"indsLclsCd" : "V"				,"indsLclsNm" : "국가기관/단체"				,"indsMclsCd" : "V02"				,"indsMclsNm" : "중앙행정기관"				,"indsSclsCd" : "V02A09"				,"indsSclsNm" : "통일부"				,"stdrDt" : "2015-12-17"				}				,{				"indsLclsCd" : "V"				,"indsLclsNm" : "국가기관/단체"				,"indsMclsCd" : "V02"				,"indsMclsNm" : "중앙행정기관"				,"indsSclsCd" : "V02A34"				,"indsSclsNm" : "해양수산부"				,"stdrDt" : "2015-12-17"				}				,{				"indsLclsCd" : "V"				,"indsLclsNm" : "국가기관/단체"				,"indsMclsCd" : "V02"				,"indsMclsNm" : "중앙행정기관"				,"indsSclsCd" : "V02A22"				,"indsSclsNm" : "행정자치부"				,"stdrDt" : "2015-12-17"				}			]	}}