{	"header" : {		"description" : "소상공인시장진흥공단 상권정보 업종소분류 코드"		,"columns" : ["상권업종대분류코드","상권업종대분류코드명","상권업종중분류코드","상권업종중분류코드명","상권업종소분류코드","상권업종소분류코드명","데이터기준일자"]		,"resultCode" : "00"		,"resultMsg" : "NORMAL SERVICE"	},	"body" : {			"items" : [				{				"indsLclsCd" : "V"				,"indsLclsNm" : "국가기관/단체"				,"indsMclsCd" : "V03"				,"indsMclsNm" : "지방행정기관"				,"indsSclsCd" : "V03A99"				,"indsSclsNm" : "기타지방종합행정"				,"stdrDt" : "2015-12-17"				}				,{				"indsLclsCd" : "V"				,"indsLclsNm" : "국가기관/단체"				,"indsMclsCd" : "V03"				,"indsMclsNm" : "지방행정기관"				,"indsSclsCd" : "V03A17"				,"indsSclsNm" : "어선신고"				,"stdrDt" : "2015-12-17"				}				,{				"indsLclsCd" : "V"				,"indsLclsNm" : "국가기관/단체"				,"indsMclsCd" : "V03"				,"indsMclsNm" : "지방행정기관"				,"indsSclsCd" : "V03A18"				,"indsSclsNm" : "지방해양수산청"				,"stdrDt" : "2015-12-17"				}			]	}}