{	"header" : {		"description" : "소상공인시장진흥공단 상권정보 업종소분류 코드"		,"columns" : ["상권업종대분류코드","상권업종대분류코드명","상권업종중분류코드","상권업종중분류코드명","상권업종소분류코드","상권업종소분류코드명","데이터기준일자"]		,"resultCode" : "00"		,"resultMsg" : "NORMAL SERVICE"	},	"body" : {			"items" : [				{				"indsLclsCd" : "V"				,"indsLclsNm" : "국가기관/단체"				,"indsMclsCd" : "V04"				,"indsMclsNm" : "보조행정기관"				,"indsSclsCd" : "V04A99"				,"indsSclsNm" : "기타정부기관보조행정"				,"stdrDt" : "2015-12-17"				}				,{				"indsLclsCd" : "V"				,"indsLclsNm" : "국가기관/단체"				,"indsMclsCd" : "V04"				,"indsMclsNm" : "보조행정기관"				,"indsSclsCd" : "V04A01"				,"indsSclsNm" : "정부기록보존소"				,"stdrDt" : "2015-12-17"				}				,{				"indsLclsCd" : "V"				,"indsLclsNm" : "국가기관/단체"				,"indsMclsCd" : "V04"				,"indsMclsNm" : "보조행정기관"				,"indsSclsCd" : "V04A02"				,"indsSclsNm" : "정부전자계산소"				,"stdrDt" : "2015-12-17"				}				,{				"indsLclsCd" : "V"				,"indsLclsNm" : "국가기관/단체"				,"indsMclsCd" : "V04"				,"indsMclsNm" : "보조행정기관"				,"indsSclsCd" : "V04A03"				,"indsSclsNm" : "정부청사관리소"				,"stdrDt" : "2015-12-17"				}			]	}}