{	"header" : {		"description" : "소상공인시장진흥공단 상권정보 업종소분류 코드"		,"columns" : ["상권업종대분류코드","상권업종대분류코드명","상권업종중분류코드","상권업종중분류코드명","상권업종소분류코드","상권업종소분류코드명","데이터기준일자"]		,"resultCode" : "00"		,"resultMsg" : "NORMAL SERVICE"	},	"body" : {			"items" : [				{				"indsLclsCd" : "V"				,"indsLclsNm" : "국가기관/단체"				,"indsMclsCd" : "V05"				,"indsMclsNm" : "학술관련기관"				,"indsSclsCd" : "V05A03"				,"indsSclsNm" : "국사편집위원회"				,"stdrDt" : "2015-12-17"				}				,{				"indsLclsCd" : "V"				,"indsLclsNm" : "국가기관/단체"				,"indsMclsCd" : "V05"				,"indsMclsNm" : "학술관련기관"				,"indsSclsCd" : "V05A05"				,"indsSclsNm" : "중앙교육평가원"				,"stdrDt" : "2015-12-17"				}				,{				"indsLclsCd" : "V"				,"indsLclsNm" : "국가기관/단체"				,"indsMclsCd" : "V05"				,"indsMclsNm" : "학술관련기관"				,"indsSclsCd" : "V05A04"				,"indsSclsNm" : "학술원"				,"stdrDt" : "2015-12-17"				}			]	}}