{	"header" : {		"description" : "소상공인시장진흥공단 상권정보 업종소분류 코드"		,"columns" : ["상권업종대분류코드","상권업종대분류코드명","상권업종중분류코드","상권업종중분류코드명","상권업종소분류코드","상권업종소분류코드명","데이터기준일자"]		,"resultCode" : "00"		,"resultMsg" : "NORMAL SERVICE"	},	"body" : {			"items" : [				{				"indsLclsCd" : "V"				,"indsLclsNm" : "국가기관/단체"				,"indsMclsCd" : "V06"				,"indsMclsNm" : "문화관련국가기관"				,"indsSclsCd" : "V06A03"				,"indsSclsNm" : "공원관리사무소"				,"stdrDt" : "2015-12-17"				}				,{				"indsLclsCd" : "V"				,"indsLclsNm" : "국가기관/단체"				,"indsMclsCd" : "V06"				,"indsMclsNm" : "문화관련국가기관"				,"indsSclsCd" : "V06A99"				,"indsSclsNm" : "기타문화/종교관리행정"				,"stdrDt" : "2015-12-17"				}				,{				"indsLclsCd" : "V"				,"indsLclsNm" : "국가기관/단체"				,"indsMclsCd" : "V06"				,"indsMclsNm" : "문화관련국가기관"				,"indsSclsCd" : "V06A01"				,"indsSclsNm" : "문화관광부"				,"stdrDt" : "2015-12-17"				}				,{				"indsLclsCd" : "V"				,"indsLclsNm" : "국가기관/단체"				,"indsMclsCd" : "V06"				,"indsMclsNm" : "문화관련국가기관"				,"indsSclsCd" : "V06A02"				,"indsSclsNm" : "문화재청"				,"stdrDt" : "2015-12-17"				}			]	}}