{	"header" : {		"description" : "소상공인시장진흥공단 상권정보 업종소분류 코드"		,"columns" : ["상권업종대분류코드","상권업종대분류코드명","상권업종중분류코드","상권업종중분류코드명","상권업종소분류코드","상권업종소분류코드명","데이터기준일자"]		,"resultCode" : "00"		,"resultMsg" : "NORMAL SERVICE"	},	"body" : {			"items" : [				{				"indsLclsCd" : "V"				,"indsLclsNm" : "국가기관/단체"				,"indsMclsCd" : "V07"				,"indsMclsNm" : "사회보장국가기관"				,"indsSclsCd" : "V07A05"				,"indsSclsNm" : "국립검역소"				,"stdrDt" : "2015-12-17"				}				,{				"indsLclsCd" : "V"				,"indsLclsNm" : "국가기관/단체"				,"indsMclsCd" : "V07"				,"indsMclsNm" : "사회보장국가기관"				,"indsSclsCd" : "V07A03"				,"indsSclsNm" : "국립보건안전연구원"				,"stdrDt" : "2015-12-17"				}				,{				"indsLclsCd" : "V"				,"indsLclsNm" : "국가기관/단체"				,"indsMclsCd" : "V07"				,"indsMclsNm" : "사회보장국가기관"				,"indsSclsCd" : "V07A02"				,"indsSclsNm" : "국립보건원"				,"stdrDt" : "2015-12-17"				}				,{				"indsLclsCd" : "V"				,"indsLclsNm" : "국가기관/단체"				,"indsMclsCd" : "V07"				,"indsMclsNm" : "사회보장국가기관"				,"indsSclsCd" : "V07A04"				,"indsSclsNm" : "국립의료원"				,"stdrDt" : "2015-12-17"				}				,{				"indsLclsCd" : "V"				,"indsLclsNm" : "국가기관/단체"				,"indsMclsCd" : "V07"				,"indsMclsNm" : "사회보장국가기관"				,"indsSclsCd" : "V07A09"				,"indsSclsNm" : "국립환경연구원"				,"stdrDt" : "2015-12-17"				}				,{				"indsLclsCd" : "V"				,"indsLclsNm" : "국가기관/단체"				,"indsMclsCd" : "V07"				,"indsMclsNm" : "사회보장국가기관"				,"indsSclsCd" : "V07B99"				,"indsSclsNm" : "기타사회보장행정"				,"stdrDt" : "2015-12-17"				}				,{				"indsLclsCd" : "V"				,"indsLclsNm" : "국가기관/단체"				,"indsMclsCd" : "V07"				,"indsMclsNm" : "사회보장국가기관"				,"indsSclsCd" : "V07A99"				,"indsSclsNm" : "기타환경/보건관리행정"				,"stdrDt" : "2015-12-17"				}				,{				"indsLclsCd" : "V"				,"indsLclsNm" : "국가기관/단체"				,"indsMclsCd" : "V07"				,"indsMclsNm" : "사회보장국가기관"				,"indsSclsCd" : "V07A13"				,"indsSclsNm" : "물차(급수/살수)관리"				,"stdrDt" : "2015-12-17"				}				,{				"indsLclsCd" : "V"				,"indsLclsNm" : "국가기관/단체"				,"indsMclsCd" : "V07"				,"indsMclsNm" : "사회보장국가기관"				,"indsSclsCd" : "V07A01"				,"indsSclsNm" : "보건사회부"				,"stdrDt" : "2015-12-17"				}				,{				"indsLclsCd" : "V"				,"indsLclsNm" : "국가기관/단체"				,"indsMclsCd" : "V07"				,"indsMclsNm" : "사회보장국가기관"				,"indsSclsCd" : "V07A11"				,"indsSclsNm" : "수도사업소"				,"stdrDt" : "2015-12-17"				}				,{				"indsLclsCd" : "V"				,"indsLclsNm" : "국가기관/단체"				,"indsMclsCd" : "V07"				,"indsMclsNm" : "사회보장국가기관"				,"indsSclsCd" : "V07B06"				,"indsSclsNm" : "여성기술원"				,"stdrDt" : "2015-12-17"				}				,{				"indsLclsCd" : "V"				,"indsLclsNm" : "국가기관/단체"				,"indsMclsCd" : "V07"				,"indsMclsNm" : "사회보장국가기관"				,"indsSclsCd" : "V07A10"				,"indsSclsNm" : "지방환경청"				,"stdrDt" : "2015-12-17"				}				,{				"indsLclsCd" : "V"				,"indsLclsNm" : "국가기관/단체"				,"indsMclsCd" : "V07"				,"indsMclsNm" : "사회보장국가기관"				,"indsSclsCd" : "V07A08"				,"indsSclsNm" : "환경처"				,"stdrDt" : "2015-12-17"				}			]	}}