{	"header" : {		"description" : "소상공인시장진흥공단 상권정보 업종소분류 코드"		,"columns" : ["상권업종대분류코드","상권업종대분류코드명","상권업종중분류코드","상권업종중분류코드명","상권업종소분류코드","상권업종소분류코드명","데이터기준일자"]		,"resultCode" : "00"		,"resultMsg" : "NORMAL SERVICE"	},	"body" : {			"items" : [				{				"indsLclsCd" : "V"				,"indsLclsNm" : "국가기관/단체"				,"indsMclsCd" : "V08"				,"indsMclsNm" : "산업진흥행정"				,"indsSclsCd" : "V08B07"				,"indsSclsNm" : "건설교통부"				,"stdrDt" : "2015-12-17"				}				,{				"indsLclsCd" : "V"				,"indsLclsNm" : "국가기관/단체"				,"indsMclsCd" : "V08"				,"indsMclsNm" : "산업진흥행정"				,"indsSclsCd" : "V08B10"				,"indsSclsNm" : "건설사무소"				,"stdrDt" : "2015-12-17"				}				,{				"indsLclsCd" : "V"				,"indsLclsNm" : "국가기관/단체"				,"indsMclsCd" : "V08"				,"indsMclsNm" : "산업진흥행정"				,"indsSclsCd" : "V08B11"				,"indsSclsNm" : "공단관리"				,"stdrDt" : "2015-12-17"				}				,{				"indsLclsCd" : "V"				,"indsLclsNm" : "국가기관/단체"				,"indsMclsCd" : "V08"				,"indsMclsNm" : "산업진흥행정"				,"indsSclsCd" : "V08B03"				,"indsSclsNm" : "공업시험원"				,"stdrDt" : "2015-12-17"				}				,{				"indsLclsCd" : "V"				,"indsLclsNm" : "국가기관/단체"				,"indsMclsCd" : "V08"				,"indsMclsNm" : "산업진흥행정"				,"indsSclsCd" : "V08B02"				,"indsSclsNm" : "공업진흥청"				,"stdrDt" : "2015-12-17"				}				,{				"indsLclsCd" : "V"				,"indsLclsNm" : "국가기관/단체"				,"indsMclsCd" : "V08"				,"indsMclsNm" : "산업진흥행정"				,"indsSclsCd" : "V08B05"				,"indsSclsNm" : "광산보안사무소"				,"stdrDt" : "2015-12-17"				}				,{				"indsLclsCd" : "V"				,"indsLclsNm" : "국가기관/단체"				,"indsMclsCd" : "V08"				,"indsMclsNm" : "산업진흥행정"				,"indsSclsCd" : "V08B06"				,"indsSclsNm" : "광업등록소"				,"stdrDt" : "2015-12-17"				}				,{				"indsLclsCd" : "V"				,"indsLclsNm" : "국가기관/단체"				,"indsMclsCd" : "V08"				,"indsMclsNm" : "산업진흥행정"				,"indsSclsCd" : "V08B08"				,"indsSclsNm" : "국토관리청"				,"stdrDt" : "2015-12-17"				}				,{				"indsLclsCd" : "V"				,"indsLclsNm" : "국가기관/단체"				,"indsMclsCd" : "V08"				,"indsMclsNm" : "산업진흥행정"				,"indsSclsCd" : "V08B09"				,"indsSclsNm" : "국토유지건설사무소"				,"stdrDt" : "2015-12-17"				}				,{				"indsLclsCd" : "V"				,"indsLclsNm" : "국가기관/단체"				,"indsMclsCd" : "V08"				,"indsMclsNm" : "산업진흥행정"				,"indsSclsCd" : "V08A99"				,"indsSclsNm" : "기타노동/산업진흥행정"				,"stdrDt" : "2015-12-17"				}				,{				"indsLclsCd" : "V"				,"indsLclsNm" : "국가기관/단체"				,"indsMclsCd" : "V08"				,"indsMclsNm" : "산업진흥행정"				,"indsSclsCd" : "V08B99"				,"indsSclsNm" : "기타산업진흥행정"				,"stdrDt" : "2015-12-17"				}				,{				"indsLclsCd" : "V"				,"indsLclsNm" : "국가기관/단체"				,"indsMclsCd" : "V08"				,"indsMclsNm" : "산업진흥행정"				,"indsSclsCd" : "V08A01"				,"indsSclsNm" : "노동부"				,"stdrDt" : "2015-12-17"				}				,{				"indsLclsCd" : "V"				,"indsLclsNm" : "국가기관/단체"				,"indsMclsCd" : "V08"				,"indsMclsNm" : "산업진흥행정"				,"indsSclsCd" : "V08A03"				,"indsSclsNm" : "노동사무소"				,"stdrDt" : "2015-12-17"				}				,{				"indsLclsCd" : "V"				,"indsLclsNm" : "국가기관/단체"				,"indsMclsCd" : "V08"				,"indsMclsNm" : "산업진흥행정"				,"indsSclsCd" : "V08A04"				,"indsSclsNm" : "노동위원회"				,"stdrDt" : "2015-12-17"				}				,{				"indsLclsCd" : "V"				,"indsLclsNm" : "국가기관/단체"				,"indsMclsCd" : "V08"				,"indsMclsNm" : "산업진흥행정"				,"indsSclsCd" : "V08B01"				,"indsSclsNm" : "산업자원부"				,"stdrDt" : "2015-12-17"				}				,{				"indsLclsCd" : "V"				,"indsLclsNm" : "국가기관/단체"				,"indsMclsCd" : "V08"				,"indsMclsNm" : "산업진흥행정"				,"indsSclsCd" : "V08A02"				,"indsSclsNm" : "지방노동청"				,"stdrDt" : "2015-12-17"				}				,{				"indsLclsCd" : "V"				,"indsLclsNm" : "국가기관/단체"				,"indsMclsCd" : "V08"				,"indsMclsNm" : "산업진흥행정"				,"indsSclsCd" : "V08A05"				,"indsSclsNm" : "직업안정소"				,"stdrDt" : "2015-12-17"				}				,{				"indsLclsCd" : "V"				,"indsLclsNm" : "국가기관/단체"				,"indsMclsCd" : "V08"				,"indsMclsNm" : "산업진흥행정"				,"indsSclsCd" : "V08B04"				,"indsSclsNm" : "특허청"				,"stdrDt" : "2015-12-17"				}			]	}}