{	"header" : {		"description" : "소상공인시장진흥공단 상권정보 업종소분류 코드"		,"columns" : ["상권업종대분류코드","상권업종대분류코드명","상권업종중분류코드","상권업종중분류코드명","상권업종소분류코드","상권업종소분류코드명","데이터기준일자"]		,"resultCode" : "00"		,"resultMsg" : "NORMAL SERVICE"	},	"body" : {			"items" : [				{				"indsLclsCd" : "V"				,"indsLclsNm" : "국가기관/단체"				,"indsMclsCd" : "V09"				,"indsMclsNm" : "농수산행정"				,"indsSclsCd" : "V09A05"				,"indsSclsNm" : "국립검사소"				,"stdrDt" : "2015-12-17"				}				,{				"indsLclsCd" : "V"				,"indsLclsNm" : "국가기관/단체"				,"indsMclsCd" : "V09"				,"indsMclsNm" : "농수산행정"				,"indsSclsCd" : "V09A02"				,"indsSclsNm" : "국립농산물검사소"				,"stdrDt" : "2015-12-17"				}				,{				"indsLclsCd" : "V"				,"indsLclsNm" : "국가기관/단체"				,"indsMclsCd" : "V09"				,"indsMclsNm" : "농수산행정"				,"indsSclsCd" : "V09A06"				,"indsSclsNm" : "국립농업자재검사소"				,"stdrDt" : "2015-12-17"				}				,{				"indsLclsCd" : "V"				,"indsLclsNm" : "국가기관/단체"				,"indsMclsCd" : "V09"				,"indsMclsNm" : "농수산행정"				,"indsSclsCd" : "V09A03"				,"indsSclsNm" : "국립동물검사소"				,"stdrDt" : "2015-12-17"				}				,{				"indsLclsCd" : "V"				,"indsLclsNm" : "국가기관/단체"				,"indsMclsCd" : "V09"				,"indsMclsNm" : "농수산행정"				,"indsSclsCd" : "V09A21"				,"indsSclsNm" : "국립수산물검사소"				,"stdrDt" : "2015-12-17"				}				,{				"indsLclsCd" : "V"				,"indsLclsNm" : "국가기관/단체"				,"indsMclsCd" : "V09"				,"indsMclsNm" : "농수산행정"				,"indsSclsCd" : "V09A07"				,"indsSclsNm" : "국립종자검사소"				,"stdrDt" : "2015-12-17"				}				,{				"indsLclsCd" : "V"				,"indsLclsNm" : "국가기관/단체"				,"indsMclsCd" : "V09"				,"indsMclsNm" : "농수산행정"				,"indsSclsCd" : "V09A99"				,"indsSclsNm" : "기타농수산행정"				,"stdrDt" : "2015-12-17"				}				,{				"indsLclsCd" : "V"				,"indsLclsNm" : "국가기관/단체"				,"indsMclsCd" : "V09"				,"indsMclsNm" : "농수산행정"				,"indsSclsCd" : "V09A01"				,"indsSclsNm" : "농림부"				,"stdrDt" : "2015-12-17"				}				,{				"indsLclsCd" : "V"				,"indsLclsNm" : "국가기관/단체"				,"indsMclsCd" : "V09"				,"indsMclsNm" : "농수산행정"				,"indsSclsCd" : "V09A04"				,"indsSclsNm" : "농수산통계사무소"				,"stdrDt" : "2015-12-17"				}				,{				"indsLclsCd" : "V"				,"indsLclsNm" : "국가기관/단체"				,"indsMclsCd" : "V09"				,"indsMclsNm" : "농수산행정"				,"indsSclsCd" : "V09A24"				,"indsSclsNm" : "농업기반공사"				,"stdrDt" : "2015-12-17"				}				,{				"indsLclsCd" : "V"				,"indsLclsNm" : "국가기관/단체"				,"indsMclsCd" : "V09"				,"indsMclsNm" : "농수산행정"				,"indsSclsCd" : "V09A23"				,"indsSclsNm" : "농지개량조합"				,"stdrDt" : "2015-12-17"				}				,{				"indsLclsCd" : "V"				,"indsLclsNm" : "국가기관/단체"				,"indsMclsCd" : "V09"				,"indsMclsNm" : "농수산행정"				,"indsSclsCd" : "V09A13"				,"indsSclsNm" : "농촌지도소"				,"stdrDt" : "2015-12-17"				}				,{				"indsLclsCd" : "V"				,"indsLclsNm" : "국가기관/단체"				,"indsMclsCd" : "V09"				,"indsMclsNm" : "농수산행정"				,"indsSclsCd" : "V09A12"				,"indsSclsNm" : "농촌진흥청"				,"stdrDt" : "2015-12-17"				}				,{				"indsLclsCd" : "V"				,"indsLclsNm" : "국가기관/단체"				,"indsMclsCd" : "V09"				,"indsMclsNm" : "농수산행정"				,"indsSclsCd" : "V09A26"				,"indsSclsNm" : "등대"				,"stdrDt" : "2015-12-17"				}				,{				"indsLclsCd" : "V"				,"indsLclsNm" : "국가기관/단체"				,"indsMclsCd" : "V09"				,"indsMclsNm" : "농수산행정"				,"indsSclsCd" : "V09A14"				,"indsSclsNm" : "산림청"				,"stdrDt" : "2015-12-17"				}				,{				"indsLclsCd" : "V"				,"indsLclsNm" : "국가기관/단체"				,"indsMclsCd" : "V09"				,"indsMclsNm" : "농수산행정"				,"indsSclsCd" : "V09A18"				,"indsSclsNm" : "수산청"				,"stdrDt" : "2015-12-17"				}				,{				"indsLclsCd" : "V"				,"indsLclsNm" : "국가기관/단체"				,"indsMclsCd" : "V09"				,"indsMclsNm" : "농수산행정"				,"indsSclsCd" : "V09A22"				,"indsSclsNm" : "어촌계"				,"stdrDt" : "2015-12-17"				}				,{				"indsLclsCd" : "V"				,"indsLclsNm" : "국가기관/단체"				,"indsMclsCd" : "V09"				,"indsMclsNm" : "농수산행정"				,"indsSclsCd" : "V09A20"				,"indsSclsNm" : "어촌지도소"				,"stdrDt" : "2015-12-17"				}				,{				"indsLclsCd" : "V"				,"indsLclsNm" : "국가기관/단체"				,"indsMclsCd" : "V09"				,"indsMclsNm" : "농수산행정"				,"indsSclsCd" : "V09A16"				,"indsSclsNm" : "영림서"				,"stdrDt" : "2015-12-17"				}				,{				"indsLclsCd" : "V"				,"indsLclsNm" : "국가기관/단체"				,"indsMclsCd" : "V09"				,"indsMclsNm" : "농수산행정"				,"indsSclsCd" : "V09A09"				,"indsSclsNm" : "원예시험장"				,"stdrDt" : "2015-12-17"				}				,{				"indsLclsCd" : "V"				,"indsLclsNm" : "국가기관/단체"				,"indsMclsCd" : "V09"				,"indsMclsNm" : "농수산행정"				,"indsSclsCd" : "V09A15"				,"indsSclsNm" : "임업시험장"				,"stdrDt" : "2015-12-17"				}				,{				"indsLclsCd" : "V"				,"indsLclsNm" : "국가기관/단체"				,"indsMclsCd" : "V09"				,"indsMclsNm" : "농수산행정"				,"indsSclsCd" : "V09A17"				,"indsSclsNm" : "임업연구원"				,"stdrDt" : "2015-12-17"				}				,{				"indsLclsCd" : "V"				,"indsLclsNm" : "국가기관/단체"				,"indsMclsCd" : "V09"				,"indsMclsNm" : "농수산행정"				,"indsSclsCd" : "V09A08"				,"indsSclsNm" : "작물시험장"				,"stdrDt" : "2015-12-17"				}				,{				"indsLclsCd" : "V"				,"indsLclsNm" : "국가기관/단체"				,"indsMclsCd" : "V09"				,"indsMclsNm" : "농수산행정"				,"indsSclsCd" : "V09A10"				,"indsSclsNm" : "잠업시험장"				,"stdrDt" : "2015-12-17"				}				,{				"indsLclsCd" : "V"				,"indsLclsNm" : "국가기관/단체"				,"indsMclsCd" : "V09"				,"indsMclsNm" : "농수산행정"				,"indsSclsCd" : "V09A19"				,"indsSclsNm" : "종묘배양장"				,"stdrDt" : "2015-12-17"				}				,{				"indsLclsCd" : "V"				,"indsLclsNm" : "국가기관/단체"				,"indsMclsCd" : "V09"				,"indsMclsNm" : "농수산행정"				,"indsSclsCd" : "V09A11"				,"indsSclsNm" : "축산시험장"				,"stdrDt" : "2015-12-17"				}				,{				"indsLclsCd" : "V"				,"indsLclsNm" : "국가기관/단체"				,"indsMclsCd" : "V09"				,"indsMclsNm" : "농수산행정"				,"indsSclsCd" : "V09A25"				,"indsSclsNm" : "해운수산청"				,"stdrDt" : "2015-12-17"				}			]	}}