{	"header" : {		"description" : "소상공인시장진흥공단 상권정보 업종소분류 코드"		,"columns" : ["상권업종대분류코드","상권업종대분류코드명","상권업종중분류코드","상권업종중분류코드명","상권업종소분류코드","상권업종소분류코드명","데이터기준일자"]		,"resultCode" : "00"		,"resultMsg" : "NORMAL SERVICE"	},	"body" : {			"items" : [				{				"indsLclsCd" : "V"				,"indsLclsNm" : "국가기관/단체"				,"indsMclsCd" : "V10"				,"indsMclsNm" : "운수/통신행정"				,"indsSclsCd" : "V10A01"				,"indsSclsNm" : "교통부"				,"stdrDt" : "2015-12-17"				}				,{				"indsLclsCd" : "V"				,"indsLclsNm" : "국가기관/단체"				,"indsMclsCd" : "V10"				,"indsMclsNm" : "운수/통신행정"				,"indsSclsCd" : "V10A99"				,"indsSclsNm" : "기타운수/통신행정"				,"stdrDt" : "2015-12-17"				}				,{				"indsLclsCd" : "V"				,"indsLclsNm" : "국가기관/단체"				,"indsMclsCd" : "V10"				,"indsMclsNm" : "운수/통신행정"				,"indsSclsCd" : "V10A06"				,"indsSclsNm" : "정보통신부"				,"stdrDt" : "2015-12-17"				}				,{				"indsLclsCd" : "V"				,"indsLclsNm" : "국가기관/단체"				,"indsMclsCd" : "V10"				,"indsMclsNm" : "운수/통신행정"				,"indsSclsCd" : "V10A02"				,"indsSclsNm" : "지방공항관리국"				,"stdrDt" : "2015-12-17"				}				,{				"indsLclsCd" : "V"				,"indsLclsNm" : "국가기관/단체"				,"indsMclsCd" : "V10"				,"indsMclsNm" : "운수/통신행정"				,"indsSclsCd" : "V10A07"				,"indsSclsNm" : "지방체신청"				,"stdrDt" : "2015-12-17"				}				,{				"indsLclsCd" : "V"				,"indsLclsNm" : "국가기관/단체"				,"indsMclsCd" : "V10"				,"indsMclsNm" : "운수/통신행정"				,"indsSclsCd" : "V10A05"				,"indsSclsNm" : "지방해운항만청"				,"stdrDt" : "2015-12-17"				}				,{				"indsLclsCd" : "V"				,"indsLclsNm" : "국가기관/단체"				,"indsMclsCd" : "V10"				,"indsMclsNm" : "운수/통신행정"				,"indsSclsCd" : "V10A03"				,"indsSclsNm" : "철도청"				,"stdrDt" : "2015-12-17"				}				,{				"indsLclsCd" : "V"				,"indsLclsNm" : "국가기관/단체"				,"indsMclsCd" : "V10"				,"indsMclsNm" : "운수/통신행정"				,"indsSclsCd" : "V10A04"				,"indsSclsNm" : "해운항만청"				,"stdrDt" : "2015-12-17"				}			]	}}