{	"header" : {		"description" : "소상공인시장진흥공단 상권정보 업종소분류 코드"		,"columns" : ["상권업종대분류코드","상권업종대분류코드명","상권업종중분류코드","상권업종중분류코드명","상권업종소분류코드","상권업종소분류코드명","데이터기준일자"]		,"resultCode" : "00"		,"resultMsg" : "NORMAL SERVICE"	},	"body" : {			"items" : [				{				"indsLclsCd" : "V"				,"indsLclsNm" : "국가기관/단체"				,"indsMclsCd" : "V11"				,"indsMclsNm" : "외교"				,"indsSclsCd" : "V11C00"				,"indsSclsNm" : "국제기구"				,"stdrDt" : "2015-12-17"				}				,{				"indsLclsCd" : "V"				,"indsLclsNm" : "국가기관/단체"				,"indsMclsCd" : "V11"				,"indsMclsNm" : "외교"				,"indsSclsCd" : "V11A03"				,"indsSclsNm" : "기타외무행정"				,"stdrDt" : "2015-12-17"				}				,{				"indsLclsCd" : "V"				,"indsLclsNm" : "국가기관/단체"				,"indsMclsCd" : "V11"				,"indsMclsNm" : "외교"				,"indsSclsCd" : "V11B99"				,"indsSclsNm" : "기타주한외국공관"				,"stdrDt" : "2015-12-17"				}				,{				"indsLclsCd" : "V"				,"indsLclsNm" : "국가기관/단체"				,"indsMclsCd" : "V11"				,"indsMclsNm" : "외교"				,"indsSclsCd" : "V11B01"				,"indsSclsNm" : "대사관"				,"stdrDt" : "2015-12-17"				}				,{				"indsLclsCd" : "V"				,"indsLclsNm" : "국가기관/단체"				,"indsMclsCd" : "V11"				,"indsMclsNm" : "외교"				,"indsSclsCd" : "V11B02"				,"indsSclsNm" : "영사관"				,"stdrDt" : "2015-12-17"				}				,{				"indsLclsCd" : "V"				,"indsLclsNm" : "국가기관/단체"				,"indsMclsCd" : "V11"				,"indsMclsNm" : "외교"				,"indsSclsCd" : "V11A02"				,"indsSclsNm" : "외교안보연구원"				,"stdrDt" : "2015-12-17"				}				,{				"indsLclsCd" : "V"				,"indsLclsNm" : "국가기관/단체"				,"indsMclsCd" : "V11"				,"indsMclsNm" : "외교"				,"indsSclsCd" : "V11A01"				,"indsSclsNm" : "외교통상부"				,"stdrDt" : "2015-12-17"				}				,{				"indsLclsCd" : "V"				,"indsLclsNm" : "국가기관/단체"				,"indsMclsCd" : "V11"				,"indsMclsNm" : "외교"				,"indsSclsCd" : "V11D00"				,"indsSclsNm" : "외국기관"				,"stdrDt" : "2015-12-17"				}			]	}}