{	"header" : {		"description" : "소상공인시장진흥공단 상권정보 업종소분류 코드"		,"columns" : ["상권업종대분류코드","상권업종대분류코드명","상권업종중분류코드","상권업종중분류코드명","상권업종소분류코드","상권업종소분류코드명","데이터기준일자"]		,"resultCode" : "00"		,"resultMsg" : "NORMAL SERVICE"	},	"body" : {			"items" : [				{				"indsLclsCd" : "V"				,"indsLclsNm" : "국가기관/단체"				,"indsMclsCd" : "V13"				,"indsMclsNm" : "국방/병무"				,"indsSclsCd" : "V13A02"				,"indsSclsNm" : "공군본부"				,"stdrDt" : "2015-12-17"				}				,{				"indsLclsCd" : "V"				,"indsLclsNm" : "국가기관/단체"				,"indsMclsCd" : "V13"				,"indsMclsNm" : "국방/병무"				,"indsSclsCd" : "V13A01"				,"indsSclsNm" : "국방부"				,"stdrDt" : "2015-12-17"				}				,{				"indsLclsCd" : "V"				,"indsLclsNm" : "국가기관/단체"				,"indsMclsCd" : "V13"				,"indsMclsNm" : "국방/병무"				,"indsSclsCd" : "V13A99"				,"indsSclsNm" : "기타국방행정"				,"stdrDt" : "2015-12-17"				}				,{				"indsLclsCd" : "V"				,"indsLclsNm" : "국가기관/단체"				,"indsMclsCd" : "V13"				,"indsMclsNm" : "국방/병무"				,"indsSclsCd" : "V13A03"				,"indsSclsNm" : "병무청"				,"stdrDt" : "2015-12-17"				}				,{				"indsLclsCd" : "V"				,"indsLclsNm" : "국가기관/단체"				,"indsMclsCd" : "V13"				,"indsMclsNm" : "국방/병무"				,"indsSclsCd" : "V13A08"				,"indsSclsNm" : "예비군"				,"stdrDt" : "2015-12-17"				}				,{				"indsLclsCd" : "V"				,"indsLclsNm" : "국가기관/단체"				,"indsMclsCd" : "V13"				,"indsMclsNm" : "국방/병무"				,"indsSclsCd" : "V13A07"				,"indsSclsNm" : "유엔군"				,"stdrDt" : "2015-12-17"				}				,{				"indsLclsCd" : "V"				,"indsLclsNm" : "국가기관/단체"				,"indsMclsCd" : "V13"				,"indsMclsNm" : "국방/병무"				,"indsSclsCd" : "V13A05"				,"indsSclsNm" : "육군본부"				,"stdrDt" : "2015-12-17"				}				,{				"indsLclsCd" : "V"				,"indsLclsNm" : "국가기관/단체"				,"indsMclsCd" : "V13"				,"indsMclsNm" : "국방/병무"				,"indsSclsCd" : "V13A04"				,"indsSclsNm" : "지방병무청"				,"stdrDt" : "2015-12-17"				}				,{				"indsLclsCd" : "V"				,"indsLclsNm" : "국가기관/단체"				,"indsMclsCd" : "V13"				,"indsMclsNm" : "국방/병무"				,"indsSclsCd" : "V13A06"				,"indsSclsNm" : "해군본부"				,"stdrDt" : "2015-12-17"				}			]	}}