{	"header" : {		"description" : "소상공인시장진흥공단 상권정보 업종소분류 코드"		,"columns" : ["상권업종대분류코드","상권업종대분류코드명","상권업종중분류코드","상권업종중분류코드명","상권업종소분류코드","상권업종소분류코드명","데이터기준일자"]		,"resultCode" : "00"		,"resultMsg" : "NORMAL SERVICE"	},	"body" : {			"items" : [				{				"indsLclsCd" : "V"				,"indsLclsNm" : "국가기관/단체"				,"indsMclsCd" : "V14"				,"indsMclsNm" : "법무/치안"				,"indsSclsCd" : "V14A16"				,"indsSclsNm" : "검문소"				,"stdrDt" : "2015-12-17"				}				,{				"indsLclsCd" : "V"				,"indsLclsNm" : "국가기관/단체"				,"indsMclsCd" : "V14"				,"indsMclsNm" : "법무/치안"				,"indsSclsCd" : "V14A10"				,"indsSclsNm" : "경찰청"				,"stdrDt" : "2015-12-17"				}				,{				"indsLclsCd" : "V"				,"indsLclsNm" : "국가기관/단체"				,"indsMclsCd" : "V14"				,"indsMclsNm" : "법무/치안"				,"indsSclsCd" : "V14A08"				,"indsSclsNm" : "고등검찰청"				,"stdrDt" : "2015-12-17"				}				,{				"indsLclsCd" : "V"				,"indsLclsNm" : "국가기관/단체"				,"indsMclsCd" : "V14"				,"indsMclsNm" : "법무/치안"				,"indsSclsCd" : "V14A03"				,"indsSclsNm" : "교도소"				,"stdrDt" : "2015-12-17"				}				,{				"indsLclsCd" : "V"				,"indsLclsNm" : "국가기관/단체"				,"indsMclsCd" : "V14"				,"indsMclsNm" : "법무/치안"				,"indsSclsCd" : "V14A02"				,"indsSclsNm" : "구치소"				,"stdrDt" : "2015-12-17"				}				,{				"indsLclsCd" : "V"				,"indsLclsNm" : "국가기관/단체"				,"indsMclsCd" : "V14"				,"indsMclsNm" : "법무/치안"				,"indsSclsCd" : "V14A99"				,"indsSclsNm" : "기타치안행정"				,"stdrDt" : "2015-12-17"				}				,{				"indsLclsCd" : "V"				,"indsLclsNm" : "국가기관/단체"				,"indsMclsCd" : "V14"				,"indsMclsNm" : "법무/치안"				,"indsSclsCd" : "V14A07"				,"indsSclsNm" : "대검찰청"				,"stdrDt" : "2015-12-17"				}				,{				"indsLclsCd" : "V"				,"indsLclsNm" : "국가기관/단체"				,"indsMclsCd" : "V14"				,"indsMclsNm" : "법무/치안"				,"indsSclsCd" : "V14A01"				,"indsSclsNm" : "법무부"				,"stdrDt" : "2015-12-17"				}				,{				"indsLclsCd" : "V"				,"indsLclsNm" : "국가기관/단체"				,"indsMclsCd" : "V14"				,"indsMclsNm" : "법무/치안"				,"indsSclsCd" : "V14A06"				,"indsSclsNm" : "법무연수원"				,"stdrDt" : "2015-12-17"				}				,{				"indsLclsCd" : "V"				,"indsLclsNm" : "국가기관/단체"				,"indsMclsCd" : "V14"				,"indsMclsNm" : "법무/치안"				,"indsSclsCd" : "V14A17"				,"indsSclsNm" : "보호관찰소"				,"stdrDt" : "2015-12-17"				}				,{				"indsLclsCd" : "V"				,"indsLclsNm" : "국가기관/단체"				,"indsMclsCd" : "V14"				,"indsMclsNm" : "법무/치안"				,"indsSclsCd" : "V14A05"				,"indsSclsNm" : "소년원"				,"stdrDt" : "2015-12-17"				}				,{				"indsLclsCd" : "V"				,"indsLclsNm" : "국가기관/단체"				,"indsMclsCd" : "V14"				,"indsMclsNm" : "법무/치안"				,"indsSclsCd" : "V14A09"				,"indsSclsNm" : "지방검찰청"				,"stdrDt" : "2015-12-17"				}				,{				"indsLclsCd" : "V"				,"indsLclsNm" : "국가기관/단체"				,"indsMclsCd" : "V14"				,"indsMclsNm" : "법무/치안"				,"indsSclsCd" : "V14A11"				,"indsSclsNm" : "지방경찰청"				,"stdrDt" : "2015-12-17"				}				,{				"indsLclsCd" : "V"				,"indsLclsNm" : "국가기관/단체"				,"indsMclsCd" : "V14"				,"indsMclsNm" : "법무/치안"				,"indsSclsCd" : "V14A04"				,"indsSclsNm" : "치료감호소"				,"stdrDt" : "2015-12-17"				}				,{				"indsLclsCd" : "V"				,"indsLclsNm" : "국가기관/단체"				,"indsMclsCd" : "V14"				,"indsMclsNm" : "법무/치안"				,"indsSclsCd" : "V14A18"				,"indsSclsNm" : "해양경찰서"				,"stdrDt" : "2015-12-17"				}				,{				"indsLclsCd" : "V"				,"indsLclsNm" : "국가기관/단체"				,"indsMclsCd" : "V14"				,"indsMclsNm" : "법무/치안"				,"indsSclsCd" : "V14A19"				,"indsSclsNm" : "해양경찰청"				,"stdrDt" : "2015-12-17"				}			]	}}