{	"header" : {		"description" : "소상공인시장진흥공단 상권정보 업종소분류 코드"		,"columns" : ["상권업종대분류코드","상권업종대분류코드명","상권업종중분류코드","상권업종중분류코드명","상권업종소분류코드","상권업종소분류코드명","데이터기준일자"]		,"resultCode" : "00"		,"resultMsg" : "NORMAL SERVICE"	},	"body" : {			"items" : [				{				"indsLclsCd" : "V"				,"indsLclsNm" : "국가기관/단체"				,"indsMclsCd" : "V15"				,"indsMclsNm" : "사법기관"				,"indsSclsCd" : "V15A04"				,"indsSclsNm" : "가정법원"				,"stdrDt" : "2015-12-17"				}				,{				"indsLclsCd" : "V"				,"indsLclsNm" : "국가기관/단체"				,"indsMclsCd" : "V15"				,"indsMclsNm" : "사법기관"				,"indsSclsCd" : "V15A02"				,"indsSclsNm" : "고등법원"				,"stdrDt" : "2015-12-17"				}				,{				"indsLclsCd" : "V"				,"indsLclsNm" : "국가기관/단체"				,"indsMclsCd" : "V15"				,"indsMclsNm" : "사법기관"				,"indsSclsCd" : "V15A99"				,"indsSclsNm" : "기타사법기관"				,"stdrDt" : "2015-12-17"				}				,{				"indsLclsCd" : "V"				,"indsLclsNm" : "국가기관/단체"				,"indsMclsCd" : "V15"				,"indsMclsNm" : "사법기관"				,"indsSclsCd" : "V15A01"				,"indsSclsNm" : "대법원"				,"stdrDt" : "2015-12-17"				}				,{				"indsLclsCd" : "V"				,"indsLclsNm" : "국가기관/단체"				,"indsMclsCd" : "V15"				,"indsMclsNm" : "사법기관"				,"indsSclsCd" : "V15B00"				,"indsSclsNm" : "선거관리위원회"				,"stdrDt" : "2015-12-17"				}				,{				"indsLclsCd" : "V"				,"indsLclsNm" : "국가기관/단체"				,"indsMclsCd" : "V15"				,"indsMclsNm" : "사법기관"				,"indsSclsCd" : "V15A03"				,"indsSclsNm" : "지방법원"				,"stdrDt" : "2015-12-17"				}				,{				"indsLclsCd" : "V"				,"indsLclsNm" : "국가기관/단체"				,"indsMclsCd" : "V15"				,"indsMclsNm" : "사법기관"				,"indsSclsCd" : "V15A06"				,"indsSclsNm" : "헌법재판소"				,"stdrDt" : "2015-12-17"				}			]	}}