{	"header" : {		"description" : "소상공인시장진흥공단 상권정보 업종소분류 코드"		,"columns" : ["상권업종대분류코드","상권업종대분류코드명","상권업종중분류코드","상권업종중분류코드명","상권업종소분류코드","상권업종소분류코드명","데이터기준일자"]		,"resultCode" : "00"		,"resultMsg" : "NORMAL SERVICE"	},	"body" : {			"items" : [				{				"indsLclsCd" : "V"				,"indsLclsNm" : "국가기관/단체"				,"indsMclsCd" : "V16"				,"indsMclsNm" : "단체"				,"indsSclsCd" : "V16C28"				,"indsSclsNm" : "가정문제상담"				,"stdrDt" : "2015-12-17"				}				,{				"indsLclsCd" : "V"				,"indsLclsNm" : "국가기관/단체"				,"indsMclsCd" : "V16"				,"indsMclsNm" : "단체"				,"indsSclsCd" : "V16C99"				,"indsSclsNm" : "기타사회단체"				,"stdrDt" : "2015-12-17"				}				,{				"indsLclsCd" : "V"				,"indsLclsNm" : "국가기관/단체"				,"indsMclsCd" : "V16"				,"indsMclsNm" : "단체"				,"indsSclsCd" : "V16A99"				,"indsSclsNm" : "기타산업/경영자단체"				,"stdrDt" : "2015-12-17"				}				,{				"indsLclsCd" : "V"				,"indsLclsNm" : "국가기관/단체"				,"indsMclsCd" : "V16"				,"indsMclsNm" : "단체"				,"indsSclsCd" : "V16B00"				,"indsSclsNm" : "노동조합"				,"stdrDt" : "2015-12-17"				}				,{				"indsLclsCd" : "V"				,"indsLclsNm" : "국가기관/단체"				,"indsMclsCd" : "V16"				,"indsMclsNm" : "단체"				,"indsSclsCd" : "V16C11"				,"indsSclsNm" : "노인회"				,"stdrDt" : "2015-12-17"				}				,{				"indsLclsCd" : "V"				,"indsLclsNm" : "국가기관/단체"				,"indsMclsCd" : "V16"				,"indsMclsNm" : "단체"				,"indsSclsCd" : "V16C07"				,"indsSclsNm" : "동우회단체"				,"stdrDt" : "2015-12-17"				}				,{				"indsLclsCd" : "V"				,"indsLclsNm" : "국가기관/단체"				,"indsMclsCd" : "V16"				,"indsMclsNm" : "단체"				,"indsSclsCd" : "V16C14"				,"indsSclsNm" : "동창회"				,"stdrDt" : "2015-12-17"				}				,{				"indsLclsCd" : "V"				,"indsLclsNm" : "국가기관/단체"				,"indsMclsCd" : "V16"				,"indsMclsNm" : "단체"				,"indsSclsCd" : "V16C24"				,"indsSclsNm" : "라이온스클럽"				,"stdrDt" : "2015-12-17"				}				,{				"indsLclsCd" : "V"				,"indsLclsNm" : "국가기관/단체"				,"indsMclsCd" : "V16"				,"indsMclsNm" : "단체"				,"indsSclsCd" : "V16C23"				,"indsSclsNm" : "로터리클럽"				,"stdrDt" : "2015-12-17"				}				,{				"indsLclsCd" : "V"				,"indsLclsNm" : "국가기관/단체"				,"indsMclsCd" : "V16"				,"indsMclsNm" : "단체"				,"indsSclsCd" : "V16C03"				,"indsSclsNm" : "문화단체"				,"stdrDt" : "2015-12-17"				}				,{				"indsLclsCd" : "V"				,"indsLclsNm" : "국가기관/단체"				,"indsMclsCd" : "V16"				,"indsMclsNm" : "단체"				,"indsSclsCd" : "V16C15"				,"indsSclsNm" : "봉사단체"				,"stdrDt" : "2015-12-17"				}				,{				"indsLclsCd" : "V"				,"indsLclsNm" : "국가기관/단체"				,"indsMclsCd" : "V16"				,"indsMclsNm" : "단체"				,"indsSclsCd" : "V16C25"				,"indsSclsNm" : "부녀회"				,"stdrDt" : "2015-12-17"				}				,{				"indsLclsCd" : "V"				,"indsLclsNm" : "국가기관/단체"				,"indsMclsCd" : "V16"				,"indsMclsNm" : "단체"				,"indsSclsCd" : "V16C27"				,"indsSclsNm" : "산림조합"				,"stdrDt" : "2015-12-17"				}				,{				"indsLclsCd" : "V"				,"indsLclsNm" : "국가기관/단체"				,"indsMclsCd" : "V16"				,"indsMclsNm" : "단체"				,"indsSclsCd" : "V16C92"				,"indsSclsNm" : "산악회"				,"stdrDt" : "2015-12-17"				}				,{				"indsLclsCd" : "V"				,"indsLclsNm" : "국가기관/단체"				,"indsMclsCd" : "V16"				,"indsMclsNm" : "단체"				,"indsSclsCd" : "V16A01"				,"indsSclsNm" : "산업/경영자단체"				,"stdrDt" : "2015-12-17"				}				,{				"indsLclsCd" : "V"				,"indsLclsNm" : "국가기관/단체"				,"indsMclsCd" : "V16"				,"indsMclsNm" : "단체"				,"indsSclsCd" : "V16C04"				,"indsSclsNm" : "소비자단체"				,"stdrDt" : "2015-12-17"				}				,{				"indsLclsCd" : "V"				,"indsLclsNm" : "국가기관/단체"				,"indsMclsCd" : "V16"				,"indsMclsNm" : "단체"				,"indsSclsCd" : "V16C29"				,"indsSclsNm" : "시민단체"				,"stdrDt" : "2015-12-17"				}				,{				"indsLclsCd" : "V"				,"indsLclsNm" : "국가기관/단체"				,"indsMclsCd" : "V16"				,"indsMclsNm" : "단체"				,"indsSclsCd" : "V16C05"				,"indsSclsNm" : "언론단체"				,"stdrDt" : "2015-12-17"				}				,{				"indsLclsCd" : "V"				,"indsLclsNm" : "국가기관/단체"				,"indsMclsCd" : "V16"				,"indsMclsNm" : "단체"				,"indsSclsCd" : "V16C09"				,"indsSclsNm" : "여성단체"				,"stdrDt" : "2015-12-17"				}				,{				"indsLclsCd" : "V"				,"indsLclsNm" : "국가기관/단체"				,"indsMclsCd" : "V16"				,"indsMclsNm" : "단체"				,"indsSclsCd" : "V16C06"				,"indsSclsNm" : "연예단체"				,"stdrDt" : "2015-12-17"				}				,{				"indsLclsCd" : "V"				,"indsLclsNm" : "국가기관/단체"				,"indsMclsCd" : "V16"				,"indsMclsNm" : "단체"				,"indsSclsCd" : "V16C19"				,"indsSclsNm" : "영농조합"				,"stdrDt" : "2015-12-17"				}				,{				"indsLclsCd" : "V"				,"indsLclsNm" : "국가기관/단체"				,"indsMclsCd" : "V16"				,"indsMclsNm" : "단체"				,"indsSclsCd" : "V16C26"				,"indsSclsNm" : "원예조합"				,"stdrDt" : "2015-12-17"				}				,{				"indsLclsCd" : "V"				,"indsLclsNm" : "국가기관/단체"				,"indsMclsCd" : "V16"				,"indsMclsNm" : "단체"				,"indsSclsCd" : "V16C20"				,"indsSclsNm" : "장학회"				,"stdrDt" : "2015-12-17"				}				,{				"indsLclsCd" : "V"				,"indsLclsNm" : "국가기관/단체"				,"indsMclsCd" : "V16"				,"indsMclsNm" : "단체"				,"indsSclsCd" : "V16C22"				,"indsSclsNm" : "재향군인회"				,"stdrDt" : "2015-12-17"				}				,{				"indsLclsCd" : "V"				,"indsLclsNm" : "국가기관/단체"				,"indsMclsCd" : "V16"				,"indsMclsNm" : "단체"				,"indsSclsCd" : "V16C21"				,"indsSclsNm" : "저작권협회"				,"stdrDt" : "2015-12-17"				}				,{				"indsLclsCd" : "V"				,"indsLclsNm" : "국가기관/단체"				,"indsMclsCd" : "V16"				,"indsMclsNm" : "단체"				,"indsSclsCd" : "V16A02"				,"indsSclsNm" : "전문가단체"				,"stdrDt" : "2015-12-17"				}				,{				"indsLclsCd" : "V"				,"indsLclsNm" : "국가기관/단체"				,"indsMclsCd" : "V16"				,"indsMclsNm" : "단체"				,"indsSclsCd" : "V16C93"				,"indsSclsNm" : "전우회"				,"stdrDt" : "2015-12-17"				}				,{				"indsLclsCd" : "V"				,"indsLclsNm" : "국가기관/단체"				,"indsMclsCd" : "V16"				,"indsMclsNm" : "단체"				,"indsSclsCd" : "V16C02"				,"indsSclsNm" : "정치단체"				,"stdrDt" : "2015-12-17"				}				,{				"indsLclsCd" : "V"				,"indsLclsNm" : "국가기관/단체"				,"indsMclsCd" : "V16"				,"indsMclsNm" : "단체"				,"indsSclsCd" : "V16C01"				,"indsSclsNm" : "종교단체"				,"stdrDt" : "2015-12-17"				}				,{				"indsLclsCd" : "V"				,"indsLclsNm" : "국가기관/단체"				,"indsMclsCd" : "V16"				,"indsMclsNm" : "단체"				,"indsSclsCd" : "V16C13"				,"indsSclsNm" : "종친회"				,"stdrDt" : "2015-12-17"				}				,{				"indsLclsCd" : "V"				,"indsLclsNm" : "국가기관/단체"				,"indsMclsCd" : "V16"				,"indsMclsNm" : "단체"				,"indsSclsCd" : "V16C31"				,"indsSclsNm" : "청년회의소"				,"stdrDt" : "2015-12-17"				}				,{				"indsLclsCd" : "V"				,"indsLclsNm" : "국가기관/단체"				,"indsMclsCd" : "V16"				,"indsMclsNm" : "단체"				,"indsSclsCd" : "V16C18"				,"indsSclsNm" : "청소년단체"				,"stdrDt" : "2015-12-17"				}				,{				"indsLclsCd" : "V"				,"indsLclsNm" : "국가기관/단체"				,"indsMclsCd" : "V16"				,"indsMclsNm" : "단체"				,"indsSclsCd" : "V16C30"				,"indsSclsNm" : "청소년상담소"				,"stdrDt" : "2015-12-17"				}				,{				"indsLclsCd" : "V"				,"indsLclsNm" : "국가기관/단체"				,"indsMclsCd" : "V16"				,"indsMclsNm" : "단체"				,"indsSclsCd" : "V16C16"				,"indsSclsNm" : "학교법인"				,"stdrDt" : "2015-12-17"				}				,{				"indsLclsCd" : "V"				,"indsLclsNm" : "국가기관/단체"				,"indsMclsCd" : "V16"				,"indsMclsNm" : "단체"				,"indsSclsCd" : "V16C10"				,"indsSclsNm" : "학회단체"				,"stdrDt" : "2015-12-17"				}				,{				"indsLclsCd" : "V"				,"indsLclsNm" : "국가기관/단체"				,"indsMclsCd" : "V16"				,"indsMclsNm" : "단체"				,"indsSclsCd" : "V16C17"				,"indsSclsNm" : "향우회"				,"stdrDt" : "2015-12-17"				}				,{				"indsLclsCd" : "V"				,"indsLclsNm" : "국가기관/단체"				,"indsMclsCd" : "V16"				,"indsMclsNm" : "단체"				,"indsSclsCd" : "V16C91"				,"indsSclsNm" : "협동조합-기타"				,"stdrDt" : "2015-12-17"				}				,{				"indsLclsCd" : "V"				,"indsLclsNm" : "국가기관/단체"				,"indsMclsCd" : "V16"				,"indsMclsNm" : "단체"				,"indsSclsCd" : "V16C12"				,"indsSclsNm" : "협회단체"				,"stdrDt" : "2015-12-17"				}				,{				"indsLclsCd" : "V"				,"indsLclsNm" : "국가기관/단체"				,"indsMclsCd" : "V16"				,"indsMclsNm" : "단체"				,"indsSclsCd" : "V16C08"				,"indsSclsNm" : "환경보호단체"				,"stdrDt" : "2015-12-17"				}			]	}}