{	"header" : {		"description" : "소상공인시장진흥공단 상권정보 업종소분류 코드"		,"columns" : ["상권업종대분류코드","상권업종대분류코드명","상권업종중분류코드","상권업종중분류코드명","상권업종소분류코드","상권업종소분류코드명","데이터기준일자"]		,"resultCode" : "00"		,"resultMsg" : "NORMAL SERVICE"	},	"body" : {			"items" : [				{				"indsLclsCd" : "V"				,"indsLclsNm" : "국가기관/단체"				,"indsMclsCd" : "V18"				,"indsMclsNm" : "국가/공공서비스"				,"indsSclsCd" : "V18B03"				,"indsSclsNm" : "경찰서/파출소/소방서"				,"stdrDt" : "2015-12-17"				}				,{				"indsLclsCd" : "V"				,"indsLclsNm" : "국가기관/단체"				,"indsMclsCd" : "V18"				,"indsMclsNm" : "국가/공공서비스"				,"indsSclsCd" : "V18B02"				,"indsSclsNm" : "등기소"				,"stdrDt" : "2015-12-17"				}				,{				"indsLclsCd" : "V"				,"indsLclsNm" : "국가기관/단체"				,"indsMclsCd" : "V18"				,"indsMclsNm" : "국가/공공서비스"				,"indsSclsCd" : "V18B08"				,"indsSclsNm" : "마을회관"				,"stdrDt" : "2015-12-17"				}				,{				"indsLclsCd" : "V"				,"indsLclsNm" : "국가기관/단체"				,"indsMclsCd" : "V18"				,"indsMclsNm" : "국가/공공서비스"				,"indsSclsCd" : "V18B01"				,"indsSclsNm" : "세무서"				,"stdrDt" : "2015-12-17"				}				,{				"indsLclsCd" : "V"				,"indsLclsNm" : "국가기관/단체"				,"indsMclsCd" : "V18"				,"indsMclsNm" : "국가/공공서비스"				,"indsSclsCd" : "V18B04"				,"indsSclsNm" : "시도군구청"				,"stdrDt" : "2015-12-17"				}				,{				"indsLclsCd" : "V"				,"indsLclsNm" : "국가기관/단체"				,"indsMclsCd" : "V18"				,"indsMclsNm" : "국가/공공서비스"				,"indsSclsCd" : "V18B07"				,"indsSclsNm" : "운전면허시험장"				,"stdrDt" : "2015-12-17"				}				,{				"indsLclsCd" : "V"				,"indsLclsNm" : "국가기관/단체"				,"indsMclsCd" : "V18"				,"indsMclsNm" : "국가/공공서비스"				,"indsSclsCd" : "V18B05"				,"indsSclsNm" : "읍면동사무소"				,"stdrDt" : "2015-12-17"				}			]	}}