{	"header" : {		"description" : "소상공인시장진흥공단 상권정보 행정동 코드"		,"columns" : ["시도코드","시도명","시군구코드","시군구명","행정동코드","행정동명","기준일자"]		,"resultCode" : "00"		,"resultMsg" : "NORMAL SERVICE"	},	"body" : {			"items" : [				{				"ctprvnCd" : "11"				,"ctprvnNm" : "서울특별시"				,"signguCd" : "11110"				,"signguNm" : "종로구"				,"adongCd" : "1111060000"				,"adongNm" : "가회동"				,"stdrDt" : "2015-12-17"				}				,{				"ctprvnCd" : "11"				,"ctprvnNm" : "서울특별시"				,"signguCd" : "11110"				,"signguNm" : "종로구"				,"adongCd" : "1111058000"				,"adongNm" : "교남동"				,"stdrDt" : "2015-12-17"				}				,{				"ctprvnCd" : "11"				,"ctprvnNm" : "서울특별시"				,"signguCd" : "11110"				,"signguNm" : "종로구"				,"adongCd" : "1111057000"				,"adongNm" : "무악동"				,"stdrDt" : "2015-12-17"				}				,{				"ctprvnCd" : "11"				,"ctprvnNm" : "서울특별시"				,"signguCd" : "11110"				,"signguNm" : "종로구"				,"adongCd" : "1111055000"				,"adongNm" : "부암동"				,"stdrDt" : "2015-12-17"				}				,{				"ctprvnCd" : "11"				,"ctprvnNm" : "서울특별시"				,"signguCd" : "11110"				,"signguNm" : "종로구"				,"adongCd" : "1111053000"				,"adongNm" : "사직동"				,"stdrDt" : "2015-12-17"				}				,{				"ctprvnCd" : "11"				,"ctprvnNm" : "서울특별시"				,"signguCd" : "11110"				,"signguNm" : "종로구"				,"adongCd" : "1111054000"				,"adongNm" : "삼청동"				,"stdrDt" : "2015-12-17"				}				,{				"ctprvnCd" : "11"				,"ctprvnNm" : "서울특별시"				,"signguCd" : "11110"				,"signguNm" : "종로구"				,"adongCd" : "1111070000"				,"adongNm" : "숭인1동"				,"stdrDt" : "2015-12-17"				}				,{				"ctprvnCd" : "11"				,"ctprvnNm" : "서울특별시"				,"signguCd" : "11110"				,"signguNm" : "종로구"				,"adongCd" : "1111071000"				,"adongNm" : "숭인2동"				,"stdrDt" : "2015-12-17"				}				,{				"ctprvnCd" : "11"				,"ctprvnNm" : "서울특별시"				,"signguCd" : "11110"				,"signguNm" : "종로구"				,"adongCd" : "1111064000"				,"adongNm" : "이화동"				,"stdrDt" : "2015-12-17"				}				,{				"ctprvnCd" : "11"				,"ctprvnNm" : "서울특별시"				,"signguCd" : "11110"				,"signguNm" : "종로구"				,"adongCd" : "1111061500"				,"adongNm" : "종로1.2.3.4가동"				,"stdrDt" : "2015-12-17"				}				,{				"ctprvnCd" : "11"				,"ctprvnNm" : "서울특별시"				,"signguCd" : "11110"				,"signguNm" : "종로구"				,"adongCd" : "1111063000"				,"adongNm" : "종로5.6가동"				,"stdrDt" : "2015-12-17"				}				,{				"ctprvnCd" : "11"				,"ctprvnNm" : "서울특별시"				,"signguCd" : "11110"				,"signguNm" : "종로구"				,"adongCd" : "1111067000"				,"adongNm" : "창신1동"				,"stdrDt" : "2015-12-17"				}				,{				"ctprvnCd" : "11"				,"ctprvnNm" : "서울특별시"				,"signguCd" : "11110"				,"signguNm" : "종로구"				,"adongCd" : "1111068000"				,"adongNm" : "창신2동"				,"stdrDt" : "2015-12-17"				}				,{				"ctprvnCd" : "11"				,"ctprvnNm" : "서울특별시"				,"signguCd" : "11110"				,"signguNm" : "종로구"				,"adongCd" : "1111069000"				,"adongNm" : "창신3동"				,"stdrDt" : "2015-12-17"				}				,{				"ctprvnCd" : "11"				,"ctprvnNm" : "서울특별시"				,"signguCd" : "11110"				,"signguNm" : "종로구"				,"adongCd" : "1111051500"				,"adongNm" : "청운효자동"				,"stdrDt" : "2015-12-17"				}				,{				"ctprvnCd" : "11"				,"ctprvnNm" : "서울특별시"				,"signguCd" : "11110"				,"signguNm" : "종로구"				,"adongCd" : "1111056000"				,"adongNm" : "평창동"				,"stdrDt" : "2015-12-17"				}				,{				"ctprvnCd" : "11"				,"ctprvnNm" : "서울특별시"				,"signguCd" : "11110"				,"signguNm" : "종로구"				,"adongCd" : "1111065000"				,"adongNm" : "혜화동"				,"stdrDt" : "2015-12-17"				}			]	}}