{	"header" : {		"description" : "소상공인시장진흥공단 상권정보 행정동 코드"		,"columns" : ["시도코드","시도명","시군구코드","시군구명","행정동코드","행정동명","기준일자"]		,"resultCode" : "00"		,"resultMsg" : "NORMAL SERVICE"	},	"body" : {			"items" : [				{				"ctprvnCd" : "11"				,"ctprvnNm" : "서울특별시"				,"signguCd" : "11140"				,"signguNm" : "중구"				,"adongCd" : "1114059000"				,"adongNm" : "광희동"				,"stdrDt" : "2015-12-17"				}				,{				"ctprvnCd" : "11"				,"ctprvnNm" : "서울특별시"				,"signguCd" : "11140"				,"signguNm" : "중구"				,"adongCd" : "1114062500"				,"adongNm" : "다산동"				,"stdrDt" : "2015-12-17"				}				,{				"ctprvnCd" : "11"				,"ctprvnNm" : "서울특별시"				,"signguCd" : "11140"				,"signguNm" : "중구"				,"adongCd" : "1114066500"				,"adongNm" : "동화동"				,"stdrDt" : "2015-12-17"				}				,{				"ctprvnCd" : "11"				,"ctprvnNm" : "서울특별시"				,"signguCd" : "11140"				,"signguNm" : "중구"				,"adongCd" : "1114055000"				,"adongNm" : "명동"				,"stdrDt" : "2015-12-17"				}				,{				"ctprvnCd" : "11"				,"ctprvnNm" : "서울특별시"				,"signguCd" : "11140"				,"signguNm" : "중구"				,"adongCd" : "1114052000"				,"adongNm" : "소공동"				,"stdrDt" : "2015-12-17"				}				,{				"ctprvnCd" : "11"				,"ctprvnNm" : "서울특별시"				,"signguCd" : "11140"				,"signguNm" : "중구"				,"adongCd" : "1114065000"				,"adongNm" : "신당5동"				,"stdrDt" : "2015-12-17"				}				,{				"ctprvnCd" : "11"				,"ctprvnNm" : "서울특별시"				,"signguCd" : "11140"				,"signguNm" : "중구"				,"adongCd" : "1114061500"				,"adongNm" : "신당동"				,"stdrDt" : "2015-12-17"				}				,{				"ctprvnCd" : "11"				,"ctprvnNm" : "서울특별시"				,"signguCd" : "11140"				,"signguNm" : "중구"				,"adongCd" : "1114063500"				,"adongNm" : "약수동"				,"stdrDt" : "2015-12-17"				}				,{				"ctprvnCd" : "11"				,"ctprvnNm" : "서울특별시"				,"signguCd" : "11140"				,"signguNm" : "중구"				,"adongCd" : "1114060500"				,"adongNm" : "을지로동"				,"stdrDt" : "2015-12-17"				}				,{				"ctprvnCd" : "11"				,"ctprvnNm" : "서울특별시"				,"signguCd" : "11140"				,"signguNm" : "중구"				,"adongCd" : "1114058000"				,"adongNm" : "장충동"				,"stdrDt" : "2015-12-17"				}				,{				"ctprvnCd" : "11"				,"ctprvnNm" : "서울특별시"				,"signguCd" : "11140"				,"signguNm" : "중구"				,"adongCd" : "1114068000"				,"adongNm" : "중림동"				,"stdrDt" : "2015-12-17"				}				,{				"ctprvnCd" : "11"				,"ctprvnNm" : "서울특별시"				,"signguCd" : "11140"				,"signguNm" : "중구"				,"adongCd" : "1114064500"				,"adongNm" : "청구동"				,"stdrDt" : "2015-12-17"				}				,{				"ctprvnCd" : "11"				,"ctprvnNm" : "서울특별시"				,"signguCd" : "11140"				,"signguNm" : "중구"				,"adongCd" : "1114057000"				,"adongNm" : "필동"				,"stdrDt" : "2015-12-17"				}				,{				"ctprvnCd" : "11"				,"ctprvnNm" : "서울특별시"				,"signguCd" : "11140"				,"signguNm" : "중구"				,"adongCd" : "1114067000"				,"adongNm" : "황학동"				,"stdrDt" : "2015-12-17"				}				,{				"ctprvnCd" : "11"				,"ctprvnNm" : "서울특별시"				,"signguCd" : "11140"				,"signguNm" : "중구"				,"adongCd" : "1114054000"				,"adongNm" : "회현동"				,"stdrDt" : "2015-12-17"				}			]	}}