{	"header" : {		"description" : "소상공인시장진흥공단 상권정보 행정동 코드"		,"columns" : ["시도코드","시도명","시군구코드","시군구명","행정동코드","행정동명","기준일자"]		,"resultCode" : "00"		,"resultMsg" : "NORMAL SERVICE"	},	"body" : {			"items" : [				{				"ctprvnCd" : "11"				,"ctprvnNm" : "서울특별시"				,"signguCd" : "11170"				,"signguNm" : "용산구"				,"adongCd" : "1117053000"				,"adongNm" : "남영동"				,"stdrDt" : "2015-12-17"				}				,{				"ctprvnCd" : "11"				,"ctprvnNm" : "서울특별시"				,"signguCd" : "11170"				,"signguNm" : "용산구"				,"adongCd" : "1117070000"				,"adongNm" : "보광동"				,"stdrDt" : "2015-12-17"				}				,{				"ctprvnCd" : "11"				,"ctprvnNm" : "서울특별시"				,"signguCd" : "11170"				,"signguNm" : "용산구"				,"adongCd" : "1117069000"				,"adongNm" : "서빙고동"				,"stdrDt" : "2015-12-17"				}				,{				"ctprvnCd" : "11"				,"ctprvnNm" : "서울특별시"				,"signguCd" : "11170"				,"signguNm" : "용산구"				,"adongCd" : "1117059000"				,"adongNm" : "용문동"				,"stdrDt" : "2015-12-17"				}				,{				"ctprvnCd" : "11"				,"ctprvnNm" : "서울특별시"				,"signguCd" : "11170"				,"signguNm" : "용산구"				,"adongCd" : "1117052000"				,"adongNm" : "용산2가동"				,"stdrDt" : "2015-12-17"				}				,{				"ctprvnCd" : "11"				,"ctprvnNm" : "서울특별시"				,"signguCd" : "11170"				,"signguNm" : "용산구"				,"adongCd" : "1117056000"				,"adongNm" : "원효로1동"				,"stdrDt" : "2015-12-17"				}				,{				"ctprvnCd" : "11"				,"ctprvnNm" : "서울특별시"				,"signguCd" : "11170"				,"signguNm" : "용산구"				,"adongCd" : "1117057000"				,"adongNm" : "원효로2동"				,"stdrDt" : "2015-12-17"				}				,{				"ctprvnCd" : "11"				,"ctprvnNm" : "서울특별시"				,"signguCd" : "11170"				,"signguNm" : "용산구"				,"adongCd" : "1117063000"				,"adongNm" : "이촌1동"				,"stdrDt" : "2015-12-17"				}				,{				"ctprvnCd" : "11"				,"ctprvnNm" : "서울특별시"				,"signguCd" : "11170"				,"signguNm" : "용산구"				,"adongCd" : "1117064000"				,"adongNm" : "이촌2동"				,"stdrDt" : "2015-12-17"				}				,{				"ctprvnCd" : "11"				,"ctprvnNm" : "서울특별시"				,"signguCd" : "11170"				,"signguNm" : "용산구"				,"adongCd" : "1117065000"				,"adongNm" : "이태원1동"				,"stdrDt" : "2015-12-17"				}				,{				"ctprvnCd" : "11"				,"ctprvnNm" : "서울특별시"				,"signguCd" : "11170"				,"signguNm" : "용산구"				,"adongCd" : "1117066000"				,"adongNm" : "이태원2동"				,"stdrDt" : "2015-12-17"				}				,{				"ctprvnCd" : "11"				,"ctprvnNm" : "서울특별시"				,"signguCd" : "11170"				,"signguNm" : "용산구"				,"adongCd" : "1117055500"				,"adongNm" : "청파동"				,"stdrDt" : "2015-12-17"				}				,{				"ctprvnCd" : "11"				,"ctprvnNm" : "서울특별시"				,"signguCd" : "11170"				,"signguNm" : "용산구"				,"adongCd" : "1117062500"				,"adongNm" : "한강로동"				,"stdrDt" : "2015-12-17"				}				,{				"ctprvnCd" : "11"				,"ctprvnNm" : "서울특별시"				,"signguCd" : "11170"				,"signguNm" : "용산구"				,"adongCd" : "1117068500"				,"adongNm" : "한남동"				,"stdrDt" : "2015-12-17"				}				,{				"ctprvnCd" : "11"				,"ctprvnNm" : "서울특별시"				,"signguCd" : "11170"				,"signguNm" : "용산구"				,"adongCd" : "1117058000"				,"adongNm" : "효창동"				,"stdrDt" : "2015-12-17"				}				,{				"ctprvnCd" : "11"				,"ctprvnNm" : "서울특별시"				,"signguCd" : "11170"				,"signguNm" : "용산구"				,"adongCd" : "1117051000"				,"adongNm" : "후암동"				,"stdrDt" : "2015-12-17"				}			]	}}