{	"header" : {		"description" : "소상공인시장진흥공단 상권정보 행정동 코드"		,"columns" : ["시도코드","시도명","시군구코드","시군구명","행정동코드","행정동명","기준일자"]		,"resultCode" : "00"		,"resultMsg" : "NORMAL SERVICE"	},	"body" : {			"items" : [				{				"ctprvnCd" : "11"				,"ctprvnNm" : "서울특별시"				,"signguCd" : "11200"				,"signguNm" : "성동구"				,"adongCd" : "1120059000"				,"adongNm" : "금호1가동"				,"stdrDt" : "2015-12-17"				}				,{				"ctprvnCd" : "11"				,"ctprvnNm" : "서울특별시"				,"signguCd" : "11200"				,"signguNm" : "성동구"				,"adongCd" : "1120061500"				,"adongNm" : "금호2.3가동"				,"stdrDt" : "2015-12-17"				}				,{				"ctprvnCd" : "11"				,"ctprvnNm" : "서울특별시"				,"signguCd" : "11200"				,"signguNm" : "성동구"				,"adongCd" : "1120062000"				,"adongNm" : "금호4가동"				,"stdrDt" : "2015-12-17"				}				,{				"ctprvnCd" : "11"				,"ctprvnNm" : "서울특별시"				,"signguCd" : "11200"				,"signguNm" : "성동구"				,"adongCd" : "1120054000"				,"adongNm" : "마장동"				,"stdrDt" : "2015-12-17"				}				,{				"ctprvnCd" : "11"				,"ctprvnNm" : "서울특별시"				,"signguCd" : "11200"				,"signguNm" : "성동구"				,"adongCd" : "1120055000"				,"adongNm" : "사근동"				,"stdrDt" : "2015-12-17"				}				,{				"ctprvnCd" : "11"				,"ctprvnNm" : "서울특별시"				,"signguCd" : "11200"				,"signguNm" : "성동구"				,"adongCd" : "1120065000"				,"adongNm" : "성수1가1동"				,"stdrDt" : "2015-12-17"				}				,{				"ctprvnCd" : "11"				,"ctprvnNm" : "서울특별시"				,"signguCd" : "11200"				,"signguNm" : "성동구"				,"adongCd" : "1120066000"				,"adongNm" : "성수1가2동"				,"stdrDt" : "2015-12-17"				}				,{				"ctprvnCd" : "11"				,"ctprvnNm" : "서울특별시"				,"signguCd" : "11200"				,"signguNm" : "성동구"				,"adongCd" : "1120067000"				,"adongNm" : "성수2가1동"				,"stdrDt" : "2015-12-17"				}				,{				"ctprvnCd" : "11"				,"ctprvnNm" : "서울특별시"				,"signguCd" : "11200"				,"signguNm" : "성동구"				,"adongCd" : "1120069000"				,"adongNm" : "성수2가3동"				,"stdrDt" : "2015-12-17"				}				,{				"ctprvnCd" : "11"				,"ctprvnNm" : "서울특별시"				,"signguCd" : "11200"				,"signguNm" : "성동구"				,"adongCd" : "1120072000"				,"adongNm" : "송정동"				,"stdrDt" : "2015-12-17"				}				,{				"ctprvnCd" : "11"				,"ctprvnNm" : "서울특별시"				,"signguCd" : "11200"				,"signguNm" : "성동구"				,"adongCd" : "1120064500"				,"adongNm" : "옥수동"				,"stdrDt" : "2015-12-17"				}				,{				"ctprvnCd" : "11"				,"ctprvnNm" : "서울특별시"				,"signguCd" : "11200"				,"signguNm" : "성동구"				,"adongCd" : "1120052000"				,"adongNm" : "왕십리2동"				,"stdrDt" : "2015-12-17"				}				,{				"ctprvnCd" : "11"				,"ctprvnNm" : "서울특별시"				,"signguCd" : "11200"				,"signguNm" : "성동구"				,"adongCd" : "1120053500"				,"adongNm" : "왕십리도선동"				,"stdrDt" : "2015-12-17"				}				,{				"ctprvnCd" : "11"				,"ctprvnNm" : "서울특별시"				,"signguCd" : "11200"				,"signguNm" : "성동구"				,"adongCd" : "1120079000"				,"adongNm" : "용답동"				,"stdrDt" : "2015-12-17"				}				,{				"ctprvnCd" : "11"				,"ctprvnNm" : "서울특별시"				,"signguCd" : "11200"				,"signguNm" : "성동구"				,"adongCd" : "1120058000"				,"adongNm" : "응봉동"				,"stdrDt" : "2015-12-17"				}				,{				"ctprvnCd" : "11"				,"ctprvnNm" : "서울특별시"				,"signguCd" : "11200"				,"signguNm" : "성동구"				,"adongCd" : "1120056000"				,"adongNm" : "행당1동"				,"stdrDt" : "2015-12-17"				}				,{				"ctprvnCd" : "11"				,"ctprvnNm" : "서울특별시"				,"signguCd" : "11200"				,"signguNm" : "성동구"				,"adongCd" : "1120057000"				,"adongNm" : "행당2동"				,"stdrDt" : "2015-12-17"				}			]	}}