{	"header" : {		"description" : "소상공인시장진흥공단 상권정보 행정동 코드"		,"columns" : ["시도코드","시도명","시군구코드","시군구명","행정동코드","행정동명","기준일자"]		,"resultCode" : "00"		,"resultMsg" : "NORMAL SERVICE"	},	"body" : {			"items" : [				{				"ctprvnCd" : "11"				,"ctprvnNm" : "서울특별시"				,"signguCd" : "11215"				,"signguNm" : "광진구"				,"adongCd" : "1121581000"				,"adongNm" : "광장동"				,"stdrDt" : "2015-12-17"				}				,{				"ctprvnCd" : "11"				,"ctprvnNm" : "서울특별시"				,"signguCd" : "11215"				,"signguNm" : "광진구"				,"adongCd" : "1121585000"				,"adongNm" : "구의1동"				,"stdrDt" : "2015-12-17"				}				,{				"ctprvnCd" : "11"				,"ctprvnNm" : "서울특별시"				,"signguCd" : "11215"				,"signguNm" : "광진구"				,"adongCd" : "1121586000"				,"adongNm" : "구의2동"				,"stdrDt" : "2015-12-17"				}				,{				"ctprvnCd" : "11"				,"ctprvnNm" : "서울특별시"				,"signguCd" : "11215"				,"signguNm" : "광진구"				,"adongCd" : "1121587000"				,"adongNm" : "구의3동"				,"stdrDt" : "2015-12-17"				}				,{				"ctprvnCd" : "11"				,"ctprvnNm" : "서울특별시"				,"signguCd" : "11215"				,"signguNm" : "광진구"				,"adongCd" : "1121573000"				,"adongNm" : "군자동"				,"stdrDt" : "2015-12-17"				}				,{				"ctprvnCd" : "11"				,"ctprvnNm" : "서울특별시"				,"signguCd" : "11215"				,"signguNm" : "광진구"				,"adongCd" : "1121578000"				,"adongNm" : "능동"				,"stdrDt" : "2015-12-17"				}				,{				"ctprvnCd" : "11"				,"ctprvnNm" : "서울특별시"				,"signguCd" : "11215"				,"signguNm" : "광진구"				,"adongCd" : "1121582000"				,"adongNm" : "자양1동"				,"stdrDt" : "2015-12-17"				}				,{				"ctprvnCd" : "11"				,"ctprvnNm" : "서울특별시"				,"signguCd" : "11215"				,"signguNm" : "광진구"				,"adongCd" : "1121583000"				,"adongNm" : "자양2동"				,"stdrDt" : "2015-12-17"				}				,{				"ctprvnCd" : "11"				,"ctprvnNm" : "서울특별시"				,"signguCd" : "11215"				,"signguNm" : "광진구"				,"adongCd" : "1121584000"				,"adongNm" : "자양3동"				,"stdrDt" : "2015-12-17"				}				,{				"ctprvnCd" : "11"				,"ctprvnNm" : "서울특별시"				,"signguCd" : "11215"				,"signguNm" : "광진구"				,"adongCd" : "1121584700"				,"adongNm" : "자양4동"				,"stdrDt" : "2015-12-17"				}				,{				"ctprvnCd" : "11"				,"ctprvnNm" : "서울특별시"				,"signguCd" : "11215"				,"signguNm" : "광진구"				,"adongCd" : "1121574000"				,"adongNm" : "중곡1동"				,"stdrDt" : "2015-12-17"				}				,{				"ctprvnCd" : "11"				,"ctprvnNm" : "서울특별시"				,"signguCd" : "11215"				,"signguNm" : "광진구"				,"adongCd" : "1121575000"				,"adongNm" : "중곡2동"				,"stdrDt" : "2015-12-17"				}				,{				"ctprvnCd" : "11"				,"ctprvnNm" : "서울특별시"				,"signguCd" : "11215"				,"signguNm" : "광진구"				,"adongCd" : "1121576000"				,"adongNm" : "중곡3동"				,"stdrDt" : "2015-12-17"				}				,{				"ctprvnCd" : "11"				,"ctprvnNm" : "서울특별시"				,"signguCd" : "11215"				,"signguNm" : "광진구"				,"adongCd" : "1121577000"				,"adongNm" : "중곡4동"				,"stdrDt" : "2015-12-17"				}				,{				"ctprvnCd" : "11"				,"ctprvnNm" : "서울특별시"				,"signguCd" : "11215"				,"signguNm" : "광진구"				,"adongCd" : "1121571000"				,"adongNm" : "화양동"				,"stdrDt" : "2015-12-17"				}			]	}}