{	"header" : {		"description" : "소상공인시장진흥공단 상권정보 행정동 코드"		,"columns" : ["시도코드","시도명","시군구코드","시군구명","행정동코드","행정동명","기준일자"]		,"resultCode" : "00"		,"resultMsg" : "NORMAL SERVICE"	},	"body" : {			"items" : [				{				"ctprvnCd" : "11"				,"ctprvnNm" : "서울특별시"				,"signguCd" : "11230"				,"signguNm" : "동대문구"				,"adongCd" : "1123060000"				,"adongNm" : "답십리1동"				,"stdrDt" : "2015-12-17"				}				,{				"ctprvnCd" : "11"				,"ctprvnNm" : "서울특별시"				,"signguCd" : "11230"				,"signguNm" : "동대문구"				,"adongCd" : "1123061000"				,"adongNm" : "답십리2동"				,"stdrDt" : "2015-12-17"				}				,{				"ctprvnCd" : "11"				,"ctprvnNm" : "서울특별시"				,"signguCd" : "11230"				,"signguNm" : "동대문구"				,"adongCd" : "1123053600"				,"adongNm" : "용신동"				,"stdrDt" : "2015-12-17"				}				,{				"ctprvnCd" : "11"				,"ctprvnNm" : "서울특별시"				,"signguCd" : "11230"				,"signguNm" : "동대문구"				,"adongCd" : "1123074000"				,"adongNm" : "이문1동"				,"stdrDt" : "2015-12-17"				}				,{				"ctprvnCd" : "11"				,"ctprvnNm" : "서울특별시"				,"signguCd" : "11230"				,"signguNm" : "동대문구"				,"adongCd" : "1123075000"				,"adongNm" : "이문2동"				,"stdrDt" : "2015-12-17"				}				,{				"ctprvnCd" : "11"				,"ctprvnNm" : "서울특별시"				,"signguCd" : "11230"				,"signguNm" : "동대문구"				,"adongCd" : "1123065000"				,"adongNm" : "장안1동"				,"stdrDt" : "2015-12-17"				}				,{				"ctprvnCd" : "11"				,"ctprvnNm" : "서울특별시"				,"signguCd" : "11230"				,"signguNm" : "동대문구"				,"adongCd" : "1123066000"				,"adongNm" : "장안2동"				,"stdrDt" : "2015-12-17"				}				,{				"ctprvnCd" : "11"				,"ctprvnNm" : "서울특별시"				,"signguCd" : "11230"				,"signguNm" : "동대문구"				,"adongCd" : "1123056000"				,"adongNm" : "전농1동"				,"stdrDt" : "2015-12-17"				}				,{				"ctprvnCd" : "11"				,"ctprvnNm" : "서울특별시"				,"signguCd" : "11230"				,"signguNm" : "동대문구"				,"adongCd" : "1123057000"				,"adongNm" : "전농2동"				,"stdrDt" : "2015-12-17"				}				,{				"ctprvnCd" : "11"				,"ctprvnNm" : "서울특별시"				,"signguCd" : "11230"				,"signguNm" : "동대문구"				,"adongCd" : "1123054500"				,"adongNm" : "제기동"				,"stdrDt" : "2015-12-17"				}				,{				"ctprvnCd" : "11"				,"ctprvnNm" : "서울특별시"				,"signguCd" : "11230"				,"signguNm" : "동대문구"				,"adongCd" : "1123070500"				,"adongNm" : "청량리동"				,"stdrDt" : "2015-12-17"				}				,{				"ctprvnCd" : "11"				,"ctprvnNm" : "서울특별시"				,"signguCd" : "11230"				,"signguNm" : "동대문구"				,"adongCd" : "1123071000"				,"adongNm" : "회기동"				,"stdrDt" : "2015-12-17"				}				,{				"ctprvnCd" : "11"				,"ctprvnNm" : "서울특별시"				,"signguCd" : "11230"				,"signguNm" : "동대문구"				,"adongCd" : "1123072000"				,"adongNm" : "휘경1동"				,"stdrDt" : "2015-12-17"				}				,{				"ctprvnCd" : "11"				,"ctprvnNm" : "서울특별시"				,"signguCd" : "11230"				,"signguNm" : "동대문구"				,"adongCd" : "1123073000"				,"adongNm" : "휘경2동"				,"stdrDt" : "2015-12-17"				}			]	}}