{	"header" : {		"description" : "소상공인시장진흥공단 상권정보 행정동 코드"		,"columns" : ["시도코드","시도명","시군구코드","시군구명","행정동코드","행정동명","기준일자"]		,"resultCode" : "00"		,"resultMsg" : "NORMAL SERVICE"	},	"body" : {			"items" : [				{				"ctprvnCd" : "11"				,"ctprvnNm" : "서울특별시"				,"signguCd" : "11260"				,"signguNm" : "중랑구"				,"adongCd" : "1126066000"				,"adongNm" : "망우3동"				,"stdrDt" : "2015-12-17"				}				,{				"ctprvnCd" : "11"				,"ctprvnNm" : "서울특별시"				,"signguCd" : "11260"				,"signguNm" : "중랑구"				,"adongCd" : "1126065500"				,"adongNm" : "망우본동"				,"stdrDt" : "2015-12-17"				}				,{				"ctprvnCd" : "11"				,"ctprvnNm" : "서울특별시"				,"signguCd" : "11260"				,"signguNm" : "중랑구"				,"adongCd" : "1126052000"				,"adongNm" : "면목2동"				,"stdrDt" : "2015-12-17"				}				,{				"ctprvnCd" : "11"				,"ctprvnNm" : "서울특별시"				,"signguCd" : "11260"				,"signguNm" : "중랑구"				,"adongCd" : "1126057500"				,"adongNm" : "면목3.8동"				,"stdrDt" : "2015-12-17"				}				,{				"ctprvnCd" : "11"				,"ctprvnNm" : "서울특별시"				,"signguCd" : "11260"				,"signguNm" : "중랑구"				,"adongCd" : "1126054000"				,"adongNm" : "면목4동"				,"stdrDt" : "2015-12-17"				}				,{				"ctprvnCd" : "11"				,"ctprvnNm" : "서울특별시"				,"signguCd" : "11260"				,"signguNm" : "중랑구"				,"adongCd" : "1126055000"				,"adongNm" : "면목5동"				,"stdrDt" : "2015-12-17"				}				,{				"ctprvnCd" : "11"				,"ctprvnNm" : "서울특별시"				,"signguCd" : "11260"				,"signguNm" : "중랑구"				,"adongCd" : "1126057000"				,"adongNm" : "면목7동"				,"stdrDt" : "2015-12-17"				}				,{				"ctprvnCd" : "11"				,"ctprvnNm" : "서울특별시"				,"signguCd" : "11260"				,"signguNm" : "중랑구"				,"adongCd" : "1126056500"				,"adongNm" : "면목본동"				,"stdrDt" : "2015-12-17"				}				,{				"ctprvnCd" : "11"				,"ctprvnNm" : "서울특별시"				,"signguCd" : "11260"				,"signguNm" : "중랑구"				,"adongCd" : "1126062000"				,"adongNm" : "묵1동"				,"stdrDt" : "2015-12-17"				}				,{				"ctprvnCd" : "11"				,"ctprvnNm" : "서울특별시"				,"signguCd" : "11260"				,"signguNm" : "중랑구"				,"adongCd" : "1126063000"				,"adongNm" : "묵2동"				,"stdrDt" : "2015-12-17"				}				,{				"ctprvnCd" : "11"				,"ctprvnNm" : "서울특별시"				,"signguCd" : "11260"				,"signguNm" : "중랑구"				,"adongCd" : "1126058000"				,"adongNm" : "상봉1동"				,"stdrDt" : "2015-12-17"				}				,{				"ctprvnCd" : "11"				,"ctprvnNm" : "서울특별시"				,"signguCd" : "11260"				,"signguNm" : "중랑구"				,"adongCd" : "1126059000"				,"adongNm" : "상봉2동"				,"stdrDt" : "2015-12-17"				}				,{				"ctprvnCd" : "11"				,"ctprvnNm" : "서울특별시"				,"signguCd" : "11260"				,"signguNm" : "중랑구"				,"adongCd" : "1126068000"				,"adongNm" : "신내1동"				,"stdrDt" : "2015-12-17"				}				,{				"ctprvnCd" : "11"				,"ctprvnNm" : "서울특별시"				,"signguCd" : "11260"				,"signguNm" : "중랑구"				,"adongCd" : "1126069000"				,"adongNm" : "신내2동"				,"stdrDt" : "2015-12-17"				}				,{				"ctprvnCd" : "11"				,"ctprvnNm" : "서울특별시"				,"signguCd" : "11260"				,"signguNm" : "중랑구"				,"adongCd" : "1126060000"				,"adongNm" : "중화1동"				,"stdrDt" : "2015-12-17"				}				,{				"ctprvnCd" : "11"				,"ctprvnNm" : "서울특별시"				,"signguCd" : "11260"				,"signguNm" : "중랑구"				,"adongCd" : "1126061000"				,"adongNm" : "중화2동"				,"stdrDt" : "2015-12-17"				}			]	}}