{	"header" : {		"description" : "소상공인시장진흥공단 상권정보 행정동 코드"		,"columns" : ["시도코드","시도명","시군구코드","시군구명","행정동코드","행정동명","기준일자"]		,"resultCode" : "00"		,"resultMsg" : "NORMAL SERVICE"	},	"body" : {			"items" : [				{				"ctprvnCd" : "11"				,"ctprvnNm" : "서울특별시"				,"signguCd" : "11290"				,"signguNm" : "성북구"				,"adongCd" : "1129066000"				,"adongNm" : "길음1동"				,"stdrDt" : "2015-12-17"				}				,{				"ctprvnCd" : "11"				,"ctprvnNm" : "서울특별시"				,"signguCd" : "11290"				,"signguNm" : "성북구"				,"adongCd" : "1129068500"				,"adongNm" : "길음2동"				,"stdrDt" : "2015-12-17"				}				,{				"ctprvnCd" : "11"				,"ctprvnNm" : "서울특별시"				,"signguCd" : "11290"				,"signguNm" : "성북구"				,"adongCd" : "1129058000"				,"adongNm" : "돈암1동"				,"stdrDt" : "2015-12-17"				}				,{				"ctprvnCd" : "11"				,"ctprvnNm" : "서울특별시"				,"signguCd" : "11290"				,"signguNm" : "성북구"				,"adongCd" : "1129059000"				,"adongNm" : "돈암2동"				,"stdrDt" : "2015-12-17"				}				,{				"ctprvnCd" : "11"				,"ctprvnNm" : "서울특별시"				,"signguCd" : "11290"				,"signguNm" : "성북구"				,"adongCd" : "1129057500"				,"adongNm" : "동선동"				,"stdrDt" : "2015-12-17"				}				,{				"ctprvnCd" : "11"				,"ctprvnNm" : "서울특별시"				,"signguCd" : "11290"				,"signguNm" : "성북구"				,"adongCd" : "1129061000"				,"adongNm" : "보문동"				,"stdrDt" : "2015-12-17"				}				,{				"ctprvnCd" : "11"				,"ctprvnNm" : "서울특별시"				,"signguCd" : "11290"				,"signguNm" : "성북구"				,"adongCd" : "1129055500"				,"adongNm" : "삼선동"				,"stdrDt" : "2015-12-17"				}				,{				"ctprvnCd" : "11"				,"ctprvnNm" : "서울특별시"				,"signguCd" : "11290"				,"signguNm" : "성북구"				,"adongCd" : "1129081000"				,"adongNm" : "석관동"				,"stdrDt" : "2015-12-17"				}				,{				"ctprvnCd" : "11"				,"ctprvnNm" : "서울특별시"				,"signguCd" : "11290"				,"signguNm" : "성북구"				,"adongCd" : "1129052500"				,"adongNm" : "성북동"				,"stdrDt" : "2015-12-17"				}				,{				"ctprvnCd" : "11"				,"ctprvnNm" : "서울특별시"				,"signguCd" : "11290"				,"signguNm" : "성북구"				,"adongCd" : "1129060000"				,"adongNm" : "안암동"				,"stdrDt" : "2015-12-17"				}				,{				"ctprvnCd" : "11"				,"ctprvnNm" : "서울특별시"				,"signguCd" : "11290"				,"signguNm" : "성북구"				,"adongCd" : "1129071500"				,"adongNm" : "월곡1동"				,"stdrDt" : "2015-12-17"				}				,{				"ctprvnCd" : "11"				,"ctprvnNm" : "서울특별시"				,"signguCd" : "11290"				,"signguNm" : "성북구"				,"adongCd" : "1129072500"				,"adongNm" : "월곡2동"				,"stdrDt" : "2015-12-17"				}				,{				"ctprvnCd" : "11"				,"ctprvnNm" : "서울특별시"				,"signguCd" : "11290"				,"signguNm" : "성북구"				,"adongCd" : "1129076000"				,"adongNm" : "장위1동"				,"stdrDt" : "2015-12-17"				}				,{				"ctprvnCd" : "11"				,"ctprvnNm" : "서울특별시"				,"signguCd" : "11290"				,"signguNm" : "성북구"				,"adongCd" : "1129077000"				,"adongNm" : "장위2동"				,"stdrDt" : "2015-12-17"				}				,{				"ctprvnCd" : "11"				,"ctprvnNm" : "서울특별시"				,"signguCd" : "11290"				,"signguNm" : "성북구"				,"adongCd" : "1129078000"				,"adongNm" : "장위3동"				,"stdrDt" : "2015-12-17"				}				,{				"ctprvnCd" : "11"				,"ctprvnNm" : "서울특별시"				,"signguCd" : "11290"				,"signguNm" : "성북구"				,"adongCd" : "1129062000"				,"adongNm" : "정릉1동"				,"stdrDt" : "2015-12-17"				}				,{				"ctprvnCd" : "11"				,"ctprvnNm" : "서울특별시"				,"signguCd" : "11290"				,"signguNm" : "성북구"				,"adongCd" : "1129063000"				,"adongNm" : "정릉2동"				,"stdrDt" : "2015-12-17"				}				,{				"ctprvnCd" : "11"				,"ctprvnNm" : "서울특별시"				,"signguCd" : "11290"				,"signguNm" : "성북구"				,"adongCd" : "1129064000"				,"adongNm" : "정릉3동"				,"stdrDt" : "2015-12-17"				}				,{				"ctprvnCd" : "11"				,"ctprvnNm" : "서울특별시"				,"signguCd" : "11290"				,"signguNm" : "성북구"				,"adongCd" : "1129065000"				,"adongNm" : "정릉4동"				,"stdrDt" : "2015-12-17"				}				,{				"ctprvnCd" : "11"				,"ctprvnNm" : "서울특별시"				,"signguCd" : "11290"				,"signguNm" : "성북구"				,"adongCd" : "1129070500"				,"adongNm" : "종암동"				,"stdrDt" : "2015-12-17"				}			]	}}