{	"header" : {		"description" : "소상공인시장진흥공단 상권정보 행정동 코드"		,"columns" : ["시도코드","시도명","시군구코드","시군구명","행정동코드","행정동명","기준일자"]		,"resultCode" : "00"		,"resultMsg" : "NORMAL SERVICE"	},	"body" : {			"items" : [				{				"ctprvnCd" : "11"				,"ctprvnNm" : "서울특별시"				,"signguCd" : "11305"				,"signguNm" : "강북구"				,"adongCd" : "1130553500"				,"adongNm" : "미아동"				,"stdrDt" : "2015-12-17"				}				,{				"ctprvnCd" : "11"				,"ctprvnNm" : "서울특별시"				,"signguCd" : "11305"				,"signguNm" : "강북구"				,"adongCd" : "1130559500"				,"adongNm" : "번1동"				,"stdrDt" : "2015-12-17"				}				,{				"ctprvnCd" : "11"				,"ctprvnNm" : "서울특별시"				,"signguCd" : "11305"				,"signguNm" : "강북구"				,"adongCd" : "1130560300"				,"adongNm" : "번2동"				,"stdrDt" : "2015-12-17"				}				,{				"ctprvnCd" : "11"				,"ctprvnNm" : "서울특별시"				,"signguCd" : "11305"				,"signguNm" : "강북구"				,"adongCd" : "1130560800"				,"adongNm" : "번3동"				,"stdrDt" : "2015-12-17"				}				,{				"ctprvnCd" : "11"				,"ctprvnNm" : "서울특별시"				,"signguCd" : "11305"				,"signguNm" : "강북구"				,"adongCd" : "1130557500"				,"adongNm" : "삼각산동"				,"stdrDt" : "2015-12-17"				}				,{				"ctprvnCd" : "11"				,"ctprvnNm" : "서울특별시"				,"signguCd" : "11305"				,"signguNm" : "강북구"				,"adongCd" : "1130553400"				,"adongNm" : "삼양동"				,"stdrDt" : "2015-12-17"				}				,{				"ctprvnCd" : "11"				,"ctprvnNm" : "서울특별시"				,"signguCd" : "11305"				,"signguNm" : "강북구"				,"adongCd" : "1130554500"				,"adongNm" : "송중동"				,"stdrDt" : "2015-12-17"				}				,{				"ctprvnCd" : "11"				,"ctprvnNm" : "서울특별시"				,"signguCd" : "11305"				,"signguNm" : "강북구"				,"adongCd" : "1130555500"				,"adongNm" : "송천동"				,"stdrDt" : "2015-12-17"				}				,{				"ctprvnCd" : "11"				,"ctprvnNm" : "서울특별시"				,"signguCd" : "11305"				,"signguNm" : "강북구"				,"adongCd" : "1130561500"				,"adongNm" : "수유1동"				,"stdrDt" : "2015-12-17"				}				,{				"ctprvnCd" : "11"				,"ctprvnNm" : "서울특별시"				,"signguCd" : "11305"				,"signguNm" : "강북구"				,"adongCd" : "1130562500"				,"adongNm" : "수유2동"				,"stdrDt" : "2015-12-17"				}				,{				"ctprvnCd" : "11"				,"ctprvnNm" : "서울특별시"				,"signguCd" : "11305"				,"signguNm" : "강북구"				,"adongCd" : "1130563500"				,"adongNm" : "수유3동"				,"stdrDt" : "2015-12-17"				}				,{				"ctprvnCd" : "11"				,"ctprvnNm" : "서울특별시"				,"signguCd" : "11305"				,"signguNm" : "강북구"				,"adongCd" : "1130564500"				,"adongNm" : "우이동"				,"stdrDt" : "2015-12-17"				}				,{				"ctprvnCd" : "11"				,"ctprvnNm" : "서울특별시"				,"signguCd" : "11305"				,"signguNm" : "강북구"				,"adongCd" : "1130566000"				,"adongNm" : "인수동"				,"stdrDt" : "2015-12-17"				}			]	}}