{	"header" : {		"description" : "소상공인시장진흥공단 상권정보 행정동 코드"		,"columns" : ["시도코드","시도명","시군구코드","시군구명","행정동코드","행정동명","기준일자"]		,"resultCode" : "00"		,"resultMsg" : "NORMAL SERVICE"	},	"body" : {			"items" : [				{				"ctprvnCd" : "11"				,"ctprvnNm" : "서울특별시"				,"signguCd" : "11320"				,"signguNm" : "도봉구"				,"adongCd" : "1132052100"				,"adongNm" : "도봉1동"				,"stdrDt" : "2015-12-17"				}				,{				"ctprvnCd" : "11"				,"ctprvnNm" : "서울특별시"				,"signguCd" : "11320"				,"signguNm" : "도봉구"				,"adongCd" : "1132052200"				,"adongNm" : "도봉2동"				,"stdrDt" : "2015-12-17"				}				,{				"ctprvnCd" : "11"				,"ctprvnNm" : "서울특별시"				,"signguCd" : "11320"				,"signguNm" : "도봉구"				,"adongCd" : "1132069000"				,"adongNm" : "방학1동"				,"stdrDt" : "2015-12-17"				}				,{				"ctprvnCd" : "11"				,"ctprvnNm" : "서울특별시"				,"signguCd" : "11320"				,"signguNm" : "도봉구"				,"adongCd" : "1132070000"				,"adongNm" : "방학2동"				,"stdrDt" : "2015-12-17"				}				,{				"ctprvnCd" : "11"				,"ctprvnNm" : "서울특별시"				,"signguCd" : "11320"				,"signguNm" : "도봉구"				,"adongCd" : "1132071000"				,"adongNm" : "방학3동"				,"stdrDt" : "2015-12-17"				}				,{				"ctprvnCd" : "11"				,"ctprvnNm" : "서울특별시"				,"signguCd" : "11320"				,"signguNm" : "도봉구"				,"adongCd" : "1132066000"				,"adongNm" : "쌍문1동"				,"stdrDt" : "2015-12-17"				}				,{				"ctprvnCd" : "11"				,"ctprvnNm" : "서울특별시"				,"signguCd" : "11320"				,"signguNm" : "도봉구"				,"adongCd" : "1132067000"				,"adongNm" : "쌍문2동"				,"stdrDt" : "2015-12-17"				}				,{				"ctprvnCd" : "11"				,"ctprvnNm" : "서울특별시"				,"signguCd" : "11320"				,"signguNm" : "도봉구"				,"adongCd" : "1132068000"				,"adongNm" : "쌍문3동"				,"stdrDt" : "2015-12-17"				}				,{				"ctprvnCd" : "11"				,"ctprvnNm" : "서울특별시"				,"signguCd" : "11320"				,"signguNm" : "도봉구"				,"adongCd" : "1132068100"				,"adongNm" : "쌍문4동"				,"stdrDt" : "2015-12-17"				}				,{				"ctprvnCd" : "11"				,"ctprvnNm" : "서울특별시"				,"signguCd" : "11320"				,"signguNm" : "도봉구"				,"adongCd" : "1132051100"				,"adongNm" : "창1동"				,"stdrDt" : "2015-12-17"				}				,{				"ctprvnCd" : "11"				,"ctprvnNm" : "서울특별시"				,"signguCd" : "11320"				,"signguNm" : "도봉구"				,"adongCd" : "1132051200"				,"adongNm" : "창2동"				,"stdrDt" : "2015-12-17"				}				,{				"ctprvnCd" : "11"				,"ctprvnNm" : "서울특별시"				,"signguCd" : "11320"				,"signguNm" : "도봉구"				,"adongCd" : "1132051300"				,"adongNm" : "창3동"				,"stdrDt" : "2015-12-17"				}				,{				"ctprvnCd" : "11"				,"ctprvnNm" : "서울특별시"				,"signguCd" : "11320"				,"signguNm" : "도봉구"				,"adongCd" : "1132051400"				,"adongNm" : "창4동"				,"stdrDt" : "2015-12-17"				}				,{				"ctprvnCd" : "11"				,"ctprvnNm" : "서울특별시"				,"signguCd" : "11320"				,"signguNm" : "도봉구"				,"adongCd" : "1132051500"				,"adongNm" : "창5동"				,"stdrDt" : "2015-12-17"				}			]	}}