{	"header" : {		"description" : "소상공인시장진흥공단 상권정보 행정동 코드"		,"columns" : ["시도코드","시도명","시군구코드","시군구명","행정동코드","행정동명","기준일자"]		,"resultCode" : "00"		,"resultMsg" : "NORMAL SERVICE"	},	"body" : {			"items" : [				{				"ctprvnCd" : "11"				,"ctprvnNm" : "서울특별시"				,"signguCd" : "11350"				,"signguNm" : "노원구"				,"adongCd" : "1135059500"				,"adongNm" : "공릉1동"				,"stdrDt" : "2015-12-17"				}				,{				"ctprvnCd" : "11"				,"ctprvnNm" : "서울특별시"				,"signguCd" : "11350"				,"signguNm" : "노원구"				,"adongCd" : "1135060000"				,"adongNm" : "공릉2동"				,"stdrDt" : "2015-12-17"				}				,{				"ctprvnCd" : "11"				,"ctprvnNm" : "서울특별시"				,"signguCd" : "11350"				,"signguNm" : "노원구"				,"adongCd" : "1135072000"				,"adongNm" : "상계10동"				,"stdrDt" : "2015-12-17"				}				,{				"ctprvnCd" : "11"				,"ctprvnNm" : "서울특별시"				,"signguCd" : "11350"				,"signguNm" : "노원구"				,"adongCd" : "1135063000"				,"adongNm" : "상계1동"				,"stdrDt" : "2015-12-17"				}				,{				"ctprvnCd" : "11"				,"ctprvnNm" : "서울특별시"				,"signguCd" : "11350"				,"signguNm" : "노원구"				,"adongCd" : "1135064000"				,"adongNm" : "상계2동"				,"stdrDt" : "2015-12-17"				}				,{				"ctprvnCd" : "11"				,"ctprvnNm" : "서울특별시"				,"signguCd" : "11350"				,"signguNm" : "노원구"				,"adongCd" : "1135066500"				,"adongNm" : "상계3.4동"				,"stdrDt" : "2015-12-17"				}				,{				"ctprvnCd" : "11"				,"ctprvnNm" : "서울특별시"				,"signguCd" : "11350"				,"signguNm" : "노원구"				,"adongCd" : "1135067000"				,"adongNm" : "상계5동"				,"stdrDt" : "2015-12-17"				}				,{				"ctprvnCd" : "11"				,"ctprvnNm" : "서울특별시"				,"signguCd" : "11350"				,"signguNm" : "노원구"				,"adongCd" : "1135069500"				,"adongNm" : "상계6.7동"				,"stdrDt" : "2015-12-17"				}				,{				"ctprvnCd" : "11"				,"ctprvnNm" : "서울특별시"				,"signguCd" : "11350"				,"signguNm" : "노원구"				,"adongCd" : "1135070000"				,"adongNm" : "상계8동"				,"stdrDt" : "2015-12-17"				}				,{				"ctprvnCd" : "11"				,"ctprvnNm" : "서울특별시"				,"signguCd" : "11350"				,"signguNm" : "노원구"				,"adongCd" : "1135071000"				,"adongNm" : "상계9동"				,"stdrDt" : "2015-12-17"				}				,{				"ctprvnCd" : "11"				,"ctprvnNm" : "서울특별시"				,"signguCd" : "11350"				,"signguNm" : "노원구"				,"adongCd" : "1135056000"				,"adongNm" : "월계1동"				,"stdrDt" : "2015-12-17"				}				,{				"ctprvnCd" : "11"				,"ctprvnNm" : "서울특별시"				,"signguCd" : "11350"				,"signguNm" : "노원구"				,"adongCd" : "1135057000"				,"adongNm" : "월계2동"				,"stdrDt" : "2015-12-17"				}				,{				"ctprvnCd" : "11"				,"ctprvnNm" : "서울특별시"				,"signguCd" : "11350"				,"signguNm" : "노원구"				,"adongCd" : "1135058000"				,"adongNm" : "월계3동"				,"stdrDt" : "2015-12-17"				}				,{				"ctprvnCd" : "11"				,"ctprvnNm" : "서울특별시"				,"signguCd" : "11350"				,"signguNm" : "노원구"				,"adongCd" : "1135062100"				,"adongNm" : "중계1동"				,"stdrDt" : "2015-12-17"				}				,{				"ctprvnCd" : "11"				,"ctprvnNm" : "서울특별시"				,"signguCd" : "11350"				,"signguNm" : "노원구"				,"adongCd" : "1135062500"				,"adongNm" : "중계2.3동"				,"stdrDt" : "2015-12-17"				}				,{				"ctprvnCd" : "11"				,"ctprvnNm" : "서울특별시"				,"signguCd" : "11350"				,"signguNm" : "노원구"				,"adongCd" : "1135062400"				,"adongNm" : "중계4동"				,"stdrDt" : "2015-12-17"				}				,{				"ctprvnCd" : "11"				,"ctprvnNm" : "서울특별시"				,"signguCd" : "11350"				,"signguNm" : "노원구"				,"adongCd" : "1135061900"				,"adongNm" : "중계본동"				,"stdrDt" : "2015-12-17"				}				,{				"ctprvnCd" : "11"				,"ctprvnNm" : "서울특별시"				,"signguCd" : "11350"				,"signguNm" : "노원구"				,"adongCd" : "1135061100"				,"adongNm" : "하계1동"				,"stdrDt" : "2015-12-17"				}				,{				"ctprvnCd" : "11"				,"ctprvnNm" : "서울특별시"				,"signguCd" : "11350"				,"signguNm" : "노원구"				,"adongCd" : "1135061200"				,"adongNm" : "하계2동"				,"stdrDt" : "2015-12-17"				}			]	}}