{	"header" : {		"description" : "소상공인시장진흥공단 상권정보 행정동 코드"		,"columns" : ["시도코드","시도명","시군구코드","시군구명","행정동코드","행정동명","기준일자"]		,"resultCode" : "00"		,"resultMsg" : "NORMAL SERVICE"	},	"body" : {			"items" : [				{				"ctprvnCd" : "11"				,"ctprvnNm" : "서울특별시"				,"signguCd" : "11380"				,"signguNm" : "은평구"				,"adongCd" : "1138055100"				,"adongNm" : "갈현1동"				,"stdrDt" : "2015-12-17"				}				,{				"ctprvnCd" : "11"				,"ctprvnNm" : "서울특별시"				,"signguCd" : "11380"				,"signguNm" : "은평구"				,"adongCd" : "1138055200"				,"adongNm" : "갈현2동"				,"stdrDt" : "2015-12-17"				}				,{				"ctprvnCd" : "11"				,"ctprvnNm" : "서울특별시"				,"signguCd" : "11380"				,"signguNm" : "은평구"				,"adongCd" : "1138056000"				,"adongNm" : "구산동"				,"stdrDt" : "2015-12-17"				}				,{				"ctprvnCd" : "11"				,"ctprvnNm" : "서울특별시"				,"signguCd" : "11380"				,"signguNm" : "은평구"				,"adongCd" : "1138051000"				,"adongNm" : "녹번동"				,"stdrDt" : "2015-12-17"				}				,{				"ctprvnCd" : "11"				,"ctprvnNm" : "서울특별시"				,"signguCd" : "11380"				,"signguNm" : "은평구"				,"adongCd" : "1138057000"				,"adongNm" : "대조동"				,"stdrDt" : "2015-12-17"				}				,{				"ctprvnCd" : "11"				,"ctprvnNm" : "서울특별시"				,"signguCd" : "11380"				,"signguNm" : "은평구"				,"adongCd" : "1138052000"				,"adongNm" : "불광1동"				,"stdrDt" : "2015-12-17"				}				,{				"ctprvnCd" : "11"				,"ctprvnNm" : "서울특별시"				,"signguCd" : "11380"				,"signguNm" : "은평구"				,"adongCd" : "1138053000"				,"adongNm" : "불광2동"				,"stdrDt" : "2015-12-17"				}				,{				"ctprvnCd" : "11"				,"ctprvnNm" : "서울특별시"				,"signguCd" : "11380"				,"signguNm" : "은평구"				,"adongCd" : "1138065000"				,"adongNm" : "수색동"				,"stdrDt" : "2015-12-17"				}				,{				"ctprvnCd" : "11"				,"ctprvnNm" : "서울특별시"				,"signguCd" : "11380"				,"signguNm" : "은평구"				,"adongCd" : "1138063100"				,"adongNm" : "신사1동"				,"stdrDt" : "2015-12-17"				}				,{				"ctprvnCd" : "11"				,"ctprvnNm" : "서울특별시"				,"signguCd" : "11380"				,"signguNm" : "은평구"				,"adongCd" : "1138063200"				,"adongNm" : "신사2동"				,"stdrDt" : "2015-12-17"				}				,{				"ctprvnCd" : "11"				,"ctprvnNm" : "서울특별시"				,"signguCd" : "11380"				,"signguNm" : "은평구"				,"adongCd" : "1138062500"				,"adongNm" : "역촌동"				,"stdrDt" : "2015-12-17"				}				,{				"ctprvnCd" : "11"				,"ctprvnNm" : "서울특별시"				,"signguCd" : "11380"				,"signguNm" : "은평구"				,"adongCd" : "1138058000"				,"adongNm" : "응암1동"				,"stdrDt" : "2015-12-17"				}				,{				"ctprvnCd" : "11"				,"ctprvnNm" : "서울특별시"				,"signguCd" : "11380"				,"signguNm" : "은평구"				,"adongCd" : "1138059000"				,"adongNm" : "응암2동"				,"stdrDt" : "2015-12-17"				}				,{				"ctprvnCd" : "11"				,"ctprvnNm" : "서울특별시"				,"signguCd" : "11380"				,"signguNm" : "은평구"				,"adongCd" : "1138060000"				,"adongNm" : "응암3동"				,"stdrDt" : "2015-12-17"				}				,{				"ctprvnCd" : "11"				,"ctprvnNm" : "서울특별시"				,"signguCd" : "11380"				,"signguNm" : "은평구"				,"adongCd" : "1138064000"				,"adongNm" : "증산동"				,"stdrDt" : "2015-12-17"				}				,{				"ctprvnCd" : "11"				,"ctprvnNm" : "서울특별시"				,"signguCd" : "11380"				,"signguNm" : "은평구"				,"adongCd" : "1138069000"				,"adongNm" : "진관동"				,"stdrDt" : "2015-12-17"				}			]	}}