{	"header" : {		"description" : "소상공인시장진흥공단 상권정보 행정동 코드"		,"columns" : ["시도코드","시도명","시군구코드","시군구명","행정동코드","행정동명","기준일자"]		,"resultCode" : "00"		,"resultMsg" : "NORMAL SERVICE"	},	"body" : {			"items" : [				{				"ctprvnCd" : "11"				,"ctprvnNm" : "서울특별시"				,"signguCd" : "11410"				,"signguNm" : "서대문구"				,"adongCd" : "1141069000"				,"adongNm" : "남가좌1동"				,"stdrDt" : "2015-12-17"				}				,{				"ctprvnCd" : "11"				,"ctprvnNm" : "서울특별시"				,"signguCd" : "11410"				,"signguNm" : "서대문구"				,"adongCd" : "1141070000"				,"adongNm" : "남가좌2동"				,"stdrDt" : "2015-12-17"				}				,{				"ctprvnCd" : "11"				,"ctprvnNm" : "서울특별시"				,"signguCd" : "11410"				,"signguNm" : "서대문구"				,"adongCd" : "1141071000"				,"adongNm" : "북가좌1동"				,"stdrDt" : "2015-12-17"				}				,{				"ctprvnCd" : "11"				,"ctprvnNm" : "서울특별시"				,"signguCd" : "11410"				,"signguNm" : "서대문구"				,"adongCd" : "1141072000"				,"adongNm" : "북가좌2동"				,"stdrDt" : "2015-12-17"				}				,{				"ctprvnCd" : "11"				,"ctprvnNm" : "서울특별시"				,"signguCd" : "11410"				,"signguNm" : "서대문구"				,"adongCd" : "1141055500"				,"adongNm" : "북아현동"				,"stdrDt" : "2015-12-17"				}				,{				"ctprvnCd" : "11"				,"ctprvnNm" : "서울특별시"				,"signguCd" : "11410"				,"signguNm" : "서대문구"				,"adongCd" : "1141058500"				,"adongNm" : "신촌동"				,"stdrDt" : "2015-12-17"				}				,{				"ctprvnCd" : "11"				,"ctprvnNm" : "서울특별시"				,"signguCd" : "11410"				,"signguNm" : "서대문구"				,"adongCd" : "1141061500"				,"adongNm" : "연희동"				,"stdrDt" : "2015-12-17"				}				,{				"ctprvnCd" : "11"				,"ctprvnNm" : "서울특별시"				,"signguCd" : "11410"				,"signguNm" : "서대문구"				,"adongCd" : "1141052000"				,"adongNm" : "천연동"				,"stdrDt" : "2015-12-17"				}				,{				"ctprvnCd" : "11"				,"ctprvnNm" : "서울특별시"				,"signguCd" : "11410"				,"signguNm" : "서대문구"				,"adongCd" : "1141056500"				,"adongNm" : "충현동"				,"stdrDt" : "2015-12-17"				}				,{				"ctprvnCd" : "11"				,"ctprvnNm" : "서울특별시"				,"signguCd" : "11410"				,"signguNm" : "서대문구"				,"adongCd" : "1141066000"				,"adongNm" : "홍은1동"				,"stdrDt" : "2015-12-17"				}				,{				"ctprvnCd" : "11"				,"ctprvnNm" : "서울특별시"				,"signguCd" : "11410"				,"signguNm" : "서대문구"				,"adongCd" : "1141068500"				,"adongNm" : "홍은2동"				,"stdrDt" : "2015-12-17"				}				,{				"ctprvnCd" : "11"				,"ctprvnNm" : "서울특별시"				,"signguCd" : "11410"				,"signguNm" : "서대문구"				,"adongCd" : "1141062000"				,"adongNm" : "홍제1동"				,"stdrDt" : "2015-12-17"				}				,{				"ctprvnCd" : "11"				,"ctprvnNm" : "서울특별시"				,"signguCd" : "11410"				,"signguNm" : "서대문구"				,"adongCd" : "1141065500"				,"adongNm" : "홍제2동"				,"stdrDt" : "2015-12-17"				}				,{				"ctprvnCd" : "11"				,"ctprvnNm" : "서울특별시"				,"signguCd" : "11410"				,"signguNm" : "서대문구"				,"adongCd" : "1141064000"				,"adongNm" : "홍제3동"				,"stdrDt" : "2015-12-17"				}			]	}}