{	"header" : {		"description" : "소상공인시장진흥공단 상권정보 행정동 코드"		,"columns" : ["시도코드","시도명","시군구코드","시군구명","행정동코드","행정동명","기준일자"]		,"resultCode" : "00"		,"resultMsg" : "NORMAL SERVICE"	},	"body" : {			"items" : [				{				"ctprvnCd" : "11"				,"ctprvnNm" : "서울특별시"				,"signguCd" : "11440"				,"signguNm" : "마포구"				,"adongCd" : "1144056500"				,"adongNm" : "공덕동"				,"stdrDt" : "2015-12-17"				}				,{				"ctprvnCd" : "11"				,"ctprvnNm" : "서울특별시"				,"signguCd" : "11440"				,"signguNm" : "마포구"				,"adongCd" : "1144060000"				,"adongNm" : "대흥동"				,"stdrDt" : "2015-12-17"				}				,{				"ctprvnCd" : "11"				,"ctprvnNm" : "서울특별시"				,"signguCd" : "11440"				,"signguNm" : "마포구"				,"adongCd" : "1144058500"				,"adongNm" : "도화동"				,"stdrDt" : "2015-12-17"				}				,{				"ctprvnCd" : "11"				,"ctprvnNm" : "서울특별시"				,"signguCd" : "11440"				,"signguNm" : "마포구"				,"adongCd" : "1144069000"				,"adongNm" : "망원1동"				,"stdrDt" : "2015-12-17"				}				,{				"ctprvnCd" : "11"				,"ctprvnNm" : "서울특별시"				,"signguCd" : "11440"				,"signguNm" : "마포구"				,"adongCd" : "1144070000"				,"adongNm" : "망원2동"				,"stdrDt" : "2015-12-17"				}				,{				"ctprvnCd" : "11"				,"ctprvnNm" : "서울특별시"				,"signguCd" : "11440"				,"signguNm" : "마포구"				,"adongCd" : "1144074000"				,"adongNm" : "상암동"				,"stdrDt" : "2015-12-17"				}				,{				"ctprvnCd" : "11"				,"ctprvnNm" : "서울특별시"				,"signguCd" : "11440"				,"signguNm" : "마포구"				,"adongCd" : "1144065500"				,"adongNm" : "서강동"				,"stdrDt" : "2015-12-17"				}				,{				"ctprvnCd" : "11"				,"ctprvnNm" : "서울특별시"				,"signguCd" : "11440"				,"signguNm" : "마포구"				,"adongCd" : "1144066000"				,"adongNm" : "서교동"				,"stdrDt" : "2015-12-17"				}				,{				"ctprvnCd" : "11"				,"ctprvnNm" : "서울특별시"				,"signguCd" : "11440"				,"signguNm" : "마포구"				,"adongCd" : "1144072000"				,"adongNm" : "성산1동"				,"stdrDt" : "2015-12-17"				}				,{				"ctprvnCd" : "11"				,"ctprvnNm" : "서울특별시"				,"signguCd" : "11440"				,"signguNm" : "마포구"				,"adongCd" : "1144073000"				,"adongNm" : "성산2동"				,"stdrDt" : "2015-12-17"				}				,{				"ctprvnCd" : "11"				,"ctprvnNm" : "서울특별시"				,"signguCd" : "11440"				,"signguNm" : "마포구"				,"adongCd" : "1144063000"				,"adongNm" : "신수동"				,"stdrDt" : "2015-12-17"				}				,{				"ctprvnCd" : "11"				,"ctprvnNm" : "서울특별시"				,"signguCd" : "11440"				,"signguNm" : "마포구"				,"adongCd" : "1144055500"				,"adongNm" : "아현동"				,"stdrDt" : "2015-12-17"				}				,{				"ctprvnCd" : "11"				,"ctprvnNm" : "서울특별시"				,"signguCd" : "11440"				,"signguNm" : "마포구"				,"adongCd" : "1144071000"				,"adongNm" : "연남동"				,"stdrDt" : "2015-12-17"				}				,{				"ctprvnCd" : "11"				,"ctprvnNm" : "서울특별시"				,"signguCd" : "11440"				,"signguNm" : "마포구"				,"adongCd" : "1144061000"				,"adongNm" : "염리동"				,"stdrDt" : "2015-12-17"				}				,{				"ctprvnCd" : "11"				,"ctprvnNm" : "서울특별시"				,"signguCd" : "11440"				,"signguNm" : "마포구"				,"adongCd" : "1144059000"				,"adongNm" : "용강동"				,"stdrDt" : "2015-12-17"				}				,{				"ctprvnCd" : "11"				,"ctprvnNm" : "서울특별시"				,"signguCd" : "11440"				,"signguNm" : "마포구"				,"adongCd" : "1144068000"				,"adongNm" : "합정동"				,"stdrDt" : "2015-12-17"				}			]	}}