{	"header" : {		"description" : "소상공인시장진흥공단 상권정보 행정동 코드"		,"columns" : ["시도코드","시도명","시군구코드","시군구명","행정동코드","행정동명","기준일자"]		,"resultCode" : "00"		,"resultMsg" : "NORMAL SERVICE"	},	"body" : {			"items" : [				{				"ctprvnCd" : "11"				,"ctprvnNm" : "서울특별시"				,"signguCd" : "11470"				,"signguNm" : "양천구"				,"adongCd" : "1147051000"				,"adongNm" : "목1동"				,"stdrDt" : "2015-12-17"				}				,{				"ctprvnCd" : "11"				,"ctprvnNm" : "서울특별시"				,"signguCd" : "11470"				,"signguNm" : "양천구"				,"adongCd" : "1147052000"				,"adongNm" : "목2동"				,"stdrDt" : "2015-12-17"				}				,{				"ctprvnCd" : "11"				,"ctprvnNm" : "서울특별시"				,"signguCd" : "11470"				,"signguNm" : "양천구"				,"adongCd" : "1147053000"				,"adongNm" : "목3동"				,"stdrDt" : "2015-12-17"				}				,{				"ctprvnCd" : "11"				,"ctprvnNm" : "서울특별시"				,"signguCd" : "11470"				,"signguNm" : "양천구"				,"adongCd" : "1147054000"				,"adongNm" : "목4동"				,"stdrDt" : "2015-12-17"				}				,{				"ctprvnCd" : "11"				,"ctprvnNm" : "서울특별시"				,"signguCd" : "11470"				,"signguNm" : "양천구"				,"adongCd" : "1147055000"				,"adongNm" : "목5동"				,"stdrDt" : "2015-12-17"				}				,{				"ctprvnCd" : "11"				,"ctprvnNm" : "서울특별시"				,"signguCd" : "11470"				,"signguNm" : "양천구"				,"adongCd" : "1147056000"				,"adongNm" : "신월1동"				,"stdrDt" : "2015-12-17"				}				,{				"ctprvnCd" : "11"				,"ctprvnNm" : "서울특별시"				,"signguCd" : "11470"				,"signguNm" : "양천구"				,"adongCd" : "1147057000"				,"adongNm" : "신월2동"				,"stdrDt" : "2015-12-17"				}				,{				"ctprvnCd" : "11"				,"ctprvnNm" : "서울특별시"				,"signguCd" : "11470"				,"signguNm" : "양천구"				,"adongCd" : "1147058000"				,"adongNm" : "신월3동"				,"stdrDt" : "2015-12-17"				}				,{				"ctprvnCd" : "11"				,"ctprvnNm" : "서울특별시"				,"signguCd" : "11470"				,"signguNm" : "양천구"				,"adongCd" : "1147059000"				,"adongNm" : "신월4동"				,"stdrDt" : "2015-12-17"				}				,{				"ctprvnCd" : "11"				,"ctprvnNm" : "서울특별시"				,"signguCd" : "11470"				,"signguNm" : "양천구"				,"adongCd" : "1147060000"				,"adongNm" : "신월5동"				,"stdrDt" : "2015-12-17"				}				,{				"ctprvnCd" : "11"				,"ctprvnNm" : "서울특별시"				,"signguCd" : "11470"				,"signguNm" : "양천구"				,"adongCd" : "1147061000"				,"adongNm" : "신월6동"				,"stdrDt" : "2015-12-17"				}				,{				"ctprvnCd" : "11"				,"ctprvnNm" : "서울특별시"				,"signguCd" : "11470"				,"signguNm" : "양천구"				,"adongCd" : "1147061100"				,"adongNm" : "신월7동"				,"stdrDt" : "2015-12-17"				}				,{				"ctprvnCd" : "11"				,"ctprvnNm" : "서울특별시"				,"signguCd" : "11470"				,"signguNm" : "양천구"				,"adongCd" : "1147062000"				,"adongNm" : "신정1동"				,"stdrDt" : "2015-12-17"				}				,{				"ctprvnCd" : "11"				,"ctprvnNm" : "서울특별시"				,"signguCd" : "11470"				,"signguNm" : "양천구"				,"adongCd" : "1147063000"				,"adongNm" : "신정2동"				,"stdrDt" : "2015-12-17"				}				,{				"ctprvnCd" : "11"				,"ctprvnNm" : "서울특별시"				,"signguCd" : "11470"				,"signguNm" : "양천구"				,"adongCd" : "1147064000"				,"adongNm" : "신정3동"				,"stdrDt" : "2015-12-17"				}				,{				"ctprvnCd" : "11"				,"ctprvnNm" : "서울특별시"				,"signguCd" : "11470"				,"signguNm" : "양천구"				,"adongCd" : "1147065000"				,"adongNm" : "신정4동"				,"stdrDt" : "2015-12-17"				}				,{				"ctprvnCd" : "11"				,"ctprvnNm" : "서울특별시"				,"signguCd" : "11470"				,"signguNm" : "양천구"				,"adongCd" : "1147067000"				,"adongNm" : "신정6동"				,"stdrDt" : "2015-12-17"				}				,{				"ctprvnCd" : "11"				,"ctprvnNm" : "서울특별시"				,"signguCd" : "11470"				,"signguNm" : "양천구"				,"adongCd" : "1147068000"				,"adongNm" : "신정7동"				,"stdrDt" : "2015-12-17"				}			]	}}