{	"header" : {		"description" : "소상공인시장진흥공단 상권정보 행정동 코드"		,"columns" : ["시도코드","시도명","시군구코드","시군구명","행정동코드","행정동명","기준일자"]		,"resultCode" : "00"		,"resultMsg" : "NORMAL SERVICE"	},	"body" : {			"items" : [				{				"ctprvnCd" : "11"				,"ctprvnNm" : "서울특별시"				,"signguCd" : "11500"				,"signguNm" : "강서구"				,"adongCd" : "1150060300"				,"adongNm" : "가양1동"				,"stdrDt" : "2015-12-17"				}				,{				"ctprvnCd" : "11"				,"ctprvnNm" : "서울특별시"				,"signguCd" : "11500"				,"signguNm" : "강서구"				,"adongCd" : "1150060400"				,"adongNm" : "가양2동"				,"stdrDt" : "2015-12-17"				}				,{				"ctprvnCd" : "11"				,"ctprvnNm" : "서울특별시"				,"signguCd" : "11500"				,"signguNm" : "강서구"				,"adongCd" : "1150060500"				,"adongNm" : "가양3동"				,"stdrDt" : "2015-12-17"				}				,{				"ctprvnCd" : "11"				,"ctprvnNm" : "서울특별시"				,"signguCd" : "11500"				,"signguNm" : "강서구"				,"adongCd" : "1150062000"				,"adongNm" : "공항동"				,"stdrDt" : "2015-12-17"				}				,{				"ctprvnCd" : "11"				,"ctprvnNm" : "서울특별시"				,"signguCd" : "11500"				,"signguNm" : "강서구"				,"adongCd" : "1150052000"				,"adongNm" : "등촌1동"				,"stdrDt" : "2015-12-17"				}				,{				"ctprvnCd" : "11"				,"ctprvnNm" : "서울특별시"				,"signguCd" : "11500"				,"signguNm" : "강서구"				,"adongCd" : "1150053000"				,"adongNm" : "등촌2동"				,"stdrDt" : "2015-12-17"				}				,{				"ctprvnCd" : "11"				,"ctprvnNm" : "서울특별시"				,"signguCd" : "11500"				,"signguNm" : "강서구"				,"adongCd" : "1150053500"				,"adongNm" : "등촌3동"				,"stdrDt" : "2015-12-17"				}				,{				"ctprvnCd" : "11"				,"ctprvnNm" : "서울특별시"				,"signguCd" : "11500"				,"signguNm" : "강서구"				,"adongCd" : "1150061100"				,"adongNm" : "발산1동"				,"stdrDt" : "2015-12-17"				}				,{				"ctprvnCd" : "11"				,"ctprvnNm" : "서울특별시"				,"signguCd" : "11500"				,"signguNm" : "강서구"				,"adongCd" : "1150063000"				,"adongNm" : "방화1동"				,"stdrDt" : "2015-12-17"				}				,{				"ctprvnCd" : "11"				,"ctprvnNm" : "서울특별시"				,"signguCd" : "11500"				,"signguNm" : "강서구"				,"adongCd" : "1150064000"				,"adongNm" : "방화2동"				,"stdrDt" : "2015-12-17"				}				,{				"ctprvnCd" : "11"				,"ctprvnNm" : "서울특별시"				,"signguCd" : "11500"				,"signguNm" : "강서구"				,"adongCd" : "1150064100"				,"adongNm" : "방화3동"				,"stdrDt" : "2015-12-17"				}				,{				"ctprvnCd" : "11"				,"ctprvnNm" : "서울특별시"				,"signguCd" : "11500"				,"signguNm" : "강서구"				,"adongCd" : "1150051000"				,"adongNm" : "염창동"				,"stdrDt" : "2015-12-17"				}				,{				"ctprvnCd" : "11"				,"ctprvnNm" : "서울특별시"				,"signguCd" : "11500"				,"signguNm" : "강서구"				,"adongCd" : "1150061500"				,"adongNm" : "우장산동"				,"stdrDt" : "2015-12-17"				}				,{				"ctprvnCd" : "11"				,"ctprvnNm" : "서울특별시"				,"signguCd" : "11500"				,"signguNm" : "강서구"				,"adongCd" : "1150054000"				,"adongNm" : "화곡1동"				,"stdrDt" : "2015-12-17"				}				,{				"ctprvnCd" : "11"				,"ctprvnNm" : "서울특별시"				,"signguCd" : "11500"				,"signguNm" : "강서구"				,"adongCd" : "1150055000"				,"adongNm" : "화곡2동"				,"stdrDt" : "2015-12-17"				}				,{				"ctprvnCd" : "11"				,"ctprvnNm" : "서울특별시"				,"signguCd" : "11500"				,"signguNm" : "강서구"				,"adongCd" : "1150056000"				,"adongNm" : "화곡3동"				,"stdrDt" : "2015-12-17"				}				,{				"ctprvnCd" : "11"				,"ctprvnNm" : "서울특별시"				,"signguCd" : "11500"				,"signguNm" : "강서구"				,"adongCd" : "1150057000"				,"adongNm" : "화곡4동"				,"stdrDt" : "2015-12-17"				}				,{				"ctprvnCd" : "11"				,"ctprvnNm" : "서울특별시"				,"signguCd" : "11500"				,"signguNm" : "강서구"				,"adongCd" : "1150059100"				,"adongNm" : "화곡6동"				,"stdrDt" : "2015-12-17"				}				,{				"ctprvnCd" : "11"				,"ctprvnNm" : "서울특별시"				,"signguCd" : "11500"				,"signguNm" : "강서구"				,"adongCd" : "1150059300"				,"adongNm" : "화곡8동"				,"stdrDt" : "2015-12-17"				}				,{				"ctprvnCd" : "11"				,"ctprvnNm" : "서울특별시"				,"signguCd" : "11500"				,"signguNm" : "강서구"				,"adongCd" : "1150059000"				,"adongNm" : "화곡본동"				,"stdrDt" : "2015-12-17"				}			]	}}