{	"header" : {		"description" : "소상공인시장진흥공단 상권정보 행정동 코드"		,"columns" : ["시도코드","시도명","시군구코드","시군구명","행정동코드","행정동명","기준일자"]		,"resultCode" : "00"		,"resultMsg" : "NORMAL SERVICE"	},	"body" : {			"items" : [				{				"ctprvnCd" : "11"				,"ctprvnNm" : "서울특별시"				,"signguCd" : "11530"				,"signguNm" : "구로구"				,"adongCd" : "1153059500"				,"adongNm" : "가리봉동"				,"stdrDt" : "2015-12-17"				}				,{				"ctprvnCd" : "11"				,"ctprvnNm" : "서울특별시"				,"signguCd" : "11530"				,"signguNm" : "구로구"				,"adongCd" : "1153074000"				,"adongNm" : "개봉1동"				,"stdrDt" : "2015-12-17"				}				,{				"ctprvnCd" : "11"				,"ctprvnNm" : "서울특별시"				,"signguCd" : "11530"				,"signguNm" : "구로구"				,"adongCd" : "1153075000"				,"adongNm" : "개봉2동"				,"stdrDt" : "2015-12-17"				}				,{				"ctprvnCd" : "11"				,"ctprvnNm" : "서울특별시"				,"signguCd" : "11530"				,"signguNm" : "구로구"				,"adongCd" : "1153076000"				,"adongNm" : "개봉3동"				,"stdrDt" : "2015-12-17"				}				,{				"ctprvnCd" : "11"				,"ctprvnNm" : "서울특별시"				,"signguCd" : "11530"				,"signguNm" : "구로구"				,"adongCd" : "1153072000"				,"adongNm" : "고척1동"				,"stdrDt" : "2015-12-17"				}				,{				"ctprvnCd" : "11"				,"ctprvnNm" : "서울특별시"				,"signguCd" : "11530"				,"signguNm" : "구로구"				,"adongCd" : "1153073000"				,"adongNm" : "고척2동"				,"stdrDt" : "2015-12-17"				}				,{				"ctprvnCd" : "11"				,"ctprvnNm" : "서울특별시"				,"signguCd" : "11530"				,"signguNm" : "구로구"				,"adongCd" : "1153052000"				,"adongNm" : "구로1동"				,"stdrDt" : "2015-12-17"				}				,{				"ctprvnCd" : "11"				,"ctprvnNm" : "서울특별시"				,"signguCd" : "11530"				,"signguNm" : "구로구"				,"adongCd" : "1153053000"				,"adongNm" : "구로2동"				,"stdrDt" : "2015-12-17"				}				,{				"ctprvnCd" : "11"				,"ctprvnNm" : "서울특별시"				,"signguCd" : "11530"				,"signguNm" : "구로구"				,"adongCd" : "1153054000"				,"adongNm" : "구로3동"				,"stdrDt" : "2015-12-17"				}				,{				"ctprvnCd" : "11"				,"ctprvnNm" : "서울특별시"				,"signguCd" : "11530"				,"signguNm" : "구로구"				,"adongCd" : "1153055000"				,"adongNm" : "구로4동"				,"stdrDt" : "2015-12-17"				}				,{				"ctprvnCd" : "11"				,"ctprvnNm" : "서울특별시"				,"signguCd" : "11530"				,"signguNm" : "구로구"				,"adongCd" : "1153056000"				,"adongNm" : "구로5동"				,"stdrDt" : "2015-12-17"				}				,{				"ctprvnCd" : "11"				,"ctprvnNm" : "서울특별시"				,"signguCd" : "11530"				,"signguNm" : "구로구"				,"adongCd" : "1153079000"				,"adongNm" : "수궁동"				,"stdrDt" : "2015-12-17"				}				,{				"ctprvnCd" : "11"				,"ctprvnNm" : "서울특별시"				,"signguCd" : "11530"				,"signguNm" : "구로구"				,"adongCd" : "1153051000"				,"adongNm" : "신도림동"				,"stdrDt" : "2015-12-17"				}				,{				"ctprvnCd" : "11"				,"ctprvnNm" : "서울특별시"				,"signguCd" : "11530"				,"signguNm" : "구로구"				,"adongCd" : "1153077000"				,"adongNm" : "오류1동"				,"stdrDt" : "2015-12-17"				}				,{				"ctprvnCd" : "11"				,"ctprvnNm" : "서울특별시"				,"signguCd" : "11530"				,"signguNm" : "구로구"				,"adongCd" : "1153078000"				,"adongNm" : "오류2동"				,"stdrDt" : "2015-12-17"				}			]	}}