{	"header" : {		"description" : "소상공인시장진흥공단 상권정보 행정동 코드"		,"columns" : ["시도코드","시도명","시군구코드","시군구명","행정동코드","행정동명","기준일자"]		,"resultCode" : "00"		,"resultMsg" : "NORMAL SERVICE"	},	"body" : {			"items" : [				{				"ctprvnCd" : "11"				,"ctprvnNm" : "서울특별시"				,"signguCd" : "11545"				,"signguNm" : "금천구"				,"adongCd" : "1154551000"				,"adongNm" : "가산동"				,"stdrDt" : "2015-12-17"				}				,{				"ctprvnCd" : "11"				,"ctprvnNm" : "서울특별시"				,"signguCd" : "11545"				,"signguNm" : "금천구"				,"adongCd" : "1154561000"				,"adongNm" : "독산1동"				,"stdrDt" : "2015-12-17"				}				,{				"ctprvnCd" : "11"				,"ctprvnNm" : "서울특별시"				,"signguCd" : "11545"				,"signguNm" : "금천구"				,"adongCd" : "1154562000"				,"adongNm" : "독산2동"				,"stdrDt" : "2015-12-17"				}				,{				"ctprvnCd" : "11"				,"ctprvnNm" : "서울특별시"				,"signguCd" : "11545"				,"signguNm" : "금천구"				,"adongCd" : "1154563000"				,"adongNm" : "독산3동"				,"stdrDt" : "2015-12-17"				}				,{				"ctprvnCd" : "11"				,"ctprvnNm" : "서울특별시"				,"signguCd" : "11545"				,"signguNm" : "금천구"				,"adongCd" : "1154564000"				,"adongNm" : "독산4동"				,"stdrDt" : "2015-12-17"				}				,{				"ctprvnCd" : "11"				,"ctprvnNm" : "서울특별시"				,"signguCd" : "11545"				,"signguNm" : "금천구"				,"adongCd" : "1154567000"				,"adongNm" : "시흥1동"				,"stdrDt" : "2015-12-17"				}				,{				"ctprvnCd" : "11"				,"ctprvnNm" : "서울특별시"				,"signguCd" : "11545"				,"signguNm" : "금천구"				,"adongCd" : "1154568000"				,"adongNm" : "시흥2동"				,"stdrDt" : "2015-12-17"				}				,{				"ctprvnCd" : "11"				,"ctprvnNm" : "서울특별시"				,"signguCd" : "11545"				,"signguNm" : "금천구"				,"adongCd" : "1154569000"				,"adongNm" : "시흥3동"				,"stdrDt" : "2015-12-17"				}				,{				"ctprvnCd" : "11"				,"ctprvnNm" : "서울특별시"				,"signguCd" : "11545"				,"signguNm" : "금천구"				,"adongCd" : "1154570000"				,"adongNm" : "시흥4동"				,"stdrDt" : "2015-12-17"				}				,{				"ctprvnCd" : "11"				,"ctprvnNm" : "서울특별시"				,"signguCd" : "11545"				,"signguNm" : "금천구"				,"adongCd" : "1154571000"				,"adongNm" : "시흥5동"				,"stdrDt" : "2015-12-17"				}			]	}}