{	"header" : {		"description" : "소상공인시장진흥공단 상권정보 행정동 코드"		,"columns" : ["시도코드","시도명","시군구코드","시군구명","행정동코드","행정동명","기준일자"]		,"resultCode" : "00"		,"resultMsg" : "NORMAL SERVICE"	},	"body" : {			"items" : [				{				"ctprvnCd" : "11"				,"ctprvnNm" : "서울특별시"				,"signguCd" : "11560"				,"signguNm" : "영등포구"				,"adongCd" : "1156055000"				,"adongNm" : "당산1동"				,"stdrDt" : "2015-12-17"				}				,{				"ctprvnCd" : "11"				,"ctprvnNm" : "서울특별시"				,"signguCd" : "11560"				,"signguNm" : "영등포구"				,"adongCd" : "1156056000"				,"adongNm" : "당산2동"				,"stdrDt" : "2015-12-17"				}				,{				"ctprvnCd" : "11"				,"ctprvnNm" : "서울특별시"				,"signguCd" : "11560"				,"signguNm" : "영등포구"				,"adongCd" : "1156070000"				,"adongNm" : "대림1동"				,"stdrDt" : "2015-12-17"				}				,{				"ctprvnCd" : "11"				,"ctprvnNm" : "서울특별시"				,"signguCd" : "11560"				,"signguNm" : "영등포구"				,"adongCd" : "1156071000"				,"adongNm" : "대림2동"				,"stdrDt" : "2015-12-17"				}				,{				"ctprvnCd" : "11"				,"ctprvnNm" : "서울특별시"				,"signguCd" : "11560"				,"signguNm" : "영등포구"				,"adongCd" : "1156072000"				,"adongNm" : "대림3동"				,"stdrDt" : "2015-12-17"				}				,{				"ctprvnCd" : "11"				,"ctprvnNm" : "서울특별시"				,"signguCd" : "11560"				,"signguNm" : "영등포구"				,"adongCd" : "1156058500"				,"adongNm" : "도림동"				,"stdrDt" : "2015-12-17"				}				,{				"ctprvnCd" : "11"				,"ctprvnNm" : "서울특별시"				,"signguCd" : "11560"				,"signguNm" : "영등포구"				,"adongCd" : "1156060500"				,"adongNm" : "문래동"				,"stdrDt" : "2015-12-17"				}				,{				"ctprvnCd" : "11"				,"ctprvnNm" : "서울특별시"				,"signguCd" : "11560"				,"signguNm" : "영등포구"				,"adongCd" : "1156063000"				,"adongNm" : "신길1동"				,"stdrDt" : "2015-12-17"				}				,{				"ctprvnCd" : "11"				,"ctprvnNm" : "서울특별시"				,"signguCd" : "11560"				,"signguNm" : "영등포구"				,"adongCd" : "1156065000"				,"adongNm" : "신길3동"				,"stdrDt" : "2015-12-17"				}				,{				"ctprvnCd" : "11"				,"ctprvnNm" : "서울특별시"				,"signguCd" : "11560"				,"signguNm" : "영등포구"				,"adongCd" : "1156066000"				,"adongNm" : "신길4동"				,"stdrDt" : "2015-12-17"				}				,{				"ctprvnCd" : "11"				,"ctprvnNm" : "서울특별시"				,"signguCd" : "11560"				,"signguNm" : "영등포구"				,"adongCd" : "1156067000"				,"adongNm" : "신길5동"				,"stdrDt" : "2015-12-17"				}				,{				"ctprvnCd" : "11"				,"ctprvnNm" : "서울특별시"				,"signguCd" : "11560"				,"signguNm" : "영등포구"				,"adongCd" : "1156068000"				,"adongNm" : "신길6동"				,"stdrDt" : "2015-12-17"				}				,{				"ctprvnCd" : "11"				,"ctprvnNm" : "서울특별시"				,"signguCd" : "11560"				,"signguNm" : "영등포구"				,"adongCd" : "1156069000"				,"adongNm" : "신길7동"				,"stdrDt" : "2015-12-17"				}				,{				"ctprvnCd" : "11"				,"ctprvnNm" : "서울특별시"				,"signguCd" : "11560"				,"signguNm" : "영등포구"				,"adongCd" : "1156061000"				,"adongNm" : "양평1동"				,"stdrDt" : "2015-12-17"				}				,{				"ctprvnCd" : "11"				,"ctprvnNm" : "서울특별시"				,"signguCd" : "11560"				,"signguNm" : "영등포구"				,"adongCd" : "1156062000"				,"adongNm" : "양평2동"				,"stdrDt" : "2015-12-17"				}				,{				"ctprvnCd" : "11"				,"ctprvnNm" : "서울특별시"				,"signguCd" : "11560"				,"signguNm" : "영등포구"				,"adongCd" : "1156054000"				,"adongNm" : "여의동"				,"stdrDt" : "2015-12-17"				}				,{				"ctprvnCd" : "11"				,"ctprvnNm" : "서울특별시"				,"signguCd" : "11560"				,"signguNm" : "영등포구"				,"adongCd" : "1156053500"				,"adongNm" : "영등포동"				,"stdrDt" : "2015-12-17"				}				,{				"ctprvnCd" : "11"				,"ctprvnNm" : "서울특별시"				,"signguCd" : "11560"				,"signguNm" : "영등포구"				,"adongCd" : "1156051500"				,"adongNm" : "영등포본동"				,"stdrDt" : "2015-12-17"				}			]	}}