{	"header" : {		"description" : "소상공인시장진흥공단 상권정보 행정동 코드"		,"columns" : ["시도코드","시도명","시군구코드","시군구명","행정동코드","행정동명","기준일자"]		,"resultCode" : "00"		,"resultMsg" : "NORMAL SERVICE"	},	"body" : {			"items" : [				{				"ctprvnCd" : "11"				,"ctprvnNm" : "서울특별시"				,"signguCd" : "11590"				,"signguNm" : "동작구"				,"adongCd" : "1159051000"				,"adongNm" : "노량진1동"				,"stdrDt" : "2015-12-17"				}				,{				"ctprvnCd" : "11"				,"ctprvnNm" : "서울특별시"				,"signguCd" : "11590"				,"signguNm" : "동작구"				,"adongCd" : "1159052000"				,"adongNm" : "노량진2동"				,"stdrDt" : "2015-12-17"				}				,{				"ctprvnCd" : "11"				,"ctprvnNm" : "서울특별시"				,"signguCd" : "11590"				,"signguNm" : "동작구"				,"adongCd" : "1159066000"				,"adongNm" : "대방동"				,"stdrDt" : "2015-12-17"				}				,{				"ctprvnCd" : "11"				,"ctprvnNm" : "서울특별시"				,"signguCd" : "11590"				,"signguNm" : "동작구"				,"adongCd" : "1159062000"				,"adongNm" : "사당1동"				,"stdrDt" : "2015-12-17"				}				,{				"ctprvnCd" : "11"				,"ctprvnNm" : "서울특별시"				,"signguCd" : "11590"				,"signguNm" : "동작구"				,"adongCd" : "1159063000"				,"adongNm" : "사당2동"				,"stdrDt" : "2015-12-17"				}				,{				"ctprvnCd" : "11"				,"ctprvnNm" : "서울특별시"				,"signguCd" : "11590"				,"signguNm" : "동작구"				,"adongCd" : "1159064000"				,"adongNm" : "사당3동"				,"stdrDt" : "2015-12-17"				}				,{				"ctprvnCd" : "11"				,"ctprvnNm" : "서울특별시"				,"signguCd" : "11590"				,"signguNm" : "동작구"				,"adongCd" : "1159065000"				,"adongNm" : "사당4동"				,"stdrDt" : "2015-12-17"				}				,{				"ctprvnCd" : "11"				,"ctprvnNm" : "서울특별시"				,"signguCd" : "11590"				,"signguNm" : "동작구"				,"adongCd" : "1159065100"				,"adongNm" : "사당5동"				,"stdrDt" : "2015-12-17"				}				,{				"ctprvnCd" : "11"				,"ctprvnNm" : "서울특별시"				,"signguCd" : "11590"				,"signguNm" : "동작구"				,"adongCd" : "1159053000"				,"adongNm" : "상도1동"				,"stdrDt" : "2015-12-17"				}				,{				"ctprvnCd" : "11"				,"ctprvnNm" : "서울특별시"				,"signguCd" : "11590"				,"signguNm" : "동작구"				,"adongCd" : "1159054000"				,"adongNm" : "상도2동"				,"stdrDt" : "2015-12-17"				}				,{				"ctprvnCd" : "11"				,"ctprvnNm" : "서울특별시"				,"signguCd" : "11590"				,"signguNm" : "동작구"				,"adongCd" : "1159055000"				,"adongNm" : "상도3동"				,"stdrDt" : "2015-12-17"				}				,{				"ctprvnCd" : "11"				,"ctprvnNm" : "서울특별시"				,"signguCd" : "11590"				,"signguNm" : "동작구"				,"adongCd" : "1159056000"				,"adongNm" : "상도4동"				,"stdrDt" : "2015-12-17"				}				,{				"ctprvnCd" : "11"				,"ctprvnNm" : "서울특별시"				,"signguCd" : "11590"				,"signguNm" : "동작구"				,"adongCd" : "1159067000"				,"adongNm" : "신대방1동"				,"stdrDt" : "2015-12-17"				}				,{				"ctprvnCd" : "11"				,"ctprvnNm" : "서울특별시"				,"signguCd" : "11590"				,"signguNm" : "동작구"				,"adongCd" : "1159068000"				,"adongNm" : "신대방2동"				,"stdrDt" : "2015-12-17"				}				,{				"ctprvnCd" : "11"				,"ctprvnNm" : "서울특별시"				,"signguCd" : "11590"				,"signguNm" : "동작구"				,"adongCd" : "1159060500"				,"adongNm" : "흑석동"				,"stdrDt" : "2015-12-17"				}			]	}}