{	"header" : {		"description" : "소상공인시장진흥공단 상권정보 행정동 코드"		,"columns" : ["시도코드","시도명","시군구코드","시군구명","행정동코드","행정동명","기준일자"]		,"resultCode" : "00"		,"resultMsg" : "NORMAL SERVICE"	},	"body" : {			"items" : [				{				"ctprvnCd" : "11"				,"ctprvnNm" : "서울특별시"				,"signguCd" : "11620"				,"signguNm" : "관악구"				,"adongCd" : "1162058500"				,"adongNm" : "낙성대동"				,"stdrDt" : "2015-12-17"				}				,{				"ctprvnCd" : "11"				,"ctprvnNm" : "서울특별시"				,"signguCd" : "11620"				,"signguNm" : "관악구"				,"adongCd" : "1162077500"				,"adongNm" : "난곡동"				,"stdrDt" : "2015-12-17"				}				,{				"ctprvnCd" : "11"				,"ctprvnNm" : "서울특별시"				,"signguCd" : "11620"				,"signguNm" : "관악구"				,"adongCd" : "1162071500"				,"adongNm" : "난향동"				,"stdrDt" : "2015-12-17"				}				,{				"ctprvnCd" : "11"				,"ctprvnNm" : "서울특별시"				,"signguCd" : "11620"				,"signguNm" : "관악구"				,"adongCd" : "1162063000"				,"adongNm" : "남현동"				,"stdrDt" : "2015-12-17"				}				,{				"ctprvnCd" : "11"				,"ctprvnNm" : "서울특별시"				,"signguCd" : "11620"				,"signguNm" : "관악구"				,"adongCd" : "1162073500"				,"adongNm" : "대학동"				,"stdrDt" : "2015-12-17"				}				,{				"ctprvnCd" : "11"				,"ctprvnNm" : "서울특별시"				,"signguCd" : "11620"				,"signguNm" : "관악구"				,"adongCd" : "1162076500"				,"adongNm" : "미성동"				,"stdrDt" : "2015-12-17"				}				,{				"ctprvnCd" : "11"				,"ctprvnNm" : "서울특별시"				,"signguCd" : "11620"				,"signguNm" : "관악구"				,"adongCd" : "1162052500"				,"adongNm" : "보라매동"				,"stdrDt" : "2015-12-17"				}				,{				"ctprvnCd" : "11"				,"ctprvnNm" : "서울특별시"				,"signguCd" : "11620"				,"signguNm" : "관악구"				,"adongCd" : "1162074500"				,"adongNm" : "삼성동"				,"stdrDt" : "2015-12-17"				}				,{				"ctprvnCd" : "11"				,"ctprvnNm" : "서울특별시"				,"signguCd" : "11620"				,"signguNm" : "관악구"				,"adongCd" : "1162066500"				,"adongNm" : "서림동"				,"stdrDt" : "2015-12-17"				}				,{				"ctprvnCd" : "11"				,"ctprvnNm" : "서울특별시"				,"signguCd" : "11620"				,"signguNm" : "관악구"				,"adongCd" : "1162064500"				,"adongNm" : "서원동"				,"stdrDt" : "2015-12-17"				}				,{				"ctprvnCd" : "11"				,"ctprvnNm" : "서울특별시"				,"signguCd" : "11620"				,"signguNm" : "관악구"				,"adongCd" : "1162056500"				,"adongNm" : "성현동"				,"stdrDt" : "2015-12-17"				}				,{				"ctprvnCd" : "11"				,"ctprvnNm" : "서울특별시"				,"signguCd" : "11620"				,"signguNm" : "관악구"				,"adongCd" : "1162069500"				,"adongNm" : "신림동"				,"stdrDt" : "2015-12-17"				}				,{				"ctprvnCd" : "11"				,"ctprvnNm" : "서울특별시"				,"signguCd" : "11620"				,"signguNm" : "관악구"				,"adongCd" : "1162068500"				,"adongNm" : "신사동"				,"stdrDt" : "2015-12-17"				}				,{				"ctprvnCd" : "11"				,"ctprvnNm" : "서울특별시"				,"signguCd" : "11620"				,"signguNm" : "관악구"				,"adongCd" : "1162065500"				,"adongNm" : "신원동"				,"stdrDt" : "2015-12-17"				}				,{				"ctprvnCd" : "11"				,"ctprvnNm" : "서울특별시"				,"signguCd" : "11620"				,"signguNm" : "관악구"				,"adongCd" : "1162060500"				,"adongNm" : "은천동"				,"stdrDt" : "2015-12-17"				}				,{				"ctprvnCd" : "11"				,"ctprvnNm" : "서울특별시"				,"signguCd" : "11620"				,"signguNm" : "관악구"				,"adongCd" : "1162062500"				,"adongNm" : "인헌동"				,"stdrDt" : "2015-12-17"				}				,{				"ctprvnCd" : "11"				,"ctprvnNm" : "서울특별시"				,"signguCd" : "11620"				,"signguNm" : "관악구"				,"adongCd" : "1162072500"				,"adongNm" : "조원동"				,"stdrDt" : "2015-12-17"				}				,{				"ctprvnCd" : "11"				,"ctprvnNm" : "서울특별시"				,"signguCd" : "11620"				,"signguNm" : "관악구"				,"adongCd" : "1162061500"				,"adongNm" : "중앙동"				,"stdrDt" : "2015-12-17"				}				,{				"ctprvnCd" : "11"				,"ctprvnNm" : "서울특별시"				,"signguCd" : "11620"				,"signguNm" : "관악구"				,"adongCd" : "1162059500"				,"adongNm" : "청룡동"				,"stdrDt" : "2015-12-17"				}				,{				"ctprvnCd" : "11"				,"ctprvnNm" : "서울특별시"				,"signguCd" : "11620"				,"signguNm" : "관악구"				,"adongCd" : "1162054500"				,"adongNm" : "청림동"				,"stdrDt" : "2015-12-17"				}				,{				"ctprvnCd" : "11"				,"ctprvnNm" : "서울특별시"				,"signguCd" : "11620"				,"signguNm" : "관악구"				,"adongCd" : "1162057500"				,"adongNm" : "행운동"				,"stdrDt" : "2015-12-17"				}			]	}}