{	"header" : {		"description" : "소상공인시장진흥공단 상권정보 행정동 코드"		,"columns" : ["시도코드","시도명","시군구코드","시군구명","행정동코드","행정동명","기준일자"]		,"resultCode" : "00"		,"resultMsg" : "NORMAL SERVICE"	},	"body" : {			"items" : [				{				"ctprvnCd" : "11"				,"ctprvnNm" : "서울특별시"				,"signguCd" : "11650"				,"signguNm" : "서초구"				,"adongCd" : "1165066000"				,"adongNm" : "내곡동"				,"stdrDt" : "2015-12-17"				}				,{				"ctprvnCd" : "11"				,"ctprvnNm" : "서울특별시"				,"signguCd" : "11650"				,"signguNm" : "서초구"				,"adongCd" : "1165056000"				,"adongNm" : "반포1동"				,"stdrDt" : "2015-12-17"				}				,{				"ctprvnCd" : "11"				,"ctprvnNm" : "서울특별시"				,"signguCd" : "11650"				,"signguNm" : "서초구"				,"adongCd" : "1165057000"				,"adongNm" : "반포2동"				,"stdrDt" : "2015-12-17"				}				,{				"ctprvnCd" : "11"				,"ctprvnNm" : "서울특별시"				,"signguCd" : "11650"				,"signguNm" : "서초구"				,"adongCd" : "1165058000"				,"adongNm" : "반포3동"				,"stdrDt" : "2015-12-17"				}				,{				"ctprvnCd" : "11"				,"ctprvnNm" : "서울특별시"				,"signguCd" : "11650"				,"signguNm" : "서초구"				,"adongCd" : "1165058100"				,"adongNm" : "반포4동"				,"stdrDt" : "2015-12-17"				}				,{				"ctprvnCd" : "11"				,"ctprvnNm" : "서울특별시"				,"signguCd" : "11650"				,"signguNm" : "서초구"				,"adongCd" : "1165055000"				,"adongNm" : "반포본동"				,"stdrDt" : "2015-12-17"				}				,{				"ctprvnCd" : "11"				,"ctprvnNm" : "서울특별시"				,"signguCd" : "11650"				,"signguNm" : "서초구"				,"adongCd" : "1165060000"				,"adongNm" : "방배1동"				,"stdrDt" : "2015-12-17"				}				,{				"ctprvnCd" : "11"				,"ctprvnNm" : "서울특별시"				,"signguCd" : "11650"				,"signguNm" : "서초구"				,"adongCd" : "1165061000"				,"adongNm" : "방배2동"				,"stdrDt" : "2015-12-17"				}				,{				"ctprvnCd" : "11"				,"ctprvnNm" : "서울특별시"				,"signguCd" : "11650"				,"signguNm" : "서초구"				,"adongCd" : "1165062000"				,"adongNm" : "방배3동"				,"stdrDt" : "2015-12-17"				}				,{				"ctprvnCd" : "11"				,"ctprvnNm" : "서울특별시"				,"signguCd" : "11650"				,"signguNm" : "서초구"				,"adongCd" : "1165062100"				,"adongNm" : "방배4동"				,"stdrDt" : "2015-12-17"				}				,{				"ctprvnCd" : "11"				,"ctprvnNm" : "서울특별시"				,"signguCd" : "11650"				,"signguNm" : "서초구"				,"adongCd" : "1165059000"				,"adongNm" : "방배본동"				,"stdrDt" : "2015-12-17"				}				,{				"ctprvnCd" : "11"				,"ctprvnNm" : "서울특별시"				,"signguCd" : "11650"				,"signguNm" : "서초구"				,"adongCd" : "1165051000"				,"adongNm" : "서초1동"				,"stdrDt" : "2015-12-17"				}				,{				"ctprvnCd" : "11"				,"ctprvnNm" : "서울특별시"				,"signguCd" : "11650"				,"signguNm" : "서초구"				,"adongCd" : "1165052000"				,"adongNm" : "서초2동"				,"stdrDt" : "2015-12-17"				}				,{				"ctprvnCd" : "11"				,"ctprvnNm" : "서울특별시"				,"signguCd" : "11650"				,"signguNm" : "서초구"				,"adongCd" : "1165053000"				,"adongNm" : "서초3동"				,"stdrDt" : "2015-12-17"				}				,{				"ctprvnCd" : "11"				,"ctprvnNm" : "서울특별시"				,"signguCd" : "11650"				,"signguNm" : "서초구"				,"adongCd" : "1165053100"				,"adongNm" : "서초4동"				,"stdrDt" : "2015-12-17"				}				,{				"ctprvnCd" : "11"				,"ctprvnNm" : "서울특별시"				,"signguCd" : "11650"				,"signguNm" : "서초구"				,"adongCd" : "1165065100"				,"adongNm" : "양재1동"				,"stdrDt" : "2015-12-17"				}				,{				"ctprvnCd" : "11"				,"ctprvnNm" : "서울특별시"				,"signguCd" : "11650"				,"signguNm" : "서초구"				,"adongCd" : "1165065200"				,"adongNm" : "양재2동"				,"stdrDt" : "2015-12-17"				}				,{				"ctprvnCd" : "11"				,"ctprvnNm" : "서울특별시"				,"signguCd" : "11650"				,"signguNm" : "서초구"				,"adongCd" : "1165054000"				,"adongNm" : "잠원동"				,"stdrDt" : "2015-12-17"				}			]	}}