{	"header" : {		"description" : "소상공인시장진흥공단 상권정보 행정동 코드"		,"columns" : ["시도코드","시도명","시군구코드","시군구명","행정동코드","행정동명","기준일자"]		,"resultCode" : "00"		,"resultMsg" : "NORMAL SERVICE"	},	"body" : {			"items" : [				{				"ctprvnCd" : "11"				,"ctprvnNm" : "서울특별시"				,"signguCd" : "11680"				,"signguNm" : "강남구"				,"adongCd" : "1168066000"				,"adongNm" : "개포1동"				,"stdrDt" : "2015-12-17"				}				,{				"ctprvnCd" : "11"				,"ctprvnNm" : "서울특별시"				,"signguCd" : "11680"				,"signguNm" : "강남구"				,"adongCd" : "1168067000"				,"adongNm" : "개포2동"				,"stdrDt" : "2015-12-17"				}				,{				"ctprvnCd" : "11"				,"ctprvnNm" : "서울특별시"				,"signguCd" : "11680"				,"signguNm" : "강남구"				,"adongCd" : "1168069000"				,"adongNm" : "개포4동"				,"stdrDt" : "2015-12-17"				}				,{				"ctprvnCd" : "11"				,"ctprvnNm" : "서울특별시"				,"signguCd" : "11680"				,"signguNm" : "강남구"				,"adongCd" : "1168052100"				,"adongNm" : "논현1동"				,"stdrDt" : "2015-12-17"				}				,{				"ctprvnCd" : "11"				,"ctprvnNm" : "서울특별시"				,"signguCd" : "11680"				,"signguNm" : "강남구"				,"adongCd" : "1168053100"				,"adongNm" : "논현2동"				,"stdrDt" : "2015-12-17"				}				,{				"ctprvnCd" : "11"				,"ctprvnNm" : "서울특별시"				,"signguCd" : "11680"				,"signguNm" : "강남구"				,"adongCd" : "1168060000"				,"adongNm" : "대치1동"				,"stdrDt" : "2015-12-17"				}				,{				"ctprvnCd" : "11"				,"ctprvnNm" : "서울특별시"				,"signguCd" : "11680"				,"signguNm" : "강남구"				,"adongCd" : "1168061000"				,"adongNm" : "대치2동"				,"stdrDt" : "2015-12-17"				}				,{				"ctprvnCd" : "11"				,"ctprvnNm" : "서울특별시"				,"signguCd" : "11680"				,"signguNm" : "강남구"				,"adongCd" : "1168063000"				,"adongNm" : "대치4동"				,"stdrDt" : "2015-12-17"				}				,{				"ctprvnCd" : "11"				,"ctprvnNm" : "서울특별시"				,"signguCd" : "11680"				,"signguNm" : "강남구"				,"adongCd" : "1168065500"				,"adongNm" : "도곡1동"				,"stdrDt" : "2015-12-17"				}				,{				"ctprvnCd" : "11"				,"ctprvnNm" : "서울특별시"				,"signguCd" : "11680"				,"signguNm" : "강남구"				,"adongCd" : "1168065600"				,"adongNm" : "도곡2동"				,"stdrDt" : "2015-12-17"				}				,{				"ctprvnCd" : "11"				,"ctprvnNm" : "서울특별시"				,"signguCd" : "11680"				,"signguNm" : "강남구"				,"adongCd" : "1168058000"				,"adongNm" : "삼성1동"				,"stdrDt" : "2015-12-17"				}				,{				"ctprvnCd" : "11"				,"ctprvnNm" : "서울특별시"				,"signguCd" : "11680"				,"signguNm" : "강남구"				,"adongCd" : "1168059000"				,"adongNm" : "삼성2동"				,"stdrDt" : "2015-12-17"				}				,{				"ctprvnCd" : "11"				,"ctprvnNm" : "서울특별시"				,"signguCd" : "11680"				,"signguNm" : "강남구"				,"adongCd" : "1168070000"				,"adongNm" : "세곡동"				,"stdrDt" : "2015-12-17"				}				,{				"ctprvnCd" : "11"				,"ctprvnNm" : "서울특별시"				,"signguCd" : "11680"				,"signguNm" : "강남구"				,"adongCd" : "1168075000"				,"adongNm" : "수서동"				,"stdrDt" : "2015-12-17"				}				,{				"ctprvnCd" : "11"				,"ctprvnNm" : "서울특별시"				,"signguCd" : "11680"				,"signguNm" : "강남구"				,"adongCd" : "1168051000"				,"adongNm" : "신사동"				,"stdrDt" : "2015-12-17"				}				,{				"ctprvnCd" : "11"				,"ctprvnNm" : "서울특별시"				,"signguCd" : "11680"				,"signguNm" : "강남구"				,"adongCd" : "1168054500"				,"adongNm" : "압구정동"				,"stdrDt" : "2015-12-17"				}				,{				"ctprvnCd" : "11"				,"ctprvnNm" : "서울특별시"				,"signguCd" : "11680"				,"signguNm" : "강남구"				,"adongCd" : "1168064000"				,"adongNm" : "역삼1동"				,"stdrDt" : "2015-12-17"				}				,{				"ctprvnCd" : "11"				,"ctprvnNm" : "서울특별시"				,"signguCd" : "11680"				,"signguNm" : "강남구"				,"adongCd" : "1168065000"				,"adongNm" : "역삼2동"				,"stdrDt" : "2015-12-17"				}				,{				"ctprvnCd" : "11"				,"ctprvnNm" : "서울특별시"				,"signguCd" : "11680"				,"signguNm" : "강남구"				,"adongCd" : "1168073000"				,"adongNm" : "일원1동"				,"stdrDt" : "2015-12-17"				}				,{				"ctprvnCd" : "11"				,"ctprvnNm" : "서울특별시"				,"signguCd" : "11680"				,"signguNm" : "강남구"				,"adongCd" : "1168074000"				,"adongNm" : "일원2동"				,"stdrDt" : "2015-12-17"				}				,{				"ctprvnCd" : "11"				,"ctprvnNm" : "서울특별시"				,"signguCd" : "11680"				,"signguNm" : "강남구"				,"adongCd" : "1168072000"				,"adongNm" : "일원본동"				,"stdrDt" : "2015-12-17"				}				,{				"ctprvnCd" : "11"				,"ctprvnNm" : "서울특별시"				,"signguCd" : "11680"				,"signguNm" : "강남구"				,"adongCd" : "1168056500"				,"adongNm" : "청담동"				,"stdrDt" : "2015-12-17"				}			]	}}