{	"header" : {		"description" : "소상공인시장진흥공단 상권정보 행정동 코드"		,"columns" : ["시도코드","시도명","시군구코드","시군구명","행정동코드","행정동명","기준일자"]		,"resultCode" : "00"		,"resultMsg" : "NORMAL SERVICE"	},	"body" : {			"items" : [				{				"ctprvnCd" : "11"				,"ctprvnNm" : "서울특별시"				,"signguCd" : "11710"				,"signguNm" : "송파구"				,"adongCd" : "1171063100"				,"adongNm" : "가락1동"				,"stdrDt" : "2015-12-17"				}				,{				"ctprvnCd" : "11"				,"ctprvnNm" : "서울특별시"				,"signguCd" : "11710"				,"signguNm" : "송파구"				,"adongCd" : "1171063200"				,"adongNm" : "가락2동"				,"stdrDt" : "2015-12-17"				}				,{				"ctprvnCd" : "11"				,"ctprvnNm" : "서울특별시"				,"signguCd" : "11710"				,"signguNm" : "송파구"				,"adongCd" : "1171062000"				,"adongNm" : "가락본동"				,"stdrDt" : "2015-12-17"				}				,{				"ctprvnCd" : "11"				,"ctprvnNm" : "서울특별시"				,"signguCd" : "11710"				,"signguNm" : "송파구"				,"adongCd" : "1171053100"				,"adongNm" : "거여1동"				,"stdrDt" : "2015-12-17"				}				,{				"ctprvnCd" : "11"				,"ctprvnNm" : "서울특별시"				,"signguCd" : "11710"				,"signguNm" : "송파구"				,"adongCd" : "1171053200"				,"adongNm" : "거여2동"				,"stdrDt" : "2015-12-17"				}				,{				"ctprvnCd" : "11"				,"ctprvnNm" : "서울특별시"				,"signguCd" : "11710"				,"signguNm" : "송파구"				,"adongCd" : "1171054000"				,"adongNm" : "마천1동"				,"stdrDt" : "2015-12-17"				}				,{				"ctprvnCd" : "11"				,"ctprvnNm" : "서울특별시"				,"signguCd" : "11710"				,"signguNm" : "송파구"				,"adongCd" : "1171055000"				,"adongNm" : "마천2동"				,"stdrDt" : "2015-12-17"				}				,{				"ctprvnCd" : "11"				,"ctprvnNm" : "서울특별시"				,"signguCd" : "11710"				,"signguNm" : "송파구"				,"adongCd" : "1171064100"				,"adongNm" : "문정1동"				,"stdrDt" : "2015-12-17"				}				,{				"ctprvnCd" : "11"				,"ctprvnNm" : "서울특별시"				,"signguCd" : "11710"				,"signguNm" : "송파구"				,"adongCd" : "1171064200"				,"adongNm" : "문정2동"				,"stdrDt" : "2015-12-17"				}				,{				"ctprvnCd" : "11"				,"ctprvnNm" : "서울특별시"				,"signguCd" : "11710"				,"signguNm" : "송파구"				,"adongCd" : "1171056100"				,"adongNm" : "방이1동"				,"stdrDt" : "2015-12-17"				}				,{				"ctprvnCd" : "11"				,"ctprvnNm" : "서울특별시"				,"signguCd" : "11710"				,"signguNm" : "송파구"				,"adongCd" : "1171056200"				,"adongNm" : "방이2동"				,"stdrDt" : "2015-12-17"				}				,{				"ctprvnCd" : "11"				,"ctprvnNm" : "서울특별시"				,"signguCd" : "11710"				,"signguNm" : "송파구"				,"adongCd" : "1171061000"				,"adongNm" : "삼전동"				,"stdrDt" : "2015-12-17"				}				,{				"ctprvnCd" : "11"				,"ctprvnNm" : "서울특별시"				,"signguCd" : "11710"				,"signguNm" : "송파구"				,"adongCd" : "1171060000"				,"adongNm" : "석촌동"				,"stdrDt" : "2015-12-17"				}				,{				"ctprvnCd" : "11"				,"ctprvnNm" : "서울특별시"				,"signguCd" : "11710"				,"signguNm" : "송파구"				,"adongCd" : "1171058000"				,"adongNm" : "송파1동"				,"stdrDt" : "2015-12-17"				}				,{				"ctprvnCd" : "11"				,"ctprvnNm" : "서울특별시"				,"signguCd" : "11710"				,"signguNm" : "송파구"				,"adongCd" : "1171059000"				,"adongNm" : "송파2동"				,"stdrDt" : "2015-12-17"				}				,{				"ctprvnCd" : "11"				,"ctprvnNm" : "서울특별시"				,"signguCd" : "11710"				,"signguNm" : "송파구"				,"adongCd" : "1171057000"				,"adongNm" : "오금동"				,"stdrDt" : "2015-12-17"				}				,{				"ctprvnCd" : "11"				,"ctprvnNm" : "서울특별시"				,"signguCd" : "11710"				,"signguNm" : "송파구"				,"adongCd" : "1171056600"				,"adongNm" : "오륜동"				,"stdrDt" : "2015-12-17"				}				,{				"ctprvnCd" : "11"				,"ctprvnNm" : "서울특별시"				,"signguCd" : "11710"				,"signguNm" : "송파구"				,"adongCd" : "1171064700"				,"adongNm" : "위례동"				,"stdrDt" : "2015-12-17"				}				,{				"ctprvnCd" : "11"				,"ctprvnNm" : "서울특별시"				,"signguCd" : "11710"				,"signguNm" : "송파구"				,"adongCd" : "1171067000"				,"adongNm" : "잠실2동"				,"stdrDt" : "2015-12-17"				}				,{				"ctprvnCd" : "11"				,"ctprvnNm" : "서울특별시"				,"signguCd" : "11710"				,"signguNm" : "송파구"				,"adongCd" : "1171068000"				,"adongNm" : "잠실3동"				,"stdrDt" : "2015-12-17"				}				,{				"ctprvnCd" : "11"				,"ctprvnNm" : "서울특별시"				,"signguCd" : "11710"				,"signguNm" : "송파구"				,"adongCd" : "1171069000"				,"adongNm" : "잠실4동"				,"stdrDt" : "2015-12-17"				}				,{				"ctprvnCd" : "11"				,"ctprvnNm" : "서울특별시"				,"signguCd" : "11710"				,"signguNm" : "송파구"				,"adongCd" : "1171071000"				,"adongNm" : "잠실6동"				,"stdrDt" : "2015-12-17"				}				,{				"ctprvnCd" : "11"				,"ctprvnNm" : "서울특별시"				,"signguCd" : "11710"				,"signguNm" : "송파구"				,"adongCd" : "1171072000"				,"adongNm" : "잠실7동"				,"stdrDt" : "2015-12-17"				}				,{				"ctprvnCd" : "11"				,"ctprvnNm" : "서울특별시"				,"signguCd" : "11710"				,"signguNm" : "송파구"				,"adongCd" : "1171065000"				,"adongNm" : "잠실본동"				,"stdrDt" : "2015-12-17"				}				,{				"ctprvnCd" : "11"				,"ctprvnNm" : "서울특별시"				,"signguCd" : "11710"				,"signguNm" : "송파구"				,"adongCd" : "1171064600"				,"adongNm" : "장지동"				,"stdrDt" : "2015-12-17"				}				,{				"ctprvnCd" : "11"				,"ctprvnNm" : "서울특별시"				,"signguCd" : "11710"				,"signguNm" : "송파구"				,"adongCd" : "1171051000"				,"adongNm" : "풍납1동"				,"stdrDt" : "2015-12-17"				}				,{				"ctprvnCd" : "11"				,"ctprvnNm" : "서울특별시"				,"signguCd" : "11710"				,"signguNm" : "송파구"				,"adongCd" : "1171052000"				,"adongNm" : "풍납2동"				,"stdrDt" : "2015-12-17"				}			]	}}