{	"header" : {		"description" : "소상공인시장진흥공단 상권정보 행정동 코드"		,"columns" : ["시도코드","시도명","시군구코드","시군구명","행정동코드","행정동명","기준일자"]		,"resultCode" : "00"		,"resultMsg" : "NORMAL SERVICE"	},	"body" : {			"items" : [				{				"ctprvnCd" : "11"				,"ctprvnNm" : "서울특별시"				,"signguCd" : "11740"				,"signguNm" : "강동구"				,"adongCd" : "1174051500"				,"adongNm" : "강일동"				,"stdrDt" : "2015-12-17"				}				,{				"ctprvnCd" : "11"				,"ctprvnNm" : "서울특별시"				,"signguCd" : "11740"				,"signguNm" : "강동구"				,"adongCd" : "1174055000"				,"adongNm" : "고덕1동"				,"stdrDt" : "2015-12-17"				}				,{				"ctprvnCd" : "11"				,"ctprvnNm" : "서울특별시"				,"signguCd" : "11740"				,"signguNm" : "강동구"				,"adongCd" : "1174056000"				,"adongNm" : "고덕2동"				,"stdrDt" : "2015-12-17"				}				,{				"ctprvnCd" : "11"				,"ctprvnNm" : "서울특별시"				,"signguCd" : "11740"				,"signguNm" : "강동구"				,"adongCd" : "1174068500"				,"adongNm" : "길동"				,"stdrDt" : "2015-12-17"				}				,{				"ctprvnCd" : "11"				,"ctprvnNm" : "서울특별시"				,"signguCd" : "11740"				,"signguNm" : "강동구"				,"adongCd" : "1174069000"				,"adongNm" : "둔촌1동"				,"stdrDt" : "2015-12-17"				}				,{				"ctprvnCd" : "11"				,"ctprvnNm" : "서울특별시"				,"signguCd" : "11740"				,"signguNm" : "강동구"				,"adongCd" : "1174070000"				,"adongNm" : "둔촌2동"				,"stdrDt" : "2015-12-17"				}				,{				"ctprvnCd" : "11"				,"ctprvnNm" : "서울특별시"				,"signguCd" : "11740"				,"signguNm" : "강동구"				,"adongCd" : "1174053000"				,"adongNm" : "명일1동"				,"stdrDt" : "2015-12-17"				}				,{				"ctprvnCd" : "11"				,"ctprvnNm" : "서울특별시"				,"signguCd" : "11740"				,"signguNm" : "강동구"				,"adongCd" : "1174054000"				,"adongNm" : "명일2동"				,"stdrDt" : "2015-12-17"				}				,{				"ctprvnCd" : "11"				,"ctprvnNm" : "서울특별시"				,"signguCd" : "11740"				,"signguNm" : "강동구"				,"adongCd" : "1174052000"				,"adongNm" : "상일동"				,"stdrDt" : "2015-12-17"				}				,{				"ctprvnCd" : "11"				,"ctprvnNm" : "서울특별시"				,"signguCd" : "11740"				,"signguNm" : "강동구"				,"adongCd" : "1174064000"				,"adongNm" : "성내1동"				,"stdrDt" : "2015-12-17"				}				,{				"ctprvnCd" : "11"				,"ctprvnNm" : "서울특별시"				,"signguCd" : "11740"				,"signguNm" : "강동구"				,"adongCd" : "1174065000"				,"adongNm" : "성내2동"				,"stdrDt" : "2015-12-17"				}				,{				"ctprvnCd" : "11"				,"ctprvnNm" : "서울특별시"				,"signguCd" : "11740"				,"signguNm" : "강동구"				,"adongCd" : "1174066000"				,"adongNm" : "성내3동"				,"stdrDt" : "2015-12-17"				}				,{				"ctprvnCd" : "11"				,"ctprvnNm" : "서울특별시"				,"signguCd" : "11740"				,"signguNm" : "강동구"				,"adongCd" : "1174057000"				,"adongNm" : "암사1동"				,"stdrDt" : "2015-12-17"				}				,{				"ctprvnCd" : "11"				,"ctprvnNm" : "서울특별시"				,"signguCd" : "11740"				,"signguNm" : "강동구"				,"adongCd" : "1174058000"				,"adongNm" : "암사2동"				,"stdrDt" : "2015-12-17"				}				,{				"ctprvnCd" : "11"				,"ctprvnNm" : "서울특별시"				,"signguCd" : "11740"				,"signguNm" : "강동구"				,"adongCd" : "1174059000"				,"adongNm" : "암사3동"				,"stdrDt" : "2015-12-17"				}				,{				"ctprvnCd" : "11"				,"ctprvnNm" : "서울특별시"				,"signguCd" : "11740"				,"signguNm" : "강동구"				,"adongCd" : "1174060000"				,"adongNm" : "천호1동"				,"stdrDt" : "2015-12-17"				}				,{				"ctprvnCd" : "11"				,"ctprvnNm" : "서울특별시"				,"signguCd" : "11740"				,"signguNm" : "강동구"				,"adongCd" : "1174061000"				,"adongNm" : "천호2동"				,"stdrDt" : "2015-12-17"				}				,{				"ctprvnCd" : "11"				,"ctprvnNm" : "서울특별시"				,"signguCd" : "11740"				,"signguNm" : "강동구"				,"adongCd" : "1174062000"				,"adongNm" : "천호3동"				,"stdrDt" : "2015-12-17"				}			]	}}