{	"header" : {		"description" : "소상공인시장진흥공단 상권정보 행정동 코드"		,"columns" : ["시도코드","시도명","시군구코드","시군구명","행정동코드","행정동명","기준일자"]		,"resultCode" : "00"		,"resultMsg" : "NORMAL SERVICE"	},	"body" : {			"items" : [				{				"ctprvnCd" : "26"				,"ctprvnNm" : "부산광역시"				,"signguCd" : "26110"				,"signguNm" : "중구"				,"adongCd" : "2611057000"				,"adongNm" : "광복동"				,"stdrDt" : "2015-12-17"				}				,{				"ctprvnCd" : "26"				,"ctprvnNm" : "부산광역시"				,"signguCd" : "26110"				,"signguNm" : "중구"				,"adongCd" : "2611058000"				,"adongNm" : "남포동"				,"stdrDt" : "2015-12-17"				}				,{				"ctprvnCd" : "26"				,"ctprvnNm" : "부산광역시"				,"signguCd" : "26110"				,"signguNm" : "중구"				,"adongCd" : "2611053000"				,"adongNm" : "대청동"				,"stdrDt" : "2015-12-17"				}				,{				"ctprvnCd" : "26"				,"ctprvnNm" : "부산광역시"				,"signguCd" : "26110"				,"signguNm" : "중구"				,"adongCd" : "2611052000"				,"adongNm" : "동광동"				,"stdrDt" : "2015-12-17"				}				,{				"ctprvnCd" : "26"				,"ctprvnNm" : "부산광역시"				,"signguCd" : "26110"				,"signguNm" : "중구"				,"adongCd" : "2611054500"				,"adongNm" : "보수동"				,"stdrDt" : "2015-12-17"				}				,{				"ctprvnCd" : "26"				,"ctprvnNm" : "부산광역시"				,"signguCd" : "26110"				,"signguNm" : "중구"				,"adongCd" : "2611056000"				,"adongNm" : "부평동"				,"stdrDt" : "2015-12-17"				}				,{				"ctprvnCd" : "26"				,"ctprvnNm" : "부산광역시"				,"signguCd" : "26110"				,"signguNm" : "중구"				,"adongCd" : "2611059000"				,"adongNm" : "영주1동"				,"stdrDt" : "2015-12-17"				}				,{				"ctprvnCd" : "26"				,"ctprvnNm" : "부산광역시"				,"signguCd" : "26110"				,"signguNm" : "중구"				,"adongCd" : "2611060000"				,"adongNm" : "영주2동"				,"stdrDt" : "2015-12-17"				}				,{				"ctprvnCd" : "26"				,"ctprvnNm" : "부산광역시"				,"signguCd" : "26110"				,"signguNm" : "중구"				,"adongCd" : "2611051000"				,"adongNm" : "중앙동"				,"stdrDt" : "2015-12-17"				}			]	}}