{	"header" : {		"description" : "소상공인시장진흥공단 상권정보 행정동 코드"		,"columns" : ["시도코드","시도명","시군구코드","시군구명","행정동코드","행정동명","기준일자"]		,"resultCode" : "00"		,"resultMsg" : "NORMAL SERVICE"	},	"body" : {			"items" : [				{				"ctprvnCd" : "26"				,"ctprvnNm" : "부산광역시"				,"signguCd" : "26140"				,"signguNm" : "서구"				,"adongCd" : "2614065000"				,"adongNm" : "남부민1동"				,"stdrDt" : "2015-12-17"				}				,{				"ctprvnCd" : "26"				,"ctprvnNm" : "부산광역시"				,"signguCd" : "26140"				,"signguNm" : "서구"				,"adongCd" : "2614066000"				,"adongNm" : "남부민2동"				,"stdrDt" : "2015-12-17"				}				,{				"ctprvnCd" : "26"				,"ctprvnNm" : "부산광역시"				,"signguCd" : "26140"				,"signguNm" : "서구"				,"adongCd" : "2614051000"				,"adongNm" : "동대신1동"				,"stdrDt" : "2015-12-17"				}				,{				"ctprvnCd" : "26"				,"ctprvnNm" : "부산광역시"				,"signguCd" : "26140"				,"signguNm" : "서구"				,"adongCd" : "2614052000"				,"adongNm" : "동대신2동"				,"stdrDt" : "2015-12-17"				}				,{				"ctprvnCd" : "26"				,"ctprvnNm" : "부산광역시"				,"signguCd" : "26140"				,"signguNm" : "서구"				,"adongCd" : "2614053000"				,"adongNm" : "동대신3동"				,"stdrDt" : "2015-12-17"				}				,{				"ctprvnCd" : "26"				,"ctprvnNm" : "부산광역시"				,"signguCd" : "26140"				,"signguNm" : "서구"				,"adongCd" : "2614059000"				,"adongNm" : "부민동"				,"stdrDt" : "2015-12-17"				}				,{				"ctprvnCd" : "26"				,"ctprvnNm" : "부산광역시"				,"signguCd" : "26140"				,"signguNm" : "서구"				,"adongCd" : "2614054000"				,"adongNm" : "서대신1동"				,"stdrDt" : "2015-12-17"				}				,{				"ctprvnCd" : "26"				,"ctprvnNm" : "부산광역시"				,"signguCd" : "26140"				,"signguNm" : "서구"				,"adongCd" : "2614056000"				,"adongNm" : "서대신3동"				,"stdrDt" : "2015-12-17"				}				,{				"ctprvnCd" : "26"				,"ctprvnNm" : "부산광역시"				,"signguCd" : "26140"				,"signguNm" : "서구"				,"adongCd" : "2614057000"				,"adongNm" : "서대신4동"				,"stdrDt" : "2015-12-17"				}				,{				"ctprvnCd" : "26"				,"ctprvnNm" : "부산광역시"				,"signguCd" : "26140"				,"signguNm" : "서구"				,"adongCd" : "2614061500"				,"adongNm" : "아미동"				,"stdrDt" : "2015-12-17"				}				,{				"ctprvnCd" : "26"				,"ctprvnNm" : "부산광역시"				,"signguCd" : "26140"				,"signguNm" : "서구"				,"adongCd" : "2614068000"				,"adongNm" : "암남동"				,"stdrDt" : "2015-12-17"				}				,{				"ctprvnCd" : "26"				,"ctprvnNm" : "부산광역시"				,"signguCd" : "26140"				,"signguNm" : "서구"				,"adongCd" : "2614063000"				,"adongNm" : "초장동"				,"stdrDt" : "2015-12-17"				}				,{				"ctprvnCd" : "26"				,"ctprvnNm" : "부산광역시"				,"signguCd" : "26140"				,"signguNm" : "서구"				,"adongCd" : "2614064000"				,"adongNm" : "충무동"				,"stdrDt" : "2015-12-17"				}			]	}}