{	"header" : {		"description" : "소상공인시장진흥공단 상권정보 행정동 코드"		,"columns" : ["시도코드","시도명","시군구코드","시군구명","행정동코드","행정동명","기준일자"]		,"resultCode" : "00"		,"resultMsg" : "NORMAL SERVICE"	},	"body" : {			"items" : [				{				"ctprvnCd" : "26"				,"ctprvnNm" : "부산광역시"				,"signguCd" : "26170"				,"signguNm" : "동구"				,"adongCd" : "2617065000"				,"adongNm" : "범일1동"				,"stdrDt" : "2015-12-17"				}				,{				"ctprvnCd" : "26"				,"ctprvnNm" : "부산광역시"				,"signguCd" : "26170"				,"signguNm" : "동구"				,"adongCd" : "2617066000"				,"adongNm" : "범일2동"				,"stdrDt" : "2015-12-17"				}				,{				"ctprvnCd" : "26"				,"ctprvnNm" : "부산광역시"				,"signguCd" : "26170"				,"signguNm" : "동구"				,"adongCd" : "2617068000"				,"adongNm" : "범일5동"				,"stdrDt" : "2015-12-17"				}				,{				"ctprvnCd" : "26"				,"ctprvnNm" : "부산광역시"				,"signguCd" : "26170"				,"signguNm" : "동구"				,"adongCd" : "2617056000"				,"adongNm" : "수정1동"				,"stdrDt" : "2015-12-17"				}				,{				"ctprvnCd" : "26"				,"ctprvnNm" : "부산광역시"				,"signguCd" : "26170"				,"signguNm" : "동구"				,"adongCd" : "2617057000"				,"adongNm" : "수정2동"				,"stdrDt" : "2015-12-17"				}				,{				"ctprvnCd" : "26"				,"ctprvnNm" : "부산광역시"				,"signguCd" : "26170"				,"signguNm" : "동구"				,"adongCd" : "2617059000"				,"adongNm" : "수정4동"				,"stdrDt" : "2015-12-17"				}				,{				"ctprvnCd" : "26"				,"ctprvnNm" : "부산광역시"				,"signguCd" : "26170"				,"signguNm" : "동구"				,"adongCd" : "2617060000"				,"adongNm" : "수정5동"				,"stdrDt" : "2015-12-17"				}				,{				"ctprvnCd" : "26"				,"ctprvnNm" : "부산광역시"				,"signguCd" : "26170"				,"signguNm" : "동구"				,"adongCd" : "2617064500"				,"adongNm" : "좌천동"				,"stdrDt" : "2015-12-17"				}				,{				"ctprvnCd" : "26"				,"ctprvnNm" : "부산광역시"				,"signguCd" : "26170"				,"signguNm" : "동구"				,"adongCd" : "2617051000"				,"adongNm" : "초량1동"				,"stdrDt" : "2015-12-17"				}				,{				"ctprvnCd" : "26"				,"ctprvnNm" : "부산광역시"				,"signguCd" : "26170"				,"signguNm" : "동구"				,"adongCd" : "2617052000"				,"adongNm" : "초량2동"				,"stdrDt" : "2015-12-17"				}				,{				"ctprvnCd" : "26"				,"ctprvnNm" : "부산광역시"				,"signguCd" : "26170"				,"signguNm" : "동구"				,"adongCd" : "2617053000"				,"adongNm" : "초량3동"				,"stdrDt" : "2015-12-17"				}				,{				"ctprvnCd" : "26"				,"ctprvnNm" : "부산광역시"				,"signguCd" : "26170"				,"signguNm" : "동구"				,"adongCd" : "2617055000"				,"adongNm" : "초량6동"				,"stdrDt" : "2015-12-17"				}			]	}}