{	"header" : {		"description" : "소상공인시장진흥공단 상권정보 행정동 코드"		,"columns" : ["시도코드","시도명","시군구코드","시군구명","행정동코드","행정동명","기준일자"]		,"resultCode" : "00"		,"resultMsg" : "NORMAL SERVICE"	},	"body" : {			"items" : [				{				"ctprvnCd" : "26"				,"ctprvnNm" : "부산광역시"				,"signguCd" : "26200"				,"signguNm" : "영도구"				,"adongCd" : "2620053000"				,"adongNm" : "남항동"				,"stdrDt" : "2015-12-17"				}				,{				"ctprvnCd" : "26"				,"ctprvnNm" : "부산광역시"				,"signguCd" : "26200"				,"signguNm" : "영도구"				,"adongCd" : "2620065000"				,"adongNm" : "동삼1동"				,"stdrDt" : "2015-12-17"				}				,{				"ctprvnCd" : "26"				,"ctprvnNm" : "부산광역시"				,"signguCd" : "26200"				,"signguNm" : "영도구"				,"adongCd" : "2620066000"				,"adongNm" : "동삼2동"				,"stdrDt" : "2015-12-17"				}				,{				"ctprvnCd" : "26"				,"ctprvnNm" : "부산광역시"				,"signguCd" : "26200"				,"signguNm" : "영도구"				,"adongCd" : "2620067000"				,"adongNm" : "동삼3동"				,"stdrDt" : "2015-12-17"				}				,{				"ctprvnCd" : "26"				,"ctprvnNm" : "부산광역시"				,"signguCd" : "26200"				,"signguNm" : "영도구"				,"adongCd" : "2620059000"				,"adongNm" : "봉래1동"				,"stdrDt" : "2015-12-17"				}				,{				"ctprvnCd" : "26"				,"ctprvnNm" : "부산광역시"				,"signguCd" : "26200"				,"signguNm" : "영도구"				,"adongCd" : "2620060500"				,"adongNm" : "봉래2동"				,"stdrDt" : "2015-12-17"				}				,{				"ctprvnCd" : "26"				,"ctprvnNm" : "부산광역시"				,"signguCd" : "26200"				,"signguNm" : "영도구"				,"adongCd" : "2620058500"				,"adongNm" : "신선동"				,"stdrDt" : "2015-12-17"				}				,{				"ctprvnCd" : "26"				,"ctprvnNm" : "부산광역시"				,"signguCd" : "26200"				,"signguNm" : "영도구"				,"adongCd" : "2620054000"				,"adongNm" : "영선1동"				,"stdrDt" : "2015-12-17"				}				,{				"ctprvnCd" : "26"				,"ctprvnNm" : "부산광역시"				,"signguCd" : "26200"				,"signguNm" : "영도구"				,"adongCd" : "2620055000"				,"adongNm" : "영선2동"				,"stdrDt" : "2015-12-17"				}				,{				"ctprvnCd" : "26"				,"ctprvnNm" : "부산광역시"				,"signguCd" : "26200"				,"signguNm" : "영도구"				,"adongCd" : "2620063000"				,"adongNm" : "청학1동"				,"stdrDt" : "2015-12-17"				}				,{				"ctprvnCd" : "26"				,"ctprvnNm" : "부산광역시"				,"signguCd" : "26200"				,"signguNm" : "영도구"				,"adongCd" : "2620064000"				,"adongNm" : "청학2동"				,"stdrDt" : "2015-12-17"				}			]	}}