{	"header" : {		"description" : "소상공인시장진흥공단 상권정보 행정동 코드"		,"columns" : ["시도코드","시도명","시군구코드","시군구명","행정동코드","행정동명","기준일자"]		,"resultCode" : "00"		,"resultMsg" : "NORMAL SERVICE"	},	"body" : {			"items" : [				{				"ctprvnCd" : "26"				,"ctprvnNm" : "부산광역시"				,"signguCd" : "26230"				,"signguNm" : "부산진구"				,"adongCd" : "2623071000"				,"adongNm" : "가야1동"				,"stdrDt" : "2015-12-17"				}				,{				"ctprvnCd" : "26"				,"ctprvnNm" : "부산광역시"				,"signguCd" : "26230"				,"signguNm" : "부산진구"				,"adongCd" : "2623072000"				,"adongNm" : "가야2동"				,"stdrDt" : "2015-12-17"				}				,{				"ctprvnCd" : "26"				,"ctprvnNm" : "부산광역시"				,"signguCd" : "26230"				,"signguNm" : "부산진구"				,"adongCd" : "2623074000"				,"adongNm" : "개금1동"				,"stdrDt" : "2015-12-17"				}				,{				"ctprvnCd" : "26"				,"ctprvnNm" : "부산광역시"				,"signguCd" : "26230"				,"signguNm" : "부산진구"				,"adongCd" : "2623075000"				,"adongNm" : "개금2동"				,"stdrDt" : "2015-12-17"				}				,{				"ctprvnCd" : "26"				,"ctprvnNm" : "부산광역시"				,"signguCd" : "26230"				,"signguNm" : "부산진구"				,"adongCd" : "2623076000"				,"adongNm" : "개금3동"				,"stdrDt" : "2015-12-17"				}				,{				"ctprvnCd" : "26"				,"ctprvnNm" : "부산광역시"				,"signguCd" : "26230"				,"signguNm" : "부산진구"				,"adongCd" : "2623067000"				,"adongNm" : "당감1동"				,"stdrDt" : "2015-12-17"				}				,{				"ctprvnCd" : "26"				,"ctprvnNm" : "부산광역시"				,"signguCd" : "26230"				,"signguNm" : "부산진구"				,"adongCd" : "2623068000"				,"adongNm" : "당감2동"				,"stdrDt" : "2015-12-17"				}				,{				"ctprvnCd" : "26"				,"ctprvnNm" : "부산광역시"				,"signguCd" : "26230"				,"signguNm" : "부산진구"				,"adongCd" : "2623070000"				,"adongNm" : "당감4동"				,"stdrDt" : "2015-12-17"				}				,{				"ctprvnCd" : "26"				,"ctprvnNm" : "부산광역시"				,"signguCd" : "26230"				,"signguNm" : "부산진구"				,"adongCd" : "2623077000"				,"adongNm" : "범천1동"				,"stdrDt" : "2015-12-17"				}				,{				"ctprvnCd" : "26"				,"ctprvnNm" : "부산광역시"				,"signguCd" : "26230"				,"signguNm" : "부산진구"				,"adongCd" : "2623078000"				,"adongNm" : "범천2동"				,"stdrDt" : "2015-12-17"				}				,{				"ctprvnCd" : "26"				,"ctprvnNm" : "부산광역시"				,"signguCd" : "26230"				,"signguNm" : "부산진구"				,"adongCd" : "2623064000"				,"adongNm" : "부암1동"				,"stdrDt" : "2015-12-17"				}				,{				"ctprvnCd" : "26"				,"ctprvnNm" : "부산광역시"				,"signguCd" : "26230"				,"signguNm" : "부산진구"				,"adongCd" : "2623066000"				,"adongNm" : "부암3동"				,"stdrDt" : "2015-12-17"				}				,{				"ctprvnCd" : "26"				,"ctprvnNm" : "부산광역시"				,"signguCd" : "26230"				,"signguNm" : "부산진구"				,"adongCd" : "2623051000"				,"adongNm" : "부전1동"				,"stdrDt" : "2015-12-17"				}				,{				"ctprvnCd" : "26"				,"ctprvnNm" : "부산광역시"				,"signguCd" : "26230"				,"signguNm" : "부산진구"				,"adongCd" : "2623052000"				,"adongNm" : "부전2동"				,"stdrDt" : "2015-12-17"				}				,{				"ctprvnCd" : "26"				,"ctprvnNm" : "부산광역시"				,"signguCd" : "26230"				,"signguNm" : "부산진구"				,"adongCd" : "2623056000"				,"adongNm" : "양정1동"				,"stdrDt" : "2015-12-17"				}				,{				"ctprvnCd" : "26"				,"ctprvnNm" : "부산광역시"				,"signguCd" : "26230"				,"signguNm" : "부산진구"				,"adongCd" : "2623057000"				,"adongNm" : "양정2동"				,"stdrDt" : "2015-12-17"				}				,{				"ctprvnCd" : "26"				,"ctprvnNm" : "부산광역시"				,"signguCd" : "26230"				,"signguNm" : "부산진구"				,"adongCd" : "2623054000"				,"adongNm" : "연지동"				,"stdrDt" : "2015-12-17"				}				,{				"ctprvnCd" : "26"				,"ctprvnNm" : "부산광역시"				,"signguCd" : "26230"				,"signguNm" : "부산진구"				,"adongCd" : "2623060000"				,"adongNm" : "전포1동"				,"stdrDt" : "2015-12-17"				}				,{				"ctprvnCd" : "26"				,"ctprvnNm" : "부산광역시"				,"signguCd" : "26230"				,"signguNm" : "부산진구"				,"adongCd" : "2623061000"				,"adongNm" : "전포2동"				,"stdrDt" : "2015-12-17"				}				,{				"ctprvnCd" : "26"				,"ctprvnNm" : "부산광역시"				,"signguCd" : "26230"				,"signguNm" : "부산진구"				,"adongCd" : "2623055000"				,"adongNm" : "초읍동"				,"stdrDt" : "2015-12-17"				}			]	}}