{	"header" : {		"description" : "소상공인시장진흥공단 상권정보 행정동 코드"		,"columns" : ["시도코드","시도명","시군구코드","시군구명","행정동코드","행정동명","기준일자"]		,"resultCode" : "00"		,"resultMsg" : "NORMAL SERVICE"	},	"body" : {			"items" : [				{				"ctprvnCd" : "26"				,"ctprvnNm" : "부산광역시"				,"signguCd" : "26260"				,"signguNm" : "동래구"				,"adongCd" : "2626054500"				,"adongNm" : "명륜동"				,"stdrDt" : "2015-12-17"				}				,{				"ctprvnCd" : "26"				,"ctprvnNm" : "부산광역시"				,"signguCd" : "26260"				,"signguNm" : "동래구"				,"adongCd" : "2626076100"				,"adongNm" : "명장1동"				,"stdrDt" : "2015-12-17"				}				,{				"ctprvnCd" : "26"				,"ctprvnNm" : "부산광역시"				,"signguCd" : "26260"				,"signguNm" : "동래구"				,"adongCd" : "2626076200"				,"adongNm" : "명장2동"				,"stdrDt" : "2015-12-17"				}				,{				"ctprvnCd" : "26"				,"ctprvnNm" : "부산광역시"				,"signguCd" : "26260"				,"signguNm" : "동래구"				,"adongCd" : "2626052000"				,"adongNm" : "복산동"				,"stdrDt" : "2015-12-17"				}				,{				"ctprvnCd" : "26"				,"ctprvnNm" : "부산광역시"				,"signguCd" : "26260"				,"signguNm" : "동래구"				,"adongCd" : "2626058000"				,"adongNm" : "사직1동"				,"stdrDt" : "2015-12-17"				}				,{				"ctprvnCd" : "26"				,"ctprvnNm" : "부산광역시"				,"signguCd" : "26260"				,"signguNm" : "동래구"				,"adongCd" : "2626059000"				,"adongNm" : "사직2동"				,"stdrDt" : "2015-12-17"				}				,{				"ctprvnCd" : "26"				,"ctprvnNm" : "부산광역시"				,"signguCd" : "26260"				,"signguNm" : "동래구"				,"adongCd" : "2626060000"				,"adongNm" : "사직3동"				,"stdrDt" : "2015-12-17"				}				,{				"ctprvnCd" : "26"				,"ctprvnNm" : "부산광역시"				,"signguCd" : "26260"				,"signguNm" : "동래구"				,"adongCd" : "2626051000"				,"adongNm" : "수민동"				,"stdrDt" : "2015-12-17"				}				,{				"ctprvnCd" : "26"				,"ctprvnNm" : "부산광역시"				,"signguCd" : "26260"				,"signguNm" : "동래구"				,"adongCd" : "2626074000"				,"adongNm" : "안락1동"				,"stdrDt" : "2015-12-17"				}				,{				"ctprvnCd" : "26"				,"ctprvnNm" : "부산광역시"				,"signguCd" : "26260"				,"signguNm" : "동래구"				,"adongCd" : "2626075000"				,"adongNm" : "안락2동"				,"stdrDt" : "2015-12-17"				}				,{				"ctprvnCd" : "26"				,"ctprvnNm" : "부산광역시"				,"signguCd" : "26260"				,"signguNm" : "동래구"				,"adongCd" : "2626055000"				,"adongNm" : "온천1동"				,"stdrDt" : "2015-12-17"				}				,{				"ctprvnCd" : "26"				,"ctprvnNm" : "부산광역시"				,"signguCd" : "26260"				,"signguNm" : "동래구"				,"adongCd" : "2626056000"				,"adongNm" : "온천2동"				,"stdrDt" : "2015-12-17"				}				,{				"ctprvnCd" : "26"				,"ctprvnNm" : "부산광역시"				,"signguCd" : "26260"				,"signguNm" : "동래구"				,"adongCd" : "2626057000"				,"adongNm" : "온천3동"				,"stdrDt" : "2015-12-17"				}			]	}}