{	"header" : {		"description" : "소상공인시장진흥공단 상권정보 행정동 코드"		,"columns" : ["시도코드","시도명","시군구코드","시군구명","행정동코드","행정동명","기준일자"]		,"resultCode" : "00"		,"resultMsg" : "NORMAL SERVICE"	},	"body" : {			"items" : [				{				"ctprvnCd" : "26"				,"ctprvnNm" : "부산광역시"				,"signguCd" : "26290"				,"signguNm" : "남구"				,"adongCd" : "2629062000"				,"adongNm" : "감만1동"				,"stdrDt" : "2015-12-17"				}				,{				"ctprvnCd" : "26"				,"ctprvnNm" : "부산광역시"				,"signguCd" : "26290"				,"signguNm" : "남구"				,"adongCd" : "2629063000"				,"adongNm" : "감만2동"				,"stdrDt" : "2015-12-17"				}				,{				"ctprvnCd" : "26"				,"ctprvnNm" : "부산광역시"				,"signguCd" : "26290"				,"signguNm" : "남구"				,"adongCd" : "2629051000"				,"adongNm" : "대연1동"				,"stdrDt" : "2015-12-17"				}				,{				"ctprvnCd" : "26"				,"ctprvnNm" : "부산광역시"				,"signguCd" : "26290"				,"signguNm" : "남구"				,"adongCd" : "2629053000"				,"adongNm" : "대연3동"				,"stdrDt" : "2015-12-17"				}				,{				"ctprvnCd" : "26"				,"ctprvnNm" : "부산광역시"				,"signguCd" : "26290"				,"signguNm" : "남구"				,"adongCd" : "2629054000"				,"adongNm" : "대연4동"				,"stdrDt" : "2015-12-17"				}				,{				"ctprvnCd" : "26"				,"ctprvnNm" : "부산광역시"				,"signguCd" : "26290"				,"signguNm" : "남구"				,"adongCd" : "2629055000"				,"adongNm" : "대연5동"				,"stdrDt" : "2015-12-17"				}				,{				"ctprvnCd" : "26"				,"ctprvnNm" : "부산광역시"				,"signguCd" : "26290"				,"signguNm" : "남구"				,"adongCd" : "2629056000"				,"adongNm" : "대연6동"				,"stdrDt" : "2015-12-17"				}				,{				"ctprvnCd" : "26"				,"ctprvnNm" : "부산광역시"				,"signguCd" : "26290"				,"signguNm" : "남구"				,"adongCd" : "2629068000"				,"adongNm" : "문현1동"				,"stdrDt" : "2015-12-17"				}				,{				"ctprvnCd" : "26"				,"ctprvnNm" : "부산광역시"				,"signguCd" : "26290"				,"signguNm" : "남구"				,"adongCd" : "2629069000"				,"adongNm" : "문현2동"				,"stdrDt" : "2015-12-17"				}				,{				"ctprvnCd" : "26"				,"ctprvnNm" : "부산광역시"				,"signguCd" : "26290"				,"signguNm" : "남구"				,"adongCd" : "2629070000"				,"adongNm" : "문현3동"				,"stdrDt" : "2015-12-17"				}				,{				"ctprvnCd" : "26"				,"ctprvnNm" : "부산광역시"				,"signguCd" : "26290"				,"signguNm" : "남구"				,"adongCd" : "2629071000"				,"adongNm" : "문현4동"				,"stdrDt" : "2015-12-17"				}				,{				"ctprvnCd" : "26"				,"ctprvnNm" : "부산광역시"				,"signguCd" : "26290"				,"signguNm" : "남구"				,"adongCd" : "2629061000"				,"adongNm" : "용당동"				,"stdrDt" : "2015-12-17"				}				,{				"ctprvnCd" : "26"				,"ctprvnNm" : "부산광역시"				,"signguCd" : "26290"				,"signguNm" : "남구"				,"adongCd" : "2629057000"				,"adongNm" : "용호1동"				,"stdrDt" : "2015-12-17"				}				,{				"ctprvnCd" : "26"				,"ctprvnNm" : "부산광역시"				,"signguCd" : "26290"				,"signguNm" : "남구"				,"adongCd" : "2629058000"				,"adongNm" : "용호2동"				,"stdrDt" : "2015-12-17"				}				,{				"ctprvnCd" : "26"				,"ctprvnNm" : "부산광역시"				,"signguCd" : "26290"				,"signguNm" : "남구"				,"adongCd" : "2629059000"				,"adongNm" : "용호3동"				,"stdrDt" : "2015-12-17"				}				,{				"ctprvnCd" : "26"				,"ctprvnNm" : "부산광역시"				,"signguCd" : "26290"				,"signguNm" : "남구"				,"adongCd" : "2629060000"				,"adongNm" : "용호4동"				,"stdrDt" : "2015-12-17"				}				,{				"ctprvnCd" : "26"				,"ctprvnNm" : "부산광역시"				,"signguCd" : "26290"				,"signguNm" : "남구"				,"adongCd" : "2629064500"				,"adongNm" : "우암동"				,"stdrDt" : "2015-12-17"				}			]	}}