{	"header" : {		"description" : "소상공인시장진흥공단 상권정보 행정동 코드"		,"columns" : ["시도코드","시도명","시군구코드","시군구명","행정동코드","행정동명","기준일자"]		,"resultCode" : "00"		,"resultMsg" : "NORMAL SERVICE"	},	"body" : {			"items" : [				{				"ctprvnCd" : "26"				,"ctprvnNm" : "부산광역시"				,"signguCd" : "26320"				,"signguNm" : "북구"				,"adongCd" : "2632051000"				,"adongNm" : "구포1동"				,"stdrDt" : "2015-12-17"				}				,{				"ctprvnCd" : "26"				,"ctprvnNm" : "부산광역시"				,"signguCd" : "26320"				,"signguNm" : "북구"				,"adongCd" : "2632052000"				,"adongNm" : "구포2동"				,"stdrDt" : "2015-12-17"				}				,{				"ctprvnCd" : "26"				,"ctprvnNm" : "부산광역시"				,"signguCd" : "26320"				,"signguNm" : "북구"				,"adongCd" : "2632052100"				,"adongNm" : "구포3동"				,"stdrDt" : "2015-12-17"				}				,{				"ctprvnCd" : "26"				,"ctprvnNm" : "부산광역시"				,"signguCd" : "26320"				,"signguNm" : "북구"				,"adongCd" : "2632053000"				,"adongNm" : "금곡동"				,"stdrDt" : "2015-12-17"				}				,{				"ctprvnCd" : "26"				,"ctprvnNm" : "부산광역시"				,"signguCd" : "26320"				,"signguNm" : "북구"				,"adongCd" : "2632055000"				,"adongNm" : "덕천1동"				,"stdrDt" : "2015-12-17"				}				,{				"ctprvnCd" : "26"				,"ctprvnNm" : "부산광역시"				,"signguCd" : "26320"				,"signguNm" : "북구"				,"adongCd" : "2632056000"				,"adongNm" : "덕천2동"				,"stdrDt" : "2015-12-17"				}				,{				"ctprvnCd" : "26"				,"ctprvnNm" : "부산광역시"				,"signguCd" : "26320"				,"signguNm" : "북구"				,"adongCd" : "2632056100"				,"adongNm" : "덕천3동"				,"stdrDt" : "2015-12-17"				}				,{				"ctprvnCd" : "26"				,"ctprvnNm" : "부산광역시"				,"signguCd" : "26320"				,"signguNm" : "북구"				,"adongCd" : "2632057100"				,"adongNm" : "만덕1동"				,"stdrDt" : "2015-12-17"				}				,{				"ctprvnCd" : "26"				,"ctprvnNm" : "부산광역시"				,"signguCd" : "26320"				,"signguNm" : "북구"				,"adongCd" : "2632057200"				,"adongNm" : "만덕2동"				,"stdrDt" : "2015-12-17"				}				,{				"ctprvnCd" : "26"				,"ctprvnNm" : "부산광역시"				,"signguCd" : "26320"				,"signguNm" : "북구"				,"adongCd" : "2632057300"				,"adongNm" : "만덕3동"				,"stdrDt" : "2015-12-17"				}				,{				"ctprvnCd" : "26"				,"ctprvnNm" : "부산광역시"				,"signguCd" : "26320"				,"signguNm" : "북구"				,"adongCd" : "2632054100"				,"adongNm" : "화명1동"				,"stdrDt" : "2015-12-17"				}				,{				"ctprvnCd" : "26"				,"ctprvnNm" : "부산광역시"				,"signguCd" : "26320"				,"signguNm" : "북구"				,"adongCd" : "2632054200"				,"adongNm" : "화명2동"				,"stdrDt" : "2015-12-17"				}				,{				"ctprvnCd" : "26"				,"ctprvnNm" : "부산광역시"				,"signguCd" : "26320"				,"signguNm" : "북구"				,"adongCd" : "2632054300"				,"adongNm" : "화명3동"				,"stdrDt" : "2015-12-17"				}			]	}}