{	"header" : {		"description" : "소상공인시장진흥공단 상권정보 행정동 코드"		,"columns" : ["시도코드","시도명","시군구코드","시군구명","행정동코드","행정동명","기준일자"]		,"resultCode" : "00"		,"resultMsg" : "NORMAL SERVICE"	},	"body" : {			"items" : [				{				"ctprvnCd" : "26"				,"ctprvnNm" : "부산광역시"				,"signguCd" : "26350"				,"signguNm" : "해운대구"				,"adongCd" : "2635061000"				,"adongNm" : "반송1동"				,"stdrDt" : "2015-12-17"				}				,{				"ctprvnCd" : "26"				,"ctprvnNm" : "부산광역시"				,"signguCd" : "26350"				,"signguNm" : "해운대구"				,"adongCd" : "2635062000"				,"adongNm" : "반송2동"				,"stdrDt" : "2015-12-17"				}				,{				"ctprvnCd" : "26"				,"ctprvnNm" : "부산광역시"				,"signguCd" : "26350"				,"signguNm" : "해운대구"				,"adongCd" : "2635057000"				,"adongNm" : "반여1동"				,"stdrDt" : "2015-12-17"				}				,{				"ctprvnCd" : "26"				,"ctprvnNm" : "부산광역시"				,"signguCd" : "26350"				,"signguNm" : "해운대구"				,"adongCd" : "2635058000"				,"adongNm" : "반여2동"				,"stdrDt" : "2015-12-17"				}				,{				"ctprvnCd" : "26"				,"ctprvnNm" : "부산광역시"				,"signguCd" : "26350"				,"signguNm" : "해운대구"				,"adongCd" : "2635059000"				,"adongNm" : "반여3동"				,"stdrDt" : "2015-12-17"				}				,{				"ctprvnCd" : "26"				,"ctprvnNm" : "부산광역시"				,"signguCd" : "26350"				,"signguNm" : "해운대구"				,"adongCd" : "2635059500"				,"adongNm" : "반여4동"				,"stdrDt" : "2015-12-17"				}				,{				"ctprvnCd" : "26"				,"ctprvnNm" : "부산광역시"				,"signguCd" : "26350"				,"signguNm" : "해운대구"				,"adongCd" : "2635056000"				,"adongNm" : "송정동"				,"stdrDt" : "2015-12-17"				}				,{				"ctprvnCd" : "26"				,"ctprvnNm" : "부산광역시"				,"signguCd" : "26350"				,"signguNm" : "해운대구"				,"adongCd" : "2635051000"				,"adongNm" : "우1동"				,"stdrDt" : "2015-12-17"				}				,{				"ctprvnCd" : "26"				,"ctprvnNm" : "부산광역시"				,"signguCd" : "26350"				,"signguNm" : "해운대구"				,"adongCd" : "2635052000"				,"adongNm" : "우2동"				,"stdrDt" : "2015-12-17"				}				,{				"ctprvnCd" : "26"				,"ctprvnNm" : "부산광역시"				,"signguCd" : "26350"				,"signguNm" : "해운대구"				,"adongCd" : "2635052500"				,"adongNm" : "우3동"				,"stdrDt" : "2015-12-17"				}				,{				"ctprvnCd" : "26"				,"ctprvnNm" : "부산광역시"				,"signguCd" : "26350"				,"signguNm" : "해운대구"				,"adongCd" : "2635065000"				,"adongNm" : "재송1동"				,"stdrDt" : "2015-12-17"				}				,{				"ctprvnCd" : "26"				,"ctprvnNm" : "부산광역시"				,"signguCd" : "26350"				,"signguNm" : "해운대구"				,"adongCd" : "2635066000"				,"adongNm" : "재송2동"				,"stdrDt" : "2015-12-17"				}				,{				"ctprvnCd" : "26"				,"ctprvnNm" : "부산광역시"				,"signguCd" : "26350"				,"signguNm" : "해운대구"				,"adongCd" : "2635055100"				,"adongNm" : "좌1동"				,"stdrDt" : "2015-12-17"				}				,{				"ctprvnCd" : "26"				,"ctprvnNm" : "부산광역시"				,"signguCd" : "26350"				,"signguNm" : "해운대구"				,"adongCd" : "2635055200"				,"adongNm" : "좌2동"				,"stdrDt" : "2015-12-17"				}				,{				"ctprvnCd" : "26"				,"ctprvnNm" : "부산광역시"				,"signguCd" : "26350"				,"signguNm" : "해운대구"				,"adongCd" : "2635055300"				,"adongNm" : "좌3동"				,"stdrDt" : "2015-12-17"				}				,{				"ctprvnCd" : "26"				,"ctprvnNm" : "부산광역시"				,"signguCd" : "26350"				,"signguNm" : "해운대구"				,"adongCd" : "2635055400"				,"adongNm" : "좌4동"				,"stdrDt" : "2015-12-17"				}				,{				"ctprvnCd" : "26"				,"ctprvnNm" : "부산광역시"				,"signguCd" : "26350"				,"signguNm" : "해운대구"				,"adongCd" : "2635053000"				,"adongNm" : "중1동"				,"stdrDt" : "2015-12-17"				}				,{				"ctprvnCd" : "26"				,"ctprvnNm" : "부산광역시"				,"signguCd" : "26350"				,"signguNm" : "해운대구"				,"adongCd" : "2635054000"				,"adongNm" : "중2동"				,"stdrDt" : "2015-12-17"				}			]	}}