{	"header" : {		"description" : "소상공인시장진흥공단 상권정보 행정동 코드"		,"columns" : ["시도코드","시도명","시군구코드","시군구명","행정동코드","행정동명","기준일자"]		,"resultCode" : "00"		,"resultMsg" : "NORMAL SERVICE"	},	"body" : {			"items" : [				{				"ctprvnCd" : "26"				,"ctprvnNm" : "부산광역시"				,"signguCd" : "26380"				,"signguNm" : "사하구"				,"adongCd" : "2638062000"				,"adongNm" : "감천1동"				,"stdrDt" : "2015-12-17"				}				,{				"ctprvnCd" : "26"				,"ctprvnNm" : "부산광역시"				,"signguCd" : "26380"				,"signguNm" : "사하구"				,"adongCd" : "2638063000"				,"adongNm" : "감천2동"				,"stdrDt" : "2015-12-17"				}				,{				"ctprvnCd" : "26"				,"ctprvnNm" : "부산광역시"				,"signguCd" : "26380"				,"signguNm" : "사하구"				,"adongCd" : "2638051000"				,"adongNm" : "괴정1동"				,"stdrDt" : "2015-12-17"				}				,{				"ctprvnCd" : "26"				,"ctprvnNm" : "부산광역시"				,"signguCd" : "26380"				,"signguNm" : "사하구"				,"adongCd" : "2638052000"				,"adongNm" : "괴정2동"				,"stdrDt" : "2015-12-17"				}				,{				"ctprvnCd" : "26"				,"ctprvnNm" : "부산광역시"				,"signguCd" : "26380"				,"signguNm" : "사하구"				,"adongCd" : "2638053000"				,"adongNm" : "괴정3동"				,"stdrDt" : "2015-12-17"				}				,{				"ctprvnCd" : "26"				,"ctprvnNm" : "부산광역시"				,"signguCd" : "26380"				,"signguNm" : "사하구"				,"adongCd" : "2638054000"				,"adongNm" : "괴정4동"				,"stdrDt" : "2015-12-17"				}				,{				"ctprvnCd" : "26"				,"ctprvnNm" : "부산광역시"				,"signguCd" : "26380"				,"signguNm" : "사하구"				,"adongCd" : "2638061000"				,"adongNm" : "구평동"				,"stdrDt" : "2015-12-17"				}				,{				"ctprvnCd" : "26"				,"ctprvnNm" : "부산광역시"				,"signguCd" : "26380"				,"signguNm" : "사하구"				,"adongCd" : "2638060100"				,"adongNm" : "다대1동"				,"stdrDt" : "2015-12-17"				}				,{				"ctprvnCd" : "26"				,"ctprvnNm" : "부산광역시"				,"signguCd" : "26380"				,"signguNm" : "사하구"				,"adongCd" : "2638060200"				,"adongNm" : "다대2동"				,"stdrDt" : "2015-12-17"				}				,{				"ctprvnCd" : "26"				,"ctprvnNm" : "부산광역시"				,"signguCd" : "26380"				,"signguNm" : "사하구"				,"adongCd" : "2638055000"				,"adongNm" : "당리동"				,"stdrDt" : "2015-12-17"				}				,{				"ctprvnCd" : "26"				,"ctprvnNm" : "부산광역시"				,"signguCd" : "26380"				,"signguNm" : "사하구"				,"adongCd" : "2638057100"				,"adongNm" : "신평1동"				,"stdrDt" : "2015-12-17"				}				,{				"ctprvnCd" : "26"				,"ctprvnNm" : "부산광역시"				,"signguCd" : "26380"				,"signguNm" : "사하구"				,"adongCd" : "2638057200"				,"adongNm" : "신평2동"				,"stdrDt" : "2015-12-17"				}				,{				"ctprvnCd" : "26"				,"ctprvnNm" : "부산광역시"				,"signguCd" : "26380"				,"signguNm" : "사하구"				,"adongCd" : "2638058000"				,"adongNm" : "장림1동"				,"stdrDt" : "2015-12-17"				}				,{				"ctprvnCd" : "26"				,"ctprvnNm" : "부산광역시"				,"signguCd" : "26380"				,"signguNm" : "사하구"				,"adongCd" : "2638059000"				,"adongNm" : "장림2동"				,"stdrDt" : "2015-12-17"				}				,{				"ctprvnCd" : "26"				,"ctprvnNm" : "부산광역시"				,"signguCd" : "26380"				,"signguNm" : "사하구"				,"adongCd" : "2638056100"				,"adongNm" : "하단1동"				,"stdrDt" : "2015-12-17"				}				,{				"ctprvnCd" : "26"				,"ctprvnNm" : "부산광역시"				,"signguCd" : "26380"				,"signguNm" : "사하구"				,"adongCd" : "2638056200"				,"adongNm" : "하단2동"				,"stdrDt" : "2015-12-17"				}			]	}}