{	"header" : {		"description" : "소상공인시장진흥공단 상권정보 행정동 코드"		,"columns" : ["시도코드","시도명","시군구코드","시군구명","행정동코드","행정동명","기준일자"]		,"resultCode" : "00"		,"resultMsg" : "NORMAL SERVICE"	},	"body" : {			"items" : [				{				"ctprvnCd" : "26"				,"ctprvnNm" : "부산광역시"				,"signguCd" : "26410"				,"signguNm" : "금정구"				,"adongCd" : "2641068000"				,"adongNm" : "구서1동"				,"stdrDt" : "2015-12-17"				}				,{				"ctprvnCd" : "26"				,"ctprvnNm" : "부산광역시"				,"signguCd" : "26410"				,"signguNm" : "금정구"				,"adongCd" : "2641069000"				,"adongNm" : "구서2동"				,"stdrDt" : "2015-12-17"				}				,{				"ctprvnCd" : "26"				,"ctprvnNm" : "부산광역시"				,"signguCd" : "26410"				,"signguNm" : "금정구"				,"adongCd" : "2641055500"				,"adongNm" : "금사회동동"				,"stdrDt" : "2015-12-17"				}				,{				"ctprvnCd" : "26"				,"ctprvnNm" : "부산광역시"				,"signguCd" : "26410"				,"signguNm" : "금정구"				,"adongCd" : "2641070000"				,"adongNm" : "금성동"				,"stdrDt" : "2015-12-17"				}				,{				"ctprvnCd" : "26"				,"ctprvnNm" : "부산광역시"				,"signguCd" : "26410"				,"signguNm" : "금정구"				,"adongCd" : "2641067000"				,"adongNm" : "남산동"				,"stdrDt" : "2015-12-17"				}				,{				"ctprvnCd" : "26"				,"ctprvnNm" : "부산광역시"				,"signguCd" : "26410"				,"signguNm" : "금정구"				,"adongCd" : "2641057000"				,"adongNm" : "부곡1동"				,"stdrDt" : "2015-12-17"				}				,{				"ctprvnCd" : "26"				,"ctprvnNm" : "부산광역시"				,"signguCd" : "26410"				,"signguNm" : "금정구"				,"adongCd" : "2641058000"				,"adongNm" : "부곡2동"				,"stdrDt" : "2015-12-17"				}				,{				"ctprvnCd" : "26"				,"ctprvnNm" : "부산광역시"				,"signguCd" : "26410"				,"signguNm" : "금정구"				,"adongCd" : "2641059000"				,"adongNm" : "부곡3동"				,"stdrDt" : "2015-12-17"				}				,{				"ctprvnCd" : "26"				,"ctprvnNm" : "부산광역시"				,"signguCd" : "26410"				,"signguNm" : "금정구"				,"adongCd" : "2641059100"				,"adongNm" : "부곡4동"				,"stdrDt" : "2015-12-17"				}				,{				"ctprvnCd" : "26"				,"ctprvnNm" : "부산광역시"				,"signguCd" : "26410"				,"signguNm" : "금정구"				,"adongCd" : "2641051000"				,"adongNm" : "서1동"				,"stdrDt" : "2015-12-17"				}				,{				"ctprvnCd" : "26"				,"ctprvnNm" : "부산광역시"				,"signguCd" : "26410"				,"signguNm" : "금정구"				,"adongCd" : "2641052000"				,"adongNm" : "서2동"				,"stdrDt" : "2015-12-17"				}				,{				"ctprvnCd" : "26"				,"ctprvnNm" : "부산광역시"				,"signguCd" : "26410"				,"signguNm" : "금정구"				,"adongCd" : "2641053000"				,"adongNm" : "서3동"				,"stdrDt" : "2015-12-17"				}				,{				"ctprvnCd" : "26"				,"ctprvnNm" : "부산광역시"				,"signguCd" : "26410"				,"signguNm" : "금정구"				,"adongCd" : "2641063500"				,"adongNm" : "선두구동"				,"stdrDt" : "2015-12-17"				}				,{				"ctprvnCd" : "26"				,"ctprvnNm" : "부산광역시"				,"signguCd" : "26410"				,"signguNm" : "금정구"				,"adongCd" : "2641060000"				,"adongNm" : "장전1동"				,"stdrDt" : "2015-12-17"				}				,{				"ctprvnCd" : "26"				,"ctprvnNm" : "부산광역시"				,"signguCd" : "26410"				,"signguNm" : "금정구"				,"adongCd" : "2641061000"				,"adongNm" : "장전2동"				,"stdrDt" : "2015-12-17"				}				,{				"ctprvnCd" : "26"				,"ctprvnNm" : "부산광역시"				,"signguCd" : "26410"				,"signguNm" : "금정구"				,"adongCd" : "2641062000"				,"adongNm" : "장전3동"				,"stdrDt" : "2015-12-17"				}				,{				"ctprvnCd" : "26"				,"ctprvnNm" : "부산광역시"				,"signguCd" : "26410"				,"signguNm" : "금정구"				,"adongCd" : "2641066500"				,"adongNm" : "청룡노포동"				,"stdrDt" : "2015-12-17"				}			]	}}