{	"header" : {		"description" : "소상공인시장진흥공단 상권정보 행정동 코드"		,"columns" : ["시도코드","시도명","시군구코드","시군구명","행정동코드","행정동명","기준일자"]		,"resultCode" : "00"		,"resultMsg" : "NORMAL SERVICE"	},	"body" : {			"items" : [				{				"ctprvnCd" : "26"				,"ctprvnNm" : "부산광역시"				,"signguCd" : "26440"				,"signguNm" : "강서구"				,"adongCd" : "2644058000"				,"adongNm" : "가덕도동"				,"stdrDt" : "2015-12-17"				}				,{				"ctprvnCd" : "26"				,"ctprvnNm" : "부산광역시"				,"signguCd" : "26440"				,"signguNm" : "강서구"				,"adongCd" : "2644055000"				,"adongNm" : "가락동"				,"stdrDt" : "2015-12-17"				}				,{				"ctprvnCd" : "26"				,"ctprvnNm" : "부산광역시"				,"signguCd" : "26440"				,"signguNm" : "강서구"				,"adongCd" : "2644053000"				,"adongNm" : "강동동"				,"stdrDt" : "2015-12-17"				}				,{				"ctprvnCd" : "26"				,"ctprvnNm" : "부산광역시"				,"signguCd" : "26440"				,"signguNm" : "강서구"				,"adongCd" : "2644056000"				,"adongNm" : "녹산동"				,"stdrDt" : "2015-12-17"				}				,{				"ctprvnCd" : "26"				,"ctprvnNm" : "부산광역시"				,"signguCd" : "26440"				,"signguNm" : "강서구"				,"adongCd" : "2644051000"				,"adongNm" : "대저1동"				,"stdrDt" : "2015-12-17"				}				,{				"ctprvnCd" : "26"				,"ctprvnNm" : "부산광역시"				,"signguCd" : "26440"				,"signguNm" : "강서구"				,"adongCd" : "2644052000"				,"adongNm" : "대저2동"				,"stdrDt" : "2015-12-17"				}				,{				"ctprvnCd" : "26"				,"ctprvnNm" : "부산광역시"				,"signguCd" : "26440"				,"signguNm" : "강서구"				,"adongCd" : "2644053500"				,"adongNm" : "명지1동"				,"stdrDt" : "2015-12-17"				}				,{				"ctprvnCd" : "26"				,"ctprvnNm" : "부산광역시"				,"signguCd" : "26440"				,"signguNm" : "강서구"				,"adongCd" : "2644054500"				,"adongNm" : "명지2동"				,"stdrDt" : "2015-12-17"				}			]	}}