{	"header" : {		"description" : "소상공인시장진흥공단 상권정보 행정동 코드"		,"columns" : ["시도코드","시도명","시군구코드","시군구명","행정동코드","행정동명","기준일자"]		,"resultCode" : "00"		,"resultMsg" : "NORMAL SERVICE"	},	"body" : {			"items" : [				{				"ctprvnCd" : "26"				,"ctprvnNm" : "부산광역시"				,"signguCd" : "26470"				,"signguNm" : "연제구"				,"adongCd" : "2647061000"				,"adongNm" : "거제1동"				,"stdrDt" : "2015-12-17"				}				,{				"ctprvnCd" : "26"				,"ctprvnNm" : "부산광역시"				,"signguCd" : "26470"				,"signguNm" : "연제구"				,"adongCd" : "2647062000"				,"adongNm" : "거제2동"				,"stdrDt" : "2015-12-17"				}				,{				"ctprvnCd" : "26"				,"ctprvnNm" : "부산광역시"				,"signguCd" : "26470"				,"signguNm" : "연제구"				,"adongCd" : "2647063000"				,"adongNm" : "거제3동"				,"stdrDt" : "2015-12-17"				}				,{				"ctprvnCd" : "26"				,"ctprvnNm" : "부산광역시"				,"signguCd" : "26470"				,"signguNm" : "연제구"				,"adongCd" : "2647064000"				,"adongNm" : "거제4동"				,"stdrDt" : "2015-12-17"				}				,{				"ctprvnCd" : "26"				,"ctprvnNm" : "부산광역시"				,"signguCd" : "26470"				,"signguNm" : "연제구"				,"adongCd" : "2647065000"				,"adongNm" : "연산1동"				,"stdrDt" : "2015-12-17"				}				,{				"ctprvnCd" : "26"				,"ctprvnNm" : "부산광역시"				,"signguCd" : "26470"				,"signguNm" : "연제구"				,"adongCd" : "2647066000"				,"adongNm" : "연산2동"				,"stdrDt" : "2015-12-17"				}				,{				"ctprvnCd" : "26"				,"ctprvnNm" : "부산광역시"				,"signguCd" : "26470"				,"signguNm" : "연제구"				,"adongCd" : "2647067000"				,"adongNm" : "연산3동"				,"stdrDt" : "2015-12-17"				}				,{				"ctprvnCd" : "26"				,"ctprvnNm" : "부산광역시"				,"signguCd" : "26470"				,"signguNm" : "연제구"				,"adongCd" : "2647068000"				,"adongNm" : "연산4동"				,"stdrDt" : "2015-12-17"				}				,{				"ctprvnCd" : "26"				,"ctprvnNm" : "부산광역시"				,"signguCd" : "26470"				,"signguNm" : "연제구"				,"adongCd" : "2647069000"				,"adongNm" : "연산5동"				,"stdrDt" : "2015-12-17"				}				,{				"ctprvnCd" : "26"				,"ctprvnNm" : "부산광역시"				,"signguCd" : "26470"				,"signguNm" : "연제구"				,"adongCd" : "2647070000"				,"adongNm" : "연산6동"				,"stdrDt" : "2015-12-17"				}				,{				"ctprvnCd" : "26"				,"ctprvnNm" : "부산광역시"				,"signguCd" : "26470"				,"signguNm" : "연제구"				,"adongCd" : "2647072000"				,"adongNm" : "연산8동"				,"stdrDt" : "2015-12-17"				}				,{				"ctprvnCd" : "26"				,"ctprvnNm" : "부산광역시"				,"signguCd" : "26470"				,"signguNm" : "연제구"				,"adongCd" : "2647073000"				,"adongNm" : "연산9동"				,"stdrDt" : "2015-12-17"				}			]	}}