{	"header" : {		"description" : "소상공인시장진흥공단 상권정보 행정동 코드"		,"columns" : ["시도코드","시도명","시군구코드","시군구명","행정동코드","행정동명","기준일자"]		,"resultCode" : "00"		,"resultMsg" : "NORMAL SERVICE"	},	"body" : {			"items" : [				{				"ctprvnCd" : "26"				,"ctprvnNm" : "부산광역시"				,"signguCd" : "26500"				,"signguNm" : "수영구"				,"adongCd" : "2650076000"				,"adongNm" : "광안1동"				,"stdrDt" : "2015-12-17"				}				,{				"ctprvnCd" : "26"				,"ctprvnNm" : "부산광역시"				,"signguCd" : "26500"				,"signguNm" : "수영구"				,"adongCd" : "2650077000"				,"adongNm" : "광안2동"				,"stdrDt" : "2015-12-17"				}				,{				"ctprvnCd" : "26"				,"ctprvnNm" : "부산광역시"				,"signguCd" : "26500"				,"signguNm" : "수영구"				,"adongCd" : "2650078000"				,"adongNm" : "광안3동"				,"stdrDt" : "2015-12-17"				}				,{				"ctprvnCd" : "26"				,"ctprvnNm" : "부산광역시"				,"signguCd" : "26500"				,"signguNm" : "수영구"				,"adongCd" : "2650079000"				,"adongNm" : "광안4동"				,"stdrDt" : "2015-12-17"				}				,{				"ctprvnCd" : "26"				,"ctprvnNm" : "부산광역시"				,"signguCd" : "26500"				,"signguNm" : "수영구"				,"adongCd" : "2650066000"				,"adongNm" : "남천1동"				,"stdrDt" : "2015-12-17"				}				,{				"ctprvnCd" : "26"				,"ctprvnNm" : "부산광역시"				,"signguCd" : "26500"				,"signguNm" : "수영구"				,"adongCd" : "2650067000"				,"adongNm" : "남천2동"				,"stdrDt" : "2015-12-17"				}				,{				"ctprvnCd" : "26"				,"ctprvnNm" : "부산광역시"				,"signguCd" : "26500"				,"signguNm" : "수영구"				,"adongCd" : "2650074000"				,"adongNm" : "망미1동"				,"stdrDt" : "2015-12-17"				}				,{				"ctprvnCd" : "26"				,"ctprvnNm" : "부산광역시"				,"signguCd" : "26500"				,"signguNm" : "수영구"				,"adongCd" : "2650075000"				,"adongNm" : "망미2동"				,"stdrDt" : "2015-12-17"				}				,{				"ctprvnCd" : "26"				,"ctprvnNm" : "부산광역시"				,"signguCd" : "26500"				,"signguNm" : "수영구"				,"adongCd" : "2650080000"				,"adongNm" : "민락동"				,"stdrDt" : "2015-12-17"				}				,{				"ctprvnCd" : "26"				,"ctprvnNm" : "부산광역시"				,"signguCd" : "26500"				,"signguNm" : "수영구"				,"adongCd" : "2650073000"				,"adongNm" : "수영동"				,"stdrDt" : "2015-12-17"				}			]	}}