{	"header" : {		"description" : "소상공인시장진흥공단 상권정보 행정동 코드"		,"columns" : ["시도코드","시도명","시군구코드","시군구명","행정동코드","행정동명","기준일자"]		,"resultCode" : "00"		,"resultMsg" : "NORMAL SERVICE"	},	"body" : {			"items" : [				{				"ctprvnCd" : "26"				,"ctprvnNm" : "부산광역시"				,"signguCd" : "26530"				,"signguNm" : "사상구"				,"adongCd" : "2653064500"				,"adongNm" : "감전동"				,"stdrDt" : "2015-12-17"				}				,{				"ctprvnCd" : "26"				,"ctprvnNm" : "부산광역시"				,"signguCd" : "26530"				,"signguNm" : "사상구"				,"adongCd" : "2653062000"				,"adongNm" : "괘법동"				,"stdrDt" : "2015-12-17"				}				,{				"ctprvnCd" : "26"				,"ctprvnNm" : "부산광역시"				,"signguCd" : "26530"				,"signguNm" : "사상구"				,"adongCd" : "2653060000"				,"adongNm" : "덕포1동"				,"stdrDt" : "2015-12-17"				}				,{				"ctprvnCd" : "26"				,"ctprvnNm" : "부산광역시"				,"signguCd" : "26530"				,"signguNm" : "사상구"				,"adongCd" : "2653061000"				,"adongNm" : "덕포2동"				,"stdrDt" : "2015-12-17"				}				,{				"ctprvnCd" : "26"				,"ctprvnNm" : "부산광역시"				,"signguCd" : "26530"				,"signguNm" : "사상구"				,"adongCd" : "2653059100"				,"adongNm" : "모라1동"				,"stdrDt" : "2015-12-17"				}				,{				"ctprvnCd" : "26"				,"ctprvnNm" : "부산광역시"				,"signguCd" : "26530"				,"signguNm" : "사상구"				,"adongCd" : "2653059300"				,"adongNm" : "모라3동"				,"stdrDt" : "2015-12-17"				}				,{				"ctprvnCd" : "26"				,"ctprvnNm" : "부산광역시"				,"signguCd" : "26530"				,"signguNm" : "사상구"				,"adongCd" : "2653058000"				,"adongNm" : "삼락동"				,"stdrDt" : "2015-12-17"				}				,{				"ctprvnCd" : "26"				,"ctprvnNm" : "부산광역시"				,"signguCd" : "26530"				,"signguNm" : "사상구"				,"adongCd" : "2653068000"				,"adongNm" : "엄궁동"				,"stdrDt" : "2015-12-17"				}				,{				"ctprvnCd" : "26"				,"ctprvnNm" : "부산광역시"				,"signguCd" : "26530"				,"signguNm" : "사상구"				,"adongCd" : "2653065000"				,"adongNm" : "주례1동"				,"stdrDt" : "2015-12-17"				}				,{				"ctprvnCd" : "26"				,"ctprvnNm" : "부산광역시"				,"signguCd" : "26530"				,"signguNm" : "사상구"				,"adongCd" : "2653066000"				,"adongNm" : "주례2동"				,"stdrDt" : "2015-12-17"				}				,{				"ctprvnCd" : "26"				,"ctprvnNm" : "부산광역시"				,"signguCd" : "26530"				,"signguNm" : "사상구"				,"adongCd" : "2653066100"				,"adongNm" : "주례3동"				,"stdrDt" : "2015-12-17"				}				,{				"ctprvnCd" : "26"				,"ctprvnNm" : "부산광역시"				,"signguCd" : "26530"				,"signguNm" : "사상구"				,"adongCd" : "2653067000"				,"adongNm" : "학장동"				,"stdrDt" : "2015-12-17"				}			]	}}