{	"header" : {		"description" : "소상공인시장진흥공단 상권정보 행정동 코드"		,"columns" : ["시도코드","시도명","시군구코드","시군구명","행정동코드","행정동명","기준일자"]		,"resultCode" : "00"		,"resultMsg" : "NORMAL SERVICE"	},	"body" : {			"items" : [				{				"ctprvnCd" : "26"				,"ctprvnNm" : "부산광역시"				,"signguCd" : "26710"				,"signguNm" : "기장군"				,"adongCd" : "2671025000"				,"adongNm" : "기장읍"				,"stdrDt" : "2015-12-17"				}				,{				"ctprvnCd" : "26"				,"ctprvnNm" : "부산광역시"				,"signguCd" : "26710"				,"signguNm" : "기장군"				,"adongCd" : "2671031000"				,"adongNm" : "일광면"				,"stdrDt" : "2015-12-17"				}				,{				"ctprvnCd" : "26"				,"ctprvnNm" : "부산광역시"				,"signguCd" : "26710"				,"signguNm" : "기장군"				,"adongCd" : "2671025300"				,"adongNm" : "장안읍"				,"stdrDt" : "2015-12-17"				}				,{				"ctprvnCd" : "26"				,"ctprvnNm" : "부산광역시"				,"signguCd" : "26710"				,"signguNm" : "기장군"				,"adongCd" : "2671025600"				,"adongNm" : "정관읍"				,"stdrDt" : "2015-12-17"				}				,{				"ctprvnCd" : "26"				,"ctprvnNm" : "부산광역시"				,"signguCd" : "26710"				,"signguNm" : "기장군"				,"adongCd" : "2671033000"				,"adongNm" : "철마면"				,"stdrDt" : "2015-12-17"				}			]	}}