{	"header" : {		"description" : "소상공인시장진흥공단 상권정보 행정동 코드"		,"columns" : ["시도코드","시도명","시군구코드","시군구명","행정동코드","행정동명","기준일자"]		,"resultCode" : "00"		,"resultMsg" : "NORMAL SERVICE"	},	"body" : {			"items" : [				{				"ctprvnCd" : "27"				,"ctprvnNm" : "대구광역시"				,"signguCd" : "27110"				,"signguNm" : "중구"				,"adongCd" : "2711064000"				,"adongNm" : "남산1동"				,"stdrDt" : "2015-12-17"				}				,{				"ctprvnCd" : "27"				,"ctprvnNm" : "대구광역시"				,"signguCd" : "27110"				,"signguNm" : "중구"				,"adongCd" : "2711065000"				,"adongNm" : "남산2동"				,"stdrDt" : "2015-12-17"				}				,{				"ctprvnCd" : "27"				,"ctprvnNm" : "대구광역시"				,"signguCd" : "27110"				,"signguNm" : "중구"				,"adongCd" : "2711066000"				,"adongNm" : "남산3동"				,"stdrDt" : "2015-12-17"				}				,{				"ctprvnCd" : "27"				,"ctprvnNm" : "대구광역시"				,"signguCd" : "27110"				,"signguNm" : "중구"				,"adongCd" : "2711067000"				,"adongNm" : "남산4동"				,"stdrDt" : "2015-12-17"				}				,{				"ctprvnCd" : "27"				,"ctprvnNm" : "대구광역시"				,"signguCd" : "27110"				,"signguNm" : "중구"				,"adongCd" : "2711068000"				,"adongNm" : "대봉1동"				,"stdrDt" : "2015-12-17"				}				,{				"ctprvnCd" : "27"				,"ctprvnNm" : "대구광역시"				,"signguCd" : "27110"				,"signguNm" : "중구"				,"adongCd" : "2711069000"				,"adongNm" : "대봉2동"				,"stdrDt" : "2015-12-17"				}				,{				"ctprvnCd" : "27"				,"ctprvnNm" : "대구광역시"				,"signguCd" : "27110"				,"signguNm" : "중구"				,"adongCd" : "2711059500"				,"adongNm" : "대신동"				,"stdrDt" : "2015-12-17"				}				,{				"ctprvnCd" : "27"				,"ctprvnNm" : "대구광역시"				,"signguCd" : "27110"				,"signguNm" : "중구"				,"adongCd" : "2711051700"				,"adongNm" : "동인동"				,"stdrDt" : "2015-12-17"				}				,{				"ctprvnCd" : "27"				,"ctprvnNm" : "대구광역시"				,"signguCd" : "27110"				,"signguNm" : "중구"				,"adongCd" : "2711054500"				,"adongNm" : "삼덕동"				,"stdrDt" : "2015-12-17"				}				,{				"ctprvnCd" : "27"				,"ctprvnNm" : "대구광역시"				,"signguCd" : "27110"				,"signguNm" : "중구"				,"adongCd" : "2711056500"				,"adongNm" : "성내1동"				,"stdrDt" : "2015-12-17"				}				,{				"ctprvnCd" : "27"				,"ctprvnNm" : "대구광역시"				,"signguCd" : "27110"				,"signguNm" : "중구"				,"adongCd" : "2711057500"				,"adongNm" : "성내2동"				,"stdrDt" : "2015-12-17"				}				,{				"ctprvnCd" : "27"				,"ctprvnNm" : "대구광역시"				,"signguCd" : "27110"				,"signguNm" : "중구"				,"adongCd" : "2711058500"				,"adongNm" : "성내3동"				,"stdrDt" : "2015-12-17"				}			]	}}