{	"header" : {		"description" : "소상공인시장진흥공단 상권정보 행정동 코드"		,"columns" : ["시도코드","시도명","시군구코드","시군구명","행정동코드","행정동명","기준일자"]		,"resultCode" : "00"		,"resultMsg" : "NORMAL SERVICE"	},	"body" : {			"items" : [				{				"ctprvnCd" : "27"				,"ctprvnNm" : "대구광역시"				,"signguCd" : "27140"				,"signguNm" : "동구"				,"adongCd" : "2714076000"				,"adongNm" : "공산동"				,"stdrDt" : "2015-12-17"				}				,{				"ctprvnCd" : "27"				,"ctprvnNm" : "대구광역시"				,"signguCd" : "27140"				,"signguNm" : "동구"				,"adongCd" : "2714061500"				,"adongNm" : "도평동"				,"stdrDt" : "2015-12-17"				}				,{				"ctprvnCd" : "27"				,"ctprvnNm" : "대구광역시"				,"signguCd" : "27140"				,"signguNm" : "동구"				,"adongCd" : "2714065500"				,"adongNm" : "동촌동"				,"stdrDt" : "2015-12-17"				}				,{				"ctprvnCd" : "27"				,"ctprvnNm" : "대구광역시"				,"signguCd" : "27140"				,"signguNm" : "동구"				,"adongCd" : "2714067000"				,"adongNm" : "방촌동"				,"stdrDt" : "2015-12-17"				}				,{				"ctprvnCd" : "27"				,"ctprvnNm" : "대구광역시"				,"signguCd" : "27140"				,"signguNm" : "동구"				,"adongCd" : "2714062000"				,"adongNm" : "불로.봉무동"				,"stdrDt" : "2015-12-17"				}				,{				"ctprvnCd" : "27"				,"ctprvnNm" : "대구광역시"				,"signguCd" : "27140"				,"signguNm" : "동구"				,"adongCd" : "2714051000"				,"adongNm" : "신암1동"				,"stdrDt" : "2015-12-17"				}				,{				"ctprvnCd" : "27"				,"ctprvnNm" : "대구광역시"				,"signguCd" : "27140"				,"signguNm" : "동구"				,"adongCd" : "2714052000"				,"adongNm" : "신암2동"				,"stdrDt" : "2015-12-17"				}				,{				"ctprvnCd" : "27"				,"ctprvnNm" : "대구광역시"				,"signguCd" : "27140"				,"signguNm" : "동구"				,"adongCd" : "2714053000"				,"adongNm" : "신암3동"				,"stdrDt" : "2015-12-17"				}				,{				"ctprvnCd" : "27"				,"ctprvnNm" : "대구광역시"				,"signguCd" : "27140"				,"signguNm" : "동구"				,"adongCd" : "2714054000"				,"adongNm" : "신암4동"				,"stdrDt" : "2015-12-17"				}				,{				"ctprvnCd" : "27"				,"ctprvnNm" : "대구광역시"				,"signguCd" : "27140"				,"signguNm" : "동구"				,"adongCd" : "2714054100"				,"adongNm" : "신암5동"				,"stdrDt" : "2015-12-17"				}				,{				"ctprvnCd" : "27"				,"ctprvnNm" : "대구광역시"				,"signguCd" : "27140"				,"signguNm" : "동구"				,"adongCd" : "2714055500"				,"adongNm" : "신천1.2동"				,"stdrDt" : "2015-12-17"				}				,{				"ctprvnCd" : "27"				,"ctprvnNm" : "대구광역시"				,"signguCd" : "27140"				,"signguNm" : "동구"				,"adongCd" : "2714057000"				,"adongNm" : "신천3동"				,"stdrDt" : "2015-12-17"				}				,{				"ctprvnCd" : "27"				,"ctprvnNm" : "대구광역시"				,"signguCd" : "27140"				,"signguNm" : "동구"				,"adongCd" : "2714058000"				,"adongNm" : "신천4동"				,"stdrDt" : "2015-12-17"				}				,{				"ctprvnCd" : "27"				,"ctprvnNm" : "대구광역시"				,"signguCd" : "27140"				,"signguNm" : "동구"				,"adongCd" : "2714072000"				,"adongNm" : "안심1동"				,"stdrDt" : "2015-12-17"				}				,{				"ctprvnCd" : "27"				,"ctprvnNm" : "대구광역시"				,"signguCd" : "27140"				,"signguNm" : "동구"				,"adongCd" : "2714073000"				,"adongNm" : "안심2동"				,"stdrDt" : "2015-12-17"				}				,{				"ctprvnCd" : "27"				,"ctprvnNm" : "대구광역시"				,"signguCd" : "27140"				,"signguNm" : "동구"				,"adongCd" : "2714074500"				,"adongNm" : "안심3.4동"				,"stdrDt" : "2015-12-17"				}				,{				"ctprvnCd" : "27"				,"ctprvnNm" : "대구광역시"				,"signguCd" : "27140"				,"signguNm" : "동구"				,"adongCd" : "2714064000"				,"adongNm" : "지저동"				,"stdrDt" : "2015-12-17"				}				,{				"ctprvnCd" : "27"				,"ctprvnNm" : "대구광역시"				,"signguCd" : "27140"				,"signguNm" : "동구"				,"adongCd" : "2714068500"				,"adongNm" : "해안동"				,"stdrDt" : "2015-12-17"				}				,{				"ctprvnCd" : "27"				,"ctprvnNm" : "대구광역시"				,"signguCd" : "27140"				,"signguNm" : "동구"				,"adongCd" : "2714059000"				,"adongNm" : "효목1동"				,"stdrDt" : "2015-12-17"				}				,{				"ctprvnCd" : "27"				,"ctprvnNm" : "대구광역시"				,"signguCd" : "27140"				,"signguNm" : "동구"				,"adongCd" : "2714060000"				,"adongNm" : "효목2동"				,"stdrDt" : "2015-12-17"				}			]	}}