{	"header" : {		"description" : "소상공인시장진흥공단 상권정보 행정동 코드"		,"columns" : ["시도코드","시도명","시군구코드","시군구명","행정동코드","행정동명","기준일자"]		,"resultCode" : "00"		,"resultMsg" : "NORMAL SERVICE"	},	"body" : {			"items" : [				{				"ctprvnCd" : "27"				,"ctprvnNm" : "대구광역시"				,"signguCd" : "27170"				,"signguNm" : "서구"				,"adongCd" : "2717051000"				,"adongNm" : "내당1동"				,"stdrDt" : "2015-12-17"				}				,{				"ctprvnCd" : "27"				,"ctprvnNm" : "대구광역시"				,"signguCd" : "27170"				,"signguNm" : "서구"				,"adongCd" : "2717052500"				,"adongNm" : "내당2.3동"				,"stdrDt" : "2015-12-17"				}				,{				"ctprvnCd" : "27"				,"ctprvnNm" : "대구광역시"				,"signguCd" : "27170"				,"signguNm" : "서구"				,"adongCd" : "2717054000"				,"adongNm" : "내당4동"				,"stdrDt" : "2015-12-17"				}				,{				"ctprvnCd" : "27"				,"ctprvnNm" : "대구광역시"				,"signguCd" : "27170"				,"signguNm" : "서구"				,"adongCd" : "2717055000"				,"adongNm" : "비산1동"				,"stdrDt" : "2015-12-17"				}				,{				"ctprvnCd" : "27"				,"ctprvnNm" : "대구광역시"				,"signguCd" : "27170"				,"signguNm" : "서구"				,"adongCd" : "2717056500"				,"adongNm" : "비산2.3동"				,"stdrDt" : "2015-12-17"				}				,{				"ctprvnCd" : "27"				,"ctprvnNm" : "대구광역시"				,"signguCd" : "27170"				,"signguNm" : "서구"				,"adongCd" : "2717058000"				,"adongNm" : "비산4동"				,"stdrDt" : "2015-12-17"				}				,{				"ctprvnCd" : "27"				,"ctprvnNm" : "대구광역시"				,"signguCd" : "27170"				,"signguNm" : "서구"				,"adongCd" : "2717059000"				,"adongNm" : "비산5동"				,"stdrDt" : "2015-12-17"				}				,{				"ctprvnCd" : "27"				,"ctprvnNm" : "대구광역시"				,"signguCd" : "27170"				,"signguNm" : "서구"				,"adongCd" : "2717060000"				,"adongNm" : "비산6동"				,"stdrDt" : "2015-12-17"				}				,{				"ctprvnCd" : "27"				,"ctprvnNm" : "대구광역시"				,"signguCd" : "27170"				,"signguNm" : "서구"				,"adongCd" : "2717061000"				,"adongNm" : "비산7동"				,"stdrDt" : "2015-12-17"				}				,{				"ctprvnCd" : "27"				,"ctprvnNm" : "대구광역시"				,"signguCd" : "27170"				,"signguNm" : "서구"				,"adongCd" : "2717067500"				,"adongNm" : "상중이동"				,"stdrDt" : "2015-12-17"				}				,{				"ctprvnCd" : "27"				,"ctprvnNm" : "대구광역시"				,"signguCd" : "27170"				,"signguNm" : "서구"				,"adongCd" : "2717069500"				,"adongNm" : "원대동"				,"stdrDt" : "2015-12-17"				}				,{				"ctprvnCd" : "27"				,"ctprvnNm" : "대구광역시"				,"signguCd" : "27170"				,"signguNm" : "서구"				,"adongCd" : "2717062000"				,"adongNm" : "평리1동"				,"stdrDt" : "2015-12-17"				}				,{				"ctprvnCd" : "27"				,"ctprvnNm" : "대구광역시"				,"signguCd" : "27170"				,"signguNm" : "서구"				,"adongCd" : "2717063000"				,"adongNm" : "평리2동"				,"stdrDt" : "2015-12-17"				}				,{				"ctprvnCd" : "27"				,"ctprvnNm" : "대구광역시"				,"signguCd" : "27170"				,"signguNm" : "서구"				,"adongCd" : "2717064000"				,"adongNm" : "평리3동"				,"stdrDt" : "2015-12-17"				}				,{				"ctprvnCd" : "27"				,"ctprvnNm" : "대구광역시"				,"signguCd" : "27170"				,"signguNm" : "서구"				,"adongCd" : "2717065000"				,"adongNm" : "평리4동"				,"stdrDt" : "2015-12-17"				}				,{				"ctprvnCd" : "27"				,"ctprvnNm" : "대구광역시"				,"signguCd" : "27170"				,"signguNm" : "서구"				,"adongCd" : "2717066000"				,"adongNm" : "평리5동"				,"stdrDt" : "2015-12-17"				}				,{				"ctprvnCd" : "27"				,"ctprvnNm" : "대구광역시"				,"signguCd" : "27170"				,"signguNm" : "서구"				,"adongCd" : "2717066100"				,"adongNm" : "평리6동"				,"stdrDt" : "2015-12-17"				}			]	}}