{	"header" : {		"description" : "소상공인시장진흥공단 상권정보 행정동 코드"		,"columns" : ["시도코드","시도명","시군구코드","시군구명","행정동코드","행정동명","기준일자"]		,"resultCode" : "00"		,"resultMsg" : "NORMAL SERVICE"	},	"body" : {			"items" : [				{				"ctprvnCd" : "27"				,"ctprvnNm" : "대구광역시"				,"signguCd" : "27200"				,"signguNm" : "남구"				,"adongCd" : "2720065000"				,"adongNm" : "대명10동"				,"stdrDt" : "2015-12-17"				}				,{				"ctprvnCd" : "27"				,"ctprvnNm" : "대구광역시"				,"signguCd" : "27200"				,"signguNm" : "남구"				,"adongCd" : "2720066000"				,"adongNm" : "대명11동"				,"stdrDt" : "2015-12-17"				}				,{				"ctprvnCd" : "27"				,"ctprvnNm" : "대구광역시"				,"signguCd" : "27200"				,"signguNm" : "남구"				,"adongCd" : "2720056000"				,"adongNm" : "대명1동"				,"stdrDt" : "2015-12-17"				}				,{				"ctprvnCd" : "27"				,"ctprvnNm" : "대구광역시"				,"signguCd" : "27200"				,"signguNm" : "남구"				,"adongCd" : "2720057100"				,"adongNm" : "대명2동"				,"stdrDt" : "2015-12-17"				}				,{				"ctprvnCd" : "27"				,"ctprvnNm" : "대구광역시"				,"signguCd" : "27200"				,"signguNm" : "남구"				,"adongCd" : "2720058600"				,"adongNm" : "대명3동"				,"stdrDt" : "2015-12-17"				}				,{				"ctprvnCd" : "27"				,"ctprvnNm" : "대구광역시"				,"signguCd" : "27200"				,"signguNm" : "남구"				,"adongCd" : "2720059000"				,"adongNm" : "대명4동"				,"stdrDt" : "2015-12-17"				}				,{				"ctprvnCd" : "27"				,"ctprvnNm" : "대구광역시"				,"signguCd" : "27200"				,"signguNm" : "남구"				,"adongCd" : "2720060000"				,"adongNm" : "대명5동"				,"stdrDt" : "2015-12-17"				}				,{				"ctprvnCd" : "27"				,"ctprvnNm" : "대구광역시"				,"signguCd" : "27200"				,"signguNm" : "남구"				,"adongCd" : "2720061000"				,"adongNm" : "대명6동"				,"stdrDt" : "2015-12-17"				}				,{				"ctprvnCd" : "27"				,"ctprvnNm" : "대구광역시"				,"signguCd" : "27200"				,"signguNm" : "남구"				,"adongCd" : "2720064000"				,"adongNm" : "대명9동"				,"stdrDt" : "2015-12-17"				}				,{				"ctprvnCd" : "27"				,"ctprvnNm" : "대구광역시"				,"signguCd" : "27200"				,"signguNm" : "남구"				,"adongCd" : "2720053000"				,"adongNm" : "봉덕1동"				,"stdrDt" : "2015-12-17"				}				,{				"ctprvnCd" : "27"				,"ctprvnNm" : "대구광역시"				,"signguCd" : "27200"				,"signguNm" : "남구"				,"adongCd" : "2720054000"				,"adongNm" : "봉덕2동"				,"stdrDt" : "2015-12-17"				}				,{				"ctprvnCd" : "27"				,"ctprvnNm" : "대구광역시"				,"signguCd" : "27200"				,"signguNm" : "남구"				,"adongCd" : "2720055000"				,"adongNm" : "봉덕3동"				,"stdrDt" : "2015-12-17"				}				,{				"ctprvnCd" : "27"				,"ctprvnNm" : "대구광역시"				,"signguCd" : "27200"				,"signguNm" : "남구"				,"adongCd" : "2720051500"				,"adongNm" : "이천동"				,"stdrDt" : "2015-12-17"				}			]	}}