{	"header" : {		"description" : "소상공인시장진흥공단 상권정보 행정동 코드"		,"columns" : ["시도코드","시도명","시군구코드","시군구명","행정동코드","행정동명","기준일자"]		,"resultCode" : "00"		,"resultMsg" : "NORMAL SERVICE"	},	"body" : {			"items" : [				{				"ctprvnCd" : "27"				,"ctprvnNm" : "대구광역시"				,"signguCd" : "27230"				,"signguNm" : "북구"				,"adongCd" : "2723068000"				,"adongNm" : "검단동"				,"stdrDt" : "2015-12-17"				}				,{				"ctprvnCd" : "27"				,"ctprvnNm" : "대구광역시"				,"signguCd" : "27230"				,"signguNm" : "북구"				,"adongCd" : "2723051000"				,"adongNm" : "고성동"				,"stdrDt" : "2015-12-17"				}				,{				"ctprvnCd" : "27"				,"ctprvnNm" : "대구광역시"				,"signguCd" : "27230"				,"signguNm" : "북구"				,"adongCd" : "2723071500"				,"adongNm" : "관문동"				,"stdrDt" : "2015-12-17"				}				,{				"ctprvnCd" : "27"				,"ctprvnNm" : "대구광역시"				,"signguCd" : "27230"				,"signguNm" : "북구"				,"adongCd" : "2723075000"				,"adongNm" : "관음동"				,"stdrDt" : "2015-12-17"				}				,{				"ctprvnCd" : "27"				,"ctprvnNm" : "대구광역시"				,"signguCd" : "27230"				,"signguNm" : "북구"				,"adongCd" : "2723074500"				,"adongNm" : "구암동"				,"stdrDt" : "2015-12-17"				}				,{				"ctprvnCd" : "27"				,"ctprvnNm" : "대구광역시"				,"signguCd" : "27230"				,"signguNm" : "북구"				,"adongCd" : "2723080000"				,"adongNm" : "국우동"				,"stdrDt" : "2015-12-17"				}				,{				"ctprvnCd" : "27"				,"ctprvnNm" : "대구광역시"				,"signguCd" : "27230"				,"signguNm" : "북구"				,"adongCd" : "2723079000"				,"adongNm" : "노원동"				,"stdrDt" : "2015-12-17"				}				,{				"ctprvnCd" : "27"				,"ctprvnNm" : "대구광역시"				,"signguCd" : "27230"				,"signguNm" : "북구"				,"adongCd" : "2723064500"				,"adongNm" : "대현동"				,"stdrDt" : "2015-12-17"				}				,{				"ctprvnCd" : "27"				,"ctprvnNm" : "대구광역시"				,"signguCd" : "27230"				,"signguNm" : "북구"				,"adongCd" : "2723078000"				,"adongNm" : "동천동"				,"stdrDt" : "2015-12-17"				}				,{				"ctprvnCd" : "27"				,"ctprvnNm" : "대구광역시"				,"signguCd" : "27230"				,"signguNm" : "북구"				,"adongCd" : "2723069500"				,"adongNm" : "무태조야동"				,"stdrDt" : "2015-12-17"				}				,{				"ctprvnCd" : "27"				,"ctprvnNm" : "대구광역시"				,"signguCd" : "27230"				,"signguNm" : "북구"				,"adongCd" : "2723067100"				,"adongNm" : "복현1동"				,"stdrDt" : "2015-12-17"				}				,{				"ctprvnCd" : "27"				,"ctprvnNm" : "대구광역시"				,"signguCd" : "27230"				,"signguNm" : "북구"				,"adongCd" : "2723067200"				,"adongNm" : "복현2동"				,"stdrDt" : "2015-12-17"				}				,{				"ctprvnCd" : "27"				,"ctprvnNm" : "대구광역시"				,"signguCd" : "27230"				,"signguNm" : "북구"				,"adongCd" : "2723061000"				,"adongNm" : "산격1동"				,"stdrDt" : "2015-12-17"				}				,{				"ctprvnCd" : "27"				,"ctprvnNm" : "대구광역시"				,"signguCd" : "27230"				,"signguNm" : "북구"				,"adongCd" : "2723062000"				,"adongNm" : "산격2동"				,"stdrDt" : "2015-12-17"				}				,{				"ctprvnCd" : "27"				,"ctprvnNm" : "대구광역시"				,"signguCd" : "27230"				,"signguNm" : "북구"				,"adongCd" : "2723063000"				,"adongNm" : "산격3동"				,"stdrDt" : "2015-12-17"				}				,{				"ctprvnCd" : "27"				,"ctprvnNm" : "대구광역시"				,"signguCd" : "27230"				,"signguNm" : "북구"				,"adongCd" : "2723063100"				,"adongNm" : "산격4동"				,"stdrDt" : "2015-12-17"				}				,{				"ctprvnCd" : "27"				,"ctprvnNm" : "대구광역시"				,"signguCd" : "27230"				,"signguNm" : "북구"				,"adongCd" : "2723077000"				,"adongNm" : "읍내동"				,"stdrDt" : "2015-12-17"				}				,{				"ctprvnCd" : "27"				,"ctprvnNm" : "대구광역시"				,"signguCd" : "27230"				,"signguNm" : "북구"				,"adongCd" : "2723052600"				,"adongNm" : "칠성동"				,"stdrDt" : "2015-12-17"				}				,{				"ctprvnCd" : "27"				,"ctprvnNm" : "대구광역시"				,"signguCd" : "27230"				,"signguNm" : "북구"				,"adongCd" : "2723055000"				,"adongNm" : "침산1동"				,"stdrDt" : "2015-12-17"				}				,{				"ctprvnCd" : "27"				,"ctprvnNm" : "대구광역시"				,"signguCd" : "27230"				,"signguNm" : "북구"				,"adongCd" : "2723056000"				,"adongNm" : "침산2동"				,"stdrDt" : "2015-12-17"				}				,{				"ctprvnCd" : "27"				,"ctprvnNm" : "대구광역시"				,"signguCd" : "27230"				,"signguNm" : "북구"				,"adongCd" : "2723057000"				,"adongNm" : "침산3동"				,"stdrDt" : "2015-12-17"				}				,{				"ctprvnCd" : "27"				,"ctprvnNm" : "대구광역시"				,"signguCd" : "27230"				,"signguNm" : "북구"				,"adongCd" : "2723072500"				,"adongNm" : "태전1동"				,"stdrDt" : "2015-12-17"				}				,{				"ctprvnCd" : "27"				,"ctprvnNm" : "대구광역시"				,"signguCd" : "27230"				,"signguNm" : "북구"				,"adongCd" : "2723073500"				,"adongNm" : "태전2동"				,"stdrDt" : "2015-12-17"				}			]	}}