{	"header" : {		"description" : "소상공인시장진흥공단 상권정보 행정동 코드"		,"columns" : ["시도코드","시도명","시군구코드","시군구명","행정동코드","행정동명","기준일자"]		,"resultCode" : "00"		,"resultMsg" : "NORMAL SERVICE"	},	"body" : {			"items" : [				{				"ctprvnCd" : "27"				,"ctprvnNm" : "대구광역시"				,"signguCd" : "27260"				,"signguNm" : "수성구"				,"adongCd" : "2726067000"				,"adongNm" : "고산1동"				,"stdrDt" : "2015-12-17"				}				,{				"ctprvnCd" : "27"				,"ctprvnNm" : "대구광역시"				,"signguCd" : "27260"				,"signguNm" : "수성구"				,"adongCd" : "2726068000"				,"adongNm" : "고산2동"				,"stdrDt" : "2015-12-17"				}				,{				"ctprvnCd" : "27"				,"ctprvnNm" : "대구광역시"				,"signguCd" : "27260"				,"signguNm" : "수성구"				,"adongCd" : "2726069000"				,"adongNm" : "고산3동"				,"stdrDt" : "2015-12-17"				}				,{				"ctprvnCd" : "27"				,"ctprvnNm" : "대구광역시"				,"signguCd" : "27260"				,"signguNm" : "수성구"				,"adongCd" : "2726064000"				,"adongNm" : "두산동"				,"stdrDt" : "2015-12-17"				}				,{				"ctprvnCd" : "27"				,"ctprvnNm" : "대구광역시"				,"signguCd" : "27260"				,"signguNm" : "수성구"				,"adongCd" : "2726055000"				,"adongNm" : "만촌1동"				,"stdrDt" : "2015-12-17"				}				,{				"ctprvnCd" : "27"				,"ctprvnNm" : "대구광역시"				,"signguCd" : "27260"				,"signguNm" : "수성구"				,"adongCd" : "2726056000"				,"adongNm" : "만촌2동"				,"stdrDt" : "2015-12-17"				}				,{				"ctprvnCd" : "27"				,"ctprvnNm" : "대구광역시"				,"signguCd" : "27260"				,"signguNm" : "수성구"				,"adongCd" : "2726056100"				,"adongNm" : "만촌3동"				,"stdrDt" : "2015-12-17"				}				,{				"ctprvnCd" : "27"				,"ctprvnNm" : "대구광역시"				,"signguCd" : "27260"				,"signguNm" : "수성구"				,"adongCd" : "2726066100"				,"adongNm" : "범물1동"				,"stdrDt" : "2015-12-17"				}				,{				"ctprvnCd" : "27"				,"ctprvnNm" : "대구광역시"				,"signguCd" : "27260"				,"signguNm" : "수성구"				,"adongCd" : "2726066200"				,"adongNm" : "범물2동"				,"stdrDt" : "2015-12-17"				}				,{				"ctprvnCd" : "27"				,"ctprvnNm" : "대구광역시"				,"signguCd" : "27260"				,"signguNm" : "수성구"				,"adongCd" : "2726051000"				,"adongNm" : "범어1동"				,"stdrDt" : "2015-12-17"				}				,{				"ctprvnCd" : "27"				,"ctprvnNm" : "대구광역시"				,"signguCd" : "27260"				,"signguNm" : "수성구"				,"adongCd" : "2726052000"				,"adongNm" : "범어2동"				,"stdrDt" : "2015-12-17"				}				,{				"ctprvnCd" : "27"				,"ctprvnNm" : "대구광역시"				,"signguCd" : "27260"				,"signguNm" : "수성구"				,"adongCd" : "2726053000"				,"adongNm" : "범어3동"				,"stdrDt" : "2015-12-17"				}				,{				"ctprvnCd" : "27"				,"ctprvnNm" : "대구광역시"				,"signguCd" : "27260"				,"signguNm" : "수성구"				,"adongCd" : "2726054000"				,"adongNm" : "범어4동"				,"stdrDt" : "2015-12-17"				}				,{				"ctprvnCd" : "27"				,"ctprvnNm" : "대구광역시"				,"signguCd" : "27260"				,"signguNm" : "수성구"				,"adongCd" : "2726062000"				,"adongNm" : "상동"				,"stdrDt" : "2015-12-17"				}				,{				"ctprvnCd" : "27"				,"ctprvnNm" : "대구광역시"				,"signguCd" : "27260"				,"signguNm" : "수성구"				,"adongCd" : "2726057000"				,"adongNm" : "수성1가동"				,"stdrDt" : "2015-12-17"				}				,{				"ctprvnCd" : "27"				,"ctprvnNm" : "대구광역시"				,"signguCd" : "27260"				,"signguNm" : "수성구"				,"adongCd" : "2726058000"				,"adongNm" : "수성2.3가동"				,"stdrDt" : "2015-12-17"				}				,{				"ctprvnCd" : "27"				,"ctprvnNm" : "대구광역시"				,"signguCd" : "27260"				,"signguNm" : "수성구"				,"adongCd" : "2726059000"				,"adongNm" : "수성4가동"				,"stdrDt" : "2015-12-17"				}				,{				"ctprvnCd" : "27"				,"ctprvnNm" : "대구광역시"				,"signguCd" : "27260"				,"signguNm" : "수성구"				,"adongCd" : "2726061000"				,"adongNm" : "중동"				,"stdrDt" : "2015-12-17"				}				,{				"ctprvnCd" : "27"				,"ctprvnNm" : "대구광역시"				,"signguCd" : "27260"				,"signguNm" : "수성구"				,"adongCd" : "2726065100"				,"adongNm" : "지산1동"				,"stdrDt" : "2015-12-17"				}				,{				"ctprvnCd" : "27"				,"ctprvnNm" : "대구광역시"				,"signguCd" : "27260"				,"signguNm" : "수성구"				,"adongCd" : "2726065200"				,"adongNm" : "지산2동"				,"stdrDt" : "2015-12-17"				}				,{				"ctprvnCd" : "27"				,"ctprvnNm" : "대구광역시"				,"signguCd" : "27260"				,"signguNm" : "수성구"				,"adongCd" : "2726063000"				,"adongNm" : "파동"				,"stdrDt" : "2015-12-17"				}				,{				"ctprvnCd" : "27"				,"ctprvnNm" : "대구광역시"				,"signguCd" : "27260"				,"signguNm" : "수성구"				,"adongCd" : "2726060100"				,"adongNm" : "황금1동"				,"stdrDt" : "2015-12-17"				}				,{				"ctprvnCd" : "27"				,"ctprvnNm" : "대구광역시"				,"signguCd" : "27260"				,"signguNm" : "수성구"				,"adongCd" : "2726060200"				,"adongNm" : "황금2동"				,"stdrDt" : "2015-12-17"				}			]	}}