{	"header" : {		"description" : "소상공인시장진흥공단 상권정보 행정동 코드"		,"columns" : ["시도코드","시도명","시군구코드","시군구명","행정동코드","행정동명","기준일자"]		,"resultCode" : "00"		,"resultMsg" : "NORMAL SERVICE"	},	"body" : {			"items" : [				{				"ctprvnCd" : "27"				,"ctprvnNm" : "대구광역시"				,"signguCd" : "27290"				,"signguNm" : "달서구"				,"adongCd" : "2729055500"				,"adongNm" : "감삼동"				,"stdrDt" : "2015-12-17"				}				,{				"ctprvnCd" : "27"				,"ctprvnNm" : "대구광역시"				,"signguCd" : "27290"				,"signguNm" : "달서구"				,"adongCd" : "2729062800"				,"adongNm" : "도원동"				,"stdrDt" : "2015-12-17"				}				,{				"ctprvnCd" : "27"				,"ctprvnNm" : "대구광역시"				,"signguCd" : "27290"				,"signguNm" : "달서구"				,"adongCd" : "2729053500"				,"adongNm" : "두류1.2동"				,"stdrDt" : "2015-12-17"				}				,{				"ctprvnCd" : "27"				,"ctprvnNm" : "대구광역시"				,"signguCd" : "27290"				,"signguNm" : "달서구"				,"adongCd" : "2729055000"				,"adongNm" : "두류3동"				,"stdrDt" : "2015-12-17"				}				,{				"ctprvnCd" : "27"				,"ctprvnNm" : "대구광역시"				,"signguCd" : "27290"				,"signguNm" : "달서구"				,"adongCd" : "2729065000"				,"adongNm" : "본동"				,"stdrDt" : "2015-12-17"				}				,{				"ctprvnCd" : "27"				,"ctprvnNm" : "대구광역시"				,"signguCd" : "27290"				,"signguNm" : "달서구"				,"adongCd" : "2729059000"				,"adongNm" : "본리동"				,"stdrDt" : "2015-12-17"				}				,{				"ctprvnCd" : "27"				,"ctprvnNm" : "대구광역시"				,"signguCd" : "27290"				,"signguNm" : "달서구"				,"adongCd" : "2729062400"				,"adongNm" : "상인1동"				,"stdrDt" : "2015-12-17"				}				,{				"ctprvnCd" : "27"				,"ctprvnNm" : "대구광역시"				,"signguCd" : "27290"				,"signguNm" : "달서구"				,"adongCd" : "2729062500"				,"adongNm" : "상인2동"				,"stdrDt" : "2015-12-17"				}				,{				"ctprvnCd" : "27"				,"ctprvnNm" : "대구광역시"				,"signguCd" : "27290"				,"signguNm" : "달서구"				,"adongCd" : "2729062600"				,"adongNm" : "상인3동"				,"stdrDt" : "2015-12-17"				}				,{				"ctprvnCd" : "27"				,"ctprvnNm" : "대구광역시"				,"signguCd" : "27290"				,"signguNm" : "달서구"				,"adongCd" : "2729051500"				,"adongNm" : "성당동"				,"stdrDt" : "2015-12-17"				}				,{				"ctprvnCd" : "27"				,"ctprvnNm" : "대구광역시"				,"signguCd" : "27290"				,"signguNm" : "달서구"				,"adongCd" : "2729063000"				,"adongNm" : "송현1동"				,"stdrDt" : "2015-12-17"				}				,{				"ctprvnCd" : "27"				,"ctprvnNm" : "대구광역시"				,"signguCd" : "27290"				,"signguNm" : "달서구"				,"adongCd" : "2729064000"				,"adongNm" : "송현2동"				,"stdrDt" : "2015-12-17"				}				,{				"ctprvnCd" : "27"				,"ctprvnNm" : "대구광역시"				,"signguCd" : "27290"				,"signguNm" : "달서구"				,"adongCd" : "2729058500"				,"adongNm" : "신당동"				,"stdrDt" : "2015-12-17"				}				,{				"ctprvnCd" : "27"				,"ctprvnNm" : "대구광역시"				,"signguCd" : "27290"				,"signguNm" : "달서구"				,"adongCd" : "2729057100"				,"adongNm" : "용산1동"				,"stdrDt" : "2015-12-17"				}				,{				"ctprvnCd" : "27"				,"ctprvnNm" : "대구광역시"				,"signguCd" : "27290"				,"signguNm" : "달서구"				,"adongCd" : "2729057200"				,"adongNm" : "용산2동"				,"stdrDt" : "2015-12-17"				}				,{				"ctprvnCd" : "27"				,"ctprvnNm" : "대구광역시"				,"signguCd" : "27290"				,"signguNm" : "달서구"				,"adongCd" : "2729060100"				,"adongNm" : "월성1동"				,"stdrDt" : "2015-12-17"				}				,{				"ctprvnCd" : "27"				,"ctprvnNm" : "대구광역시"				,"signguCd" : "27290"				,"signguNm" : "달서구"				,"adongCd" : "2729060200"				,"adongNm" : "월성2동"				,"stdrDt" : "2015-12-17"				}				,{				"ctprvnCd" : "27"				,"ctprvnNm" : "대구광역시"				,"signguCd" : "27290"				,"signguNm" : "달서구"				,"adongCd" : "2729057600"				,"adongNm" : "이곡1동"				,"stdrDt" : "2015-12-17"				}				,{				"ctprvnCd" : "27"				,"ctprvnNm" : "대구광역시"				,"signguCd" : "27290"				,"signguNm" : "달서구"				,"adongCd" : "2729057700"				,"adongNm" : "이곡2동"				,"stdrDt" : "2015-12-17"				}				,{				"ctprvnCd" : "27"				,"ctprvnNm" : "대구광역시"				,"signguCd" : "27290"				,"signguNm" : "달서구"				,"adongCd" : "2729056800"				,"adongNm" : "장기동"				,"stdrDt" : "2015-12-17"				}				,{				"ctprvnCd" : "27"				,"ctprvnNm" : "대구광역시"				,"signguCd" : "27290"				,"signguNm" : "달서구"				,"adongCd" : "2729056300"				,"adongNm" : "죽전동"				,"stdrDt" : "2015-12-17"				}				,{				"ctprvnCd" : "27"				,"ctprvnNm" : "대구광역시"				,"signguCd" : "27290"				,"signguNm" : "달서구"				,"adongCd" : "2729061500"				,"adongNm" : "진천동"				,"stdrDt" : "2015-12-17"				}			]	}}