{	"header" : {		"description" : "소상공인시장진흥공단 상권정보 행정동 코드"		,"columns" : ["시도코드","시도명","시군구코드","시군구명","행정동코드","행정동명","기준일자"]		,"resultCode" : "00"		,"resultMsg" : "NORMAL SERVICE"	},	"body" : {			"items" : [				{				"ctprvnCd" : "27"				,"ctprvnNm" : "대구광역시"				,"signguCd" : "27710"				,"signguNm" : "달성군"				,"adongCd" : "2771031000"				,"adongNm" : "가창면"				,"stdrDt" : "2015-12-17"				}				,{				"ctprvnCd" : "27"				,"ctprvnNm" : "대구광역시"				,"signguCd" : "27710"				,"signguNm" : "달성군"				,"adongCd" : "2771038000"				,"adongNm" : "구지면"				,"stdrDt" : "2015-12-17"				}				,{				"ctprvnCd" : "27"				,"ctprvnNm" : "대구광역시"				,"signguCd" : "27710"				,"signguNm" : "달성군"				,"adongCd" : "2771025300"				,"adongNm" : "논공읍"				,"stdrDt" : "2015-12-17"				}				,{				"ctprvnCd" : "27"				,"ctprvnNm" : "대구광역시"				,"signguCd" : "27710"				,"signguNm" : "달성군"				,"adongCd" : "2771025600"				,"adongNm" : "다사읍"				,"stdrDt" : "2015-12-17"				}				,{				"ctprvnCd" : "27"				,"ctprvnNm" : "대구광역시"				,"signguCd" : "27710"				,"signguNm" : "달성군"				,"adongCd" : "2771026200"				,"adongNm" : "옥포읍"				,"stdrDt" : "2015-12-17"				}				,{				"ctprvnCd" : "27"				,"ctprvnNm" : "대구광역시"				,"signguCd" : "27710"				,"signguNm" : "달성군"				,"adongCd" : "2771025900"				,"adongNm" : "유가읍"				,"stdrDt" : "2015-12-17"				}				,{				"ctprvnCd" : "27"				,"ctprvnNm" : "대구광역시"				,"signguCd" : "27710"				,"signguNm" : "달성군"				,"adongCd" : "2771033000"				,"adongNm" : "하빈면"				,"stdrDt" : "2015-12-17"				}				,{				"ctprvnCd" : "27"				,"ctprvnNm" : "대구광역시"				,"signguCd" : "27710"				,"signguNm" : "달성군"				,"adongCd" : "2771026500"				,"adongNm" : "현풍읍"				,"stdrDt" : "2015-12-17"				}				,{				"ctprvnCd" : "27"				,"ctprvnNm" : "대구광역시"				,"signguCd" : "27710"				,"signguNm" : "달성군"				,"adongCd" : "2771025000"				,"adongNm" : "화원읍"				,"stdrDt" : "2015-12-17"				}			]	}}