{	"header" : {		"description" : "소상공인시장진흥공단 상권정보 시군구 코드"		,"columns" : ["시도코드","시도명","시군구코드","시군구명","기준일자"]		,"resultCode" : "00"		,"resultMsg" : "NORMAL SERVICE"	},	"body" : {			"items" : [				{				"ctprvnCd" : "28"				,"ctprvnNm" : "인천광역시"				,"signguCd" : "28710"				,"signguNm" : "강화군"				,"stdrDt" : "2015-12-17"				}				,{				"ctprvnCd" : "28"				,"ctprvnNm" : "인천광역시"				,"signguCd" : "28245"				,"signguNm" : "계양구"				,"stdrDt" : "2015-12-17"				}				,{				"ctprvnCd" : "28"				,"ctprvnNm" : "인천광역시"				,"signguCd" : "28200"				,"signguNm" : "남동구"				,"stdrDt" : "2015-12-17"				}				,{				"ctprvnCd" : "28"				,"ctprvnNm" : "인천광역시"				,"signguCd" : "28140"				,"signguNm" : "동구"				,"stdrDt" : "2015-12-17"				}				,{				"ctprvnCd" : "28"				,"ctprvnNm" : "인천광역시"				,"signguCd" : "28177"				,"signguNm" : "미추홀구"				,"stdrDt" : "2015-12-17"				}				,{				"ctprvnCd" : "28"				,"ctprvnNm" : "인천광역시"				,"signguCd" : "28237"				,"signguNm" : "부평구"				,"stdrDt" : "2015-12-17"				}				,{				"ctprvnCd" : "28"				,"ctprvnNm" : "인천광역시"				,"signguCd" : "28260"				,"signguNm" : "서구"				,"stdrDt" : "2015-12-17"				}				,{				"ctprvnCd" : "28"				,"ctprvnNm" : "인천광역시"				,"signguCd" : "28185"				,"signguNm" : "연수구"				,"stdrDt" : "2015-12-17"				}				,{				"ctprvnCd" : "28"				,"ctprvnNm" : "인천광역시"				,"signguCd" : "28720"				,"signguNm" : "옹진군"				,"stdrDt" : "2015-12-17"				}				,{				"ctprvnCd" : "28"				,"ctprvnNm" : "인천광역시"				,"signguCd" : "28110"				,"signguNm" : "중구"				,"stdrDt" : "2015-12-17"				}			]	}}