{	"header" : {		"description" : "소상공인시장진흥공단 상권정보 행정동 코드"		,"columns" : ["시도코드","시도명","시군구코드","시군구명","행정동코드","행정동명","기준일자"]		,"resultCode" : "00"		,"resultMsg" : "NORMAL SERVICE"	},	"body" : {			"items" : [				{				"ctprvnCd" : "28"				,"ctprvnNm" : "인천광역시"				,"signguCd" : "28110"				,"signguNm" : "중구"				,"adongCd" : "2811056000"				,"adongNm" : "도원동"				,"stdrDt" : "2015-12-17"				}				,{				"ctprvnCd" : "28"				,"ctprvnNm" : "인천광역시"				,"signguCd" : "28110"				,"signguNm" : "중구"				,"adongCd" : "2811058500"				,"adongNm" : "동인천동"				,"stdrDt" : "2015-12-17"				}				,{				"ctprvnCd" : "28"				,"ctprvnNm" : "인천광역시"				,"signguCd" : "28110"				,"signguNm" : "중구"				,"adongCd" : "2811060000"				,"adongNm" : "북성동"				,"stdrDt" : "2015-12-17"				}				,{				"ctprvnCd" : "28"				,"ctprvnNm" : "인천광역시"				,"signguCd" : "28110"				,"signguNm" : "중구"				,"adongCd" : "2811061000"				,"adongNm" : "송월동"				,"stdrDt" : "2015-12-17"				}				,{				"ctprvnCd" : "28"				,"ctprvnNm" : "인천광역시"				,"signguCd" : "28110"				,"signguNm" : "중구"				,"adongCd" : "2811053000"				,"adongNm" : "신포동"				,"stdrDt" : "2015-12-17"				}				,{				"ctprvnCd" : "28"				,"ctprvnNm" : "인천광역시"				,"signguCd" : "28110"				,"signguNm" : "중구"				,"adongCd" : "2811054000"				,"adongNm" : "신흥동"				,"stdrDt" : "2015-12-17"				}				,{				"ctprvnCd" : "28"				,"ctprvnNm" : "인천광역시"				,"signguCd" : "28110"				,"signguNm" : "중구"				,"adongCd" : "2811052000"				,"adongNm" : "연안동"				,"stdrDt" : "2015-12-17"				}				,{				"ctprvnCd" : "28"				,"ctprvnNm" : "인천광역시"				,"signguCd" : "28110"				,"signguNm" : "중구"				,"adongCd" : "2811062200"				,"adongNm" : "영종1동"				,"stdrDt" : "2015-12-17"				}				,{				"ctprvnCd" : "28"				,"ctprvnNm" : "인천광역시"				,"signguCd" : "28110"				,"signguNm" : "중구"				,"adongCd" : "2811062000"				,"adongNm" : "영종동"				,"stdrDt" : "2015-12-17"				}				,{				"ctprvnCd" : "28"				,"ctprvnNm" : "인천광역시"				,"signguCd" : "28110"				,"signguNm" : "중구"				,"adongCd" : "2811063000"				,"adongNm" : "용유동"				,"stdrDt" : "2015-12-17"				}				,{				"ctprvnCd" : "28"				,"ctprvnNm" : "인천광역시"				,"signguCd" : "28110"				,"signguNm" : "중구"				,"adongCd" : "2811062800"				,"adongNm" : "운서동"				,"stdrDt" : "2015-12-17"				}				,{				"ctprvnCd" : "28"				,"ctprvnNm" : "인천광역시"				,"signguCd" : "28110"				,"signguNm" : "중구"				,"adongCd" : "2811057000"				,"adongNm" : "율목동"				,"stdrDt" : "2015-12-17"				}			]	}}