{	"header" : {		"description" : "소상공인시장진흥공단 상권정보 행정동 코드"		,"columns" : ["시도코드","시도명","시군구코드","시군구명","행정동코드","행정동명","기준일자"]		,"resultCode" : "00"		,"resultMsg" : "NORMAL SERVICE"	},	"body" : {			"items" : [				{				"ctprvnCd" : "28"				,"ctprvnNm" : "인천광역시"				,"signguCd" : "28140"				,"signguNm" : "동구"				,"adongCd" : "2814064000"				,"adongNm" : "금창동"				,"stdrDt" : "2015-12-17"				}				,{				"ctprvnCd" : "28"				,"ctprvnNm" : "인천광역시"				,"signguCd" : "28140"				,"signguNm" : "동구"				,"adongCd" : "2814051000"				,"adongNm" : "만석동"				,"stdrDt" : "2015-12-17"				}				,{				"ctprvnCd" : "28"				,"ctprvnNm" : "인천광역시"				,"signguCd" : "28140"				,"signguNm" : "동구"				,"adongCd" : "2814058000"				,"adongNm" : "송림1동"				,"stdrDt" : "2015-12-17"				}				,{				"ctprvnCd" : "28"				,"ctprvnNm" : "인천광역시"				,"signguCd" : "28140"				,"signguNm" : "동구"				,"adongCd" : "2814059000"				,"adongNm" : "송림2동"				,"stdrDt" : "2015-12-17"				}				,{				"ctprvnCd" : "28"				,"ctprvnNm" : "인천광역시"				,"signguCd" : "28140"				,"signguNm" : "동구"				,"adongCd" : "2814060500"				,"adongNm" : "송림3.5동"				,"stdrDt" : "2015-12-17"				}				,{				"ctprvnCd" : "28"				,"ctprvnNm" : "인천광역시"				,"signguCd" : "28140"				,"signguNm" : "동구"				,"adongCd" : "2814061000"				,"adongNm" : "송림4동"				,"stdrDt" : "2015-12-17"				}				,{				"ctprvnCd" : "28"				,"ctprvnNm" : "인천광역시"				,"signguCd" : "28140"				,"signguNm" : "동구"				,"adongCd" : "2814063000"				,"adongNm" : "송림6동"				,"stdrDt" : "2015-12-17"				}				,{				"ctprvnCd" : "28"				,"ctprvnNm" : "인천광역시"				,"signguCd" : "28140"				,"signguNm" : "동구"				,"adongCd" : "2814055500"				,"adongNm" : "송현1.2동"				,"stdrDt" : "2015-12-17"				}				,{				"ctprvnCd" : "28"				,"ctprvnNm" : "인천광역시"				,"signguCd" : "28140"				,"signguNm" : "동구"				,"adongCd" : "2814057000"				,"adongNm" : "송현3동"				,"stdrDt" : "2015-12-17"				}				,{				"ctprvnCd" : "28"				,"ctprvnNm" : "인천광역시"				,"signguCd" : "28140"				,"signguNm" : "동구"				,"adongCd" : "2814052500"				,"adongNm" : "화수1.화평동"				,"stdrDt" : "2015-12-17"				}				,{				"ctprvnCd" : "28"				,"ctprvnNm" : "인천광역시"				,"signguCd" : "28140"				,"signguNm" : "동구"				,"adongCd" : "2814053000"				,"adongNm" : "화수2동"				,"stdrDt" : "2015-12-17"				}			]	}}