{	"header" : {		"description" : "소상공인시장진흥공단 상권정보 행정동 코드"		,"columns" : ["시도코드","시도명","시군구코드","시군구명","행정동코드","행정동명","기준일자"]		,"resultCode" : "00"		,"resultMsg" : "NORMAL SERVICE"	},	"body" : {			"items" : [				{				"ctprvnCd" : "28"				,"ctprvnNm" : "인천광역시"				,"signguCd" : "28177"				,"signguNm" : "미추홀구"				,"adongCd" : "2817770000"				,"adongNm" : "관교동"				,"stdrDt" : "2015-12-17"				}				,{				"ctprvnCd" : "28"				,"ctprvnNm" : "인천광역시"				,"signguCd" : "28177"				,"signguNm" : "미추홀구"				,"adongCd" : "2817760000"				,"adongNm" : "도화1동"				,"stdrDt" : "2015-12-17"				}				,{				"ctprvnCd" : "28"				,"ctprvnNm" : "인천광역시"				,"signguCd" : "28177"				,"signguNm" : "미추홀구"				,"adongCd" : "2817761000"				,"adongNm" : "도화2,3동"				,"stdrDt" : "2015-12-17"				}				,{				"ctprvnCd" : "28"				,"ctprvnNm" : "인천광역시"				,"signguCd" : "28177"				,"signguNm" : "미추홀구"				,"adongCd" : "2817771000"				,"adongNm" : "문학동"				,"stdrDt" : "2015-12-17"				}				,{				"ctprvnCd" : "28"				,"ctprvnNm" : "인천광역시"				,"signguCd" : "28177"				,"signguNm" : "미추홀구"				,"adongCd" : "2817752000"				,"adongNm" : "숭의1,3동"				,"stdrDt" : "2015-12-17"				}				,{				"ctprvnCd" : "28"				,"ctprvnNm" : "인천광역시"				,"signguCd" : "28177"				,"signguNm" : "미추홀구"				,"adongCd" : "2817751000"				,"adongNm" : "숭의2동"				,"stdrDt" : "2015-12-17"				}				,{				"ctprvnCd" : "28"				,"ctprvnNm" : "인천광역시"				,"signguCd" : "28177"				,"signguNm" : "미추홀구"				,"adongCd" : "2817753000"				,"adongNm" : "숭의4동"				,"stdrDt" : "2015-12-17"				}				,{				"ctprvnCd" : "28"				,"ctprvnNm" : "인천광역시"				,"signguCd" : "28177"				,"signguNm" : "미추홀구"				,"adongCd" : "2817754000"				,"adongNm" : "용현1,4동"				,"stdrDt" : "2015-12-17"				}				,{				"ctprvnCd" : "28"				,"ctprvnNm" : "인천광역시"				,"signguCd" : "28177"				,"signguNm" : "미추홀구"				,"adongCd" : "2817755000"				,"adongNm" : "용현2동"				,"stdrDt" : "2015-12-17"				}				,{				"ctprvnCd" : "28"				,"ctprvnNm" : "인천광역시"				,"signguCd" : "28177"				,"signguNm" : "미추홀구"				,"adongCd" : "2817756000"				,"adongNm" : "용현3동"				,"stdrDt" : "2015-12-17"				}				,{				"ctprvnCd" : "28"				,"ctprvnNm" : "인천광역시"				,"signguCd" : "28177"				,"signguNm" : "미추홀구"				,"adongCd" : "2817757000"				,"adongNm" : "용현5동"				,"stdrDt" : "2015-12-17"				}				,{				"ctprvnCd" : "28"				,"ctprvnNm" : "인천광역시"				,"signguCd" : "28177"				,"signguNm" : "미추홀구"				,"adongCd" : "2817762000"				,"adongNm" : "주안1동"				,"stdrDt" : "2015-12-17"				}				,{				"ctprvnCd" : "28"				,"ctprvnNm" : "인천광역시"				,"signguCd" : "28177"				,"signguNm" : "미추홀구"				,"adongCd" : "2817763000"				,"adongNm" : "주안2동"				,"stdrDt" : "2015-12-17"				}				,{				"ctprvnCd" : "28"				,"ctprvnNm" : "인천광역시"				,"signguCd" : "28177"				,"signguNm" : "미추홀구"				,"adongCd" : "2817764000"				,"adongNm" : "주안3동"				,"stdrDt" : "2015-12-17"				}				,{				"ctprvnCd" : "28"				,"ctprvnNm" : "인천광역시"				,"signguCd" : "28177"				,"signguNm" : "미추홀구"				,"adongCd" : "2817765000"				,"adongNm" : "주안4동"				,"stdrDt" : "2015-12-17"				}				,{				"ctprvnCd" : "28"				,"ctprvnNm" : "인천광역시"				,"signguCd" : "28177"				,"signguNm" : "미추홀구"				,"adongCd" : "2817766000"				,"adongNm" : "주안5동"				,"stdrDt" : "2015-12-17"				}				,{				"ctprvnCd" : "28"				,"ctprvnNm" : "인천광역시"				,"signguCd" : "28177"				,"signguNm" : "미추홀구"				,"adongCd" : "2817767000"				,"adongNm" : "주안6동"				,"stdrDt" : "2015-12-17"				}				,{				"ctprvnCd" : "28"				,"ctprvnNm" : "인천광역시"				,"signguCd" : "28177"				,"signguNm" : "미추홀구"				,"adongCd" : "2817768000"				,"adongNm" : "주안7동"				,"stdrDt" : "2015-12-17"				}				,{				"ctprvnCd" : "28"				,"ctprvnNm" : "인천광역시"				,"signguCd" : "28177"				,"signguNm" : "미추홀구"				,"adongCd" : "2817769000"				,"adongNm" : "주안8동"				,"stdrDt" : "2015-12-17"				}				,{				"ctprvnCd" : "28"				,"ctprvnNm" : "인천광역시"				,"signguCd" : "28177"				,"signguNm" : "미추홀구"				,"adongCd" : "2817758000"				,"adongNm" : "학익1동"				,"stdrDt" : "2015-12-17"				}				,{				"ctprvnCd" : "28"				,"ctprvnNm" : "인천광역시"				,"signguCd" : "28177"				,"signguNm" : "미추홀구"				,"adongCd" : "2817759000"				,"adongNm" : "학익2동"				,"stdrDt" : "2015-12-17"				}			]	}}