{	"header" : {		"description" : "소상공인시장진흥공단 상권정보 행정동 코드"		,"columns" : ["시도코드","시도명","시군구코드","시군구명","행정동코드","행정동명","기준일자"]		,"resultCode" : "00"		,"resultMsg" : "NORMAL SERVICE"	},	"body" : {			"items" : [				{				"ctprvnCd" : "28"				,"ctprvnNm" : "인천광역시"				,"signguCd" : "28185"				,"signguNm" : "연수구"				,"adongCd" : "2818578000"				,"adongNm" : "동춘1동"				,"stdrDt" : "2015-12-17"				}				,{				"ctprvnCd" : "28"				,"ctprvnNm" : "인천광역시"				,"signguCd" : "28185"				,"signguNm" : "연수구"				,"adongCd" : "2818579000"				,"adongNm" : "동춘2동"				,"stdrDt" : "2015-12-17"				}				,{				"ctprvnCd" : "28"				,"ctprvnNm" : "인천광역시"				,"signguCd" : "28185"				,"signguNm" : "연수구"				,"adongCd" : "2818579500"				,"adongNm" : "동춘3동"				,"stdrDt" : "2015-12-17"				}				,{				"ctprvnCd" : "28"				,"ctprvnNm" : "인천광역시"				,"signguCd" : "28185"				,"signguNm" : "연수구"				,"adongCd" : "2818575000"				,"adongNm" : "선학동"				,"stdrDt" : "2015-12-17"				}				,{				"ctprvnCd" : "28"				,"ctprvnNm" : "인천광역시"				,"signguCd" : "28185"				,"signguNm" : "연수구"				,"adongCd" : "2818582000"				,"adongNm" : "송도1동"				,"stdrDt" : "2015-12-17"				}				,{				"ctprvnCd" : "28"				,"ctprvnNm" : "인천광역시"				,"signguCd" : "28185"				,"signguNm" : "연수구"				,"adongCd" : "2818583000"				,"adongNm" : "송도2동"				,"stdrDt" : "2015-12-17"				}				,{				"ctprvnCd" : "28"				,"ctprvnNm" : "인천광역시"				,"signguCd" : "28185"				,"signguNm" : "연수구"				,"adongCd" : "2818584000"				,"adongNm" : "송도3동"				,"stdrDt" : "2015-12-17"				}				,{				"ctprvnCd" : "28"				,"ctprvnNm" : "인천광역시"				,"signguCd" : "28185"				,"signguNm" : "연수구"				,"adongCd" : "2818585000"				,"adongNm" : "송도4동"				,"stdrDt" : "2015-12-17"				}				,{				"ctprvnCd" : "28"				,"ctprvnNm" : "인천광역시"				,"signguCd" : "28185"				,"signguNm" : "연수구"				,"adongCd" : "2818576100"				,"adongNm" : "연수1동"				,"stdrDt" : "2015-12-17"				}				,{				"ctprvnCd" : "28"				,"ctprvnNm" : "인천광역시"				,"signguCd" : "28185"				,"signguNm" : "연수구"				,"adongCd" : "2818576200"				,"adongNm" : "연수2동"				,"stdrDt" : "2015-12-17"				}				,{				"ctprvnCd" : "28"				,"ctprvnNm" : "인천광역시"				,"signguCd" : "28185"				,"signguNm" : "연수구"				,"adongCd" : "2818576300"				,"adongNm" : "연수3동"				,"stdrDt" : "2015-12-17"				}				,{				"ctprvnCd" : "28"				,"ctprvnNm" : "인천광역시"				,"signguCd" : "28185"				,"signguNm" : "연수구"				,"adongCd" : "2818563000"				,"adongNm" : "옥련1동"				,"stdrDt" : "2015-12-17"				}				,{				"ctprvnCd" : "28"				,"ctprvnNm" : "인천광역시"				,"signguCd" : "28185"				,"signguNm" : "연수구"				,"adongCd" : "2818564000"				,"adongNm" : "옥련2동"				,"stdrDt" : "2015-12-17"				}				,{				"ctprvnCd" : "28"				,"ctprvnNm" : "인천광역시"				,"signguCd" : "28185"				,"signguNm" : "연수구"				,"adongCd" : "2818576600"				,"adongNm" : "청학동"				,"stdrDt" : "2015-12-17"				}			]	}}