{	"header" : {		"description" : "소상공인시장진흥공단 상권정보 행정동 코드"		,"columns" : ["시도코드","시도명","시군구코드","시군구명","행정동코드","행정동명","기준일자"]		,"resultCode" : "00"		,"resultMsg" : "NORMAL SERVICE"	},	"body" : {			"items" : [				{				"ctprvnCd" : "28"				,"ctprvnNm" : "인천광역시"				,"signguCd" : "28200"				,"signguNm" : "남동구"				,"adongCd" : "2820053000"				,"adongNm" : "간석1동"				,"stdrDt" : "2015-12-17"				}				,{				"ctprvnCd" : "28"				,"ctprvnNm" : "인천광역시"				,"signguCd" : "28200"				,"signguNm" : "남동구"				,"adongCd" : "2820054000"				,"adongNm" : "간석2동"				,"stdrDt" : "2015-12-17"				}				,{				"ctprvnCd" : "28"				,"ctprvnNm" : "인천광역시"				,"signguCd" : "28200"				,"signguNm" : "남동구"				,"adongCd" : "2820055000"				,"adongNm" : "간석3동"				,"stdrDt" : "2015-12-17"				}				,{				"ctprvnCd" : "28"				,"ctprvnNm" : "인천광역시"				,"signguCd" : "28200"				,"signguNm" : "남동구"				,"adongCd" : "2820055100"				,"adongNm" : "간석4동"				,"stdrDt" : "2015-12-17"				}				,{				"ctprvnCd" : "28"				,"ctprvnNm" : "인천광역시"				,"signguCd" : "28200"				,"signguNm" : "남동구"				,"adongCd" : "2820051000"				,"adongNm" : "구월1동"				,"stdrDt" : "2015-12-17"				}				,{				"ctprvnCd" : "28"				,"ctprvnNm" : "인천광역시"				,"signguCd" : "28200"				,"signguNm" : "남동구"				,"adongCd" : "2820052000"				,"adongNm" : "구월2동"				,"stdrDt" : "2015-12-17"				}				,{				"ctprvnCd" : "28"				,"ctprvnNm" : "인천광역시"				,"signguCd" : "28200"				,"signguNm" : "남동구"				,"adongCd" : "2820052100"				,"adongNm" : "구월3동"				,"stdrDt" : "2015-12-17"				}				,{				"ctprvnCd" : "28"				,"ctprvnNm" : "인천광역시"				,"signguCd" : "28200"				,"signguNm" : "남동구"				,"adongCd" : "2820052200"				,"adongNm" : "구월4동"				,"stdrDt" : "2015-12-17"				}				,{				"ctprvnCd" : "28"				,"ctprvnNm" : "인천광역시"				,"signguCd" : "28200"				,"signguNm" : "남동구"				,"adongCd" : "2820066000"				,"adongNm" : "남촌도림동"				,"stdrDt" : "2015-12-17"				}				,{				"ctprvnCd" : "28"				,"ctprvnNm" : "인천광역시"				,"signguCd" : "28200"				,"signguNm" : "남동구"				,"adongCd" : "2820069000"				,"adongNm" : "논현1동"				,"stdrDt" : "2015-12-17"				}				,{				"ctprvnCd" : "28"				,"ctprvnNm" : "인천광역시"				,"signguCd" : "28200"				,"signguNm" : "남동구"				,"adongCd" : "2820070000"				,"adongNm" : "논현2동"				,"stdrDt" : "2015-12-17"				}				,{				"ctprvnCd" : "28"				,"ctprvnNm" : "인천광역시"				,"signguCd" : "28200"				,"signguNm" : "남동구"				,"adongCd" : "2820071000"				,"adongNm" : "논현고잔동"				,"stdrDt" : "2015-12-17"				}				,{				"ctprvnCd" : "28"				,"ctprvnNm" : "인천광역시"				,"signguCd" : "28200"				,"signguNm" : "남동구"				,"adongCd" : "2820056000"				,"adongNm" : "만수1동"				,"stdrDt" : "2015-12-17"				}				,{				"ctprvnCd" : "28"				,"ctprvnNm" : "인천광역시"				,"signguCd" : "28200"				,"signguNm" : "남동구"				,"adongCd" : "2820057000"				,"adongNm" : "만수2동"				,"stdrDt" : "2015-12-17"				}				,{				"ctprvnCd" : "28"				,"ctprvnNm" : "인천광역시"				,"signguCd" : "28200"				,"signguNm" : "남동구"				,"adongCd" : "2820058000"				,"adongNm" : "만수3동"				,"stdrDt" : "2015-12-17"				}				,{				"ctprvnCd" : "28"				,"ctprvnNm" : "인천광역시"				,"signguCd" : "28200"				,"signguNm" : "남동구"				,"adongCd" : "2820058100"				,"adongNm" : "만수4동"				,"stdrDt" : "2015-12-17"				}				,{				"ctprvnCd" : "28"				,"ctprvnNm" : "인천광역시"				,"signguCd" : "28200"				,"signguNm" : "남동구"				,"adongCd" : "2820058200"				,"adongNm" : "만수5동"				,"stdrDt" : "2015-12-17"				}				,{				"ctprvnCd" : "28"				,"ctprvnNm" : "인천광역시"				,"signguCd" : "28200"				,"signguNm" : "남동구"				,"adongCd" : "2820058300"				,"adongNm" : "만수6동"				,"stdrDt" : "2015-12-17"				}				,{				"ctprvnCd" : "28"				,"ctprvnNm" : "인천광역시"				,"signguCd" : "28200"				,"signguNm" : "남동구"				,"adongCd" : "2820065500"				,"adongNm" : "서창2동"				,"stdrDt" : "2015-12-17"				}				,{				"ctprvnCd" : "28"				,"ctprvnNm" : "인천광역시"				,"signguCd" : "28200"				,"signguNm" : "남동구"				,"adongCd" : "2820065000"				,"adongNm" : "장수서창동"				,"stdrDt" : "2015-12-17"				}			]	}}