{	"header" : {		"description" : "소상공인시장진흥공단 상권정보 행정동 코드"		,"columns" : ["시도코드","시도명","시군구코드","시군구명","행정동코드","행정동명","기준일자"]		,"resultCode" : "00"		,"resultMsg" : "NORMAL SERVICE"	},	"body" : {			"items" : [				{				"ctprvnCd" : "28"				,"ctprvnNm" : "인천광역시"				,"signguCd" : "28237"				,"signguNm" : "부평구"				,"adongCd" : "2823764100"				,"adongNm" : "갈산1동"				,"stdrDt" : "2015-12-17"				}				,{				"ctprvnCd" : "28"				,"ctprvnNm" : "인천광역시"				,"signguCd" : "28237"				,"signguNm" : "부평구"				,"adongCd" : "2823764200"				,"adongNm" : "갈산2동"				,"stdrDt" : "2015-12-17"				}				,{				"ctprvnCd" : "28"				,"ctprvnNm" : "인천광역시"				,"signguCd" : "28237"				,"signguNm" : "부평구"				,"adongCd" : "2823765000"				,"adongNm" : "부개1동"				,"stdrDt" : "2015-12-17"				}				,{				"ctprvnCd" : "28"				,"ctprvnNm" : "인천광역시"				,"signguCd" : "28237"				,"signguNm" : "부평구"				,"adongCd" : "2823766000"				,"adongNm" : "부개2동"				,"stdrDt" : "2015-12-17"				}				,{				"ctprvnCd" : "28"				,"ctprvnNm" : "인천광역시"				,"signguCd" : "28237"				,"signguNm" : "부평구"				,"adongCd" : "2823766100"				,"adongNm" : "부개3동"				,"stdrDt" : "2015-12-17"				}				,{				"ctprvnCd" : "28"				,"ctprvnNm" : "인천광역시"				,"signguCd" : "28237"				,"signguNm" : "부평구"				,"adongCd" : "2823751000"				,"adongNm" : "부평1동"				,"stdrDt" : "2015-12-17"				}				,{				"ctprvnCd" : "28"				,"ctprvnNm" : "인천광역시"				,"signguCd" : "28237"				,"signguNm" : "부평구"				,"adongCd" : "2823752000"				,"adongNm" : "부평2동"				,"stdrDt" : "2015-12-17"				}				,{				"ctprvnCd" : "28"				,"ctprvnNm" : "인천광역시"				,"signguCd" : "28237"				,"signguNm" : "부평구"				,"adongCd" : "2823753000"				,"adongNm" : "부평3동"				,"stdrDt" : "2015-12-17"				}				,{				"ctprvnCd" : "28"				,"ctprvnNm" : "인천광역시"				,"signguCd" : "28237"				,"signguNm" : "부평구"				,"adongCd" : "2823754000"				,"adongNm" : "부평4동"				,"stdrDt" : "2015-12-17"				}				,{				"ctprvnCd" : "28"				,"ctprvnNm" : "인천광역시"				,"signguCd" : "28237"				,"signguNm" : "부평구"				,"adongCd" : "2823755000"				,"adongNm" : "부평5동"				,"stdrDt" : "2015-12-17"				}				,{				"ctprvnCd" : "28"				,"ctprvnNm" : "인천광역시"				,"signguCd" : "28237"				,"signguNm" : "부평구"				,"adongCd" : "2823756000"				,"adongNm" : "부평6동"				,"stdrDt" : "2015-12-17"				}				,{				"ctprvnCd" : "28"				,"ctprvnNm" : "인천광역시"				,"signguCd" : "28237"				,"signguNm" : "부평구"				,"adongCd" : "2823757000"				,"adongNm" : "산곡1동"				,"stdrDt" : "2015-12-17"				}				,{				"ctprvnCd" : "28"				,"ctprvnNm" : "인천광역시"				,"signguCd" : "28237"				,"signguNm" : "부평구"				,"adongCd" : "2823758000"				,"adongNm" : "산곡2동"				,"stdrDt" : "2015-12-17"				}				,{				"ctprvnCd" : "28"				,"ctprvnNm" : "인천광역시"				,"signguCd" : "28237"				,"signguNm" : "부평구"				,"adongCd" : "2823758100"				,"adongNm" : "산곡3동"				,"stdrDt" : "2015-12-17"				}				,{				"ctprvnCd" : "28"				,"ctprvnNm" : "인천광역시"				,"signguCd" : "28237"				,"signguNm" : "부평구"				,"adongCd" : "2823758200"				,"adongNm" : "산곡4동"				,"stdrDt" : "2015-12-17"				}				,{				"ctprvnCd" : "28"				,"ctprvnNm" : "인천광역시"				,"signguCd" : "28237"				,"signguNm" : "부평구"				,"adongCd" : "2823764600"				,"adongNm" : "삼산1동"				,"stdrDt" : "2015-12-17"				}				,{				"ctprvnCd" : "28"				,"ctprvnNm" : "인천광역시"				,"signguCd" : "28237"				,"signguNm" : "부평구"				,"adongCd" : "2823764800"				,"adongNm" : "삼산2동"				,"stdrDt" : "2015-12-17"				}				,{				"ctprvnCd" : "28"				,"ctprvnNm" : "인천광역시"				,"signguCd" : "28237"				,"signguNm" : "부평구"				,"adongCd" : "2823768000"				,"adongNm" : "십정1동"				,"stdrDt" : "2015-12-17"				}				,{				"ctprvnCd" : "28"				,"ctprvnNm" : "인천광역시"				,"signguCd" : "28237"				,"signguNm" : "부평구"				,"adongCd" : "2823769000"				,"adongNm" : "십정2동"				,"stdrDt" : "2015-12-17"				}				,{				"ctprvnCd" : "28"				,"ctprvnNm" : "인천광역시"				,"signguCd" : "28237"				,"signguNm" : "부평구"				,"adongCd" : "2823767000"				,"adongNm" : "일신동"				,"stdrDt" : "2015-12-17"				}				,{				"ctprvnCd" : "28"				,"ctprvnNm" : "인천광역시"				,"signguCd" : "28237"				,"signguNm" : "부평구"				,"adongCd" : "2823759100"				,"adongNm" : "청천1동"				,"stdrDt" : "2015-12-17"				}				,{				"ctprvnCd" : "28"				,"ctprvnNm" : "인천광역시"				,"signguCd" : "28237"				,"signguNm" : "부평구"				,"adongCd" : "2823759200"				,"adongNm" : "청천2동"				,"stdrDt" : "2015-12-17"				}			]	}}