{	"header" : {		"description" : "소상공인시장진흥공단 상권정보 행정동 코드"		,"columns" : ["시도코드","시도명","시군구코드","시군구명","행정동코드","행정동명","기준일자"]		,"resultCode" : "00"		,"resultMsg" : "NORMAL SERVICE"	},	"body" : {			"items" : [				{				"ctprvnCd" : "28"				,"ctprvnNm" : "인천광역시"				,"signguCd" : "28245"				,"signguNm" : "계양구"				,"adongCd" : "2824561100"				,"adongNm" : "계산1동"				,"stdrDt" : "2015-12-17"				}				,{				"ctprvnCd" : "28"				,"ctprvnNm" : "인천광역시"				,"signguCd" : "28245"				,"signguNm" : "계양구"				,"adongCd" : "2824561200"				,"adongNm" : "계산2동"				,"stdrDt" : "2015-12-17"				}				,{				"ctprvnCd" : "28"				,"ctprvnNm" : "인천광역시"				,"signguCd" : "28245"				,"signguNm" : "계양구"				,"adongCd" : "2824561300"				,"adongNm" : "계산3동"				,"stdrDt" : "2015-12-17"				}				,{				"ctprvnCd" : "28"				,"ctprvnNm" : "인천광역시"				,"signguCd" : "28245"				,"signguNm" : "계양구"				,"adongCd" : "2824561400"				,"adongNm" : "계산4동"				,"stdrDt" : "2015-12-17"				}				,{				"ctprvnCd" : "28"				,"ctprvnNm" : "인천광역시"				,"signguCd" : "28245"				,"signguNm" : "계양구"				,"adongCd" : "2824571000"				,"adongNm" : "계양1동"				,"stdrDt" : "2015-12-17"				}				,{				"ctprvnCd" : "28"				,"ctprvnNm" : "인천광역시"				,"signguCd" : "28245"				,"signguNm" : "계양구"				,"adongCd" : "2824572000"				,"adongNm" : "계양2동"				,"stdrDt" : "2015-12-17"				}				,{				"ctprvnCd" : "28"				,"ctprvnNm" : "인천광역시"				,"signguCd" : "28245"				,"signguNm" : "계양구"				,"adongCd" : "2824573000"				,"adongNm" : "계양3동"				,"stdrDt" : "2015-12-17"				}				,{				"ctprvnCd" : "28"				,"ctprvnNm" : "인천광역시"				,"signguCd" : "28245"				,"signguNm" : "계양구"				,"adongCd" : "2824562100"				,"adongNm" : "작전1동"				,"stdrDt" : "2015-12-17"				}				,{				"ctprvnCd" : "28"				,"ctprvnNm" : "인천광역시"				,"signguCd" : "28245"				,"signguNm" : "계양구"				,"adongCd" : "2824562200"				,"adongNm" : "작전2동"				,"stdrDt" : "2015-12-17"				}				,{				"ctprvnCd" : "28"				,"ctprvnNm" : "인천광역시"				,"signguCd" : "28245"				,"signguNm" : "계양구"				,"adongCd" : "2824564000"				,"adongNm" : "작전서운동"				,"stdrDt" : "2015-12-17"				}				,{				"ctprvnCd" : "28"				,"ctprvnNm" : "인천광역시"				,"signguCd" : "28245"				,"signguNm" : "계양구"				,"adongCd" : "2824560100"				,"adongNm" : "효성1동"				,"stdrDt" : "2015-12-17"				}				,{				"ctprvnCd" : "28"				,"ctprvnNm" : "인천광역시"				,"signguCd" : "28245"				,"signguNm" : "계양구"				,"adongCd" : "2824560200"				,"adongNm" : "효성2동"				,"stdrDt" : "2015-12-17"				}			]	}}