{	"header" : {		"description" : "소상공인시장진흥공단 상권정보 행정동 코드"		,"columns" : ["시도코드","시도명","시군구코드","시군구명","행정동코드","행정동명","기준일자"]		,"resultCode" : "00"		,"resultMsg" : "NORMAL SERVICE"	},	"body" : {			"items" : [				{				"ctprvnCd" : "28"				,"ctprvnNm" : "인천광역시"				,"signguCd" : "28260"				,"signguNm" : "서구"				,"adongCd" : "2826054200"				,"adongNm" : "가정1동"				,"stdrDt" : "2015-12-17"				}				,{				"ctprvnCd" : "28"				,"ctprvnNm" : "인천광역시"				,"signguCd" : "28260"				,"signguNm" : "서구"				,"adongCd" : "2826054300"				,"adongNm" : "가정2동"				,"stdrDt" : "2015-12-17"				}				,{				"ctprvnCd" : "28"				,"ctprvnNm" : "인천광역시"				,"signguCd" : "28260"				,"signguNm" : "서구"				,"adongCd" : "2826054400"				,"adongNm" : "가정3동"				,"stdrDt" : "2015-12-17"				}				,{				"ctprvnCd" : "28"				,"ctprvnNm" : "인천광역시"				,"signguCd" : "28260"				,"signguNm" : "서구"				,"adongCd" : "2826058000"				,"adongNm" : "가좌1동"				,"stdrDt" : "2015-12-17"				}				,{				"ctprvnCd" : "28"				,"ctprvnNm" : "인천광역시"				,"signguCd" : "28260"				,"signguNm" : "서구"				,"adongCd" : "2826059000"				,"adongNm" : "가좌2동"				,"stdrDt" : "2015-12-17"				}				,{				"ctprvnCd" : "28"				,"ctprvnNm" : "인천광역시"				,"signguCd" : "28260"				,"signguNm" : "서구"				,"adongCd" : "2826060000"				,"adongNm" : "가좌3동"				,"stdrDt" : "2015-12-17"				}				,{				"ctprvnCd" : "28"				,"ctprvnNm" : "인천광역시"				,"signguCd" : "28260"				,"signguNm" : "서구"				,"adongCd" : "2826061000"				,"adongNm" : "가좌4동"				,"stdrDt" : "2015-12-17"				}				,{				"ctprvnCd" : "28"				,"ctprvnNm" : "인천광역시"				,"signguCd" : "28260"				,"signguNm" : "서구"				,"adongCd" : "2826068000"				,"adongNm" : "검단동"				,"stdrDt" : "2015-12-17"				}				,{				"ctprvnCd" : "28"				,"ctprvnNm" : "인천광역시"				,"signguCd" : "28260"				,"signguNm" : "서구"				,"adongCd" : "2826051500"				,"adongNm" : "검암경서동"				,"stdrDt" : "2015-12-17"				}				,{				"ctprvnCd" : "28"				,"ctprvnNm" : "인천광역시"				,"signguCd" : "28260"				,"signguNm" : "서구"				,"adongCd" : "2826071000"				,"adongNm" : "당하동"				,"stdrDt" : "2015-12-17"				}				,{				"ctprvnCd" : "28"				,"ctprvnNm" : "인천광역시"				,"signguCd" : "28260"				,"signguNm" : "서구"				,"adongCd" : "2826069000"				,"adongNm" : "불로대곡동"				,"stdrDt" : "2015-12-17"				}				,{				"ctprvnCd" : "28"				,"ctprvnNm" : "인천광역시"				,"signguCd" : "28260"				,"signguNm" : "서구"				,"adongCd" : "2826055000"				,"adongNm" : "석남1동"				,"stdrDt" : "2015-12-17"				}				,{				"ctprvnCd" : "28"				,"ctprvnNm" : "인천광역시"				,"signguCd" : "28260"				,"signguNm" : "서구"				,"adongCd" : "2826056000"				,"adongNm" : "석남2동"				,"stdrDt" : "2015-12-17"				}				,{				"ctprvnCd" : "28"				,"ctprvnNm" : "인천광역시"				,"signguCd" : "28260"				,"signguNm" : "서구"				,"adongCd" : "2826056100"				,"adongNm" : "석남3동"				,"stdrDt" : "2015-12-17"				}				,{				"ctprvnCd" : "28"				,"ctprvnNm" : "인천광역시"				,"signguCd" : "28260"				,"signguNm" : "서구"				,"adongCd" : "2826057500"				,"adongNm" : "신현원창동"				,"stdrDt" : "2015-12-17"				}				,{				"ctprvnCd" : "28"				,"ctprvnNm" : "인천광역시"				,"signguCd" : "28260"				,"signguNm" : "서구"				,"adongCd" : "2826053000"				,"adongNm" : "연희동"				,"stdrDt" : "2015-12-17"				}				,{				"ctprvnCd" : "28"				,"ctprvnNm" : "인천광역시"				,"signguCd" : "28260"				,"signguNm" : "서구"				,"adongCd" : "2826072000"				,"adongNm" : "오류왕길동"				,"stdrDt" : "2015-12-17"				}				,{				"ctprvnCd" : "28"				,"ctprvnNm" : "인천광역시"				,"signguCd" : "28260"				,"signguNm" : "서구"				,"adongCd" : "2826070000"				,"adongNm" : "원당동"				,"stdrDt" : "2015-12-17"				}				,{				"ctprvnCd" : "28"				,"ctprvnNm" : "인천광역시"				,"signguCd" : "28260"				,"signguNm" : "서구"				,"adongCd" : "2826053600"				,"adongNm" : "청라1동"				,"stdrDt" : "2015-12-17"				}				,{				"ctprvnCd" : "28"				,"ctprvnNm" : "인천광역시"				,"signguCd" : "28260"				,"signguNm" : "서구"				,"adongCd" : "2826053700"				,"adongNm" : "청라2동"				,"stdrDt" : "2015-12-17"				}				,{				"ctprvnCd" : "28"				,"ctprvnNm" : "인천광역시"				,"signguCd" : "28260"				,"signguNm" : "서구"				,"adongCd" : "2826053900"				,"adongNm" : "청라3동"				,"stdrDt" : "2015-12-17"				}			]	}}