{	"header" : {		"description" : "소상공인시장진흥공단 상권정보 행정동 코드"		,"columns" : ["시도코드","시도명","시군구코드","시군구명","행정동코드","행정동명","기준일자"]		,"resultCode" : "00"		,"resultMsg" : "NORMAL SERVICE"	},	"body" : {			"items" : [				{				"ctprvnCd" : "28"				,"ctprvnNm" : "인천광역시"				,"signguCd" : "28710"				,"signguNm" : "강화군"				,"adongCd" : "2871025000"				,"adongNm" : "강화읍"				,"stdrDt" : "2015-12-17"				}				,{				"ctprvnCd" : "28"				,"ctprvnNm" : "인천광역시"				,"signguCd" : "28710"				,"signguNm" : "강화군"				,"adongCd" : "2871040000"				,"adongNm" : "교동면"				,"stdrDt" : "2015-12-17"				}				,{				"ctprvnCd" : "28"				,"ctprvnNm" : "인천광역시"				,"signguCd" : "28710"				,"signguNm" : "강화군"				,"adongCd" : "2871033000"				,"adongNm" : "길상면"				,"stdrDt" : "2015-12-17"				}				,{				"ctprvnCd" : "28"				,"ctprvnNm" : "인천광역시"				,"signguCd" : "28710"				,"signguNm" : "강화군"				,"adongCd" : "2871036000"				,"adongNm" : "내가면"				,"stdrDt" : "2015-12-17"				}				,{				"ctprvnCd" : "28"				,"ctprvnNm" : "인천광역시"				,"signguCd" : "28710"				,"signguNm" : "강화군"				,"adongCd" : "2871032000"				,"adongNm" : "불은면"				,"stdrDt" : "2015-12-17"				}				,{				"ctprvnCd" : "28"				,"ctprvnNm" : "인천광역시"				,"signguCd" : "28710"				,"signguNm" : "강화군"				,"adongCd" : "2871041000"				,"adongNm" : "삼산면"				,"stdrDt" : "2015-12-17"				}				,{				"ctprvnCd" : "28"				,"ctprvnNm" : "인천광역시"				,"signguCd" : "28710"				,"signguNm" : "강화군"				,"adongCd" : "2871042000"				,"adongNm" : "서도면"				,"stdrDt" : "2015-12-17"				}				,{				"ctprvnCd" : "28"				,"ctprvnNm" : "인천광역시"				,"signguCd" : "28710"				,"signguNm" : "강화군"				,"adongCd" : "2871031000"				,"adongNm" : "선원면"				,"stdrDt" : "2015-12-17"				}				,{				"ctprvnCd" : "28"				,"ctprvnNm" : "인천광역시"				,"signguCd" : "28710"				,"signguNm" : "강화군"				,"adongCd" : "2871039000"				,"adongNm" : "송해면"				,"stdrDt" : "2015-12-17"				}				,{				"ctprvnCd" : "28"				,"ctprvnNm" : "인천광역시"				,"signguCd" : "28710"				,"signguNm" : "강화군"				,"adongCd" : "2871035000"				,"adongNm" : "양도면"				,"stdrDt" : "2015-12-17"				}				,{				"ctprvnCd" : "28"				,"ctprvnNm" : "인천광역시"				,"signguCd" : "28710"				,"signguNm" : "강화군"				,"adongCd" : "2871038000"				,"adongNm" : "양사면"				,"stdrDt" : "2015-12-17"				}				,{				"ctprvnCd" : "28"				,"ctprvnNm" : "인천광역시"				,"signguCd" : "28710"				,"signguNm" : "강화군"				,"adongCd" : "2871037000"				,"adongNm" : "하점면"				,"stdrDt" : "2015-12-17"				}				,{				"ctprvnCd" : "28"				,"ctprvnNm" : "인천광역시"				,"signguCd" : "28710"				,"signguNm" : "강화군"				,"adongCd" : "2871034000"				,"adongNm" : "화도면"				,"stdrDt" : "2015-12-17"				}			]	}}