{	"header" : {		"description" : "소상공인시장진흥공단 상권정보 행정동 코드"		,"columns" : ["시도코드","시도명","시군구코드","시군구명","행정동코드","행정동명","기준일자"]		,"resultCode" : "00"		,"resultMsg" : "NORMAL SERVICE"	},	"body" : {			"items" : [				{				"ctprvnCd" : "28"				,"ctprvnNm" : "인천광역시"				,"signguCd" : "28720"				,"signguNm" : "옹진군"				,"adongCd" : "2872034000"				,"adongNm" : "대청면"				,"stdrDt" : "2015-12-17"				}				,{				"ctprvnCd" : "28"				,"ctprvnNm" : "인천광역시"				,"signguCd" : "28720"				,"signguNm" : "옹진군"				,"adongCd" : "2872035000"				,"adongNm" : "덕적면"				,"stdrDt" : "2015-12-17"				}				,{				"ctprvnCd" : "28"				,"ctprvnNm" : "인천광역시"				,"signguCd" : "28720"				,"signguNm" : "옹진군"				,"adongCd" : "2872033000"				,"adongNm" : "백령면"				,"stdrDt" : "2015-12-17"				}				,{				"ctprvnCd" : "28"				,"ctprvnNm" : "인천광역시"				,"signguCd" : "28720"				,"signguNm" : "옹진군"				,"adongCd" : "2872031000"				,"adongNm" : "북도면"				,"stdrDt" : "2015-12-17"				}				,{				"ctprvnCd" : "28"				,"ctprvnNm" : "인천광역시"				,"signguCd" : "28720"				,"signguNm" : "옹진군"				,"adongCd" : "2872038000"				,"adongNm" : "연평면"				,"stdrDt" : "2015-12-17"				}				,{				"ctprvnCd" : "28"				,"ctprvnNm" : "인천광역시"				,"signguCd" : "28720"				,"signguNm" : "옹진군"				,"adongCd" : "2872036000"				,"adongNm" : "영흥면"				,"stdrDt" : "2015-12-17"				}				,{				"ctprvnCd" : "28"				,"ctprvnNm" : "인천광역시"				,"signguCd" : "28720"				,"signguNm" : "옹진군"				,"adongCd" : "2872037000"				,"adongNm" : "자월면"				,"stdrDt" : "2015-12-17"				}			]	}}