{	"header" : {		"description" : "소상공인시장진흥공단 상권정보 시군구 코드"		,"columns" : ["시도코드","시도명","시군구코드","시군구명","기준일자"]		,"resultCode" : "00"		,"resultMsg" : "NORMAL SERVICE"	},	"body" : {			"items" : [				{				"ctprvnCd" : "29"				,"ctprvnNm" : "광주광역시"				,"signguCd" : "29200"				,"signguNm" : "광산구"				,"stdrDt" : "2015-12-17"				}				,{				"ctprvnCd" : "29"				,"ctprvnNm" : "광주광역시"				,"signguCd" : "29155"				,"signguNm" : "남구"				,"stdrDt" : "2015-12-17"				}				,{				"ctprvnCd" : "29"				,"ctprvnNm" : "광주광역시"				,"signguCd" : "29110"				,"signguNm" : "동구"				,"stdrDt" : "2015-12-17"				}				,{				"ctprvnCd" : "29"				,"ctprvnNm" : "광주광역시"				,"signguCd" : "29170"				,"signguNm" : "북구"				,"stdrDt" : "2015-12-17"				}				,{				"ctprvnCd" : "29"				,"ctprvnNm" : "광주광역시"				,"signguCd" : "29140"				,"signguNm" : "서구"				,"stdrDt" : "2015-12-17"				}			]	}}