{	"header" : {		"description" : "소상공인시장진흥공단 상권정보 행정동 코드"		,"columns" : ["시도코드","시도명","시군구코드","시군구명","행정동코드","행정동명","기준일자"]		,"resultCode" : "00"		,"resultMsg" : "NORMAL SERVICE"	},	"body" : {			"items" : [				{				"ctprvnCd" : "29"				,"ctprvnNm" : "광주광역시"				,"signguCd" : "29110"				,"signguNm" : "동구"				,"adongCd" : "2911056000"				,"adongNm" : "계림1동"				,"stdrDt" : "2015-12-17"				}				,{				"ctprvnCd" : "29"				,"ctprvnNm" : "광주광역시"				,"signguCd" : "29110"				,"signguNm" : "동구"				,"adongCd" : "2911057000"				,"adongNm" : "계림2동"				,"stdrDt" : "2015-12-17"				}				,{				"ctprvnCd" : "29"				,"ctprvnNm" : "광주광역시"				,"signguCd" : "29110"				,"signguNm" : "동구"				,"adongCd" : "2911054500"				,"adongNm" : "동명동"				,"stdrDt" : "2015-12-17"				}				,{				"ctprvnCd" : "29"				,"ctprvnNm" : "광주광역시"				,"signguCd" : "29110"				,"signguNm" : "동구"				,"adongCd" : "2911059000"				,"adongNm" : "산수1동"				,"stdrDt" : "2015-12-17"				}				,{				"ctprvnCd" : "29"				,"ctprvnNm" : "광주광역시"				,"signguCd" : "29110"				,"signguNm" : "동구"				,"adongCd" : "2911060000"				,"adongNm" : "산수2동"				,"stdrDt" : "2015-12-17"				}				,{				"ctprvnCd" : "29"				,"ctprvnNm" : "광주광역시"				,"signguCd" : "29110"				,"signguNm" : "동구"				,"adongCd" : "2911065500"				,"adongNm" : "서남동"				,"stdrDt" : "2015-12-17"				}				,{				"ctprvnCd" : "29"				,"ctprvnNm" : "광주광역시"				,"signguCd" : "29110"				,"signguNm" : "동구"				,"adongCd" : "2911062000"				,"adongNm" : "지산1동"				,"stdrDt" : "2015-12-17"				}				,{				"ctprvnCd" : "29"				,"ctprvnNm" : "광주광역시"				,"signguCd" : "29110"				,"signguNm" : "동구"				,"adongCd" : "2911063000"				,"adongNm" : "지산2동"				,"stdrDt" : "2015-12-17"				}				,{				"ctprvnCd" : "29"				,"ctprvnNm" : "광주광역시"				,"signguCd" : "29110"				,"signguNm" : "동구"				,"adongCd" : "2911073000"				,"adongNm" : "지원1동"				,"stdrDt" : "2015-12-17"				}				,{				"ctprvnCd" : "29"				,"ctprvnNm" : "광주광역시"				,"signguCd" : "29110"				,"signguNm" : "동구"				,"adongCd" : "2911074000"				,"adongNm" : "지원2동"				,"stdrDt" : "2015-12-17"				}				,{				"ctprvnCd" : "29"				,"ctprvnNm" : "광주광역시"				,"signguCd" : "29110"				,"signguNm" : "동구"				,"adongCd" : "2911052500"				,"adongNm" : "충장동"				,"stdrDt" : "2015-12-17"				}				,{				"ctprvnCd" : "29"				,"ctprvnNm" : "광주광역시"				,"signguCd" : "29110"				,"signguNm" : "동구"				,"adongCd" : "2911068500"				,"adongNm" : "학동"				,"stdrDt" : "2015-12-17"				}				,{				"ctprvnCd" : "29"				,"ctprvnNm" : "광주광역시"				,"signguCd" : "29110"				,"signguNm" : "동구"				,"adongCd" : "2911071000"				,"adongNm" : "학운동"				,"stdrDt" : "2015-12-17"				}			]	}}