{	"header" : {		"description" : "소상공인시장진흥공단 상권정보 행정동 코드"		,"columns" : ["시도코드","시도명","시군구코드","시군구명","행정동코드","행정동명","기준일자"]		,"resultCode" : "00"		,"resultMsg" : "NORMAL SERVICE"	},	"body" : {			"items" : [				{				"ctprvnCd" : "29"				,"ctprvnNm" : "광주광역시"				,"signguCd" : "29140"				,"signguNm" : "서구"				,"adongCd" : "2914073000"				,"adongNm" : "광천동"				,"stdrDt" : "2015-12-17"				}				,{				"ctprvnCd" : "29"				,"ctprvnNm" : "광주광역시"				,"signguCd" : "29140"				,"signguNm" : "서구"				,"adongCd" : "2914082100"				,"adongNm" : "금호1동"				,"stdrDt" : "2015-12-17"				}				,{				"ctprvnCd" : "29"				,"ctprvnNm" : "광주광역시"				,"signguCd" : "29140"				,"signguNm" : "서구"				,"adongCd" : "2914082400"				,"adongNm" : "금호2동"				,"stdrDt" : "2015-12-17"				}				,{				"ctprvnCd" : "29"				,"ctprvnNm" : "광주광역시"				,"signguCd" : "29140"				,"signguNm" : "서구"				,"adongCd" : "2914065000"				,"adongNm" : "농성1동"				,"stdrDt" : "2015-12-17"				}				,{				"ctprvnCd" : "29"				,"ctprvnNm" : "광주광역시"				,"signguCd" : "29140"				,"signguNm" : "서구"				,"adongCd" : "2914066000"				,"adongNm" : "농성2동"				,"stdrDt" : "2015-12-17"				}				,{				"ctprvnCd" : "29"				,"ctprvnNm" : "광주광역시"				,"signguCd" : "29140"				,"signguNm" : "서구"				,"adongCd" : "2914084000"				,"adongNm" : "동천동"				,"stdrDt" : "2015-12-17"				}				,{				"ctprvnCd" : "29"				,"ctprvnNm" : "광주광역시"				,"signguCd" : "29140"				,"signguNm" : "서구"				,"adongCd" : "2914075100"				,"adongNm" : "상무1동"				,"stdrDt" : "2015-12-17"				}				,{				"ctprvnCd" : "29"				,"ctprvnNm" : "광주광역시"				,"signguCd" : "29140"				,"signguNm" : "서구"				,"adongCd" : "2914075200"				,"adongNm" : "상무2동"				,"stdrDt" : "2015-12-17"				}				,{				"ctprvnCd" : "29"				,"ctprvnNm" : "광주광역시"				,"signguCd" : "29140"				,"signguNm" : "서구"				,"adongCd" : "2914080000"				,"adongNm" : "서창동"				,"stdrDt" : "2015-12-17"				}				,{				"ctprvnCd" : "29"				,"ctprvnNm" : "광주광역시"				,"signguCd" : "29140"				,"signguNm" : "서구"				,"adongCd" : "2914059000"				,"adongNm" : "양3동"				,"stdrDt" : "2015-12-17"				}				,{				"ctprvnCd" : "29"				,"ctprvnNm" : "광주광역시"				,"signguCd" : "29140"				,"signguNm" : "서구"				,"adongCd" : "2914057500"				,"adongNm" : "양동"				,"stdrDt" : "2015-12-17"				}				,{				"ctprvnCd" : "29"				,"ctprvnNm" : "광주광역시"				,"signguCd" : "29140"				,"signguNm" : "서구"				,"adongCd" : "2914074000"				,"adongNm" : "유덕동"				,"stdrDt" : "2015-12-17"				}				,{				"ctprvnCd" : "29"				,"ctprvnNm" : "광주광역시"				,"signguCd" : "29140"				,"signguNm" : "서구"				,"adongCd" : "2914074500"				,"adongNm" : "치평동"				,"stdrDt" : "2015-12-17"				}				,{				"ctprvnCd" : "29"				,"ctprvnNm" : "광주광역시"				,"signguCd" : "29140"				,"signguNm" : "서구"				,"adongCd" : "2914083000"				,"adongNm" : "풍암동"				,"stdrDt" : "2015-12-17"				}				,{				"ctprvnCd" : "29"				,"ctprvnNm" : "광주광역시"				,"signguCd" : "29140"				,"signguNm" : "서구"				,"adongCd" : "2914076000"				,"adongNm" : "화정1동"				,"stdrDt" : "2015-12-17"				}				,{				"ctprvnCd" : "29"				,"ctprvnNm" : "광주광역시"				,"signguCd" : "29140"				,"signguNm" : "서구"				,"adongCd" : "2914077000"				,"adongNm" : "화정2동"				,"stdrDt" : "2015-12-17"				}				,{				"ctprvnCd" : "29"				,"ctprvnNm" : "광주광역시"				,"signguCd" : "29140"				,"signguNm" : "서구"				,"adongCd" : "2914078000"				,"adongNm" : "화정3동"				,"stdrDt" : "2015-12-17"				}				,{				"ctprvnCd" : "29"				,"ctprvnNm" : "광주광역시"				,"signguCd" : "29140"				,"signguNm" : "서구"				,"adongCd" : "2914079000"				,"adongNm" : "화정4동"				,"stdrDt" : "2015-12-17"				}			]	}}