{	"header" : {		"description" : "소상공인시장진흥공단 상권정보 행정동 코드"		,"columns" : ["시도코드","시도명","시군구코드","시군구명","행정동코드","행정동명","기준일자"]		,"resultCode" : "00"		,"resultMsg" : "NORMAL SERVICE"	},	"body" : {			"items" : [				{				"ctprvnCd" : "29"				,"ctprvnNm" : "광주광역시"				,"signguCd" : "29155"				,"signguNm" : "남구"				,"adongCd" : "2915573000"				,"adongNm" : "대촌동"				,"stdrDt" : "2015-12-17"				}				,{				"ctprvnCd" : "29"				,"ctprvnNm" : "광주광역시"				,"signguCd" : "29155"				,"signguNm" : "남구"				,"adongCd" : "2915552000"				,"adongNm" : "방림1동"				,"stdrDt" : "2015-12-17"				}				,{				"ctprvnCd" : "29"				,"ctprvnNm" : "광주광역시"				,"signguCd" : "29155"				,"signguNm" : "남구"				,"adongCd" : "2915553000"				,"adongNm" : "방림2동"				,"stdrDt" : "2015-12-17"				}				,{				"ctprvnCd" : "29"				,"ctprvnNm" : "광주광역시"				,"signguCd" : "29155"				,"signguNm" : "남구"				,"adongCd" : "2915567000"				,"adongNm" : "백운1동"				,"stdrDt" : "2015-12-17"				}				,{				"ctprvnCd" : "29"				,"ctprvnNm" : "광주광역시"				,"signguCd" : "29155"				,"signguNm" : "남구"				,"adongCd" : "2915568000"				,"adongNm" : "백운2동"				,"stdrDt" : "2015-12-17"				}				,{				"ctprvnCd" : "29"				,"ctprvnNm" : "광주광역시"				,"signguCd" : "29155"				,"signguNm" : "남구"				,"adongCd" : "2915553700"				,"adongNm" : "봉선1동"				,"stdrDt" : "2015-12-17"				}				,{				"ctprvnCd" : "29"				,"ctprvnNm" : "광주광역시"				,"signguCd" : "29155"				,"signguNm" : "남구"				,"adongCd" : "2915553800"				,"adongNm" : "봉선2동"				,"stdrDt" : "2015-12-17"				}				,{				"ctprvnCd" : "29"				,"ctprvnNm" : "광주광역시"				,"signguCd" : "29155"				,"signguNm" : "남구"				,"adongCd" : "2915554500"				,"adongNm" : "사직동"				,"stdrDt" : "2015-12-17"				}				,{				"ctprvnCd" : "29"				,"ctprvnNm" : "광주광역시"				,"signguCd" : "29155"				,"signguNm" : "남구"				,"adongCd" : "2915572000"				,"adongNm" : "송암동"				,"stdrDt" : "2015-12-17"				}				,{				"ctprvnCd" : "29"				,"ctprvnNm" : "광주광역시"				,"signguCd" : "29155"				,"signguNm" : "남구"				,"adongCd" : "2915551000"				,"adongNm" : "양림동"				,"stdrDt" : "2015-12-17"				}				,{				"ctprvnCd" : "29"				,"ctprvnNm" : "광주광역시"				,"signguCd" : "29155"				,"signguNm" : "남구"				,"adongCd" : "2915563000"				,"adongNm" : "월산4동"				,"stdrDt" : "2015-12-17"				}				,{				"ctprvnCd" : "29"				,"ctprvnNm" : "광주광역시"				,"signguCd" : "29155"				,"signguNm" : "남구"				,"adongCd" : "2915564000"				,"adongNm" : "월산5동"				,"stdrDt" : "2015-12-17"				}				,{				"ctprvnCd" : "29"				,"ctprvnNm" : "광주광역시"				,"signguCd" : "29155"				,"signguNm" : "남구"				,"adongCd" : "2915560500"				,"adongNm" : "월산동"				,"stdrDt" : "2015-12-17"				}				,{				"ctprvnCd" : "29"				,"ctprvnNm" : "광주광역시"				,"signguCd" : "29155"				,"signguNm" : "남구"				,"adongCd" : "2915569000"				,"adongNm" : "주월1동"				,"stdrDt" : "2015-12-17"				}				,{				"ctprvnCd" : "29"				,"ctprvnNm" : "광주광역시"				,"signguCd" : "29155"				,"signguNm" : "남구"				,"adongCd" : "2915570000"				,"adongNm" : "주월2동"				,"stdrDt" : "2015-12-17"				}				,{				"ctprvnCd" : "29"				,"ctprvnNm" : "광주광역시"				,"signguCd" : "29155"				,"signguNm" : "남구"				,"adongCd" : "2915571000"				,"adongNm" : "효덕동"				,"stdrDt" : "2015-12-17"				}			]	}}