{	"header" : {		"description" : "소상공인시장진흥공단 상권정보 행정동 코드"		,"columns" : ["시도코드","시도명","시군구코드","시군구명","행정동코드","행정동명","기준일자"]		,"resultCode" : "00"		,"resultMsg" : "NORMAL SERVICE"	},	"body" : {			"items" : [				{				"ctprvnCd" : "29"				,"ctprvnNm" : "광주광역시"				,"signguCd" : "29170"				,"signguNm" : "북구"				,"adongCd" : "2917069500"				,"adongNm" : "건국동"				,"stdrDt" : "2015-12-17"				}				,{				"ctprvnCd" : "29"				,"ctprvnNm" : "광주광역시"				,"signguCd" : "29170"				,"signguNm" : "북구"				,"adongCd" : "2917061500"				,"adongNm" : "동림동"				,"stdrDt" : "2015-12-17"				}				,{				"ctprvnCd" : "29"				,"ctprvnNm" : "광주광역시"				,"signguCd" : "29170"				,"signguNm" : "북구"				,"adongCd" : "2917066100"				,"adongNm" : "두암1동"				,"stdrDt" : "2015-12-17"				}				,{				"ctprvnCd" : "29"				,"ctprvnNm" : "광주광역시"				,"signguCd" : "29170"				,"signguNm" : "북구"				,"adongCd" : "2917066200"				,"adongNm" : "두암2동"				,"stdrDt" : "2015-12-17"				}				,{				"ctprvnCd" : "29"				,"ctprvnNm" : "광주광역시"				,"signguCd" : "29170"				,"signguNm" : "북구"				,"adongCd" : "2917066300"				,"adongNm" : "두암3동"				,"stdrDt" : "2015-12-17"				}				,{				"ctprvnCd" : "29"				,"ctprvnNm" : "광주광역시"				,"signguCd" : "29170"				,"signguNm" : "북구"				,"adongCd" : "2917067300"				,"adongNm" : "매곡동"				,"stdrDt" : "2015-12-17"				}				,{				"ctprvnCd" : "29"				,"ctprvnNm" : "광주광역시"				,"signguCd" : "29170"				,"signguNm" : "북구"				,"adongCd" : "2917065000"				,"adongNm" : "문화동"				,"stdrDt" : "2015-12-17"				}				,{				"ctprvnCd" : "29"				,"ctprvnNm" : "광주광역시"				,"signguCd" : "29170"				,"signguNm" : "북구"				,"adongCd" : "2917065600"				,"adongNm" : "문흥1동"				,"stdrDt" : "2015-12-17"				}				,{				"ctprvnCd" : "29"				,"ctprvnNm" : "광주광역시"				,"signguCd" : "29170"				,"signguNm" : "북구"				,"adongCd" : "2917065700"				,"adongNm" : "문흥2동"				,"stdrDt" : "2015-12-17"				}				,{				"ctprvnCd" : "29"				,"ctprvnNm" : "광주광역시"				,"signguCd" : "29170"				,"signguNm" : "북구"				,"adongCd" : "2917066600"				,"adongNm" : "삼각동"				,"stdrDt" : "2015-12-17"				}				,{				"ctprvnCd" : "29"				,"ctprvnNm" : "광주광역시"				,"signguCd" : "29170"				,"signguNm" : "북구"				,"adongCd" : "2917068500"				,"adongNm" : "석곡동"				,"stdrDt" : "2015-12-17"				}				,{				"ctprvnCd" : "29"				,"ctprvnNm" : "광주광역시"				,"signguCd" : "29170"				,"signguNm" : "북구"				,"adongCd" : "2917058000"				,"adongNm" : "신안동"				,"stdrDt" : "2015-12-17"				}				,{				"ctprvnCd" : "29"				,"ctprvnNm" : "광주광역시"				,"signguCd" : "29170"				,"signguNm" : "북구"				,"adongCd" : "2917069600"				,"adongNm" : "양산동"				,"stdrDt" : "2015-12-17"				}				,{				"ctprvnCd" : "29"				,"ctprvnNm" : "광주광역시"				,"signguCd" : "29170"				,"signguNm" : "북구"				,"adongCd" : "2917067600"				,"adongNm" : "오치1동"				,"stdrDt" : "2015-12-17"				}				,{				"ctprvnCd" : "29"				,"ctprvnNm" : "광주광역시"				,"signguCd" : "29170"				,"signguNm" : "북구"				,"adongCd" : "2917067700"				,"adongNm" : "오치2동"				,"stdrDt" : "2015-12-17"				}				,{				"ctprvnCd" : "29"				,"ctprvnNm" : "광주광역시"				,"signguCd" : "29170"				,"signguNm" : "북구"				,"adongCd" : "2917059000"				,"adongNm" : "용봉동"				,"stdrDt" : "2015-12-17"				}				,{				"ctprvnCd" : "29"				,"ctprvnNm" : "광주광역시"				,"signguCd" : "29170"				,"signguNm" : "북구"				,"adongCd" : "2917062000"				,"adongNm" : "우산동"				,"stdrDt" : "2015-12-17"				}				,{				"ctprvnCd" : "29"				,"ctprvnNm" : "광주광역시"				,"signguCd" : "29170"				,"signguNm" : "북구"				,"adongCd" : "2917060100"				,"adongNm" : "운암1동"				,"stdrDt" : "2015-12-17"				}				,{				"ctprvnCd" : "29"				,"ctprvnNm" : "광주광역시"				,"signguCd" : "29170"				,"signguNm" : "북구"				,"adongCd" : "2917060200"				,"adongNm" : "운암2동"				,"stdrDt" : "2015-12-17"				}				,{				"ctprvnCd" : "29"				,"ctprvnNm" : "광주광역시"				,"signguCd" : "29170"				,"signguNm" : "북구"				,"adongCd" : "2917060300"				,"adongNm" : "운암3동"				,"stdrDt" : "2015-12-17"				}				,{				"ctprvnCd" : "29"				,"ctprvnNm" : "광주광역시"				,"signguCd" : "29170"				,"signguNm" : "북구"				,"adongCd" : "2917066900"				,"adongNm" : "일곡동"				,"stdrDt" : "2015-12-17"				}				,{				"ctprvnCd" : "29"				,"ctprvnNm" : "광주광역시"				,"signguCd" : "29170"				,"signguNm" : "북구"				,"adongCd" : "2917057000"				,"adongNm" : "임동"				,"stdrDt" : "2015-12-17"				}				,{				"ctprvnCd" : "29"				,"ctprvnNm" : "광주광역시"				,"signguCd" : "29170"				,"signguNm" : "북구"				,"adongCd" : "2917055500"				,"adongNm" : "중앙동"				,"stdrDt" : "2015-12-17"				}				,{				"ctprvnCd" : "29"				,"ctprvnNm" : "광주광역시"				,"signguCd" : "29170"				,"signguNm" : "북구"				,"adongCd" : "2917051000"				,"adongNm" : "중흥1동"				,"stdrDt" : "2015-12-17"				}				,{				"ctprvnCd" : "29"				,"ctprvnNm" : "광주광역시"				,"signguCd" : "29170"				,"signguNm" : "북구"				,"adongCd" : "2917052000"				,"adongNm" : "중흥2동"				,"stdrDt" : "2015-12-17"				}				,{				"ctprvnCd" : "29"				,"ctprvnNm" : "광주광역시"				,"signguCd" : "29170"				,"signguNm" : "북구"				,"adongCd" : "2917053000"				,"adongNm" : "중흥3동"				,"stdrDt" : "2015-12-17"				}				,{				"ctprvnCd" : "29"				,"ctprvnNm" : "광주광역시"				,"signguCd" : "29170"				,"signguNm" : "북구"				,"adongCd" : "2917063500"				,"adongNm" : "풍향동"				,"stdrDt" : "2015-12-17"				}			]	}}