{	"header" : {		"description" : "소상공인시장진흥공단 상권정보 행정동 코드"		,"columns" : ["시도코드","시도명","시군구코드","시군구명","행정동코드","행정동명","기준일자"]		,"resultCode" : "00"		,"resultMsg" : "NORMAL SERVICE"	},	"body" : {			"items" : [				{				"ctprvnCd" : "29"				,"ctprvnNm" : "광주광역시"				,"signguCd" : "29200"				,"signguNm" : "광산구"				,"adongCd" : "2920054000"				,"adongNm" : "도산동"				,"stdrDt" : "2015-12-17"				}				,{				"ctprvnCd" : "29"				,"ctprvnNm" : "광주광역시"				,"signguCd" : "29200"				,"signguNm" : "광산구"				,"adongCd" : "2920066000"				,"adongNm" : "동곡동"				,"stdrDt" : "2015-12-17"				}				,{				"ctprvnCd" : "29"				,"ctprvnNm" : "광주광역시"				,"signguCd" : "29200"				,"signguNm" : "광산구"				,"adongCd" : "2920069000"				,"adongNm" : "본량동"				,"stdrDt" : "2015-12-17"				}				,{				"ctprvnCd" : "29"				,"ctprvnNm" : "광주광역시"				,"signguCd" : "29200"				,"signguNm" : "광산구"				,"adongCd" : "2920062000"				,"adongNm" : "비아동"				,"stdrDt" : "2015-12-17"				}				,{				"ctprvnCd" : "29"				,"ctprvnNm" : "광주광역시"				,"signguCd" : "29200"				,"signguNm" : "광산구"				,"adongCd" : "2920068000"				,"adongNm" : "삼도동"				,"stdrDt" : "2015-12-17"				}				,{				"ctprvnCd" : "29"				,"ctprvnNm" : "광주광역시"				,"signguCd" : "29200"				,"signguNm" : "광산구"				,"adongCd" : "2920051500"				,"adongNm" : "송정1동"				,"stdrDt" : "2015-12-17"				}				,{				"ctprvnCd" : "29"				,"ctprvnNm" : "광주광역시"				,"signguCd" : "29200"				,"signguNm" : "광산구"				,"adongCd" : "2920052500"				,"adongNm" : "송정2동"				,"stdrDt" : "2015-12-17"				}				,{				"ctprvnCd" : "29"				,"ctprvnNm" : "광주광역시"				,"signguCd" : "29200"				,"signguNm" : "광산구"				,"adongCd" : "2920063700"				,"adongNm" : "수완동"				,"stdrDt" : "2015-12-17"				}				,{				"ctprvnCd" : "29"				,"ctprvnNm" : "광주광역시"				,"signguCd" : "29200"				,"signguNm" : "광산구"				,"adongCd" : "2920063000"				,"adongNm" : "신가동"				,"stdrDt" : "2015-12-17"				}				,{				"ctprvnCd" : "29"				,"ctprvnNm" : "광주광역시"				,"signguCd" : "29200"				,"signguNm" : "광산구"				,"adongCd" : "2920070000"				,"adongNm" : "신창동"				,"stdrDt" : "2015-12-17"				}				,{				"ctprvnCd" : "29"				,"ctprvnNm" : "광주광역시"				,"signguCd" : "29200"				,"signguNm" : "광산구"				,"adongCd" : "2920055000"				,"adongNm" : "신흥동"				,"stdrDt" : "2015-12-17"				}				,{				"ctprvnCd" : "29"				,"ctprvnNm" : "광주광역시"				,"signguCd" : "29200"				,"signguNm" : "광산구"				,"adongCd" : "2920056500"				,"adongNm" : "어룡동"				,"stdrDt" : "2015-12-17"				}				,{				"ctprvnCd" : "29"				,"ctprvnNm" : "광주광역시"				,"signguCd" : "29200"				,"signguNm" : "광산구"				,"adongCd" : "2920058000"				,"adongNm" : "우산동"				,"stdrDt" : "2015-12-17"				}				,{				"ctprvnCd" : "29"				,"ctprvnNm" : "광주광역시"				,"signguCd" : "29200"				,"signguNm" : "광산구"				,"adongCd" : "2920063500"				,"adongNm" : "운남동"				,"stdrDt" : "2015-12-17"				}				,{				"ctprvnCd" : "29"				,"ctprvnNm" : "광주광역시"				,"signguCd" : "29200"				,"signguNm" : "광산구"				,"adongCd" : "2920060000"				,"adongNm" : "월곡1동"				,"stdrDt" : "2015-12-17"				}				,{				"ctprvnCd" : "29"				,"ctprvnNm" : "광주광역시"				,"signguCd" : "29200"				,"signguNm" : "광산구"				,"adongCd" : "2920061000"				,"adongNm" : "월곡2동"				,"stdrDt" : "2015-12-17"				}				,{				"ctprvnCd" : "29"				,"ctprvnNm" : "광주광역시"				,"signguCd" : "29200"				,"signguNm" : "광산구"				,"adongCd" : "2920065000"				,"adongNm" : "임곡동"				,"stdrDt" : "2015-12-17"				}				,{				"ctprvnCd" : "29"				,"ctprvnNm" : "광주광역시"				,"signguCd" : "29200"				,"signguNm" : "광산구"				,"adongCd" : "2920062400"				,"adongNm" : "첨단1동"				,"stdrDt" : "2015-12-17"				}				,{				"ctprvnCd" : "29"				,"ctprvnNm" : "광주광역시"				,"signguCd" : "29200"				,"signguNm" : "광산구"				,"adongCd" : "2920062600"				,"adongNm" : "첨단2동"				,"stdrDt" : "2015-12-17"				}				,{				"ctprvnCd" : "29"				,"ctprvnNm" : "광주광역시"				,"signguCd" : "29200"				,"signguNm" : "광산구"				,"adongCd" : "2920067000"				,"adongNm" : "평동"				,"stdrDt" : "2015-12-17"				}				,{				"ctprvnCd" : "29"				,"ctprvnNm" : "광주광역시"				,"signguCd" : "29200"				,"signguNm" : "광산구"				,"adongCd" : "2920064000"				,"adongNm" : "하남동"				,"stdrDt" : "2015-12-17"				}			]	}}