{	"header" : {		"description" : "소상공인시장진흥공단 상권정보 시군구 코드"		,"columns" : ["시도코드","시도명","시군구코드","시군구명","기준일자"]		,"resultCode" : "00"		,"resultMsg" : "NORMAL SERVICE"	},	"body" : {			"items" : [				{				"ctprvnCd" : "30"				,"ctprvnNm" : "대전광역시"				,"signguCd" : "30230"				,"signguNm" : "대덕구"				,"stdrDt" : "2015-12-17"				}				,{				"ctprvnCd" : "30"				,"ctprvnNm" : "대전광역시"				,"signguCd" : "30110"				,"signguNm" : "동구"				,"stdrDt" : "2015-12-17"				}				,{				"ctprvnCd" : "30"				,"ctprvnNm" : "대전광역시"				,"signguCd" : "30170"				,"signguNm" : "서구"				,"stdrDt" : "2015-12-17"				}				,{				"ctprvnCd" : "30"				,"ctprvnNm" : "대전광역시"				,"signguCd" : "30200"				,"signguNm" : "유성구"				,"stdrDt" : "2015-12-17"				}				,{				"ctprvnCd" : "30"				,"ctprvnNm" : "대전광역시"				,"signguCd" : "30140"				,"signguNm" : "중구"				,"stdrDt" : "2015-12-17"				}			]	}}