{	"header" : {		"description" : "소상공인시장진흥공단 상권정보 행정동 코드"		,"columns" : ["시도코드","시도명","시군구코드","시군구명","행정동코드","행정동명","기준일자"]		,"resultCode" : "00"		,"resultMsg" : "NORMAL SERVICE"	},	"body" : {			"items" : [				{				"ctprvnCd" : "30"				,"ctprvnNm" : "대전광역시"				,"signguCd" : "30110"				,"signguNm" : "동구"				,"adongCd" : "3011062000"				,"adongNm" : "가양1동"				,"stdrDt" : "2015-12-17"				}				,{				"ctprvnCd" : "30"				,"ctprvnNm" : "대전광역시"				,"signguCd" : "30110"				,"signguNm" : "동구"				,"adongCd" : "3011063000"				,"adongNm" : "가양2동"				,"stdrDt" : "2015-12-17"				}				,{				"ctprvnCd" : "30"				,"ctprvnNm" : "대전광역시"				,"signguCd" : "30110"				,"signguNm" : "동구"				,"adongCd" : "3011058500"				,"adongNm" : "대동"				,"stdrDt" : "2015-12-17"				}				,{				"ctprvnCd" : "30"				,"ctprvnNm" : "대전광역시"				,"signguCd" : "30110"				,"signguNm" : "동구"				,"adongCd" : "3011072500"				,"adongNm" : "대청동"				,"stdrDt" : "2015-12-17"				}				,{				"ctprvnCd" : "30"				,"ctprvnNm" : "대전광역시"				,"signguCd" : "30110"				,"signguNm" : "동구"				,"adongCd" : "3011074000"				,"adongNm" : "산내동"				,"stdrDt" : "2015-12-17"				}				,{				"ctprvnCd" : "30"				,"ctprvnNm" : "대전광역시"				,"signguCd" : "30110"				,"signguNm" : "동구"				,"adongCd" : "3011069500"				,"adongNm" : "삼성동"				,"stdrDt" : "2015-12-17"				}				,{				"ctprvnCd" : "30"				,"ctprvnNm" : "대전광역시"				,"signguCd" : "30110"				,"signguNm" : "동구"				,"adongCd" : "3011066500"				,"adongNm" : "성남동"				,"stdrDt" : "2015-12-17"				}				,{				"ctprvnCd" : "30"				,"ctprvnNm" : "대전광역시"				,"signguCd" : "30110"				,"signguNm" : "동구"				,"adongCd" : "3011054500"				,"adongNm" : "신인동"				,"stdrDt" : "2015-12-17"				}				,{				"ctprvnCd" : "30"				,"ctprvnNm" : "대전광역시"				,"signguCd" : "30110"				,"signguNm" : "동구"				,"adongCd" : "3011056000"				,"adongNm" : "용운동"				,"stdrDt" : "2015-12-17"				}				,{				"ctprvnCd" : "30"				,"ctprvnNm" : "대전광역시"				,"signguCd" : "30110"				,"signguNm" : "동구"				,"adongCd" : "3011064000"				,"adongNm" : "용전동"				,"stdrDt" : "2015-12-17"				}				,{				"ctprvnCd" : "30"				,"ctprvnNm" : "대전광역시"				,"signguCd" : "30110"				,"signguNm" : "동구"				,"adongCd" : "3011059000"				,"adongNm" : "자양동"				,"stdrDt" : "2015-12-17"				}				,{				"ctprvnCd" : "30"				,"ctprvnNm" : "대전광역시"				,"signguCd" : "30110"				,"signguNm" : "동구"				,"adongCd" : "3011051500"				,"adongNm" : "중앙동"				,"stdrDt" : "2015-12-17"				}				,{				"ctprvnCd" : "30"				,"ctprvnNm" : "대전광역시"				,"signguCd" : "30110"				,"signguNm" : "동구"				,"adongCd" : "3011055100"				,"adongNm" : "판암1동"				,"stdrDt" : "2015-12-17"				}				,{				"ctprvnCd" : "30"				,"ctprvnNm" : "대전광역시"				,"signguCd" : "30110"				,"signguNm" : "동구"				,"adongCd" : "3011055200"				,"adongNm" : "판암2동"				,"stdrDt" : "2015-12-17"				}				,{				"ctprvnCd" : "30"				,"ctprvnNm" : "대전광역시"				,"signguCd" : "30110"				,"signguNm" : "동구"				,"adongCd" : "3011067000"				,"adongNm" : "홍도동"				,"stdrDt" : "2015-12-17"				}				,{				"ctprvnCd" : "30"				,"ctprvnNm" : "대전광역시"				,"signguCd" : "30110"				,"signguNm" : "동구"				,"adongCd" : "3011053000"				,"adongNm" : "효동"				,"stdrDt" : "2015-12-17"				}			]	}}