{	"header" : {		"description" : "소상공인시장진흥공단 상권정보 행정동 코드"		,"columns" : ["시도코드","시도명","시군구코드","시군구명","행정동코드","행정동명","기준일자"]		,"resultCode" : "00"		,"resultMsg" : "NORMAL SERVICE"	},	"body" : {			"items" : [				{				"ctprvnCd" : "30"				,"ctprvnNm" : "대전광역시"				,"signguCd" : "30140"				,"signguNm" : "중구"				,"adongCd" : "3014063000"				,"adongNm" : "대사동"				,"stdrDt" : "2015-12-17"				}				,{				"ctprvnCd" : "30"				,"ctprvnNm" : "대전광역시"				,"signguCd" : "30140"				,"signguNm" : "중구"				,"adongCd" : "3014057500"				,"adongNm" : "대흥동"				,"stdrDt" : "2015-12-17"				}				,{				"ctprvnCd" : "30"				,"ctprvnNm" : "대전광역시"				,"signguCd" : "30140"				,"signguNm" : "중구"				,"adongCd" : "3014055000"				,"adongNm" : "목동"				,"stdrDt" : "2015-12-17"				}				,{				"ctprvnCd" : "30"				,"ctprvnNm" : "대전광역시"				,"signguCd" : "30140"				,"signguNm" : "중구"				,"adongCd" : "3014060500"				,"adongNm" : "문창동"				,"stdrDt" : "2015-12-17"				}				,{				"ctprvnCd" : "30"				,"ctprvnNm" : "대전광역시"				,"signguCd" : "30140"				,"signguNm" : "중구"				,"adongCd" : "3014072000"				,"adongNm" : "문화1동"				,"stdrDt" : "2015-12-17"				}				,{				"ctprvnCd" : "30"				,"ctprvnNm" : "대전광역시"				,"signguCd" : "30140"				,"signguNm" : "중구"				,"adongCd" : "3014073000"				,"adongNm" : "문화2동"				,"stdrDt" : "2015-12-17"				}				,{				"ctprvnCd" : "30"				,"ctprvnNm" : "대전광역시"				,"signguCd" : "30140"				,"signguNm" : "중구"				,"adongCd" : "3014064000"				,"adongNm" : "부사동"				,"stdrDt" : "2015-12-17"				}				,{				"ctprvnCd" : "30"				,"ctprvnNm" : "대전광역시"				,"signguCd" : "30140"				,"signguNm" : "중구"				,"adongCd" : "3014074000"				,"adongNm" : "산성동"				,"stdrDt" : "2015-12-17"				}				,{				"ctprvnCd" : "30"				,"ctprvnNm" : "대전광역시"				,"signguCd" : "30140"				,"signguNm" : "중구"				,"adongCd" : "3014062000"				,"adongNm" : "석교동"				,"stdrDt" : "2015-12-17"				}				,{				"ctprvnCd" : "30"				,"ctprvnNm" : "대전광역시"				,"signguCd" : "30140"				,"signguNm" : "중구"				,"adongCd" : "3014067000"				,"adongNm" : "오류동"				,"stdrDt" : "2015-12-17"				}				,{				"ctprvnCd" : "30"				,"ctprvnNm" : "대전광역시"				,"signguCd" : "30140"				,"signguNm" : "중구"				,"adongCd" : "3014065500"				,"adongNm" : "용두동"				,"stdrDt" : "2015-12-17"				}				,{				"ctprvnCd" : "30"				,"ctprvnNm" : "대전광역시"				,"signguCd" : "30140"				,"signguNm" : "중구"				,"adongCd" : "3014070000"				,"adongNm" : "유천1동"				,"stdrDt" : "2015-12-17"				}				,{				"ctprvnCd" : "30"				,"ctprvnNm" : "대전광역시"				,"signguCd" : "30140"				,"signguNm" : "중구"				,"adongCd" : "3014071000"				,"adongNm" : "유천2동"				,"stdrDt" : "2015-12-17"				}				,{				"ctprvnCd" : "30"				,"ctprvnNm" : "대전광역시"				,"signguCd" : "30140"				,"signguNm" : "중구"				,"adongCd" : "3014053500"				,"adongNm" : "은행선화동"				,"stdrDt" : "2015-12-17"				}				,{				"ctprvnCd" : "30"				,"ctprvnNm" : "대전광역시"				,"signguCd" : "30140"				,"signguNm" : "중구"				,"adongCd" : "3014056000"				,"adongNm" : "중촌동"				,"stdrDt" : "2015-12-17"				}				,{				"ctprvnCd" : "30"				,"ctprvnNm" : "대전광역시"				,"signguCd" : "30140"				,"signguNm" : "중구"				,"adongCd" : "3014068000"				,"adongNm" : "태평1동"				,"stdrDt" : "2015-12-17"				}				,{				"ctprvnCd" : "30"				,"ctprvnNm" : "대전광역시"				,"signguCd" : "30140"				,"signguNm" : "중구"				,"adongCd" : "3014069000"				,"adongNm" : "태평2동"				,"stdrDt" : "2015-12-17"				}			]	}}