{	"header" : {		"description" : "소상공인시장진흥공단 상권정보 행정동 코드"		,"columns" : ["시도코드","시도명","시군구코드","시군구명","행정동코드","행정동명","기준일자"]		,"resultCode" : "00"		,"resultMsg" : "NORMAL SERVICE"	},	"body" : {			"items" : [				{				"ctprvnCd" : "30"				,"ctprvnNm" : "대전광역시"				,"signguCd" : "30170"				,"signguNm" : "서구"				,"adongCd" : "3017059000"				,"adongNm" : "가수원동"				,"stdrDt" : "2015-12-17"				}				,{				"ctprvnCd" : "30"				,"ctprvnNm" : "대전광역시"				,"signguCd" : "30170"				,"signguNm" : "서구"				,"adongCd" : "3017057000"				,"adongNm" : "가장동"				,"stdrDt" : "2015-12-17"				}				,{				"ctprvnCd" : "30"				,"ctprvnNm" : "대전광역시"				,"signguCd" : "30170"				,"signguNm" : "서구"				,"adongCd" : "3017058100"				,"adongNm" : "갈마1동"				,"stdrDt" : "2015-12-17"				}				,{				"ctprvnCd" : "30"				,"ctprvnNm" : "대전광역시"				,"signguCd" : "30170"				,"signguNm" : "서구"				,"adongCd" : "3017058200"				,"adongNm" : "갈마2동"				,"stdrDt" : "2015-12-17"				}				,{				"ctprvnCd" : "30"				,"ctprvnNm" : "대전광역시"				,"signguCd" : "30170"				,"signguNm" : "서구"				,"adongCd" : "3017059600"				,"adongNm" : "관저1동"				,"stdrDt" : "2015-12-17"				}				,{				"ctprvnCd" : "30"				,"ctprvnNm" : "대전광역시"				,"signguCd" : "30170"				,"signguNm" : "서구"				,"adongCd" : "3017059700"				,"adongNm" : "관저2동"				,"stdrDt" : "2015-12-17"				}				,{				"ctprvnCd" : "30"				,"ctprvnNm" : "대전광역시"				,"signguCd" : "30170"				,"signguNm" : "서구"				,"adongCd" : "3017056000"				,"adongNm" : "괴정동"				,"stdrDt" : "2015-12-17"				}				,{				"ctprvnCd" : "30"				,"ctprvnNm" : "대전광역시"				,"signguCd" : "30170"				,"signguNm" : "서구"				,"adongCd" : "3017060000"				,"adongNm" : "기성동"				,"stdrDt" : "2015-12-17"				}				,{				"ctprvnCd" : "30"				,"ctprvnNm" : "대전광역시"				,"signguCd" : "30170"				,"signguNm" : "서구"				,"adongCd" : "3017057500"				,"adongNm" : "내동"				,"stdrDt" : "2015-12-17"				}				,{				"ctprvnCd" : "30"				,"ctprvnNm" : "대전광역시"				,"signguCd" : "30170"				,"signguNm" : "서구"				,"adongCd" : "3017052000"				,"adongNm" : "도마1동"				,"stdrDt" : "2015-12-17"				}				,{				"ctprvnCd" : "30"				,"ctprvnNm" : "대전광역시"				,"signguCd" : "30170"				,"signguNm" : "서구"				,"adongCd" : "3017053000"				,"adongNm" : "도마2동"				,"stdrDt" : "2015-12-17"				}				,{				"ctprvnCd" : "30"				,"ctprvnNm" : "대전광역시"				,"signguCd" : "30170"				,"signguNm" : "서구"				,"adongCd" : "3017063000"				,"adongNm" : "둔산1동"				,"stdrDt" : "2015-12-17"				}				,{				"ctprvnCd" : "30"				,"ctprvnNm" : "대전광역시"				,"signguCd" : "30170"				,"signguNm" : "서구"				,"adongCd" : "3017064000"				,"adongNm" : "둔산2동"				,"stdrDt" : "2015-12-17"				}				,{				"ctprvnCd" : "30"				,"ctprvnNm" : "대전광역시"				,"signguCd" : "30170"				,"signguNm" : "서구"				,"adongCd" : "3017066000"				,"adongNm" : "둔산3동"				,"stdrDt" : "2015-12-17"				}				,{				"ctprvnCd" : "30"				,"ctprvnNm" : "대전광역시"				,"signguCd" : "30170"				,"signguNm" : "서구"				,"adongCd" : "3017065000"				,"adongNm" : "만년동"				,"stdrDt" : "2015-12-17"				}				,{				"ctprvnCd" : "30"				,"ctprvnNm" : "대전광역시"				,"signguCd" : "30170"				,"signguNm" : "서구"				,"adongCd" : "3017054000"				,"adongNm" : "변동"				,"stdrDt" : "2015-12-17"				}				,{				"ctprvnCd" : "30"				,"ctprvnNm" : "대전광역시"				,"signguCd" : "30170"				,"signguNm" : "서구"				,"adongCd" : "3017051000"				,"adongNm" : "복수동"				,"stdrDt" : "2015-12-17"				}				,{				"ctprvnCd" : "30"				,"ctprvnNm" : "대전광역시"				,"signguCd" : "30170"				,"signguNm" : "서구"				,"adongCd" : "3017055000"				,"adongNm" : "용문동"				,"stdrDt" : "2015-12-17"				}				,{				"ctprvnCd" : "30"				,"ctprvnNm" : "대전광역시"				,"signguCd" : "30170"				,"signguNm" : "서구"				,"adongCd" : "3017058600"				,"adongNm" : "월평1동"				,"stdrDt" : "2015-12-17"				}				,{				"ctprvnCd" : "30"				,"ctprvnNm" : "대전광역시"				,"signguCd" : "30170"				,"signguNm" : "서구"				,"adongCd" : "3017058700"				,"adongNm" : "월평2동"				,"stdrDt" : "2015-12-17"				}				,{				"ctprvnCd" : "30"				,"ctprvnNm" : "대전광역시"				,"signguCd" : "30170"				,"signguNm" : "서구"				,"adongCd" : "3017058800"				,"adongNm" : "월평3동"				,"stdrDt" : "2015-12-17"				}				,{				"ctprvnCd" : "30"				,"ctprvnNm" : "대전광역시"				,"signguCd" : "30170"				,"signguNm" : "서구"				,"adongCd" : "3017053500"				,"adongNm" : "정림동"				,"stdrDt" : "2015-12-17"				}				,{				"ctprvnCd" : "30"				,"ctprvnNm" : "대전광역시"				,"signguCd" : "30170"				,"signguNm" : "서구"				,"adongCd" : "3017055500"				,"adongNm" : "탄방동"				,"stdrDt" : "2015-12-17"				}			]	}}