{	"header" : {		"description" : "소상공인시장진흥공단 상권정보 행정동 코드"		,"columns" : ["시도코드","시도명","시군구코드","시군구명","행정동코드","행정동명","기준일자"]		,"resultCode" : "00"		,"resultMsg" : "NORMAL SERVICE"	},	"body" : {			"items" : [				{				"ctprvnCd" : "30"				,"ctprvnNm" : "대전광역시"				,"signguCd" : "30200"				,"signguNm" : "유성구"				,"adongCd" : "3020060000"				,"adongNm" : "관평동"				,"stdrDt" : "2015-12-17"				}				,{				"ctprvnCd" : "30"				,"ctprvnNm" : "대전광역시"				,"signguCd" : "30200"				,"signguNm" : "유성구"				,"adongCd" : "3020058000"				,"adongNm" : "구즉동"				,"stdrDt" : "2015-12-17"				}				,{				"ctprvnCd" : "30"				,"ctprvnNm" : "대전광역시"				,"signguCd" : "30200"				,"signguNm" : "유성구"				,"adongCd" : "3020054600"				,"adongNm" : "노은1동"				,"stdrDt" : "2015-12-17"				}				,{				"ctprvnCd" : "30"				,"ctprvnNm" : "대전광역시"				,"signguCd" : "30200"				,"signguNm" : "유성구"				,"adongCd" : "3020054700"				,"adongNm" : "노은2동"				,"stdrDt" : "2015-12-17"				}				,{				"ctprvnCd" : "30"				,"ctprvnNm" : "대전광역시"				,"signguCd" : "30200"				,"signguNm" : "유성구"				,"adongCd" : "3020054800"				,"adongNm" : "노은3동"				,"stdrDt" : "2015-12-17"				}				,{				"ctprvnCd" : "30"				,"ctprvnNm" : "대전광역시"				,"signguCd" : "30200"				,"signguNm" : "유성구"				,"adongCd" : "3020055000"				,"adongNm" : "신성동"				,"stdrDt" : "2015-12-17"				}				,{				"ctprvnCd" : "30"				,"ctprvnNm" : "대전광역시"				,"signguCd" : "30200"				,"signguNm" : "유성구"				,"adongCd" : "3020053000"				,"adongNm" : "온천1동"				,"stdrDt" : "2015-12-17"				}				,{				"ctprvnCd" : "30"				,"ctprvnNm" : "대전광역시"				,"signguCd" : "30200"				,"signguNm" : "유성구"				,"adongCd" : "3020054000"				,"adongNm" : "온천2동"				,"stdrDt" : "2015-12-17"				}				,{				"ctprvnCd" : "30"				,"ctprvnNm" : "대전광역시"				,"signguCd" : "30200"				,"signguNm" : "유성구"				,"adongCd" : "3020061000"				,"adongNm" : "원신흥동"				,"stdrDt" : "2015-12-17"				}				,{				"ctprvnCd" : "30"				,"ctprvnNm" : "대전광역시"				,"signguCd" : "30200"				,"signguNm" : "유성구"				,"adongCd" : "3020057000"				,"adongNm" : "전민동"				,"stdrDt" : "2015-12-17"				}				,{				"ctprvnCd" : "30"				,"ctprvnNm" : "대전광역시"				,"signguCd" : "30200"				,"signguNm" : "유성구"				,"adongCd" : "3020052000"				,"adongNm" : "진잠동"				,"stdrDt" : "2015-12-17"				}			]	}}