{	"header" : {		"description" : "소상공인시장진흥공단 상권정보 행정동 코드"		,"columns" : ["시도코드","시도명","시군구코드","시군구명","행정동코드","행정동명","기준일자"]		,"resultCode" : "00"		,"resultMsg" : "NORMAL SERVICE"	},	"body" : {			"items" : [				{				"ctprvnCd" : "30"				,"ctprvnNm" : "대전광역시"				,"signguCd" : "30230"				,"signguNm" : "대덕구"				,"adongCd" : "3023052000"				,"adongNm" : "대화동"				,"stdrDt" : "2015-12-17"				}				,{				"ctprvnCd" : "30"				,"ctprvnNm" : "대전광역시"				,"signguCd" : "30230"				,"signguNm" : "대덕구"				,"adongCd" : "3023057000"				,"adongNm" : "덕암동"				,"stdrDt" : "2015-12-17"				}				,{				"ctprvnCd" : "30"				,"ctprvnNm" : "대전광역시"				,"signguCd" : "30230"				,"signguNm" : "대덕구"				,"adongCd" : "3023058000"				,"adongNm" : "목상동"				,"stdrDt" : "2015-12-17"				}				,{				"ctprvnCd" : "30"				,"ctprvnNm" : "대전광역시"				,"signguCd" : "30230"				,"signguNm" : "대덕구"				,"adongCd" : "3023060000"				,"adongNm" : "법1동"				,"stdrDt" : "2015-12-17"				}				,{				"ctprvnCd" : "30"				,"ctprvnNm" : "대전광역시"				,"signguCd" : "30230"				,"signguNm" : "대덕구"				,"adongCd" : "3023061000"				,"adongNm" : "법2동"				,"stdrDt" : "2015-12-17"				}				,{				"ctprvnCd" : "30"				,"ctprvnNm" : "대전광역시"				,"signguCd" : "30230"				,"signguNm" : "대덕구"				,"adongCd" : "3023053300"				,"adongNm" : "비래동"				,"stdrDt" : "2015-12-17"				}				,{				"ctprvnCd" : "30"				,"ctprvnNm" : "대전광역시"				,"signguCd" : "30230"				,"signguNm" : "대덕구"				,"adongCd" : "3023056000"				,"adongNm" : "석봉동"				,"stdrDt" : "2015-12-17"				}				,{				"ctprvnCd" : "30"				,"ctprvnNm" : "대전광역시"				,"signguCd" : "30230"				,"signguNm" : "대덕구"				,"adongCd" : "3023054300"				,"adongNm" : "송촌동"				,"stdrDt" : "2015-12-17"				}				,{				"ctprvnCd" : "30"				,"ctprvnNm" : "대전광역시"				,"signguCd" : "30230"				,"signguNm" : "대덕구"				,"adongCd" : "3023055000"				,"adongNm" : "신탄진동"				,"stdrDt" : "2015-12-17"				}				,{				"ctprvnCd" : "30"				,"ctprvnNm" : "대전광역시"				,"signguCd" : "30230"				,"signguNm" : "대덕구"				,"adongCd" : "3023051000"				,"adongNm" : "오정동"				,"stdrDt" : "2015-12-17"				}				,{				"ctprvnCd" : "30"				,"ctprvnNm" : "대전광역시"				,"signguCd" : "30230"				,"signguNm" : "대덕구"				,"adongCd" : "3023054600"				,"adongNm" : "중리동"				,"stdrDt" : "2015-12-17"				}				,{				"ctprvnCd" : "30"				,"ctprvnNm" : "대전광역시"				,"signguCd" : "30230"				,"signguNm" : "대덕구"				,"adongCd" : "3023052500"				,"adongNm" : "회덕동"				,"stdrDt" : "2015-12-17"				}			]	}}