{	"header" : {		"description" : "소상공인시장진흥공단 상권정보 시군구 코드"		,"columns" : ["시도코드","시도명","시군구코드","시군구명","기준일자"]		,"resultCode" : "00"		,"resultMsg" : "NORMAL SERVICE"	},	"body" : {			"items" : [				{				"ctprvnCd" : "31"				,"ctprvnNm" : "울산광역시"				,"signguCd" : "31140"				,"signguNm" : "남구"				,"stdrDt" : "2015-12-17"				}				,{				"ctprvnCd" : "31"				,"ctprvnNm" : "울산광역시"				,"signguCd" : "31170"				,"signguNm" : "동구"				,"stdrDt" : "2015-12-17"				}				,{				"ctprvnCd" : "31"				,"ctprvnNm" : "울산광역시"				,"signguCd" : "31200"				,"signguNm" : "북구"				,"stdrDt" : "2015-12-17"				}				,{				"ctprvnCd" : "31"				,"ctprvnNm" : "울산광역시"				,"signguCd" : "31710"				,"signguNm" : "울주군"				,"stdrDt" : "2015-12-17"				}				,{				"ctprvnCd" : "31"				,"ctprvnNm" : "울산광역시"				,"signguCd" : "31110"				,"signguNm" : "중구"				,"stdrDt" : "2015-12-17"				}			]	}}