{	"header" : {		"description" : "소상공인시장진흥공단 상권정보 행정동 코드"		,"columns" : ["시도코드","시도명","시군구코드","시군구명","행정동코드","행정동명","기준일자"]		,"resultCode" : "00"		,"resultMsg" : "NORMAL SERVICE"	},	"body" : {			"items" : [				{				"ctprvnCd" : "31"				,"ctprvnNm" : "울산광역시"				,"signguCd" : "31110"				,"signguNm" : "중구"				,"adongCd" : "3111061000"				,"adongNm" : "다운동"				,"stdrDt" : "2015-12-17"				}				,{				"ctprvnCd" : "31"				,"ctprvnNm" : "울산광역시"				,"signguCd" : "31110"				,"signguNm" : "중구"				,"adongCd" : "3111052000"				,"adongNm" : "반구1동"				,"stdrDt" : "2015-12-17"				}				,{				"ctprvnCd" : "31"				,"ctprvnNm" : "울산광역시"				,"signguCd" : "31110"				,"signguNm" : "중구"				,"adongCd" : "3111053000"				,"adongNm" : "반구2동"				,"stdrDt" : "2015-12-17"				}				,{				"ctprvnCd" : "31"				,"ctprvnNm" : "울산광역시"				,"signguCd" : "31110"				,"signguNm" : "중구"				,"adongCd" : "3111062000"				,"adongNm" : "병영1동"				,"stdrDt" : "2015-12-17"				}				,{				"ctprvnCd" : "31"				,"ctprvnNm" : "울산광역시"				,"signguCd" : "31110"				,"signguNm" : "중구"				,"adongCd" : "3111063000"				,"adongNm" : "병영2동"				,"stdrDt" : "2015-12-17"				}				,{				"ctprvnCd" : "31"				,"ctprvnNm" : "울산광역시"				,"signguCd" : "31110"				,"signguNm" : "중구"				,"adongCd" : "3111054000"				,"adongNm" : "복산1동"				,"stdrDt" : "2015-12-17"				}				,{				"ctprvnCd" : "31"				,"ctprvnNm" : "울산광역시"				,"signguCd" : "31110"				,"signguNm" : "중구"				,"adongCd" : "3111055000"				,"adongNm" : "복산2동"				,"stdrDt" : "2015-12-17"				}				,{				"ctprvnCd" : "31"				,"ctprvnNm" : "울산광역시"				,"signguCd" : "31110"				,"signguNm" : "중구"				,"adongCd" : "3111065000"				,"adongNm" : "성안동"				,"stdrDt" : "2015-12-17"				}				,{				"ctprvnCd" : "31"				,"ctprvnNm" : "울산광역시"				,"signguCd" : "31110"				,"signguNm" : "중구"				,"adongCd" : "3111064000"				,"adongNm" : "약사동"				,"stdrDt" : "2015-12-17"				}				,{				"ctprvnCd" : "31"				,"ctprvnNm" : "울산광역시"				,"signguCd" : "31110"				,"signguNm" : "중구"				,"adongCd" : "3111059000"				,"adongNm" : "우정동"				,"stdrDt" : "2015-12-17"				}				,{				"ctprvnCd" : "31"				,"ctprvnNm" : "울산광역시"				,"signguCd" : "31110"				,"signguNm" : "중구"				,"adongCd" : "3111058500"				,"adongNm" : "중앙동"				,"stdrDt" : "2015-12-17"				}				,{				"ctprvnCd" : "31"				,"ctprvnNm" : "울산광역시"				,"signguCd" : "31110"				,"signguNm" : "중구"				,"adongCd" : "3111060000"				,"adongNm" : "태화동"				,"stdrDt" : "2015-12-17"				}				,{				"ctprvnCd" : "31"				,"ctprvnNm" : "울산광역시"				,"signguCd" : "31110"				,"signguNm" : "중구"				,"adongCd" : "3111051000"				,"adongNm" : "학성동"				,"stdrDt" : "2015-12-17"				}			]	}}