{	"header" : {		"description" : "소상공인시장진흥공단 상권정보 행정동 코드"		,"columns" : ["시도코드","시도명","시군구코드","시군구명","행정동코드","행정동명","기준일자"]		,"resultCode" : "00"		,"resultMsg" : "NORMAL SERVICE"	},	"body" : {			"items" : [				{				"ctprvnCd" : "31"				,"ctprvnNm" : "울산광역시"				,"signguCd" : "31140"				,"signguNm" : "남구"				,"adongCd" : "3114056000"				,"adongNm" : "달동"				,"stdrDt" : "2015-12-17"				}				,{				"ctprvnCd" : "31"				,"ctprvnNm" : "울산광역시"				,"signguCd" : "31140"				,"signguNm" : "남구"				,"adongCd" : "3114062500"				,"adongNm" : "대현동"				,"stdrDt" : "2015-12-17"				}				,{				"ctprvnCd" : "31"				,"ctprvnNm" : "울산광역시"				,"signguCd" : "31140"				,"signguNm" : "남구"				,"adongCd" : "3114059500"				,"adongNm" : "무거동"				,"stdrDt" : "2015-12-17"				}				,{				"ctprvnCd" : "31"				,"ctprvnNm" : "울산광역시"				,"signguCd" : "31140"				,"signguNm" : "남구"				,"adongCd" : "3114057000"				,"adongNm" : "삼산동"				,"stdrDt" : "2015-12-17"				}				,{				"ctprvnCd" : "31"				,"ctprvnNm" : "울산광역시"				,"signguCd" : "31140"				,"signguNm" : "남구"				,"adongCd" : "3114058500"				,"adongNm" : "삼호동"				,"stdrDt" : "2015-12-17"				}				,{				"ctprvnCd" : "31"				,"ctprvnNm" : "울산광역시"				,"signguCd" : "31140"				,"signguNm" : "남구"				,"adongCd" : "3114064000"				,"adongNm" : "선암동"				,"stdrDt" : "2015-12-17"				}				,{				"ctprvnCd" : "31"				,"ctprvnNm" : "울산광역시"				,"signguCd" : "31140"				,"signguNm" : "남구"				,"adongCd" : "3114063500"				,"adongNm" : "수암동"				,"stdrDt" : "2015-12-17"				}				,{				"ctprvnCd" : "31"				,"ctprvnNm" : "울산광역시"				,"signguCd" : "31140"				,"signguNm" : "남구"				,"adongCd" : "3114051000"				,"adongNm" : "신정1동"				,"stdrDt" : "2015-12-17"				}				,{				"ctprvnCd" : "31"				,"ctprvnNm" : "울산광역시"				,"signguCd" : "31140"				,"signguNm" : "남구"				,"adongCd" : "3114052000"				,"adongNm" : "신정2동"				,"stdrDt" : "2015-12-17"				}				,{				"ctprvnCd" : "31"				,"ctprvnNm" : "울산광역시"				,"signguCd" : "31140"				,"signguNm" : "남구"				,"adongCd" : "3114053000"				,"adongNm" : "신정3동"				,"stdrDt" : "2015-12-17"				}				,{				"ctprvnCd" : "31"				,"ctprvnNm" : "울산광역시"				,"signguCd" : "31140"				,"signguNm" : "남구"				,"adongCd" : "3114054000"				,"adongNm" : "신정4동"				,"stdrDt" : "2015-12-17"				}				,{				"ctprvnCd" : "31"				,"ctprvnNm" : "울산광역시"				,"signguCd" : "31140"				,"signguNm" : "남구"				,"adongCd" : "3114055000"				,"adongNm" : "신정5동"				,"stdrDt" : "2015-12-17"				}				,{				"ctprvnCd" : "31"				,"ctprvnNm" : "울산광역시"				,"signguCd" : "31140"				,"signguNm" : "남구"				,"adongCd" : "3114067000"				,"adongNm" : "야음장생포동"				,"stdrDt" : "2015-12-17"				}				,{				"ctprvnCd" : "31"				,"ctprvnNm" : "울산광역시"				,"signguCd" : "31140"				,"signguNm" : "남구"				,"adongCd" : "3114060000"				,"adongNm" : "옥동"				,"stdrDt" : "2015-12-17"				}			]	}}