{	"header" : {		"description" : "소상공인시장진흥공단 상권정보 행정동 코드"		,"columns" : ["시도코드","시도명","시군구코드","시군구명","행정동코드","행정동명","기준일자"]		,"resultCode" : "00"		,"resultMsg" : "NORMAL SERVICE"	},	"body" : {			"items" : [				{				"ctprvnCd" : "31"				,"ctprvnNm" : "울산광역시"				,"signguCd" : "31170"				,"signguNm" : "동구"				,"adongCd" : "3117058000"				,"adongNm" : "남목1동"				,"stdrDt" : "2015-12-17"				}				,{				"ctprvnCd" : "31"				,"ctprvnNm" : "울산광역시"				,"signguCd" : "31170"				,"signguNm" : "동구"				,"adongCd" : "3117059000"				,"adongNm" : "남목2동"				,"stdrDt" : "2015-12-17"				}				,{				"ctprvnCd" : "31"				,"ctprvnNm" : "울산광역시"				,"signguCd" : "31170"				,"signguNm" : "동구"				,"adongCd" : "3117060000"				,"adongNm" : "남목3동"				,"stdrDt" : "2015-12-17"				}				,{				"ctprvnCd" : "31"				,"ctprvnNm" : "울산광역시"				,"signguCd" : "31170"				,"signguNm" : "동구"				,"adongCd" : "3117054000"				,"adongNm" : "대송동"				,"stdrDt" : "2015-12-17"				}				,{				"ctprvnCd" : "31"				,"ctprvnNm" : "울산광역시"				,"signguCd" : "31170"				,"signguNm" : "동구"				,"adongCd" : "3117051000"				,"adongNm" : "방어동"				,"stdrDt" : "2015-12-17"				}				,{				"ctprvnCd" : "31"				,"ctprvnNm" : "울산광역시"				,"signguCd" : "31170"				,"signguNm" : "동구"				,"adongCd" : "3117052000"				,"adongNm" : "일산동"				,"stdrDt" : "2015-12-17"				}				,{				"ctprvnCd" : "31"				,"ctprvnNm" : "울산광역시"				,"signguCd" : "31170"				,"signguNm" : "동구"				,"adongCd" : "3117055000"				,"adongNm" : "전하1동"				,"stdrDt" : "2015-12-17"				}				,{				"ctprvnCd" : "31"				,"ctprvnNm" : "울산광역시"				,"signguCd" : "31170"				,"signguNm" : "동구"				,"adongCd" : "3117056000"				,"adongNm" : "전하2동"				,"stdrDt" : "2015-12-17"				}				,{				"ctprvnCd" : "31"				,"ctprvnNm" : "울산광역시"				,"signguCd" : "31170"				,"signguNm" : "동구"				,"adongCd" : "3117053000"				,"adongNm" : "화정동"				,"stdrDt" : "2015-12-17"				}			]	}}