{	"header" : {		"description" : "소상공인시장진흥공단 상권정보 행정동 코드"		,"columns" : ["시도코드","시도명","시군구코드","시군구명","행정동코드","행정동명","기준일자"]		,"resultCode" : "00"		,"resultMsg" : "NORMAL SERVICE"	},	"body" : {			"items" : [				{				"ctprvnCd" : "31"				,"ctprvnNm" : "울산광역시"				,"signguCd" : "31200"				,"signguNm" : "북구"				,"adongCd" : "3120054000"				,"adongNm" : "강동동"				,"stdrDt" : "2015-12-17"				}				,{				"ctprvnCd" : "31"				,"ctprvnNm" : "울산광역시"				,"signguCd" : "31200"				,"signguNm" : "북구"				,"adongCd" : "3120051000"				,"adongNm" : "농소1동"				,"stdrDt" : "2015-12-17"				}				,{				"ctprvnCd" : "31"				,"ctprvnNm" : "울산광역시"				,"signguCd" : "31200"				,"signguNm" : "북구"				,"adongCd" : "3120052000"				,"adongNm" : "농소2동"				,"stdrDt" : "2015-12-17"				}				,{				"ctprvnCd" : "31"				,"ctprvnNm" : "울산광역시"				,"signguCd" : "31200"				,"signguNm" : "북구"				,"adongCd" : "3120053000"				,"adongNm" : "농소3동"				,"stdrDt" : "2015-12-17"				}				,{				"ctprvnCd" : "31"				,"ctprvnNm" : "울산광역시"				,"signguCd" : "31200"				,"signguNm" : "북구"				,"adongCd" : "3120057000"				,"adongNm" : "송정동"				,"stdrDt" : "2015-12-17"				}				,{				"ctprvnCd" : "31"				,"ctprvnNm" : "울산광역시"				,"signguCd" : "31200"				,"signguNm" : "북구"				,"adongCd" : "3120058000"				,"adongNm" : "양정동"				,"stdrDt" : "2015-12-17"				}				,{				"ctprvnCd" : "31"				,"ctprvnNm" : "울산광역시"				,"signguCd" : "31200"				,"signguNm" : "북구"				,"adongCd" : "3120059000"				,"adongNm" : "염포동"				,"stdrDt" : "2015-12-17"				}				,{				"ctprvnCd" : "31"				,"ctprvnNm" : "울산광역시"				,"signguCd" : "31200"				,"signguNm" : "북구"				,"adongCd" : "3120056000"				,"adongNm" : "효문동"				,"stdrDt" : "2015-12-17"				}			]	}}