{	"header" : {		"description" : "소상공인시장진흥공단 상권정보 행정동 코드"		,"columns" : ["시도코드","시도명","시군구코드","시군구명","행정동코드","행정동명","기준일자"]		,"resultCode" : "00"		,"resultMsg" : "NORMAL SERVICE"	},	"body" : {			"items" : [				{				"ctprvnCd" : "31"				,"ctprvnNm" : "울산광역시"				,"signguCd" : "31710"				,"signguNm" : "울주군"				,"adongCd" : "3171036000"				,"adongNm" : "두동면"				,"stdrDt" : "2015-12-17"				}				,{				"ctprvnCd" : "31"				,"ctprvnNm" : "울산광역시"				,"signguCd" : "31710"				,"signguNm" : "울주군"				,"adongCd" : "3171037000"				,"adongNm" : "두서면"				,"stdrDt" : "2015-12-17"				}				,{				"ctprvnCd" : "31"				,"ctprvnNm" : "울산광역시"				,"signguCd" : "31710"				,"signguNm" : "울주군"				,"adongCd" : "3171025900"				,"adongNm" : "범서읍"				,"stdrDt" : "2015-12-17"				}				,{				"ctprvnCd" : "31"				,"ctprvnNm" : "울산광역시"				,"signguCd" : "31710"				,"signguNm" : "울주군"				,"adongCd" : "3171039000"				,"adongNm" : "삼남면"				,"stdrDt" : "2015-12-17"				}				,{				"ctprvnCd" : "31"				,"ctprvnNm" : "울산광역시"				,"signguCd" : "31710"				,"signguNm" : "울주군"				,"adongCd" : "3171040000"				,"adongNm" : "삼동면"				,"stdrDt" : "2015-12-17"				}				,{				"ctprvnCd" : "31"				,"ctprvnNm" : "울산광역시"				,"signguCd" : "31710"				,"signguNm" : "울주군"				,"adongCd" : "3171038000"				,"adongNm" : "상북면"				,"stdrDt" : "2015-12-17"				}				,{				"ctprvnCd" : "31"				,"ctprvnNm" : "울산광역시"				,"signguCd" : "31710"				,"signguNm" : "울주군"				,"adongCd" : "3171031000"				,"adongNm" : "서생면"				,"stdrDt" : "2015-12-17"				}				,{				"ctprvnCd" : "31"				,"ctprvnNm" : "울산광역시"				,"signguCd" : "31710"				,"signguNm" : "울주군"				,"adongCd" : "3171025300"				,"adongNm" : "언양읍"				,"stdrDt" : "2015-12-17"				}				,{				"ctprvnCd" : "31"				,"ctprvnNm" : "울산광역시"				,"signguCd" : "31710"				,"signguNm" : "울주군"				,"adongCd" : "3171025000"				,"adongNm" : "온산읍"				,"stdrDt" : "2015-12-17"				}				,{				"ctprvnCd" : "31"				,"ctprvnNm" : "울산광역시"				,"signguCd" : "31710"				,"signguNm" : "울주군"				,"adongCd" : "3171025600"				,"adongNm" : "온양읍"				,"stdrDt" : "2015-12-17"				}				,{				"ctprvnCd" : "31"				,"ctprvnNm" : "울산광역시"				,"signguCd" : "31710"				,"signguNm" : "울주군"				,"adongCd" : "3171034000"				,"adongNm" : "웅촌면"				,"stdrDt" : "2015-12-17"				}				,{				"ctprvnCd" : "31"				,"ctprvnNm" : "울산광역시"				,"signguCd" : "31710"				,"signguNm" : "울주군"				,"adongCd" : "3171026200"				,"adongNm" : "청량읍"				,"stdrDt" : "2015-12-17"				}			]	}}