{	"header" : {		"description" : "소상공인시장진흥공단 상권정보 행정동 코드"		,"columns" : ["시도코드","시도명","시군구코드","시군구명","행정동코드","행정동명","기준일자"]		,"resultCode" : "00"		,"resultMsg" : "NORMAL SERVICE"	},	"body" : {			"items" : [				{				"ctprvnCd" : "36"				,"ctprvnNm" : "세종특별자치시"				,"signguCd" : "36110"				,"signguNm" : "세종특별자치시"				,"adongCd" : "3611055000"				,"adongNm" : "고운동"				,"stdrDt" : "2015-12-17"				}				,{				"ctprvnCd" : "36"				,"ctprvnNm" : "세종특별자치시"				,"signguCd" : "36110"				,"signguNm" : "세종특별자치시"				,"adongCd" : "3611034000"				,"adongNm" : "금남면"				,"stdrDt" : "2015-12-17"				}				,{				"ctprvnCd" : "36"				,"ctprvnNm" : "세종특별자치시"				,"signguCd" : "36110"				,"signguNm" : "세종특별자치시"				,"adongCd" : "3611057000"				,"adongNm" : "대평동"				,"stdrDt" : "2015-12-17"				}				,{				"ctprvnCd" : "36"				,"ctprvnNm" : "세종특별자치시"				,"signguCd" : "36110"				,"signguNm" : "세종특별자치시"				,"adongCd" : "3611052000"				,"adongNm" : "도담동"				,"stdrDt" : "2015-12-17"				}				,{				"ctprvnCd" : "36"				,"ctprvnNm" : "세종특별자치시"				,"signguCd" : "36110"				,"signguNm" : "세종특별자치시"				,"adongCd" : "3611056000"				,"adongNm" : "보람동"				,"stdrDt" : "2015-12-17"				}				,{				"ctprvnCd" : "36"				,"ctprvnNm" : "세종특별자치시"				,"signguCd" : "36110"				,"signguNm" : "세종특별자치시"				,"adongCd" : "3611033000"				,"adongNm" : "부강면"				,"stdrDt" : "2015-12-17"				}				,{				"ctprvnCd" : "36"				,"ctprvnNm" : "세종특별자치시"				,"signguCd" : "36110"				,"signguNm" : "세종특별자치시"				,"adongCd" : "3611051500"				,"adongNm" : "새롬동"				,"stdrDt" : "2015-12-17"				}				,{				"ctprvnCd" : "36"				,"ctprvnNm" : "세종특별자치시"				,"signguCd" : "36110"				,"signguNm" : "세종특별자치시"				,"adongCd" : "3611055500"				,"adongNm" : "소담동"				,"stdrDt" : "2015-12-17"				}				,{				"ctprvnCd" : "36"				,"ctprvnNm" : "세종특별자치시"				,"signguCd" : "36110"				,"signguNm" : "세종특별자치시"				,"adongCd" : "3611039000"				,"adongNm" : "소정면"				,"stdrDt" : "2015-12-17"				}				,{				"ctprvnCd" : "36"				,"ctprvnNm" : "세종특별자치시"				,"signguCd" : "36110"				,"signguNm" : "세종특별자치시"				,"adongCd" : "3611053000"				,"adongNm" : "아름동"				,"stdrDt" : "2015-12-17"				}				,{				"ctprvnCd" : "36"				,"ctprvnNm" : "세종특별자치시"				,"signguCd" : "36110"				,"signguNm" : "세종특별자치시"				,"adongCd" : "3611031000"				,"adongNm" : "연기면"				,"stdrDt" : "2015-12-17"				}				,{				"ctprvnCd" : "36"				,"ctprvnNm" : "세종특별자치시"				,"signguCd" : "36110"				,"signguNm" : "세종특별자치시"				,"adongCd" : "3611032000"				,"adongNm" : "연동면"				,"stdrDt" : "2015-12-17"				}				,{				"ctprvnCd" : "36"				,"ctprvnNm" : "세종특별자치시"				,"signguCd" : "36110"				,"signguNm" : "세종특별자치시"				,"adongCd" : "3611036000"				,"adongNm" : "연서면"				,"stdrDt" : "2015-12-17"				}				,{				"ctprvnCd" : "36"				,"ctprvnNm" : "세종특별자치시"				,"signguCd" : "36110"				,"signguNm" : "세종특별자치시"				,"adongCd" : "3611035000"				,"adongNm" : "장군면"				,"stdrDt" : "2015-12-17"				}				,{				"ctprvnCd" : "36"				,"ctprvnNm" : "세종특별자치시"				,"signguCd" : "36110"				,"signguNm" : "세종특별자치시"				,"adongCd" : "3611038000"				,"adongNm" : "전동면"				,"stdrDt" : "2015-12-17"				}				,{				"ctprvnCd" : "36"				,"ctprvnNm" : "세종특별자치시"				,"signguCd" : "36110"				,"signguNm" : "세종특별자치시"				,"adongCd" : "3611037000"				,"adongNm" : "전의면"				,"stdrDt" : "2015-12-17"				}				,{				"ctprvnCd" : "36"				,"ctprvnNm" : "세종특별자치시"				,"signguCd" : "36110"				,"signguNm" : "세종특별자치시"				,"adongCd" : "3611025000"				,"adongNm" : "조치원읍"				,"stdrDt" : "2015-12-17"				}				,{				"ctprvnCd" : "36"				,"ctprvnNm" : "세종특별자치시"				,"signguCd" : "36110"				,"signguNm" : "세종특별자치시"				,"adongCd" : "3611054000"				,"adongNm" : "종촌동"				,"stdrDt" : "2015-12-17"				}				,{				"ctprvnCd" : "36"				,"ctprvnNm" : "세종특별자치시"				,"signguCd" : "36110"				,"signguNm" : "세종특별자치시"				,"adongCd" : "3611051000"				,"adongNm" : "한솔동"				,"stdrDt" : "2015-12-17"				}			]	}}