{	"header" : {		"description" : "소상공인시장진흥공단 상권정보 행정동 코드"		,"columns" : ["시도코드","시도명","시군구코드","시군구명","행정동코드","행정동명","기준일자"]		,"resultCode" : "00"		,"resultMsg" : "NORMAL SERVICE"	},	"body" : {			"items" : [				{				"ctprvnCd" : "41"				,"ctprvnNm" : "경기도"				,"signguCd" : "41117"				,"signguNm" : "수원시 영통구"				,"adongCd" : "4111760000"				,"adongNm" : "광교1동"				,"stdrDt" : "2015-12-17"				}				,{				"ctprvnCd" : "41"				,"ctprvnNm" : "경기도"				,"signguCd" : "41117"				,"signguNm" : "수원시 영통구"				,"adongCd" : "4111761000"				,"adongNm" : "광교2동"				,"stdrDt" : "2015-12-17"				}				,{				"ctprvnCd" : "41"				,"ctprvnNm" : "경기도"				,"signguCd" : "41117"				,"signguNm" : "수원시 영통구"				,"adongCd" : "4111759300"				,"adongNm" : "망포1동"				,"stdrDt" : "2015-12-17"				}				,{				"ctprvnCd" : "41"				,"ctprvnNm" : "경기도"				,"signguCd" : "41117"				,"signguNm" : "수원시 영통구"				,"adongCd" : "4111759600"				,"adongNm" : "망포2동"				,"stdrDt" : "2015-12-17"				}				,{				"ctprvnCd" : "41"				,"ctprvnNm" : "경기도"				,"signguCd" : "41117"				,"signguNm" : "수원시 영통구"				,"adongCd" : "4111751000"				,"adongNm" : "매탄1동"				,"stdrDt" : "2015-12-17"				}				,{				"ctprvnCd" : "41"				,"ctprvnNm" : "경기도"				,"signguCd" : "41117"				,"signguNm" : "수원시 영통구"				,"adongCd" : "4111752000"				,"adongNm" : "매탄2동"				,"stdrDt" : "2015-12-17"				}				,{				"ctprvnCd" : "41"				,"ctprvnNm" : "경기도"				,"signguCd" : "41117"				,"signguNm" : "수원시 영통구"				,"adongCd" : "4111753000"				,"adongNm" : "매탄3동"				,"stdrDt" : "2015-12-17"				}				,{				"ctprvnCd" : "41"				,"ctprvnNm" : "경기도"				,"signguCd" : "41117"				,"signguNm" : "수원시 영통구"				,"adongCd" : "4111754000"				,"adongNm" : "매탄4동"				,"stdrDt" : "2015-12-17"				}				,{				"ctprvnCd" : "41"				,"ctprvnNm" : "경기도"				,"signguCd" : "41117"				,"signguNm" : "수원시 영통구"				,"adongCd" : "4111757000"				,"adongNm" : "영통1동"				,"stdrDt" : "2015-12-17"				}				,{				"ctprvnCd" : "41"				,"ctprvnNm" : "경기도"				,"signguCd" : "41117"				,"signguNm" : "수원시 영통구"				,"adongCd" : "4111758000"				,"adongNm" : "영통2동"				,"stdrDt" : "2015-12-17"				}				,{				"ctprvnCd" : "41"				,"ctprvnNm" : "경기도"				,"signguCd" : "41117"				,"signguNm" : "수원시 영통구"				,"adongCd" : "4111758500"				,"adongNm" : "영통3동"				,"stdrDt" : "2015-12-17"				}				,{				"ctprvnCd" : "41"				,"ctprvnNm" : "경기도"				,"signguCd" : "41117"				,"signguNm" : "수원시 영통구"				,"adongCd" : "4111755000"				,"adongNm" : "원천동"				,"stdrDt" : "2015-12-17"				}			]	}}