{	"header" : {		"description" : "소상공인시장진흥공단 상권정보 행정동 코드"		,"columns" : ["시도코드","시도명","시군구코드","시군구명","행정동코드","행정동명","기준일자"]		,"resultCode" : "00"		,"resultMsg" : "NORMAL SERVICE"	},	"body" : {			"items" : [				{				"ctprvnCd" : "41"				,"ctprvnNm" : "경기도"				,"signguCd" : "41113"				,"signguNm" : "수원시 권선구"				,"adongCd" : "4111369000"				,"adongNm" : "곡선동"				,"stdrDt" : "2015-12-17"				}				,{				"ctprvnCd" : "41"				,"ctprvnNm" : "경기도"				,"signguCd" : "41113"				,"signguNm" : "수원시 권선구"				,"adongCd" : "4111365000"				,"adongNm" : "구운동"				,"stdrDt" : "2015-12-17"				}				,{				"ctprvnCd" : "41"				,"ctprvnNm" : "경기도"				,"signguCd" : "41113"				,"signguNm" : "수원시 권선구"				,"adongCd" : "4111367000"				,"adongNm" : "권선1동"				,"stdrDt" : "2015-12-17"				}				,{				"ctprvnCd" : "41"				,"ctprvnNm" : "경기도"				,"signguCd" : "41113"				,"signguNm" : "수원시 권선구"				,"adongCd" : "4111368000"				,"adongNm" : "권선2동"				,"stdrDt" : "2015-12-17"				}				,{				"ctprvnCd" : "41"				,"ctprvnNm" : "경기도"				,"signguCd" : "41113"				,"signguNm" : "수원시 권선구"				,"adongCd" : "4111366200"				,"adongNm" : "금곡동"				,"stdrDt" : "2015-12-17"				}				,{				"ctprvnCd" : "41"				,"ctprvnNm" : "경기도"				,"signguCd" : "41113"				,"signguNm" : "수원시 권선구"				,"adongCd" : "4111356000"				,"adongNm" : "서둔동"				,"stdrDt" : "2015-12-17"				}				,{				"ctprvnCd" : "41"				,"ctprvnNm" : "경기도"				,"signguCd" : "41113"				,"signguNm" : "수원시 권선구"				,"adongCd" : "4111352000"				,"adongNm" : "세류1동"				,"stdrDt" : "2015-12-17"				}				,{				"ctprvnCd" : "41"				,"ctprvnNm" : "경기도"				,"signguCd" : "41113"				,"signguNm" : "수원시 권선구"				,"adongCd" : "4111353000"				,"adongNm" : "세류2동"				,"stdrDt" : "2015-12-17"				}				,{				"ctprvnCd" : "41"				,"ctprvnNm" : "경기도"				,"signguCd" : "41113"				,"signguNm" : "수원시 권선구"				,"adongCd" : "4111354000"				,"adongNm" : "세류3동"				,"stdrDt" : "2015-12-17"				}				,{				"ctprvnCd" : "41"				,"ctprvnNm" : "경기도"				,"signguCd" : "41113"				,"signguNm" : "수원시 권선구"				,"adongCd" : "4111370000"				,"adongNm" : "입북동"				,"stdrDt" : "2015-12-17"				}				,{				"ctprvnCd" : "41"				,"ctprvnNm" : "경기도"				,"signguCd" : "41113"				,"signguNm" : "수원시 권선구"				,"adongCd" : "4111355000"				,"adongNm" : "평동"				,"stdrDt" : "2015-12-17"				}				,{				"ctprvnCd" : "41"				,"ctprvnNm" : "경기도"				,"signguCd" : "41113"				,"signguNm" : "수원시 권선구"				,"adongCd" : "4111366400"				,"adongNm" : "호매실동"				,"stdrDt" : "2015-12-17"				}			]	}}