{	"header" : {		"description" : "소상공인시장진흥공단 상권정보 행정동 코드"		,"columns" : ["시도코드","시도명","시군구코드","시군구명","행정동코드","행정동명","기준일자"]		,"resultCode" : "00"		,"resultMsg" : "NORMAL SERVICE"	},	"body" : {			"items" : [				{				"ctprvnCd" : "41"				,"ctprvnNm" : "경기도"				,"signguCd" : "41111"				,"signguNm" : "수원시 장안구"				,"adongCd" : "4111159100"				,"adongNm" : "송죽동"				,"stdrDt" : "2015-12-17"				}				,{				"ctprvnCd" : "41"				,"ctprvnNm" : "경기도"				,"signguCd" : "41111"				,"signguNm" : "수원시 장안구"				,"adongCd" : "4111160000"				,"adongNm" : "연무동"				,"stdrDt" : "2015-12-17"				}				,{				"ctprvnCd" : "41"				,"ctprvnNm" : "경기도"				,"signguCd" : "41111"				,"signguNm" : "수원시 장안구"				,"adongCd" : "4111158000"				,"adongNm" : "영화동"				,"stdrDt" : "2015-12-17"				}				,{				"ctprvnCd" : "41"				,"ctprvnNm" : "경기도"				,"signguCd" : "41111"				,"signguNm" : "수원시 장안구"				,"adongCd" : "4111156600"				,"adongNm" : "율천동"				,"stdrDt" : "2015-12-17"				}				,{				"ctprvnCd" : "41"				,"ctprvnNm" : "경기도"				,"signguCd" : "41111"				,"signguNm" : "수원시 장안구"				,"adongCd" : "4111157100"				,"adongNm" : "정자1동"				,"stdrDt" : "2015-12-17"				}				,{				"ctprvnCd" : "41"				,"ctprvnNm" : "경기도"				,"signguCd" : "41111"				,"signguNm" : "수원시 장안구"				,"adongCd" : "4111157200"				,"adongNm" : "정자2동"				,"stdrDt" : "2015-12-17"				}				,{				"ctprvnCd" : "41"				,"ctprvnNm" : "경기도"				,"signguCd" : "41111"				,"signguNm" : "수원시 장안구"				,"adongCd" : "4111157300"				,"adongNm" : "정자3동"				,"stdrDt" : "2015-12-17"				}				,{				"ctprvnCd" : "41"				,"ctprvnNm" : "경기도"				,"signguCd" : "41111"				,"signguNm" : "수원시 장안구"				,"adongCd" : "4111159700"				,"adongNm" : "조원1동"				,"stdrDt" : "2015-12-17"				}				,{				"ctprvnCd" : "41"				,"ctprvnNm" : "경기도"				,"signguCd" : "41111"				,"signguNm" : "수원시 장안구"				,"adongCd" : "4111159800"				,"adongNm" : "조원2동"				,"stdrDt" : "2015-12-17"				}				,{				"ctprvnCd" : "41"				,"ctprvnNm" : "경기도"				,"signguCd" : "41111"				,"signguNm" : "수원시 장안구"				,"adongCd" : "4111156000"				,"adongNm" : "파장동"				,"stdrDt" : "2015-12-17"				}			]	}}