{	"header" : {		"description" : "소상공인시장진흥공단 상권정보 행정동 코드"		,"columns" : ["시도코드","시도명","시군구코드","시군구명","행정동코드","행정동명","기준일자"]		,"resultCode" : "00"		,"resultMsg" : "NORMAL SERVICE"	},	"body" : {			"items" : [				{				"ctprvnCd" : "41"				,"ctprvnNm" : "경기도"				,"signguCd" : "41115"				,"signguNm" : "수원시 팔달구"				,"adongCd" : "4111567000"				,"adongNm" : "고등동"				,"stdrDt" : "2015-12-17"				}				,{				"ctprvnCd" : "41"				,"ctprvnNm" : "경기도"				,"signguCd" : "41115"				,"signguNm" : "수원시 팔달구"				,"adongCd" : "4111565000"				,"adongNm" : "매교동"				,"stdrDt" : "2015-12-17"				}				,{				"ctprvnCd" : "41"				,"ctprvnNm" : "경기도"				,"signguCd" : "41115"				,"signguNm" : "수원시 팔달구"				,"adongCd" : "4111566000"				,"adongNm" : "매산동"				,"stdrDt" : "2015-12-17"				}				,{				"ctprvnCd" : "41"				,"ctprvnNm" : "경기도"				,"signguCd" : "41115"				,"signguNm" : "수원시 팔달구"				,"adongCd" : "4111571000"				,"adongNm" : "우만1동"				,"stdrDt" : "2015-12-17"				}				,{				"ctprvnCd" : "41"				,"ctprvnNm" : "경기도"				,"signguCd" : "41115"				,"signguNm" : "수원시 팔달구"				,"adongCd" : "4111572000"				,"adongNm" : "우만2동"				,"stdrDt" : "2015-12-17"				}				,{				"ctprvnCd" : "41"				,"ctprvnNm" : "경기도"				,"signguCd" : "41115"				,"signguNm" : "수원시 팔달구"				,"adongCd" : "4111573000"				,"adongNm" : "인계동"				,"stdrDt" : "2015-12-17"				}				,{				"ctprvnCd" : "41"				,"ctprvnNm" : "경기도"				,"signguCd" : "41115"				,"signguNm" : "수원시 팔달구"				,"adongCd" : "4111570000"				,"adongNm" : "지동"				,"stdrDt" : "2015-12-17"				}				,{				"ctprvnCd" : "41"				,"ctprvnNm" : "경기도"				,"signguCd" : "41115"				,"signguNm" : "수원시 팔달구"				,"adongCd" : "4111574000"				,"adongNm" : "행궁동"				,"stdrDt" : "2015-12-17"				}				,{				"ctprvnCd" : "41"				,"ctprvnNm" : "경기도"				,"signguCd" : "41115"				,"signguNm" : "수원시 팔달구"				,"adongCd" : "4111568000"				,"adongNm" : "화서1동"				,"stdrDt" : "2015-12-17"				}				,{				"ctprvnCd" : "41"				,"ctprvnNm" : "경기도"				,"signguCd" : "41115"				,"signguNm" : "수원시 팔달구"				,"adongCd" : "4111569000"				,"adongNm" : "화서2동"				,"stdrDt" : "2015-12-17"				}			]	}}