{	"header" : {		"description" : "소상공인시장진흥공단 상권정보 행정동 코드"		,"columns" : ["시도코드","시도명","시군구코드","시군구명","행정동코드","행정동명","기준일자"]		,"resultCode" : "00"		,"resultMsg" : "NORMAL SERVICE"	},	"body" : {			"items" : [				{				"ctprvnCd" : "41"				,"ctprvnNm" : "경기도"				,"signguCd" : "41131"				,"signguNm" : "성남시 수정구"				,"adongCd" : "4113164000"				,"adongNm" : "고등동"				,"stdrDt" : "2015-12-17"				}				,{				"ctprvnCd" : "41"				,"ctprvnNm" : "경기도"				,"signguCd" : "41131"				,"signguNm" : "성남시 수정구"				,"adongCd" : "4113159000"				,"adongNm" : "단대동"				,"stdrDt" : "2015-12-17"				}				,{				"ctprvnCd" : "41"				,"ctprvnNm" : "경기도"				,"signguCd" : "41131"				,"signguNm" : "성남시 수정구"				,"adongCd" : "4113162000"				,"adongNm" : "복정동"				,"stdrDt" : "2015-12-17"				}				,{				"ctprvnCd" : "41"				,"ctprvnNm" : "경기도"				,"signguCd" : "41131"				,"signguNm" : "성남시 수정구"				,"adongCd" : "4113160000"				,"adongNm" : "산성동"				,"stdrDt" : "2015-12-17"				}				,{				"ctprvnCd" : "41"				,"ctprvnNm" : "경기도"				,"signguCd" : "41131"				,"signguNm" : "성남시 수정구"				,"adongCd" : "4113157000"				,"adongNm" : "수진1동"				,"stdrDt" : "2015-12-17"				}				,{				"ctprvnCd" : "41"				,"ctprvnNm" : "경기도"				,"signguCd" : "41131"				,"signguNm" : "성남시 수정구"				,"adongCd" : "4113158000"				,"adongNm" : "수진2동"				,"stdrDt" : "2015-12-17"				}				,{				"ctprvnCd" : "41"				,"ctprvnNm" : "경기도"				,"signguCd" : "41131"				,"signguNm" : "성남시 수정구"				,"adongCd" : "4113165000"				,"adongNm" : "시흥동"				,"stdrDt" : "2015-12-17"				}				,{				"ctprvnCd" : "41"				,"ctprvnNm" : "경기도"				,"signguCd" : "41131"				,"signguNm" : "성남시 수정구"				,"adongCd" : "4113163000"				,"adongNm" : "신촌동"				,"stdrDt" : "2015-12-17"				}				,{				"ctprvnCd" : "41"				,"ctprvnNm" : "경기도"				,"signguCd" : "41131"				,"signguNm" : "성남시 수정구"				,"adongCd" : "4113151000"				,"adongNm" : "신흥1동"				,"stdrDt" : "2015-12-17"				}				,{				"ctprvnCd" : "41"				,"ctprvnNm" : "경기도"				,"signguCd" : "41131"				,"signguNm" : "성남시 수정구"				,"adongCd" : "4113152000"				,"adongNm" : "신흥2동"				,"stdrDt" : "2015-12-17"				}				,{				"ctprvnCd" : "41"				,"ctprvnNm" : "경기도"				,"signguCd" : "41131"				,"signguNm" : "성남시 수정구"				,"adongCd" : "4113153000"				,"adongNm" : "신흥3동"				,"stdrDt" : "2015-12-17"				}				,{				"ctprvnCd" : "41"				,"ctprvnNm" : "경기도"				,"signguCd" : "41131"				,"signguNm" : "성남시 수정구"				,"adongCd" : "4113161000"				,"adongNm" : "양지동"				,"stdrDt" : "2015-12-17"				}				,{				"ctprvnCd" : "41"				,"ctprvnNm" : "경기도"				,"signguCd" : "41131"				,"signguNm" : "성남시 수정구"				,"adongCd" : "4113162500"				,"adongNm" : "위례동"				,"stdrDt" : "2015-12-17"				}				,{				"ctprvnCd" : "41"				,"ctprvnNm" : "경기도"				,"signguCd" : "41131"				,"signguNm" : "성남시 수정구"				,"adongCd" : "4113154000"				,"adongNm" : "태평1동"				,"stdrDt" : "2015-12-17"				}				,{				"ctprvnCd" : "41"				,"ctprvnNm" : "경기도"				,"signguCd" : "41131"				,"signguNm" : "성남시 수정구"				,"adongCd" : "4113155000"				,"adongNm" : "태평2동"				,"stdrDt" : "2015-12-17"				}				,{				"ctprvnCd" : "41"				,"ctprvnNm" : "경기도"				,"signguCd" : "41131"				,"signguNm" : "성남시 수정구"				,"adongCd" : "4113156000"				,"adongNm" : "태평3동"				,"stdrDt" : "2015-12-17"				}				,{				"ctprvnCd" : "41"				,"ctprvnNm" : "경기도"				,"signguCd" : "41131"				,"signguNm" : "성남시 수정구"				,"adongCd" : "4113156100"				,"adongNm" : "태평4동"				,"stdrDt" : "2015-12-17"				}			]	}}