{	"header" : {		"description" : "소상공인시장진흥공단 상권정보 행정동 코드"		,"columns" : ["시도코드","시도명","시군구코드","시군구명","행정동코드","행정동명","기준일자"]		,"resultCode" : "00"		,"resultMsg" : "NORMAL SERVICE"	},	"body" : {			"items" : [				{				"ctprvnCd" : "41"				,"ctprvnNm" : "경기도"				,"signguCd" : "41135"				,"signguNm" : "성남시 분당구"				,"adongCd" : "4113566500"				,"adongNm" : "구미1동"				,"stdrDt" : "2015-12-17"				}				,{				"ctprvnCd" : "41"				,"ctprvnNm" : "경기도"				,"signguCd" : "41135"				,"signguNm" : "성남시 분당구"				,"adongCd" : "4113567000"				,"adongNm" : "구미동"				,"stdrDt" : "2015-12-17"				}				,{				"ctprvnCd" : "41"				,"ctprvnNm" : "경기도"				,"signguCd" : "41135"				,"signguNm" : "성남시 분당구"				,"adongCd" : "4113566200"				,"adongNm" : "금곡동"				,"stdrDt" : "2015-12-17"				}				,{				"ctprvnCd" : "41"				,"ctprvnNm" : "경기도"				,"signguCd" : "41135"				,"signguNm" : "성남시 분당구"				,"adongCd" : "4113565700"				,"adongNm" : "백현동"				,"stdrDt" : "2015-12-17"				}				,{				"ctprvnCd" : "41"				,"ctprvnNm" : "경기도"				,"signguCd" : "41135"				,"signguNm" : "성남시 분당구"				,"adongCd" : "4113551000"				,"adongNm" : "분당동"				,"stdrDt" : "2015-12-17"				}				,{				"ctprvnCd" : "41"				,"ctprvnNm" : "경기도"				,"signguCd" : "41135"				,"signguNm" : "성남시 분당구"				,"adongCd" : "4113565500"				,"adongNm" : "삼평동"				,"stdrDt" : "2015-12-17"				}				,{				"ctprvnCd" : "41"				,"ctprvnNm" : "경기도"				,"signguCd" : "41135"				,"signguNm" : "성남시 분당구"				,"adongCd" : "4113558000"				,"adongNm" : "서현1동"				,"stdrDt" : "2015-12-17"				}				,{				"ctprvnCd" : "41"				,"ctprvnNm" : "경기도"				,"signguCd" : "41135"				,"signguNm" : "성남시 분당구"				,"adongCd" : "4113559000"				,"adongNm" : "서현2동"				,"stdrDt" : "2015-12-17"				}				,{				"ctprvnCd" : "41"				,"ctprvnNm" : "경기도"				,"signguCd" : "41135"				,"signguNm" : "성남시 분당구"				,"adongCd" : "4113552000"				,"adongNm" : "수내1동"				,"stdrDt" : "2015-12-17"				}				,{				"ctprvnCd" : "41"				,"ctprvnNm" : "경기도"				,"signguCd" : "41135"				,"signguNm" : "성남시 분당구"				,"adongCd" : "4113553000"				,"adongNm" : "수내2동"				,"stdrDt" : "2015-12-17"				}				,{				"ctprvnCd" : "41"				,"ctprvnNm" : "경기도"				,"signguCd" : "41135"				,"signguNm" : "성남시 분당구"				,"adongCd" : "4113554000"				,"adongNm" : "수내3동"				,"stdrDt" : "2015-12-17"				}				,{				"ctprvnCd" : "41"				,"ctprvnNm" : "경기도"				,"signguCd" : "41135"				,"signguNm" : "성남시 분당구"				,"adongCd" : "4113562000"				,"adongNm" : "야탑1동"				,"stdrDt" : "2015-12-17"				}				,{				"ctprvnCd" : "41"				,"ctprvnNm" : "경기도"				,"signguCd" : "41135"				,"signguNm" : "성남시 분당구"				,"adongCd" : "4113563000"				,"adongNm" : "야탑2동"				,"stdrDt" : "2015-12-17"				}				,{				"ctprvnCd" : "41"				,"ctprvnNm" : "경기도"				,"signguCd" : "41135"				,"signguNm" : "성남시 분당구"				,"adongCd" : "4113564000"				,"adongNm" : "야탑3동"				,"stdrDt" : "2015-12-17"				}				,{				"ctprvnCd" : "41"				,"ctprvnNm" : "경기도"				,"signguCd" : "41135"				,"signguNm" : "성남시 분당구"				,"adongCd" : "4113568000"				,"adongNm" : "운중동"				,"stdrDt" : "2015-12-17"				}				,{				"ctprvnCd" : "41"				,"ctprvnNm" : "경기도"				,"signguCd" : "41135"				,"signguNm" : "성남시 분당구"				,"adongCd" : "4113560000"				,"adongNm" : "이매1동"				,"stdrDt" : "2015-12-17"				}				,{				"ctprvnCd" : "41"				,"ctprvnNm" : "경기도"				,"signguCd" : "41135"				,"signguNm" : "성남시 분당구"				,"adongCd" : "4113561000"				,"adongNm" : "이매2동"				,"stdrDt" : "2015-12-17"				}				,{				"ctprvnCd" : "41"				,"ctprvnNm" : "경기도"				,"signguCd" : "41135"				,"signguNm" : "성남시 분당구"				,"adongCd" : "4113555000"				,"adongNm" : "정자1동"				,"stdrDt" : "2015-12-17"				}				,{				"ctprvnCd" : "41"				,"ctprvnNm" : "경기도"				,"signguCd" : "41135"				,"signguNm" : "성남시 분당구"				,"adongCd" : "4113556000"				,"adongNm" : "정자2동"				,"stdrDt" : "2015-12-17"				}				,{				"ctprvnCd" : "41"				,"ctprvnNm" : "경기도"				,"signguCd" : "41135"				,"signguNm" : "성남시 분당구"				,"adongCd" : "4113557000"				,"adongNm" : "정자3동"				,"stdrDt" : "2015-12-17"				}				,{				"ctprvnCd" : "41"				,"ctprvnNm" : "경기도"				,"signguCd" : "41135"				,"signguNm" : "성남시 분당구"				,"adongCd" : "4113554500"				,"adongNm" : "정자동"				,"stdrDt" : "2015-12-17"				}				,{				"ctprvnCd" : "41"				,"ctprvnNm" : "경기도"				,"signguCd" : "41135"				,"signguNm" : "성남시 분당구"				,"adongCd" : "4113565000"				,"adongNm" : "판교동"				,"stdrDt" : "2015-12-17"				}			]	}}