{	"header" : {		"description" : "소상공인시장진흥공단 상권정보 행정동 코드"		,"columns" : ["시도코드","시도명","시군구코드","시군구명","행정동코드","행정동명","기준일자"]		,"resultCode" : "00"		,"resultMsg" : "NORMAL SERVICE"	},	"body" : {			"items" : [				{				"ctprvnCd" : "41"				,"ctprvnNm" : "경기도"				,"signguCd" : "41133"				,"signguNm" : "성남시 중원구"				,"adongCd" : "4113353000"				,"adongNm" : "금광1동"				,"stdrDt" : "2015-12-17"				}				,{				"ctprvnCd" : "41"				,"ctprvnNm" : "경기도"				,"signguCd" : "41133"				,"signguNm" : "성남시 중원구"				,"adongCd" : "4113354000"				,"adongNm" : "금광2동"				,"stdrDt" : "2015-12-17"				}				,{				"ctprvnCd" : "41"				,"ctprvnNm" : "경기도"				,"signguCd" : "41133"				,"signguNm" : "성남시 중원구"				,"adongCd" : "4113367000"				,"adongNm" : "도촌동"				,"stdrDt" : "2015-12-17"				}				,{				"ctprvnCd" : "41"				,"ctprvnNm" : "경기도"				,"signguCd" : "41133"				,"signguNm" : "성남시 중원구"				,"adongCd" : "4113357000"				,"adongNm" : "상대원1동"				,"stdrDt" : "2015-12-17"				}				,{				"ctprvnCd" : "41"				,"ctprvnNm" : "경기도"				,"signguCd" : "41133"				,"signguNm" : "성남시 중원구"				,"adongCd" : "4113358000"				,"adongNm" : "상대원2동"				,"stdrDt" : "2015-12-17"				}				,{				"ctprvnCd" : "41"				,"ctprvnNm" : "경기도"				,"signguCd" : "41133"				,"signguNm" : "성남시 중원구"				,"adongCd" : "4113359000"				,"adongNm" : "상대원3동"				,"stdrDt" : "2015-12-17"				}				,{				"ctprvnCd" : "41"				,"ctprvnNm" : "경기도"				,"signguCd" : "41133"				,"signguNm" : "성남시 중원구"				,"adongCd" : "4113351000"				,"adongNm" : "성남동"				,"stdrDt" : "2015-12-17"				}				,{				"ctprvnCd" : "41"				,"ctprvnNm" : "경기도"				,"signguCd" : "41133"				,"signguNm" : "성남시 중원구"				,"adongCd" : "4113355000"				,"adongNm" : "은행1동"				,"stdrDt" : "2015-12-17"				}				,{				"ctprvnCd" : "41"				,"ctprvnNm" : "경기도"				,"signguCd" : "41133"				,"signguNm" : "성남시 중원구"				,"adongCd" : "4113356000"				,"adongNm" : "은행2동"				,"stdrDt" : "2015-12-17"				}				,{				"ctprvnCd" : "41"				,"ctprvnNm" : "경기도"				,"signguCd" : "41133"				,"signguNm" : "성남시 중원구"				,"adongCd" : "4113352500"				,"adongNm" : "중앙동"				,"stdrDt" : "2015-12-17"				}				,{				"ctprvnCd" : "41"				,"ctprvnNm" : "경기도"				,"signguCd" : "41133"				,"signguNm" : "성남시 중원구"				,"adongCd" : "4113366000"				,"adongNm" : "하대원동"				,"stdrDt" : "2015-12-17"				}			]	}}