{	"header" : {		"description" : "소상공인시장진흥공단 상권정보 행정동 코드"		,"columns" : ["시도코드","시도명","시군구코드","시군구명","행정동코드","행정동명","기준일자"]		,"resultCode" : "00"		,"resultMsg" : "NORMAL SERVICE"	},	"body" : {			"items" : [				{				"ctprvnCd" : "41"				,"ctprvnNm" : "경기도"				,"signguCd" : "41150"				,"signguNm" : "의정부시"				,"adongCd" : "4115059500"				,"adongNm" : "가능동"				,"stdrDt" : "2015-12-17"				}				,{				"ctprvnCd" : "41"				,"ctprvnNm" : "경기도"				,"signguCd" : "41150"				,"signguNm" : "의정부시"				,"adongCd" : "4115062000"				,"adongNm" : "녹양동"				,"stdrDt" : "2015-12-17"				}				,{				"ctprvnCd" : "41"				,"ctprvnNm" : "경기도"				,"signguCd" : "41150"				,"signguNm" : "의정부시"				,"adongCd" : "4115057300"				,"adongNm" : "송산1동"				,"stdrDt" : "2015-12-17"				}				,{				"ctprvnCd" : "41"				,"ctprvnNm" : "경기도"				,"signguCd" : "41150"				,"signguNm" : "의정부시"				,"adongCd" : "4115057600"				,"adongNm" : "송산2동"				,"stdrDt" : "2015-12-17"				}				,{				"ctprvnCd" : "41"				,"ctprvnNm" : "경기도"				,"signguCd" : "41150"				,"signguNm" : "의정부시"				,"adongCd" : "4115056700"				,"adongNm" : "신곡1동"				,"stdrDt" : "2015-12-17"				}				,{				"ctprvnCd" : "41"				,"ctprvnNm" : "경기도"				,"signguCd" : "41150"				,"signguNm" : "의정부시"				,"adongCd" : "4115056800"				,"adongNm" : "신곡2동"				,"stdrDt" : "2015-12-17"				}				,{				"ctprvnCd" : "41"				,"ctprvnNm" : "경기도"				,"signguCd" : "41150"				,"signguNm" : "의정부시"				,"adongCd" : "4115051000"				,"adongNm" : "의정부1동"				,"stdrDt" : "2015-12-17"				}				,{				"ctprvnCd" : "41"				,"ctprvnNm" : "경기도"				,"signguCd" : "41150"				,"signguNm" : "의정부시"				,"adongCd" : "4115052000"				,"adongNm" : "의정부2동"				,"stdrDt" : "2015-12-17"				}				,{				"ctprvnCd" : "41"				,"ctprvnNm" : "경기도"				,"signguCd" : "41150"				,"signguNm" : "의정부시"				,"adongCd" : "4115053000"				,"adongNm" : "의정부3동"				,"stdrDt" : "2015-12-17"				}				,{				"ctprvnCd" : "41"				,"ctprvnNm" : "경기도"				,"signguCd" : "41150"				,"signguNm" : "의정부시"				,"adongCd" : "4115058000"				,"adongNm" : "자금동"				,"stdrDt" : "2015-12-17"				}				,{				"ctprvnCd" : "41"				,"ctprvnNm" : "경기도"				,"signguCd" : "41150"				,"signguNm" : "의정부시"				,"adongCd" : "4115056100"				,"adongNm" : "장암동"				,"stdrDt" : "2015-12-17"				}				,{				"ctprvnCd" : "41"				,"ctprvnNm" : "경기도"				,"signguCd" : "41150"				,"signguNm" : "의정부시"				,"adongCd" : "4115054500"				,"adongNm" : "호원1동"				,"stdrDt" : "2015-12-17"				}				,{				"ctprvnCd" : "41"				,"ctprvnNm" : "경기도"				,"signguCd" : "41150"				,"signguNm" : "의정부시"				,"adongCd" : "4115055500"				,"adongNm" : "호원2동"				,"stdrDt" : "2015-12-17"				}				,{				"ctprvnCd" : "41"				,"ctprvnNm" : "경기도"				,"signguCd" : "41150"				,"signguNm" : "의정부시"				,"adongCd" : "4115061500"				,"adongNm" : "흥선동"				,"stdrDt" : "2015-12-17"				}			]	}}