{	"header" : {		"description" : "소상공인시장진흥공단 상권정보 행정동 코드"		,"columns" : ["시도코드","시도명","시군구코드","시군구명","행정동코드","행정동명","기준일자"]		,"resultCode" : "00"		,"resultMsg" : "NORMAL SERVICE"	},	"body" : {			"items" : [				{				"ctprvnCd" : "41"				,"ctprvnNm" : "경기도"				,"signguCd" : "41173"				,"signguNm" : "안양시 동안구"				,"adongCd" : "4117363000"				,"adongNm" : "갈산동"				,"stdrDt" : "2015-12-17"				}				,{				"ctprvnCd" : "41"				,"ctprvnNm" : "경기도"				,"signguCd" : "41173"				,"signguNm" : "안양시 동안구"				,"adongCd" : "4117355000"				,"adongNm" : "관양1동"				,"stdrDt" : "2015-12-17"				}				,{				"ctprvnCd" : "41"				,"ctprvnNm" : "경기도"				,"signguCd" : "41173"				,"signguNm" : "안양시 동안구"				,"adongCd" : "4117356000"				,"adongNm" : "관양2동"				,"stdrDt" : "2015-12-17"				}				,{				"ctprvnCd" : "41"				,"ctprvnNm" : "경기도"				,"signguCd" : "41173"				,"signguNm" : "안양시 동안구"				,"adongCd" : "4117357800"				,"adongNm" : "귀인동"				,"stdrDt" : "2015-12-17"				}				,{				"ctprvnCd" : "41"				,"ctprvnNm" : "경기도"				,"signguCd" : "41173"				,"signguNm" : "안양시 동안구"				,"adongCd" : "4117354600"				,"adongNm" : "달안동"				,"stdrDt" : "2015-12-17"				}				,{				"ctprvnCd" : "41"				,"ctprvnNm" : "경기도"				,"signguCd" : "41173"				,"signguNm" : "안양시 동안구"				,"adongCd" : "4117361000"				,"adongNm" : "범계동"				,"stdrDt" : "2015-12-17"				}				,{				"ctprvnCd" : "41"				,"ctprvnNm" : "경기도"				,"signguCd" : "41173"				,"signguNm" : "안양시 동안구"				,"adongCd" : "4117356600"				,"adongNm" : "부림동"				,"stdrDt" : "2015-12-17"				}				,{				"ctprvnCd" : "41"				,"ctprvnNm" : "경기도"				,"signguCd" : "41173"				,"signguNm" : "안양시 동안구"				,"adongCd" : "4117354000"				,"adongNm" : "부흥동"				,"stdrDt" : "2015-12-17"				}				,{				"ctprvnCd" : "41"				,"ctprvnNm" : "경기도"				,"signguCd" : "41173"				,"signguNm" : "안양시 동안구"				,"adongCd" : "4117351000"				,"adongNm" : "비산1동"				,"stdrDt" : "2015-12-17"				}				,{				"ctprvnCd" : "41"				,"ctprvnNm" : "경기도"				,"signguCd" : "41173"				,"signguNm" : "안양시 동안구"				,"adongCd" : "4117352000"				,"adongNm" : "비산2동"				,"stdrDt" : "2015-12-17"				}				,{				"ctprvnCd" : "41"				,"ctprvnNm" : "경기도"				,"signguCd" : "41173"				,"signguNm" : "안양시 동안구"				,"adongCd" : "4117353000"				,"adongNm" : "비산3동"				,"stdrDt" : "2015-12-17"				}				,{				"ctprvnCd" : "41"				,"ctprvnNm" : "경기도"				,"signguCd" : "41173"				,"signguNm" : "안양시 동안구"				,"adongCd" : "4117362000"				,"adongNm" : "신촌동"				,"stdrDt" : "2015-12-17"				}				,{				"ctprvnCd" : "41"				,"ctprvnNm" : "경기도"				,"signguCd" : "41173"				,"signguNm" : "안양시 동안구"				,"adongCd" : "4117357600"				,"adongNm" : "평안동"				,"stdrDt" : "2015-12-17"				}				,{				"ctprvnCd" : "41"				,"ctprvnNm" : "경기도"				,"signguCd" : "41173"				,"signguNm" : "안양시 동안구"				,"adongCd" : "4117357000"				,"adongNm" : "평촌동"				,"stdrDt" : "2015-12-17"				}				,{				"ctprvnCd" : "41"				,"ctprvnNm" : "경기도"				,"signguCd" : "41173"				,"signguNm" : "안양시 동안구"				,"adongCd" : "4117358000"				,"adongNm" : "호계1동"				,"stdrDt" : "2015-12-17"				}				,{				"ctprvnCd" : "41"				,"ctprvnNm" : "경기도"				,"signguCd" : "41173"				,"signguNm" : "안양시 동안구"				,"adongCd" : "4117359000"				,"adongNm" : "호계2동"				,"stdrDt" : "2015-12-17"				}				,{				"ctprvnCd" : "41"				,"ctprvnNm" : "경기도"				,"signguCd" : "41173"				,"signguNm" : "안양시 동안구"				,"adongCd" : "4117360000"				,"adongNm" : "호계3동"				,"stdrDt" : "2015-12-17"				}			]	}}