{	"header" : {		"description" : "소상공인시장진흥공단 상권정보 행정동 코드"		,"columns" : ["시도코드","시도명","시군구코드","시군구명","행정동코드","행정동명","기준일자"]		,"resultCode" : "00"		,"resultMsg" : "NORMAL SERVICE"	},	"body" : {			"items" : [				{				"ctprvnCd" : "41"				,"ctprvnNm" : "경기도"				,"signguCd" : "41171"				,"signguNm" : "안양시 만안구"				,"adongCd" : "4117162100"				,"adongNm" : "박달1동"				,"stdrDt" : "2015-12-17"				}				,{				"ctprvnCd" : "41"				,"ctprvnNm" : "경기도"				,"signguCd" : "41171"				,"signguNm" : "안양시 만안구"				,"adongCd" : "4117163000"				,"adongNm" : "박달2동"				,"stdrDt" : "2015-12-17"				}				,{				"ctprvnCd" : "41"				,"ctprvnNm" : "경기도"				,"signguCd" : "41171"				,"signguNm" : "안양시 만안구"				,"adongCd" : "4117159000"				,"adongNm" : "석수1동"				,"stdrDt" : "2015-12-17"				}				,{				"ctprvnCd" : "41"				,"ctprvnNm" : "경기도"				,"signguCd" : "41171"				,"signguNm" : "안양시 만안구"				,"adongCd" : "4117160000"				,"adongNm" : "석수2동"				,"stdrDt" : "2015-12-17"				}				,{				"ctprvnCd" : "41"				,"ctprvnNm" : "경기도"				,"signguCd" : "41171"				,"signguNm" : "안양시 만안구"				,"adongCd" : "4117161000"				,"adongNm" : "석수3동"				,"stdrDt" : "2015-12-17"				}				,{				"ctprvnCd" : "41"				,"ctprvnNm" : "경기도"				,"signguCd" : "41171"				,"signguNm" : "안양시 만안구"				,"adongCd" : "4117151000"				,"adongNm" : "안양1동"				,"stdrDt" : "2015-12-17"				}				,{				"ctprvnCd" : "41"				,"ctprvnNm" : "경기도"				,"signguCd" : "41171"				,"signguNm" : "안양시 만안구"				,"adongCd" : "4117152000"				,"adongNm" : "안양2동"				,"stdrDt" : "2015-12-17"				}				,{				"ctprvnCd" : "41"				,"ctprvnNm" : "경기도"				,"signguCd" : "41171"				,"signguNm" : "안양시 만안구"				,"adongCd" : "4117153000"				,"adongNm" : "안양3동"				,"stdrDt" : "2015-12-17"				}				,{				"ctprvnCd" : "41"				,"ctprvnNm" : "경기도"				,"signguCd" : "41171"				,"signguNm" : "안양시 만안구"				,"adongCd" : "4117154000"				,"adongNm" : "안양4동"				,"stdrDt" : "2015-12-17"				}				,{				"ctprvnCd" : "41"				,"ctprvnNm" : "경기도"				,"signguCd" : "41171"				,"signguNm" : "안양시 만안구"				,"adongCd" : "4117155000"				,"adongNm" : "안양5동"				,"stdrDt" : "2015-12-17"				}				,{				"ctprvnCd" : "41"				,"ctprvnNm" : "경기도"				,"signguCd" : "41171"				,"signguNm" : "안양시 만안구"				,"adongCd" : "4117156000"				,"adongNm" : "안양6동"				,"stdrDt" : "2015-12-17"				}				,{				"ctprvnCd" : "41"				,"ctprvnNm" : "경기도"				,"signguCd" : "41171"				,"signguNm" : "안양시 만안구"				,"adongCd" : "4117157000"				,"adongNm" : "안양7동"				,"stdrDt" : "2015-12-17"				}				,{				"ctprvnCd" : "41"				,"ctprvnNm" : "경기도"				,"signguCd" : "41171"				,"signguNm" : "안양시 만안구"				,"adongCd" : "4117158000"				,"adongNm" : "안양8동"				,"stdrDt" : "2015-12-17"				}				,{				"ctprvnCd" : "41"				,"ctprvnNm" : "경기도"				,"signguCd" : "41171"				,"signguNm" : "안양시 만안구"				,"adongCd" : "4117158100"				,"adongNm" : "안양9동"				,"stdrDt" : "2015-12-17"				}			]	}}