{	"header" : {		"description" : "소상공인시장진흥공단 상권정보 행정동 코드"		,"columns" : ["시도코드","시도명","시군구코드","시군구명","행정동코드","행정동명","기준일자"]		,"resultCode" : "00"		,"resultMsg" : "NORMAL SERVICE"	},	"body" : {			"items" : [				{				"ctprvnCd" : "41"				,"ctprvnNm" : "경기도"				,"signguCd" : "41190"				,"signguNm" : "부천시"				,"adongCd" : "4119074600"				,"adongNm" : "대산동"				,"stdrDt" : "2015-12-17"				}				,{				"ctprvnCd" : "41"				,"ctprvnNm" : "경기도"				,"signguCd" : "41190"				,"signguNm" : "부천시"				,"adongCd" : "4119079500"				,"adongNm" : "범안동"				,"stdrDt" : "2015-12-17"				}				,{				"ctprvnCd" : "41"				,"ctprvnNm" : "경기도"				,"signguCd" : "41190"				,"signguNm" : "부천시"				,"adongCd" : "4119060600"				,"adongNm" : "부천동"				,"stdrDt" : "2015-12-17"				}				,{				"ctprvnCd" : "41"				,"ctprvnNm" : "경기도"				,"signguCd" : "41190"				,"signguNm" : "부천시"				,"adongCd" : "4119074400"				,"adongNm" : "상동"				,"stdrDt" : "2015-12-17"				}				,{				"ctprvnCd" : "41"				,"ctprvnNm" : "경기도"				,"signguCd" : "41190"				,"signguNm" : "부천시"				,"adongCd" : "4119080000"				,"adongNm" : "성곡동"				,"stdrDt" : "2015-12-17"				}				,{				"ctprvnCd" : "41"				,"ctprvnNm" : "경기도"				,"signguCd" : "41190"				,"signguNm" : "부천시"				,"adongCd" : "4119075000"				,"adongNm" : "소사본동"				,"stdrDt" : "2015-12-17"				}				,{				"ctprvnCd" : "41"				,"ctprvnNm" : "경기도"				,"signguCd" : "41190"				,"signguNm" : "부천시"				,"adongCd" : "4119074200"				,"adongNm" : "신중동"				,"stdrDt" : "2015-12-17"				}				,{				"ctprvnCd" : "41"				,"ctprvnNm" : "경기도"				,"signguCd" : "41190"				,"signguNm" : "부천시"				,"adongCd" : "4119060300"				,"adongNm" : "심곡동"				,"stdrDt" : "2015-12-17"				}				,{				"ctprvnCd" : "41"				,"ctprvnNm" : "경기도"				,"signguCd" : "41190"				,"signguNm" : "부천시"				,"adongCd" : "4119083000"				,"adongNm" : "오정동"				,"stdrDt" : "2015-12-17"				}				,{				"ctprvnCd" : "41"				,"ctprvnNm" : "경기도"				,"signguCd" : "41190"				,"signguNm" : "부천시"				,"adongCd" : "4119061000"				,"adongNm" : "중동"				,"stdrDt" : "2015-12-17"				}			]	}}