{	"header" : {		"description" : "소상공인시장진흥공단 상권정보 행정동 코드"		,"columns" : ["시도코드","시도명","시군구코드","시군구명","행정동코드","행정동명","기준일자"]		,"resultCode" : "00"		,"resultMsg" : "NORMAL SERVICE"	},	"body" : {			"items" : [				{				"ctprvnCd" : "41"				,"ctprvnNm" : "경기도"				,"signguCd" : "41210"				,"signguNm" : "광명시"				,"adongCd" : "4121051000"				,"adongNm" : "광명1동"				,"stdrDt" : "2015-12-17"				}				,{				"ctprvnCd" : "41"				,"ctprvnNm" : "경기도"				,"signguCd" : "41210"				,"signguNm" : "광명시"				,"adongCd" : "4121052000"				,"adongNm" : "광명2동"				,"stdrDt" : "2015-12-17"				}				,{				"ctprvnCd" : "41"				,"ctprvnNm" : "경기도"				,"signguCd" : "41210"				,"signguNm" : "광명시"				,"adongCd" : "4121054000"				,"adongNm" : "광명3동"				,"stdrDt" : "2015-12-17"				}				,{				"ctprvnCd" : "41"				,"ctprvnNm" : "경기도"				,"signguCd" : "41210"				,"signguNm" : "광명시"				,"adongCd" : "4121055000"				,"adongNm" : "광명4동"				,"stdrDt" : "2015-12-17"				}				,{				"ctprvnCd" : "41"				,"ctprvnNm" : "경기도"				,"signguCd" : "41210"				,"signguNm" : "광명시"				,"adongCd" : "4121056000"				,"adongNm" : "광명5동"				,"stdrDt" : "2015-12-17"				}				,{				"ctprvnCd" : "41"				,"ctprvnNm" : "경기도"				,"signguCd" : "41210"				,"signguNm" : "광명시"				,"adongCd" : "4121057000"				,"adongNm" : "광명6동"				,"stdrDt" : "2015-12-17"				}				,{				"ctprvnCd" : "41"				,"ctprvnNm" : "경기도"				,"signguCd" : "41210"				,"signguNm" : "광명시"				,"adongCd" : "4121058000"				,"adongNm" : "광명7동"				,"stdrDt" : "2015-12-17"				}				,{				"ctprvnCd" : "41"				,"ctprvnNm" : "경기도"				,"signguCd" : "41210"				,"signguNm" : "광명시"				,"adongCd" : "4121064000"				,"adongNm" : "소하1동"				,"stdrDt" : "2015-12-17"				}				,{				"ctprvnCd" : "41"				,"ctprvnNm" : "경기도"				,"signguCd" : "41210"				,"signguNm" : "광명시"				,"adongCd" : "4121065000"				,"adongNm" : "소하2동"				,"stdrDt" : "2015-12-17"				}				,{				"ctprvnCd" : "41"				,"ctprvnNm" : "경기도"				,"signguCd" : "41210"				,"signguNm" : "광명시"				,"adongCd" : "4121059000"				,"adongNm" : "철산1동"				,"stdrDt" : "2015-12-17"				}				,{				"ctprvnCd" : "41"				,"ctprvnNm" : "경기도"				,"signguCd" : "41210"				,"signguNm" : "광명시"				,"adongCd" : "4121060000"				,"adongNm" : "철산2동"				,"stdrDt" : "2015-12-17"				}				,{				"ctprvnCd" : "41"				,"ctprvnNm" : "경기도"				,"signguCd" : "41210"				,"signguNm" : "광명시"				,"adongCd" : "4121061000"				,"adongNm" : "철산3동"				,"stdrDt" : "2015-12-17"				}				,{				"ctprvnCd" : "41"				,"ctprvnNm" : "경기도"				,"signguCd" : "41210"				,"signguNm" : "광명시"				,"adongCd" : "4121062000"				,"adongNm" : "철산4동"				,"stdrDt" : "2015-12-17"				}				,{				"ctprvnCd" : "41"				,"ctprvnNm" : "경기도"				,"signguCd" : "41210"				,"signguNm" : "광명시"				,"adongCd" : "4121063100"				,"adongNm" : "하안1동"				,"stdrDt" : "2015-12-17"				}				,{				"ctprvnCd" : "41"				,"ctprvnNm" : "경기도"				,"signguCd" : "41210"				,"signguNm" : "광명시"				,"adongCd" : "4121063200"				,"adongNm" : "하안2동"				,"stdrDt" : "2015-12-17"				}				,{				"ctprvnCd" : "41"				,"ctprvnNm" : "경기도"				,"signguCd" : "41210"				,"signguNm" : "광명시"				,"adongCd" : "4121063300"				,"adongNm" : "하안3동"				,"stdrDt" : "2015-12-17"				}				,{				"ctprvnCd" : "41"				,"ctprvnNm" : "경기도"				,"signguCd" : "41210"				,"signguNm" : "광명시"				,"adongCd" : "4121063400"				,"adongNm" : "하안4동"				,"stdrDt" : "2015-12-17"				}				,{				"ctprvnCd" : "41"				,"ctprvnNm" : "경기도"				,"signguCd" : "41210"				,"signguNm" : "광명시"				,"adongCd" : "4121066000"				,"adongNm" : "학온동"				,"stdrDt" : "2015-12-17"				}			]	}}