{	"header" : {		"description" : "소상공인시장진흥공단 상권정보 행정동 코드"		,"columns" : ["시도코드","시도명","시군구코드","시군구명","행정동코드","행정동명","기준일자"]		,"resultCode" : "00"		,"resultMsg" : "NORMAL SERVICE"	},	"body" : {			"items" : [				{				"ctprvnCd" : "41"				,"ctprvnNm" : "경기도"				,"signguCd" : "41220"				,"signguNm" : "평택시"				,"adongCd" : "4122033000"				,"adongNm" : "고덕면"				,"stdrDt" : "2015-12-17"				}				,{				"ctprvnCd" : "41"				,"ctprvnNm" : "경기도"				,"signguCd" : "41220"				,"signguNm" : "평택시"				,"adongCd" : "4122062000"				,"adongNm" : "비전1동"				,"stdrDt" : "2015-12-17"				}				,{				"ctprvnCd" : "41"				,"ctprvnNm" : "경기도"				,"signguCd" : "41220"				,"signguNm" : "평택시"				,"adongCd" : "4122063000"				,"adongNm" : "비전2동"				,"stdrDt" : "2015-12-17"				}				,{				"ctprvnCd" : "41"				,"ctprvnNm" : "경기도"				,"signguCd" : "41220"				,"signguNm" : "평택시"				,"adongCd" : "4122052000"				,"adongNm" : "서정동"				,"stdrDt" : "2015-12-17"				}				,{				"ctprvnCd" : "41"				,"ctprvnNm" : "경기도"				,"signguCd" : "41220"				,"signguNm" : "평택시"				,"adongCd" : "4122032000"				,"adongNm" : "서탄면"				,"stdrDt" : "2015-12-17"				}				,{				"ctprvnCd" : "41"				,"ctprvnNm" : "경기도"				,"signguCd" : "41220"				,"signguNm" : "평택시"				,"adongCd" : "4122064000"				,"adongNm" : "세교동"				,"stdrDt" : "2015-12-17"				}				,{				"ctprvnCd" : "41"				,"ctprvnNm" : "경기도"				,"signguCd" : "41220"				,"signguNm" : "평택시"				,"adongCd" : "4122056000"				,"adongNm" : "송북동"				,"stdrDt" : "2015-12-17"				}				,{				"ctprvnCd" : "41"				,"ctprvnNm" : "경기도"				,"signguCd" : "41220"				,"signguNm" : "평택시"				,"adongCd" : "4122053500"				,"adongNm" : "송탄동"				,"stdrDt" : "2015-12-17"				}				,{				"ctprvnCd" : "41"				,"ctprvnNm" : "경기도"				,"signguCd" : "41220"				,"signguNm" : "평택시"				,"adongCd" : "4122057000"				,"adongNm" : "신장1동"				,"stdrDt" : "2015-12-17"				}				,{				"ctprvnCd" : "41"				,"ctprvnNm" : "경기도"				,"signguCd" : "41220"				,"signguNm" : "평택시"				,"adongCd" : "4122058000"				,"adongNm" : "신장2동"				,"stdrDt" : "2015-12-17"				}				,{				"ctprvnCd" : "41"				,"ctprvnNm" : "경기도"				,"signguCd" : "41220"				,"signguNm" : "평택시"				,"adongCd" : "4122059000"				,"adongNm" : "신평동"				,"stdrDt" : "2015-12-17"				}				,{				"ctprvnCd" : "41"				,"ctprvnNm" : "경기도"				,"signguCd" : "41220"				,"signguNm" : "평택시"				,"adongCd" : "4122025300"				,"adongNm" : "안중읍"				,"stdrDt" : "2015-12-17"				}				,{				"ctprvnCd" : "41"				,"ctprvnNm" : "경기도"				,"signguCd" : "41220"				,"signguNm" : "평택시"				,"adongCd" : "4122034000"				,"adongNm" : "오성면"				,"stdrDt" : "2015-12-17"				}				,{				"ctprvnCd" : "41"				,"ctprvnNm" : "경기도"				,"signguCd" : "41220"				,"signguNm" : "평택시"				,"adongCd" : "4122060000"				,"adongNm" : "원평동"				,"stdrDt" : "2015-12-17"				}				,{				"ctprvnCd" : "41"				,"ctprvnNm" : "경기도"				,"signguCd" : "41220"				,"signguNm" : "평택시"				,"adongCd" : "4122051000"				,"adongNm" : "중앙동"				,"stdrDt" : "2015-12-17"				}				,{				"ctprvnCd" : "41"				,"ctprvnNm" : "경기도"				,"signguCd" : "41220"				,"signguNm" : "평택시"				,"adongCd" : "4122055000"				,"adongNm" : "지산동"				,"stdrDt" : "2015-12-17"				}				,{				"ctprvnCd" : "41"				,"ctprvnNm" : "경기도"				,"signguCd" : "41220"				,"signguNm" : "평택시"				,"adongCd" : "4122031000"				,"adongNm" : "진위면"				,"stdrDt" : "2015-12-17"				}				,{				"ctprvnCd" : "41"				,"ctprvnNm" : "경기도"				,"signguCd" : "41220"				,"signguNm" : "평택시"				,"adongCd" : "4122025900"				,"adongNm" : "청북읍"				,"stdrDt" : "2015-12-17"				}				,{				"ctprvnCd" : "41"				,"ctprvnNm" : "경기도"				,"signguCd" : "41220"				,"signguNm" : "평택시"				,"adongCd" : "4122061000"				,"adongNm" : "통복동"				,"stdrDt" : "2015-12-17"				}				,{				"ctprvnCd" : "41"				,"ctprvnNm" : "경기도"				,"signguCd" : "41220"				,"signguNm" : "평택시"				,"adongCd" : "4122025000"				,"adongNm" : "팽성읍"				,"stdrDt" : "2015-12-17"				}				,{				"ctprvnCd" : "41"				,"ctprvnNm" : "경기도"				,"signguCd" : "41220"				,"signguNm" : "평택시"				,"adongCd" : "4122025600"				,"adongNm" : "포승읍"				,"stdrDt" : "2015-12-17"				}				,{				"ctprvnCd" : "41"				,"ctprvnNm" : "경기도"				,"signguCd" : "41220"				,"signguNm" : "평택시"				,"adongCd" : "4122037000"				,"adongNm" : "현덕면"				,"stdrDt" : "2015-12-17"				}			]	}}