{	"header" : {		"description" : "소상공인시장진흥공단 상권정보 행정동 코드"		,"columns" : ["시도코드","시도명","시군구코드","시군구명","행정동코드","행정동명","기준일자"]		,"resultCode" : "00"		,"resultMsg" : "NORMAL SERVICE"	},	"body" : {			"items" : [				{				"ctprvnCd" : "41"				,"ctprvnNm" : "경기도"				,"signguCd" : "41250"				,"signguNm" : "동두천시"				,"adongCd" : "4125055000"				,"adongNm" : "보산동"				,"stdrDt" : "2015-12-17"				}				,{				"ctprvnCd" : "41"				,"ctprvnNm" : "경기도"				,"signguCd" : "41250"				,"signguNm" : "동두천시"				,"adongCd" : "4125056500"				,"adongNm" : "불현동"				,"stdrDt" : "2015-12-17"				}				,{				"ctprvnCd" : "41"				,"ctprvnNm" : "경기도"				,"signguCd" : "41250"				,"signguNm" : "동두천시"				,"adongCd" : "4125060000"				,"adongNm" : "상패동"				,"stdrDt" : "2015-12-17"				}				,{				"ctprvnCd" : "41"				,"ctprvnNm" : "경기도"				,"signguCd" : "41250"				,"signguNm" : "동두천시"				,"adongCd" : "4125051000"				,"adongNm" : "생연1동"				,"stdrDt" : "2015-12-17"				}				,{				"ctprvnCd" : "41"				,"ctprvnNm" : "경기도"				,"signguCd" : "41250"				,"signguNm" : "동두천시"				,"adongCd" : "4125052000"				,"adongNm" : "생연2동"				,"stdrDt" : "2015-12-17"				}				,{				"ctprvnCd" : "41"				,"ctprvnNm" : "경기도"				,"signguCd" : "41250"				,"signguNm" : "동두천시"				,"adongCd" : "4125058000"				,"adongNm" : "소요동"				,"stdrDt" : "2015-12-17"				}				,{				"ctprvnCd" : "41"				,"ctprvnNm" : "경기도"				,"signguCd" : "41250"				,"signguNm" : "동두천시"				,"adongCd" : "4125056600"				,"adongNm" : "송내동"				,"stdrDt" : "2015-12-17"				}				,{				"ctprvnCd" : "41"				,"ctprvnNm" : "경기도"				,"signguCd" : "41250"				,"signguNm" : "동두천시"				,"adongCd" : "4125053500"				,"adongNm" : "중앙동"				,"stdrDt" : "2015-12-17"				}			]	}}