{	"header" : {		"description" : "소상공인시장진흥공단 상권정보 행정동 코드"		,"columns" : ["시도코드","시도명","시군구코드","시군구명","행정동코드","행정동명","기준일자"]		,"resultCode" : "00"		,"resultMsg" : "NORMAL SERVICE"	},	"body" : {			"items" : [				{				"ctprvnCd" : "41"				,"ctprvnNm" : "경기도"				,"signguCd" : "41271"				,"signguNm" : "안산시 상록구"				,"adongCd" : "4127160000"				,"adongNm" : "반월동"				,"stdrDt" : "2015-12-17"				}				,{				"ctprvnCd" : "41"				,"ctprvnNm" : "경기도"				,"signguCd" : "41271"				,"signguNm" : "안산시 상록구"				,"adongCd" : "4127154000"				,"adongNm" : "본오1동"				,"stdrDt" : "2015-12-17"				}				,{				"ctprvnCd" : "41"				,"ctprvnNm" : "경기도"				,"signguCd" : "41271"				,"signguNm" : "안산시 상록구"				,"adongCd" : "4127155000"				,"adongNm" : "본오2동"				,"stdrDt" : "2015-12-17"				}				,{				"ctprvnCd" : "41"				,"ctprvnNm" : "경기도"				,"signguCd" : "41271"				,"signguNm" : "안산시 상록구"				,"adongCd" : "4127156000"				,"adongNm" : "본오3동"				,"stdrDt" : "2015-12-17"				}				,{				"ctprvnCd" : "41"				,"ctprvnNm" : "경기도"				,"signguCd" : "41271"				,"signguNm" : "안산시 상록구"				,"adongCd" : "4127157000"				,"adongNm" : "부곡동"				,"stdrDt" : "2015-12-17"				}				,{				"ctprvnCd" : "41"				,"ctprvnNm" : "경기도"				,"signguCd" : "41271"				,"signguNm" : "안산시 상록구"				,"adongCd" : "4127152500"				,"adongNm" : "사동"				,"stdrDt" : "2015-12-17"				}				,{				"ctprvnCd" : "41"				,"ctprvnNm" : "경기도"				,"signguCd" : "41271"				,"signguNm" : "안산시 상록구"				,"adongCd" : "4127153200"				,"adongNm" : "사이동"				,"stdrDt" : "2015-12-17"				}				,{				"ctprvnCd" : "41"				,"ctprvnNm" : "경기도"				,"signguCd" : "41271"				,"signguNm" : "안산시 상록구"				,"adongCd" : "4127159000"				,"adongNm" : "성포동"				,"stdrDt" : "2015-12-17"				}				,{				"ctprvnCd" : "41"				,"ctprvnNm" : "경기도"				,"signguCd" : "41271"				,"signguNm" : "안산시 상록구"				,"adongCd" : "4127161000"				,"adongNm" : "안산동"				,"stdrDt" : "2015-12-17"				}				,{				"ctprvnCd" : "41"				,"ctprvnNm" : "경기도"				,"signguCd" : "41271"				,"signguNm" : "안산시 상록구"				,"adongCd" : "4127158000"				,"adongNm" : "월피동"				,"stdrDt" : "2015-12-17"				}				,{				"ctprvnCd" : "41"				,"ctprvnNm" : "경기도"				,"signguCd" : "41271"				,"signguNm" : "안산시 상록구"				,"adongCd" : "4127151500"				,"adongNm" : "이동"				,"stdrDt" : "2015-12-17"				}				,{				"ctprvnCd" : "41"				,"ctprvnNm" : "경기도"				,"signguCd" : "41271"				,"signguNm" : "안산시 상록구"				,"adongCd" : "4127151000"				,"adongNm" : "일동"				,"stdrDt" : "2015-12-17"				}				,{				"ctprvnCd" : "41"				,"ctprvnNm" : "경기도"				,"signguCd" : "41271"				,"signguNm" : "안산시 상록구"				,"adongCd" : "4127153700"				,"adongNm" : "해양동"				,"stdrDt" : "2015-12-17"				}			]	}}