{	"header" : {		"description" : "소상공인시장진흥공단 상권정보 행정동 코드"		,"columns" : ["시도코드","시도명","시군구코드","시군구명","행정동코드","행정동명","기준일자"]		,"resultCode" : "00"		,"resultMsg" : "NORMAL SERVICE"	},	"body" : {			"items" : [				{				"ctprvnCd" : "41"				,"ctprvnNm" : "경기도"				,"signguCd" : "41273"				,"signguNm" : "안산시 단원구"				,"adongCd" : "4127352500"				,"adongNm" : "고잔동"				,"stdrDt" : "2015-12-17"				}				,{				"ctprvnCd" : "41"				,"ctprvnNm" : "경기도"				,"signguCd" : "41273"				,"signguNm" : "안산시 단원구"				,"adongCd" : "4127361000"				,"adongNm" : "대부동"				,"stdrDt" : "2015-12-17"				}				,{				"ctprvnCd" : "41"				,"ctprvnNm" : "경기도"				,"signguCd" : "41273"				,"signguNm" : "안산시 단원구"				,"adongCd" : "4127355500"				,"adongNm" : "백운동"				,"stdrDt" : "2015-12-17"				}				,{				"ctprvnCd" : "41"				,"ctprvnNm" : "경기도"				,"signguCd" : "41273"				,"signguNm" : "안산시 단원구"				,"adongCd" : "4127358000"				,"adongNm" : "선부1동"				,"stdrDt" : "2015-12-17"				}				,{				"ctprvnCd" : "41"				,"ctprvnNm" : "경기도"				,"signguCd" : "41273"				,"signguNm" : "안산시 단원구"				,"adongCd" : "4127359000"				,"adongNm" : "선부2동"				,"stdrDt" : "2015-12-17"				}				,{				"ctprvnCd" : "41"				,"ctprvnNm" : "경기도"				,"signguCd" : "41273"				,"signguNm" : "안산시 단원구"				,"adongCd" : "4127360000"				,"adongNm" : "선부3동"				,"stdrDt" : "2015-12-17"				}				,{				"ctprvnCd" : "41"				,"ctprvnNm" : "경기도"				,"signguCd" : "41273"				,"signguNm" : "안산시 단원구"				,"adongCd" : "4127356500"				,"adongNm" : "신길동"				,"stdrDt" : "2015-12-17"				}				,{				"ctprvnCd" : "41"				,"ctprvnNm" : "경기도"				,"signguCd" : "41273"				,"signguNm" : "안산시 단원구"				,"adongCd" : "4127351000"				,"adongNm" : "와동"				,"stdrDt" : "2015-12-17"				}				,{				"ctprvnCd" : "41"				,"ctprvnNm" : "경기도"				,"signguCd" : "41273"				,"signguNm" : "안산시 단원구"				,"adongCd" : "4127354500"				,"adongNm" : "원곡동"				,"stdrDt" : "2015-12-17"				}				,{				"ctprvnCd" : "41"				,"ctprvnNm" : "경기도"				,"signguCd" : "41273"				,"signguNm" : "안산시 단원구"				,"adongCd" : "4127353200"				,"adongNm" : "중앙동"				,"stdrDt" : "2015-12-17"				}				,{				"ctprvnCd" : "41"				,"ctprvnNm" : "경기도"				,"signguCd" : "41273"				,"signguNm" : "안산시 단원구"				,"adongCd" : "4127357000"				,"adongNm" : "초지동"				,"stdrDt" : "2015-12-17"				}				,{				"ctprvnCd" : "41"				,"ctprvnNm" : "경기도"				,"signguCd" : "41273"				,"signguNm" : "안산시 단원구"				,"adongCd" : "4127353500"				,"adongNm" : "호수동"				,"stdrDt" : "2015-12-17"				}			]	}}