{	"header" : {		"description" : "소상공인시장진흥공단 상권정보 행정동 코드"		,"columns" : ["시도코드","시도명","시군구코드","시군구명","행정동코드","행정동명","기준일자"]		,"resultCode" : "00"		,"resultMsg" : "NORMAL SERVICE"	},	"body" : {			"items" : [				{				"ctprvnCd" : "41"				,"ctprvnNm" : "경기도"				,"signguCd" : "41285"				,"signguNm" : "고양시 일산동구"				,"adongCd" : "4128560000"				,"adongNm" : "고봉동"				,"stdrDt" : "2015-12-17"				}				,{				"ctprvnCd" : "41"				,"ctprvnNm" : "경기도"				,"signguCd" : "41285"				,"signguNm" : "고양시 일산동구"				,"adongCd" : "4128556000"				,"adongNm" : "마두1동"				,"stdrDt" : "2015-12-17"				}				,{				"ctprvnCd" : "41"				,"ctprvnNm" : "경기도"				,"signguCd" : "41285"				,"signguNm" : "고양시 일산동구"				,"adongCd" : "4128557000"				,"adongNm" : "마두2동"				,"stdrDt" : "2015-12-17"				}				,{				"ctprvnCd" : "41"				,"ctprvnNm" : "경기도"				,"signguCd" : "41285"				,"signguNm" : "고양시 일산동구"				,"adongCd" : "4128555100"				,"adongNm" : "백석1동"				,"stdrDt" : "2015-12-17"				}				,{				"ctprvnCd" : "41"				,"ctprvnNm" : "경기도"				,"signguCd" : "41285"				,"signguNm" : "고양시 일산동구"				,"adongCd" : "4128555200"				,"adongNm" : "백석2동"				,"stdrDt" : "2015-12-17"				}				,{				"ctprvnCd" : "41"				,"ctprvnNm" : "경기도"				,"signguCd" : "41285"				,"signguNm" : "고양시 일산동구"				,"adongCd" : "4128551000"				,"adongNm" : "식사동"				,"stdrDt" : "2015-12-17"				}				,{				"ctprvnCd" : "41"				,"ctprvnNm" : "경기도"				,"signguCd" : "41285"				,"signguNm" : "고양시 일산동구"				,"adongCd" : "4128558000"				,"adongNm" : "장항1동"				,"stdrDt" : "2015-12-17"				}				,{				"ctprvnCd" : "41"				,"ctprvnNm" : "경기도"				,"signguCd" : "41285"				,"signguNm" : "고양시 일산동구"				,"adongCd" : "4128559000"				,"adongNm" : "장항2동"				,"stdrDt" : "2015-12-17"				}				,{				"ctprvnCd" : "41"				,"ctprvnNm" : "경기도"				,"signguCd" : "41285"				,"signguNm" : "고양시 일산동구"				,"adongCd" : "4128553000"				,"adongNm" : "정발산동"				,"stdrDt" : "2015-12-17"				}				,{				"ctprvnCd" : "41"				,"ctprvnNm" : "경기도"				,"signguCd" : "41285"				,"signguNm" : "고양시 일산동구"				,"adongCd" : "4128552000"				,"adongNm" : "중산동"				,"stdrDt" : "2015-12-17"				}				,{				"ctprvnCd" : "41"				,"ctprvnNm" : "경기도"				,"signguCd" : "41285"				,"signguNm" : "고양시 일산동구"				,"adongCd" : "4128554000"				,"adongNm" : "풍산동"				,"stdrDt" : "2015-12-17"				}			]	}}