{	"header" : {		"description" : "소상공인시장진흥공단 상권정보 행정동 코드"		,"columns" : ["시도코드","시도명","시군구코드","시군구명","행정동코드","행정동명","기준일자"]		,"resultCode" : "00"		,"resultMsg" : "NORMAL SERVICE"	},	"body" : {			"items" : [				{				"ctprvnCd" : "41"				,"ctprvnNm" : "경기도"				,"signguCd" : "41287"				,"signguNm" : "고양시 일산서구"				,"adongCd" : "4128757000"				,"adongNm" : "대화동"				,"stdrDt" : "2015-12-17"				}				,{				"ctprvnCd" : "41"				,"ctprvnNm" : "경기도"				,"signguCd" : "41287"				,"signguNm" : "고양시 일산서구"				,"adongCd" : "4128759000"				,"adongNm" : "송산동"				,"stdrDt" : "2015-12-17"				}				,{				"ctprvnCd" : "41"				,"ctprvnNm" : "경기도"				,"signguCd" : "41287"				,"signguNm" : "고양시 일산서구"				,"adongCd" : "4128758000"				,"adongNm" : "송포동"				,"stdrDt" : "2015-12-17"				}				,{				"ctprvnCd" : "41"				,"ctprvnNm" : "경기도"				,"signguCd" : "41287"				,"signguNm" : "고양시 일산서구"				,"adongCd" : "4128751000"				,"adongNm" : "일산1동"				,"stdrDt" : "2015-12-17"				}				,{				"ctprvnCd" : "41"				,"ctprvnNm" : "경기도"				,"signguCd" : "41287"				,"signguNm" : "고양시 일산서구"				,"adongCd" : "4128752000"				,"adongNm" : "일산2동"				,"stdrDt" : "2015-12-17"				}				,{				"ctprvnCd" : "41"				,"ctprvnNm" : "경기도"				,"signguCd" : "41287"				,"signguNm" : "고양시 일산서구"				,"adongCd" : "4128753000"				,"adongNm" : "일산3동"				,"stdrDt" : "2015-12-17"				}				,{				"ctprvnCd" : "41"				,"ctprvnNm" : "경기도"				,"signguCd" : "41287"				,"signguNm" : "고양시 일산서구"				,"adongCd" : "4128755000"				,"adongNm" : "주엽1동"				,"stdrDt" : "2015-12-17"				}				,{				"ctprvnCd" : "41"				,"ctprvnNm" : "경기도"				,"signguCd" : "41287"				,"signguNm" : "고양시 일산서구"				,"adongCd" : "4128756000"				,"adongNm" : "주엽2동"				,"stdrDt" : "2015-12-17"				}				,{				"ctprvnCd" : "41"				,"ctprvnNm" : "경기도"				,"signguCd" : "41287"				,"signguNm" : "고양시 일산서구"				,"adongCd" : "4128754000"				,"adongNm" : "탄현동"				,"stdrDt" : "2015-12-17"				}			]	}}