{	"header" : {		"description" : "소상공인시장진흥공단 상권정보 행정동 코드"		,"columns" : ["시도코드","시도명","시군구코드","시군구명","행정동코드","행정동명","기준일자"]		,"resultCode" : "00"		,"resultMsg" : "NORMAL SERVICE"	},	"body" : {			"items" : [				{				"ctprvnCd" : "41"				,"ctprvnNm" : "경기도"				,"signguCd" : "41281"				,"signguNm" : "고양시 덕양구"				,"adongCd" : "4128159000"				,"adongNm" : "고양동"				,"stdrDt" : "2015-12-17"				}				,{				"ctprvnCd" : "41"				,"ctprvnNm" : "경기도"				,"signguCd" : "41281"				,"signguNm" : "고양시 덕양구"				,"adongCd" : "4128160000"				,"adongNm" : "관산동"				,"stdrDt" : "2015-12-17"				}				,{				"ctprvnCd" : "41"				,"ctprvnNm" : "경기도"				,"signguCd" : "41281"				,"signguNm" : "고양시 덕양구"				,"adongCd" : "4128161000"				,"adongNm" : "능곡동"				,"stdrDt" : "2015-12-17"				}				,{				"ctprvnCd" : "41"				,"ctprvnNm" : "경기도"				,"signguCd" : "41281"				,"signguNm" : "고양시 덕양구"				,"adongCd" : "4128167000"				,"adongNm" : "대덕동"				,"stdrDt" : "2015-12-17"				}				,{				"ctprvnCd" : "41"				,"ctprvnNm" : "경기도"				,"signguCd" : "41281"				,"signguNm" : "고양시 덕양구"				,"adongCd" : "4128157500"				,"adongNm" : "삼송동"				,"stdrDt" : "2015-12-17"				}				,{				"ctprvnCd" : "41"				,"ctprvnNm" : "경기도"				,"signguCd" : "41281"				,"signguNm" : "고양시 덕양구"				,"adongCd" : "4128154000"				,"adongNm" : "성사1동"				,"stdrDt" : "2015-12-17"				}				,{				"ctprvnCd" : "41"				,"ctprvnNm" : "경기도"				,"signguCd" : "41281"				,"signguNm" : "고양시 덕양구"				,"adongCd" : "4128155000"				,"adongNm" : "성사2동"				,"stdrDt" : "2015-12-17"				}				,{				"ctprvnCd" : "41"				,"ctprvnNm" : "경기도"				,"signguCd" : "41281"				,"signguNm" : "고양시 덕양구"				,"adongCd" : "4128152000"				,"adongNm" : "원신동"				,"stdrDt" : "2015-12-17"				}				,{				"ctprvnCd" : "41"				,"ctprvnNm" : "경기도"				,"signguCd" : "41281"				,"signguNm" : "고양시 덕양구"				,"adongCd" : "4128151000"				,"adongNm" : "주교동"				,"stdrDt" : "2015-12-17"				}				,{				"ctprvnCd" : "41"				,"ctprvnNm" : "경기도"				,"signguCd" : "41281"				,"signguNm" : "고양시 덕양구"				,"adongCd" : "4128158000"				,"adongNm" : "창릉동"				,"stdrDt" : "2015-12-17"				}				,{				"ctprvnCd" : "41"				,"ctprvnNm" : "경기도"				,"signguCd" : "41281"				,"signguNm" : "고양시 덕양구"				,"adongCd" : "4128164000"				,"adongNm" : "행신1동"				,"stdrDt" : "2015-12-17"				}				,{				"ctprvnCd" : "41"				,"ctprvnNm" : "경기도"				,"signguCd" : "41281"				,"signguNm" : "고양시 덕양구"				,"adongCd" : "4128165000"				,"adongNm" : "행신2동"				,"stdrDt" : "2015-12-17"				}				,{				"ctprvnCd" : "41"				,"ctprvnNm" : "경기도"				,"signguCd" : "41281"				,"signguNm" : "고양시 덕양구"				,"adongCd" : "4128165500"				,"adongNm" : "행신3동"				,"stdrDt" : "2015-12-17"				}				,{				"ctprvnCd" : "41"				,"ctprvnNm" : "경기도"				,"signguCd" : "41281"				,"signguNm" : "고양시 덕양구"				,"adongCd" : "4128163000"				,"adongNm" : "행주동"				,"stdrDt" : "2015-12-17"				}				,{				"ctprvnCd" : "41"				,"ctprvnNm" : "경기도"				,"signguCd" : "41281"				,"signguNm" : "고양시 덕양구"				,"adongCd" : "4128166000"				,"adongNm" : "화전동"				,"stdrDt" : "2015-12-17"				}				,{				"ctprvnCd" : "41"				,"ctprvnNm" : "경기도"				,"signguCd" : "41281"				,"signguNm" : "고양시 덕양구"				,"adongCd" : "4128162100"				,"adongNm" : "화정1동"				,"stdrDt" : "2015-12-17"				}				,{				"ctprvnCd" : "41"				,"ctprvnNm" : "경기도"				,"signguCd" : "41281"				,"signguNm" : "고양시 덕양구"				,"adongCd" : "4128162200"				,"adongNm" : "화정2동"				,"stdrDt" : "2015-12-17"				}				,{				"ctprvnCd" : "41"				,"ctprvnNm" : "경기도"				,"signguCd" : "41281"				,"signguNm" : "고양시 덕양구"				,"adongCd" : "4128156000"				,"adongNm" : "효자동"				,"stdrDt" : "2015-12-17"				}				,{				"ctprvnCd" : "41"				,"ctprvnNm" : "경기도"				,"signguCd" : "41281"				,"signguNm" : "고양시 덕양구"				,"adongCd" : "4128153000"				,"adongNm" : "흥도동"				,"stdrDt" : "2015-12-17"				}			]	}}