{	"header" : {		"description" : "소상공인시장진흥공단 상권정보 행정동 코드"		,"columns" : ["시도코드","시도명","시군구코드","시군구명","행정동코드","행정동명","기준일자"]		,"resultCode" : "00"		,"resultMsg" : "NORMAL SERVICE"	},	"body" : {			"items" : [				{				"ctprvnCd" : "41"				,"ctprvnNm" : "경기도"				,"signguCd" : "41290"				,"signguNm" : "과천시"				,"adongCd" : "4129052000"				,"adongNm" : "갈현동"				,"stdrDt" : "2015-12-17"				}				,{				"ctprvnCd" : "41"				,"ctprvnNm" : "경기도"				,"signguCd" : "41290"				,"signguNm" : "과천시"				,"adongCd" : "4129055000"				,"adongNm" : "과천동"				,"stdrDt" : "2015-12-17"				}				,{				"ctprvnCd" : "41"				,"ctprvnNm" : "경기도"				,"signguCd" : "41290"				,"signguNm" : "과천시"				,"adongCd" : "4129056000"				,"adongNm" : "문원동"				,"stdrDt" : "2015-12-17"				}				,{				"ctprvnCd" : "41"				,"ctprvnNm" : "경기도"				,"signguCd" : "41290"				,"signguNm" : "과천시"				,"adongCd" : "4129053000"				,"adongNm" : "별양동"				,"stdrDt" : "2015-12-17"				}				,{				"ctprvnCd" : "41"				,"ctprvnNm" : "경기도"				,"signguCd" : "41290"				,"signguNm" : "과천시"				,"adongCd" : "4129054000"				,"adongNm" : "부림동"				,"stdrDt" : "2015-12-17"				}				,{				"ctprvnCd" : "41"				,"ctprvnNm" : "경기도"				,"signguCd" : "41290"				,"signguNm" : "과천시"				,"adongCd" : "4129051000"				,"adongNm" : "중앙동"				,"stdrDt" : "2015-12-17"				}			]	}}