{	"header" : {		"description" : "소상공인시장진흥공단 상권정보 행정동 코드"		,"columns" : ["시도코드","시도명","시군구코드","시군구명","행정동코드","행정동명","기준일자"]		,"resultCode" : "00"		,"resultMsg" : "NORMAL SERVICE"	},	"body" : {			"items" : [				{				"ctprvnCd" : "41"				,"ctprvnNm" : "경기도"				,"signguCd" : "41310"				,"signguNm" : "구리시"				,"adongCd" : "4131051000"				,"adongNm" : "갈매동"				,"stdrDt" : "2015-12-17"				}				,{				"ctprvnCd" : "41"				,"ctprvnNm" : "경기도"				,"signguCd" : "41310"				,"signguNm" : "구리시"				,"adongCd" : "4131054100"				,"adongNm" : "교문1동"				,"stdrDt" : "2015-12-17"				}				,{				"ctprvnCd" : "41"				,"ctprvnNm" : "경기도"				,"signguCd" : "41310"				,"signguNm" : "구리시"				,"adongCd" : "4131054200"				,"adongNm" : "교문2동"				,"stdrDt" : "2015-12-17"				}				,{				"ctprvnCd" : "41"				,"ctprvnNm" : "경기도"				,"signguCd" : "41310"				,"signguNm" : "구리시"				,"adongCd" : "4131052000"				,"adongNm" : "동구동"				,"stdrDt" : "2015-12-17"				}				,{				"ctprvnCd" : "41"				,"ctprvnNm" : "경기도"				,"signguCd" : "41310"				,"signguNm" : "구리시"				,"adongCd" : "4131057000"				,"adongNm" : "수택1동"				,"stdrDt" : "2015-12-17"				}				,{				"ctprvnCd" : "41"				,"ctprvnNm" : "경기도"				,"signguCd" : "41310"				,"signguNm" : "구리시"				,"adongCd" : "4131058000"				,"adongNm" : "수택2동"				,"stdrDt" : "2015-12-17"				}				,{				"ctprvnCd" : "41"				,"ctprvnNm" : "경기도"				,"signguCd" : "41310"				,"signguNm" : "구리시"				,"adongCd" : "4131059000"				,"adongNm" : "수택3동"				,"stdrDt" : "2015-12-17"				}				,{				"ctprvnCd" : "41"				,"ctprvnNm" : "경기도"				,"signguCd" : "41310"				,"signguNm" : "구리시"				,"adongCd" : "4131053000"				,"adongNm" : "인창동"				,"stdrDt" : "2015-12-17"				}			]	}}