{	"header" : {		"description" : "소상공인시장진흥공단 상권정보 행정동 코드"		,"columns" : ["시도코드","시도명","시군구코드","시군구명","행정동코드","행정동명","기준일자"]		,"resultCode" : "00"		,"resultMsg" : "NORMAL SERVICE"	},	"body" : {			"items" : [				{				"ctprvnCd" : "41"				,"ctprvnNm" : "경기도"				,"signguCd" : "41360"				,"signguNm" : "남양주시"				,"adongCd" : "4136053000"				,"adongNm" : "금곡동"				,"stdrDt" : "2015-12-17"				}				,{				"ctprvnCd" : "41"				,"ctprvnNm" : "경기도"				,"signguCd" : "41360"				,"signguNm" : "남양주시"				,"adongCd" : "4136054500"				,"adongNm" : "다산1동"				,"stdrDt" : "2015-12-17"				}				,{				"ctprvnCd" : "41"				,"ctprvnNm" : "경기도"				,"signguCd" : "41360"				,"signguNm" : "남양주시"				,"adongCd" : "4136056500"				,"adongNm" : "다산2동"				,"stdrDt" : "2015-12-17"				}				,{				"ctprvnCd" : "41"				,"ctprvnNm" : "경기도"				,"signguCd" : "41360"				,"signguNm" : "남양주시"				,"adongCd" : "4136057000"				,"adongNm" : "별내동"				,"stdrDt" : "2015-12-17"				}				,{				"ctprvnCd" : "41"				,"ctprvnNm" : "경기도"				,"signguCd" : "41360"				,"signguNm" : "남양주시"				,"adongCd" : "4136031000"				,"adongNm" : "별내면"				,"stdrDt" : "2015-12-17"				}				,{				"ctprvnCd" : "41"				,"ctprvnNm" : "경기도"				,"signguCd" : "41360"				,"signguNm" : "남양주시"				,"adongCd" : "4136034000"				,"adongNm" : "수동면"				,"stdrDt" : "2015-12-17"				}				,{				"ctprvnCd" : "41"				,"ctprvnNm" : "경기도"				,"signguCd" : "41360"				,"signguNm" : "남양주시"				,"adongCd" : "4136054000"				,"adongNm" : "양정동"				,"stdrDt" : "2015-12-17"				}				,{				"ctprvnCd" : "41"				,"ctprvnNm" : "경기도"				,"signguCd" : "41360"				,"signguNm" : "남양주시"				,"adongCd" : "4136026200"				,"adongNm" : "오남읍"				,"stdrDt" : "2015-12-17"				}				,{				"ctprvnCd" : "41"				,"ctprvnNm" : "경기도"				,"signguCd" : "41360"				,"signguNm" : "남양주시"				,"adongCd" : "4136025000"				,"adongNm" : "와부읍"				,"stdrDt" : "2015-12-17"				}				,{				"ctprvnCd" : "41"				,"ctprvnNm" : "경기도"				,"signguCd" : "41360"				,"signguNm" : "남양주시"				,"adongCd" : "4136036000"				,"adongNm" : "조안면"				,"stdrDt" : "2015-12-17"				}				,{				"ctprvnCd" : "41"				,"ctprvnNm" : "경기도"				,"signguCd" : "41360"				,"signguNm" : "남양주시"				,"adongCd" : "4136025900"				,"adongNm" : "진건읍"				,"stdrDt" : "2015-12-17"				}				,{				"ctprvnCd" : "41"				,"ctprvnNm" : "경기도"				,"signguCd" : "41360"				,"signguNm" : "남양주시"				,"adongCd" : "4136025300"				,"adongNm" : "진접읍"				,"stdrDt" : "2015-12-17"				}				,{				"ctprvnCd" : "41"				,"ctprvnNm" : "경기도"				,"signguCd" : "41360"				,"signguNm" : "남양주시"				,"adongCd" : "4136037000"				,"adongNm" : "퇴계원면"				,"stdrDt" : "2015-12-17"				}				,{				"ctprvnCd" : "41"				,"ctprvnNm" : "경기도"				,"signguCd" : "41360"				,"signguNm" : "남양주시"				,"adongCd" : "4136052000"				,"adongNm" : "평내동"				,"stdrDt" : "2015-12-17"				}				,{				"ctprvnCd" : "41"				,"ctprvnNm" : "경기도"				,"signguCd" : "41360"				,"signguNm" : "남양주시"				,"adongCd" : "4136051000"				,"adongNm" : "호평동"				,"stdrDt" : "2015-12-17"				}				,{				"ctprvnCd" : "41"				,"ctprvnNm" : "경기도"				,"signguCd" : "41360"				,"signguNm" : "남양주시"				,"adongCd" : "4136025600"				,"adongNm" : "화도읍"				,"stdrDt" : "2015-12-17"				}			]	}}