{	"header" : {		"description" : "소상공인시장진흥공단 상권정보 행정동 코드"		,"columns" : ["시도코드","시도명","시군구코드","시군구명","행정동코드","행정동명","기준일자"]		,"resultCode" : "00"		,"resultMsg" : "NORMAL SERVICE"	},	"body" : {			"items" : [				{				"ctprvnCd" : "41"				,"ctprvnNm" : "경기도"				,"signguCd" : "41370"				,"signguNm" : "오산시"				,"adongCd" : "4137053000"				,"adongNm" : "남촌동"				,"stdrDt" : "2015-12-17"				}				,{				"ctprvnCd" : "41"				,"ctprvnNm" : "경기도"				,"signguCd" : "41370"				,"signguNm" : "오산시"				,"adongCd" : "4137057000"				,"adongNm" : "대원동"				,"stdrDt" : "2015-12-17"				}				,{				"ctprvnCd" : "41"				,"ctprvnNm" : "경기도"				,"signguCd" : "41370"				,"signguNm" : "오산시"				,"adongCd" : "4137055000"				,"adongNm" : "세마동"				,"stdrDt" : "2015-12-17"				}				,{				"ctprvnCd" : "41"				,"ctprvnNm" : "경기도"				,"signguCd" : "41370"				,"signguNm" : "오산시"				,"adongCd" : "4137054000"				,"adongNm" : "신장동"				,"stdrDt" : "2015-12-17"				}				,{				"ctprvnCd" : "41"				,"ctprvnNm" : "경기도"				,"signguCd" : "41370"				,"signguNm" : "오산시"				,"adongCd" : "4137051000"				,"adongNm" : "중앙동"				,"stdrDt" : "2015-12-17"				}				,{				"ctprvnCd" : "41"				,"ctprvnNm" : "경기도"				,"signguCd" : "41370"				,"signguNm" : "오산시"				,"adongCd" : "4137056000"				,"adongNm" : "초평동"				,"stdrDt" : "2015-12-17"				}			]	}}