{	"header" : {		"description" : "소상공인시장진흥공단 상권정보 행정동 코드"		,"columns" : ["시도코드","시도명","시군구코드","시군구명","행정동코드","행정동명","기준일자"]		,"resultCode" : "00"		,"resultMsg" : "NORMAL SERVICE"	},	"body" : {			"items" : [				{				"ctprvnCd" : "41"				,"ctprvnNm" : "경기도"				,"signguCd" : "41390"				,"signguNm" : "시흥시"				,"adongCd" : "4139062100"				,"adongNm" : "과림동"				,"stdrDt" : "2015-12-17"				}				,{				"ctprvnCd" : "41"				,"ctprvnNm" : "경기도"				,"signguCd" : "41390"				,"signguNm" : "시흥시"				,"adongCd" : "4139058100"				,"adongNm" : "군자동"				,"stdrDt" : "2015-12-17"				}				,{				"ctprvnCd" : "41"				,"ctprvnNm" : "경기도"				,"signguCd" : "41390"				,"signguNm" : "시흥시"				,"adongCd" : "4139064000"				,"adongNm" : "능곡동"				,"stdrDt" : "2015-12-17"				}				,{				"ctprvnCd" : "41"				,"ctprvnNm" : "경기도"				,"signguCd" : "41390"				,"signguNm" : "시흥시"				,"adongCd" : "4139051000"				,"adongNm" : "대야동"				,"stdrDt" : "2015-12-17"				}				,{				"ctprvnCd" : "41"				,"ctprvnNm" : "경기도"				,"signguCd" : "41390"				,"signguNm" : "시흥시"				,"adongCd" : "4139055000"				,"adongNm" : "매화동"				,"stdrDt" : "2015-12-17"				}				,{				"ctprvnCd" : "41"				,"ctprvnNm" : "경기도"				,"signguCd" : "41390"				,"signguNm" : "시흥시"				,"adongCd" : "4139057000"				,"adongNm" : "목감동"				,"stdrDt" : "2015-12-17"				}				,{				"ctprvnCd" : "41"				,"ctprvnNm" : "경기도"				,"signguCd" : "41390"				,"signguNm" : "시흥시"				,"adongCd" : "4139059500"				,"adongNm" : "배곧동"				,"stdrDt" : "2015-12-17"				}				,{				"ctprvnCd" : "41"				,"ctprvnNm" : "경기도"				,"signguCd" : "41390"				,"signguNm" : "시흥시"				,"adongCd" : "4139052000"				,"adongNm" : "신천동"				,"stdrDt" : "2015-12-17"				}				,{				"ctprvnCd" : "41"				,"ctprvnNm" : "경기도"				,"signguCd" : "41390"				,"signguNm" : "시흥시"				,"adongCd" : "4139053100"				,"adongNm" : "신현동"				,"stdrDt" : "2015-12-17"				}				,{				"ctprvnCd" : "41"				,"ctprvnNm" : "경기도"				,"signguCd" : "41390"				,"signguNm" : "시흥시"				,"adongCd" : "4139063000"				,"adongNm" : "연성동"				,"stdrDt" : "2015-12-17"				}				,{				"ctprvnCd" : "41"				,"ctprvnNm" : "경기도"				,"signguCd" : "41390"				,"signguNm" : "시흥시"				,"adongCd" : "4139058200"				,"adongNm" : "월곶동"				,"stdrDt" : "2015-12-17"				}				,{				"ctprvnCd" : "41"				,"ctprvnNm" : "경기도"				,"signguCd" : "41390"				,"signguNm" : "시흥시"				,"adongCd" : "4139054000"				,"adongNm" : "은행동"				,"stdrDt" : "2015-12-17"				}				,{				"ctprvnCd" : "41"				,"ctprvnNm" : "경기도"				,"signguCd" : "41390"				,"signguNm" : "시흥시"				,"adongCd" : "4139063100"				,"adongNm" : "장곡동"				,"stdrDt" : "2015-12-17"				}				,{				"ctprvnCd" : "41"				,"ctprvnNm" : "경기도"				,"signguCd" : "41390"				,"signguNm" : "시흥시"				,"adongCd" : "4139059100"				,"adongNm" : "정왕1동"				,"stdrDt" : "2015-12-17"				}				,{				"ctprvnCd" : "41"				,"ctprvnNm" : "경기도"				,"signguCd" : "41390"				,"signguNm" : "시흥시"				,"adongCd" : "4139059200"				,"adongNm" : "정왕2동"				,"stdrDt" : "2015-12-17"				}				,{				"ctprvnCd" : "41"				,"ctprvnNm" : "경기도"				,"signguCd" : "41390"				,"signguNm" : "시흥시"				,"adongCd" : "4139059300"				,"adongNm" : "정왕3동"				,"stdrDt" : "2015-12-17"				}				,{				"ctprvnCd" : "41"				,"ctprvnNm" : "경기도"				,"signguCd" : "41390"				,"signguNm" : "시흥시"				,"adongCd" : "4139059400"				,"adongNm" : "정왕4동"				,"stdrDt" : "2015-12-17"				}				,{				"ctprvnCd" : "41"				,"ctprvnNm" : "경기도"				,"signguCd" : "41390"				,"signguNm" : "시흥시"				,"adongCd" : "4139058900"				,"adongNm" : "정왕본동"				,"stdrDt" : "2015-12-17"				}			]	}}