{	"header" : {		"description" : "소상공인시장진흥공단 상권정보 행정동 코드"		,"columns" : ["시도코드","시도명","시군구코드","시군구명","행정동코드","행정동명","기준일자"]		,"resultCode" : "00"		,"resultMsg" : "NORMAL SERVICE"	},	"body" : {			"items" : [				{				"ctprvnCd" : "41"				,"ctprvnNm" : "경기도"				,"signguCd" : "41410"				,"signguNm" : "군포시"				,"adongCd" : "4141062000"				,"adongNm" : "광정동"				,"stdrDt" : "2015-12-17"				}				,{				"ctprvnCd" : "41"				,"ctprvnNm" : "경기도"				,"signguCd" : "41410"				,"signguNm" : "군포시"				,"adongCd" : "4141051000"				,"adongNm" : "군포1동"				,"stdrDt" : "2015-12-17"				}				,{				"ctprvnCd" : "41"				,"ctprvnNm" : "경기도"				,"signguCd" : "41410"				,"signguNm" : "군포시"				,"adongCd" : "4141052000"				,"adongNm" : "군포2동"				,"stdrDt" : "2015-12-17"				}				,{				"ctprvnCd" : "41"				,"ctprvnNm" : "경기도"				,"signguCd" : "41410"				,"signguNm" : "군포시"				,"adongCd" : "4141060000"				,"adongNm" : "궁내동"				,"stdrDt" : "2015-12-17"				}				,{				"ctprvnCd" : "41"				,"ctprvnNm" : "경기도"				,"signguCd" : "41410"				,"signguNm" : "군포시"				,"adongCd" : "4141056000"				,"adongNm" : "금정동"				,"stdrDt" : "2015-12-17"				}				,{				"ctprvnCd" : "41"				,"ctprvnNm" : "경기도"				,"signguCd" : "41410"				,"signguNm" : "군포시"				,"adongCd" : "4141061000"				,"adongNm" : "대야동"				,"stdrDt" : "2015-12-17"				}				,{				"ctprvnCd" : "41"				,"ctprvnNm" : "경기도"				,"signguCd" : "41410"				,"signguNm" : "군포시"				,"adongCd" : "4141054000"				,"adongNm" : "산본1동"				,"stdrDt" : "2015-12-17"				}				,{				"ctprvnCd" : "41"				,"ctprvnNm" : "경기도"				,"signguCd" : "41410"				,"signguNm" : "군포시"				,"adongCd" : "4141055000"				,"adongNm" : "산본2동"				,"stdrDt" : "2015-12-17"				}				,{				"ctprvnCd" : "41"				,"ctprvnNm" : "경기도"				,"signguCd" : "41410"				,"signguNm" : "군포시"				,"adongCd" : "4141059000"				,"adongNm" : "수리동"				,"stdrDt" : "2015-12-17"				}				,{				"ctprvnCd" : "41"				,"ctprvnNm" : "경기도"				,"signguCd" : "41410"				,"signguNm" : "군포시"				,"adongCd" : "4141058000"				,"adongNm" : "오금동"				,"stdrDt" : "2015-12-17"				}				,{				"ctprvnCd" : "41"				,"ctprvnNm" : "경기도"				,"signguCd" : "41410"				,"signguNm" : "군포시"				,"adongCd" : "4141057000"				,"adongNm" : "재궁동"				,"stdrDt" : "2015-12-17"				}			]	}}