{	"header" : {		"description" : "소상공인시장진흥공단 상권정보 행정동 코드"		,"columns" : ["시도코드","시도명","시군구코드","시군구명","행정동코드","행정동명","기준일자"]		,"resultCode" : "00"		,"resultMsg" : "NORMAL SERVICE"	},	"body" : {			"items" : [				{				"ctprvnCd" : "41"				,"ctprvnNm" : "경기도"				,"signguCd" : "41430"				,"signguNm" : "의왕시"				,"adongCd" : "4143051000"				,"adongNm" : "고천동"				,"stdrDt" : "2015-12-17"				}				,{				"ctprvnCd" : "41"				,"ctprvnNm" : "경기도"				,"signguCd" : "41430"				,"signguNm" : "의왕시"				,"adongCd" : "4143054000"				,"adongNm" : "내손1동"				,"stdrDt" : "2015-12-17"				}				,{				"ctprvnCd" : "41"				,"ctprvnNm" : "경기도"				,"signguCd" : "41430"				,"signguNm" : "의왕시"				,"adongCd" : "4143055000"				,"adongNm" : "내손2동"				,"stdrDt" : "2015-12-17"				}				,{				"ctprvnCd" : "41"				,"ctprvnNm" : "경기도"				,"signguCd" : "41430"				,"signguNm" : "의왕시"				,"adongCd" : "4143052000"				,"adongNm" : "부곡동"				,"stdrDt" : "2015-12-17"				}				,{				"ctprvnCd" : "41"				,"ctprvnNm" : "경기도"				,"signguCd" : "41430"				,"signguNm" : "의왕시"				,"adongCd" : "4143053000"				,"adongNm" : "오전동"				,"stdrDt" : "2015-12-17"				}				,{				"ctprvnCd" : "41"				,"ctprvnNm" : "경기도"				,"signguCd" : "41430"				,"signguNm" : "의왕시"				,"adongCd" : "4143056000"				,"adongNm" : "청계동"				,"stdrDt" : "2015-12-17"				}			]	}}