{	"header" : {		"description" : "소상공인시장진흥공단 상권정보 행정동 코드"		,"columns" : ["시도코드","시도명","시군구코드","시군구명","행정동코드","행정동명","기준일자"]		,"resultCode" : "00"		,"resultMsg" : "NORMAL SERVICE"	},	"body" : {			"items" : [				{				"ctprvnCd" : "41"				,"ctprvnNm" : "경기도"				,"signguCd" : "41450"				,"signguNm" : "하남시"				,"adongCd" : "4145058000"				,"adongNm" : "감북동"				,"stdrDt" : "2015-12-17"				}				,{				"ctprvnCd" : "41"				,"ctprvnNm" : "경기도"				,"signguCd" : "41450"				,"signguNm" : "하남시"				,"adongCd" : "4145054000"				,"adongNm" : "덕풍1동"				,"stdrDt" : "2015-12-17"				}				,{				"ctprvnCd" : "41"				,"ctprvnNm" : "경기도"				,"signguCd" : "41450"				,"signguNm" : "하남시"				,"adongCd" : "4145055000"				,"adongNm" : "덕풍2동"				,"stdrDt" : "2015-12-17"				}				,{				"ctprvnCd" : "41"				,"ctprvnNm" : "경기도"				,"signguCd" : "41450"				,"signguNm" : "하남시"				,"adongCd" : "4145056000"				,"adongNm" : "덕풍3동"				,"stdrDt" : "2015-12-17"				}				,{				"ctprvnCd" : "41"				,"ctprvnNm" : "경기도"				,"signguCd" : "41450"				,"signguNm" : "하남시"				,"adongCd" : "4145061000"				,"adongNm" : "미사1동"				,"stdrDt" : "2015-12-17"				}				,{				"ctprvnCd" : "41"				,"ctprvnNm" : "경기도"				,"signguCd" : "41450"				,"signguNm" : "하남시"				,"adongCd" : "4145062000"				,"adongNm" : "미사2동"				,"stdrDt" : "2015-12-17"				}				,{				"ctprvnCd" : "41"				,"ctprvnNm" : "경기도"				,"signguCd" : "41450"				,"signguNm" : "하남시"				,"adongCd" : "4145052000"				,"adongNm" : "신장1동"				,"stdrDt" : "2015-12-17"				}				,{				"ctprvnCd" : "41"				,"ctprvnNm" : "경기도"				,"signguCd" : "41450"				,"signguNm" : "하남시"				,"adongCd" : "4145053000"				,"adongNm" : "신장2동"				,"stdrDt" : "2015-12-17"				}				,{				"ctprvnCd" : "41"				,"ctprvnNm" : "경기도"				,"signguCd" : "41450"				,"signguNm" : "하남시"				,"adongCd" : "4145058500"				,"adongNm" : "위례동"				,"stdrDt" : "2015-12-17"				}				,{				"ctprvnCd" : "41"				,"ctprvnNm" : "경기도"				,"signguCd" : "41450"				,"signguNm" : "하남시"				,"adongCd" : "4145051000"				,"adongNm" : "천현동"				,"stdrDt" : "2015-12-17"				}				,{				"ctprvnCd" : "41"				,"ctprvnNm" : "경기도"				,"signguCd" : "41450"				,"signguNm" : "하남시"				,"adongCd" : "4145060000"				,"adongNm" : "초이동"				,"stdrDt" : "2015-12-17"				}				,{				"ctprvnCd" : "41"				,"ctprvnNm" : "경기도"				,"signguCd" : "41450"				,"signguNm" : "하남시"				,"adongCd" : "4145059000"				,"adongNm" : "춘궁동"				,"stdrDt" : "2015-12-17"				}				,{				"ctprvnCd" : "41"				,"ctprvnNm" : "경기도"				,"signguCd" : "41450"				,"signguNm" : "하남시"				,"adongCd" : "4145057000"				,"adongNm" : "풍산동"				,"stdrDt" : "2015-12-17"				}			]	}}