{	"header" : {		"description" : "소상공인시장진흥공단 상권정보 행정동 코드"		,"columns" : ["시도코드","시도명","시군구코드","시군구명","행정동코드","행정동명","기준일자"]		,"resultCode" : "00"		,"resultMsg" : "NORMAL SERVICE"	},	"body" : {			"items" : [				{				"ctprvnCd" : "41"				,"ctprvnNm" : "경기도"				,"signguCd" : "41461"				,"signguNm" : "용인시 처인구"				,"adongCd" : "4146132000"				,"adongNm" : "남사면"				,"stdrDt" : "2015-12-17"				}				,{				"ctprvnCd" : "41"				,"ctprvnNm" : "경기도"				,"signguCd" : "41461"				,"signguNm" : "용인시 처인구"				,"adongCd" : "4146154000"				,"adongNm" : "동부동"				,"stdrDt" : "2015-12-17"				}				,{				"ctprvnCd" : "41"				,"ctprvnNm" : "경기도"				,"signguCd" : "41461"				,"signguNm" : "용인시 처인구"				,"adongCd" : "4146125300"				,"adongNm" : "모현읍"				,"stdrDt" : "2015-12-17"				}				,{				"ctprvnCd" : "41"				,"ctprvnNm" : "경기도"				,"signguCd" : "41461"				,"signguNm" : "용인시 처인구"				,"adongCd" : "4146135000"				,"adongNm" : "백암면"				,"stdrDt" : "2015-12-17"				}				,{				"ctprvnCd" : "41"				,"ctprvnNm" : "경기도"				,"signguCd" : "41461"				,"signguNm" : "용인시 처인구"				,"adongCd" : "4146136000"				,"adongNm" : "양지면"				,"stdrDt" : "2015-12-17"				}				,{				"ctprvnCd" : "41"				,"ctprvnNm" : "경기도"				,"signguCd" : "41461"				,"signguNm" : "용인시 처인구"				,"adongCd" : "4146152000"				,"adongNm" : "역삼동"				,"stdrDt" : "2015-12-17"				}				,{				"ctprvnCd" : "41"				,"ctprvnNm" : "경기도"				,"signguCd" : "41461"				,"signguNm" : "용인시 처인구"				,"adongCd" : "4146134000"				,"adongNm" : "원삼면"				,"stdrDt" : "2015-12-17"				}				,{				"ctprvnCd" : "41"				,"ctprvnNm" : "경기도"				,"signguCd" : "41461"				,"signguNm" : "용인시 처인구"				,"adongCd" : "4146153000"				,"adongNm" : "유림동"				,"stdrDt" : "2015-12-17"				}				,{				"ctprvnCd" : "41"				,"ctprvnNm" : "경기도"				,"signguCd" : "41461"				,"signguNm" : "용인시 처인구"				,"adongCd" : "4146125600"				,"adongNm" : "이동읍"				,"stdrDt" : "2015-12-17"				}				,{				"ctprvnCd" : "41"				,"ctprvnNm" : "경기도"				,"signguCd" : "41461"				,"signguNm" : "용인시 처인구"				,"adongCd" : "4146151000"				,"adongNm" : "중앙동"				,"stdrDt" : "2015-12-17"				}				,{				"ctprvnCd" : "41"				,"ctprvnNm" : "경기도"				,"signguCd" : "41461"				,"signguNm" : "용인시 처인구"				,"adongCd" : "4146125000"				,"adongNm" : "포곡읍"				,"stdrDt" : "2015-12-17"				}			]	}}