{	"header" : {		"description" : "소상공인시장진흥공단 상권정보 행정동 코드"		,"columns" : ["시도코드","시도명","시군구코드","시군구명","행정동코드","행정동명","기준일자"]		,"resultCode" : "00"		,"resultMsg" : "NORMAL SERVICE"	},	"body" : {			"items" : [				{				"ctprvnCd" : "41"				,"ctprvnNm" : "경기도"				,"signguCd" : "41465"				,"signguNm" : "용인시 수지구"				,"adongCd" : "4146556000"				,"adongNm" : "동천동"				,"stdrDt" : "2015-12-17"				}				,{				"ctprvnCd" : "41"				,"ctprvnNm" : "경기도"				,"signguCd" : "41465"				,"signguNm" : "용인시 수지구"				,"adongCd" : "4146557000"				,"adongNm" : "상현1동"				,"stdrDt" : "2015-12-17"				}				,{				"ctprvnCd" : "41"				,"ctprvnNm" : "경기도"				,"signguCd" : "41465"				,"signguNm" : "용인시 수지구"				,"adongCd" : "4146558000"				,"adongNm" : "상현2동"				,"stdrDt" : "2015-12-17"				}				,{				"ctprvnCd" : "41"				,"ctprvnNm" : "경기도"				,"signguCd" : "41465"				,"signguNm" : "용인시 수지구"				,"adongCd" : "4146559000"				,"adongNm" : "성복동"				,"stdrDt" : "2015-12-17"				}				,{				"ctprvnCd" : "41"				,"ctprvnNm" : "경기도"				,"signguCd" : "41465"				,"signguNm" : "용인시 수지구"				,"adongCd" : "4146553000"				,"adongNm" : "신봉동"				,"stdrDt" : "2015-12-17"				}				,{				"ctprvnCd" : "41"				,"ctprvnNm" : "경기도"				,"signguCd" : "41465"				,"signguNm" : "용인시 수지구"				,"adongCd" : "4146554000"				,"adongNm" : "죽전1동"				,"stdrDt" : "2015-12-17"				}				,{				"ctprvnCd" : "41"				,"ctprvnNm" : "경기도"				,"signguCd" : "41465"				,"signguNm" : "용인시 수지구"				,"adongCd" : "4146555000"				,"adongNm" : "죽전2동"				,"stdrDt" : "2015-12-17"				}				,{				"ctprvnCd" : "41"				,"ctprvnNm" : "경기도"				,"signguCd" : "41465"				,"signguNm" : "용인시 수지구"				,"adongCd" : "4146551000"				,"adongNm" : "풍덕천1동"				,"stdrDt" : "2015-12-17"				}				,{				"ctprvnCd" : "41"				,"ctprvnNm" : "경기도"				,"signguCd" : "41465"				,"signguNm" : "용인시 수지구"				,"adongCd" : "4146552000"				,"adongNm" : "풍덕천2동"				,"stdrDt" : "2015-12-17"				}			]	}}