{	"header" : {		"description" : "소상공인시장진흥공단 상권정보 행정동 코드"		,"columns" : ["시도코드","시도명","시군구코드","시군구명","행정동코드","행정동명","기준일자"]		,"resultCode" : "00"		,"resultMsg" : "NORMAL SERVICE"	},	"body" : {			"items" : [				{				"ctprvnCd" : "41"				,"ctprvnNm" : "경기도"				,"signguCd" : "41463"				,"signguNm" : "용인시 기흥구"				,"adongCd" : "4146352000"				,"adongNm" : "구갈동"				,"stdrDt" : "2015-12-17"				}				,{				"ctprvnCd" : "41"				,"ctprvnNm" : "경기도"				,"signguCd" : "41463"				,"signguNm" : "용인시 기흥구"				,"adongCd" : "4146356000"				,"adongNm" : "구성동"				,"stdrDt" : "2015-12-17"				}				,{				"ctprvnCd" : "41"				,"ctprvnNm" : "경기도"				,"signguCd" : "41463"				,"signguNm" : "용인시 기흥구"				,"adongCd" : "4146354000"				,"adongNm" : "기흥동"				,"stdrDt" : "2015-12-17"				}				,{				"ctprvnCd" : "41"				,"ctprvnNm" : "경기도"				,"signguCd" : "41463"				,"signguNm" : "용인시 기흥구"				,"adongCd" : "4146358500"				,"adongNm" : "동백동"				,"stdrDt" : "2015-12-17"				}				,{				"ctprvnCd" : "41"				,"ctprvnNm" : "경기도"				,"signguCd" : "41463"				,"signguNm" : "용인시 기흥구"				,"adongCd" : "4146357000"				,"adongNm" : "마북동"				,"stdrDt" : "2015-12-17"				}				,{				"ctprvnCd" : "41"				,"ctprvnNm" : "경기도"				,"signguCd" : "41463"				,"signguNm" : "용인시 기흥구"				,"adongCd" : "4146359000"				,"adongNm" : "보정동"				,"stdrDt" : "2015-12-17"				}				,{				"ctprvnCd" : "41"				,"ctprvnNm" : "경기도"				,"signguCd" : "41463"				,"signguNm" : "용인시 기흥구"				,"adongCd" : "4146353000"				,"adongNm" : "상갈동"				,"stdrDt" : "2015-12-17"				}				,{				"ctprvnCd" : "41"				,"ctprvnNm" : "경기도"				,"signguCd" : "41463"				,"signguNm" : "용인시 기흥구"				,"adongCd" : "4146358600"				,"adongNm" : "상하동"				,"stdrDt" : "2015-12-17"				}				,{				"ctprvnCd" : "41"				,"ctprvnNm" : "경기도"				,"signguCd" : "41463"				,"signguNm" : "용인시 기흥구"				,"adongCd" : "4146355000"				,"adongNm" : "서농동"				,"stdrDt" : "2015-12-17"				}				,{				"ctprvnCd" : "41"				,"ctprvnNm" : "경기도"				,"signguCd" : "41463"				,"signguNm" : "용인시 기흥구"				,"adongCd" : "4146351000"				,"adongNm" : "신갈동"				,"stdrDt" : "2015-12-17"				}				,{				"ctprvnCd" : "41"				,"ctprvnNm" : "경기도"				,"signguCd" : "41463"				,"signguNm" : "용인시 기흥구"				,"adongCd" : "4146351500"				,"adongNm" : "영덕동"				,"stdrDt" : "2015-12-17"				}			]	}}