{	"header" : {		"description" : "소상공인시장진흥공단 상권정보 행정동 코드"		,"columns" : ["시도코드","시도명","시군구코드","시군구명","행정동코드","행정동명","기준일자"]		,"resultCode" : "00"		,"resultMsg" : "NORMAL SERVICE"	},	"body" : {			"items" : [				{				"ctprvnCd" : "41"				,"ctprvnNm" : "경기도"				,"signguCd" : "41480"				,"signguNm" : "파주시"				,"adongCd" : "4148035000"				,"adongNm" : "광탄면"				,"stdrDt" : "2015-12-17"				}				,{				"ctprvnCd" : "41"				,"ctprvnNm" : "경기도"				,"signguCd" : "41480"				,"signguNm" : "파주시"				,"adongCd" : "4148054000"				,"adongNm" : "교하동"				,"stdrDt" : "2015-12-17"				}				,{				"ctprvnCd" : "41"				,"ctprvnNm" : "경기도"				,"signguCd" : "41480"				,"signguNm" : "파주시"				,"adongCd" : "4148038000"				,"adongNm" : "군내면"				,"stdrDt" : "2015-12-17"				}				,{				"ctprvnCd" : "41"				,"ctprvnNm" : "경기도"				,"signguCd" : "41480"				,"signguNm" : "파주시"				,"adongCd" : "4148051000"				,"adongNm" : "금촌1동"				,"stdrDt" : "2015-12-17"				}				,{				"ctprvnCd" : "41"				,"ctprvnNm" : "경기도"				,"signguCd" : "41480"				,"signguNm" : "파주시"				,"adongCd" : "4148052000"				,"adongNm" : "금촌2동"				,"stdrDt" : "2015-12-17"				}				,{				"ctprvnCd" : "41"				,"ctprvnNm" : "경기도"				,"signguCd" : "41480"				,"signguNm" : "파주시"				,"adongCd" : "4148053000"				,"adongNm" : "금촌3동"				,"stdrDt" : "2015-12-17"				}				,{				"ctprvnCd" : "41"				,"ctprvnNm" : "경기도"				,"signguCd" : "41480"				,"signguNm" : "파주시"				,"adongCd" : "4148025000"				,"adongNm" : "문산읍"				,"stdrDt" : "2015-12-17"				}				,{				"ctprvnCd" : "41"				,"ctprvnNm" : "경기도"				,"signguCd" : "41480"				,"signguNm" : "파주시"				,"adongCd" : "4148025600"				,"adongNm" : "법원읍"				,"stdrDt" : "2015-12-17"				}				,{				"ctprvnCd" : "41"				,"ctprvnNm" : "경기도"				,"signguCd" : "41480"				,"signguNm" : "파주시"				,"adongCd" : "4148055000"				,"adongNm" : "운정1동"				,"stdrDt" : "2015-12-17"				}				,{				"ctprvnCd" : "41"				,"ctprvnNm" : "경기도"				,"signguCd" : "41480"				,"signguNm" : "파주시"				,"adongCd" : "4148056000"				,"adongNm" : "운정2동"				,"stdrDt" : "2015-12-17"				}				,{				"ctprvnCd" : "41"				,"ctprvnNm" : "경기도"				,"signguCd" : "41480"				,"signguNm" : "파주시"				,"adongCd" : "4148057000"				,"adongNm" : "운정3동"				,"stdrDt" : "2015-12-17"				}				,{				"ctprvnCd" : "41"				,"ctprvnNm" : "경기도"				,"signguCd" : "41480"				,"signguNm" : "파주시"				,"adongCd" : "4148031000"				,"adongNm" : "월롱면"				,"stdrDt" : "2015-12-17"				}				,{				"ctprvnCd" : "41"				,"ctprvnNm" : "경기도"				,"signguCd" : "41480"				,"signguNm" : "파주시"				,"adongCd" : "4148039000"				,"adongNm" : "장단면"				,"stdrDt" : "2015-12-17"				}				,{				"ctprvnCd" : "41"				,"ctprvnNm" : "경기도"				,"signguCd" : "41480"				,"signguNm" : "파주시"				,"adongCd" : "4148037000"				,"adongNm" : "적성면"				,"stdrDt" : "2015-12-17"				}				,{				"ctprvnCd" : "41"				,"ctprvnNm" : "경기도"				,"signguCd" : "41480"				,"signguNm" : "파주시"				,"adongCd" : "4148026200"				,"adongNm" : "조리읍"				,"stdrDt" : "2015-12-17"				}				,{				"ctprvnCd" : "41"				,"ctprvnNm" : "경기도"				,"signguCd" : "41480"				,"signguNm" : "파주시"				,"adongCd" : "4148040000"				,"adongNm" : "진동면"				,"stdrDt" : "2015-12-17"				}				,{				"ctprvnCd" : "41"				,"ctprvnNm" : "경기도"				,"signguCd" : "41480"				,"signguNm" : "파주시"				,"adongCd" : "4148041000"				,"adongNm" : "진서면"				,"stdrDt" : "2015-12-17"				}				,{				"ctprvnCd" : "41"				,"ctprvnNm" : "경기도"				,"signguCd" : "41480"				,"signguNm" : "파주시"				,"adongCd" : "4148032000"				,"adongNm" : "탄현면"				,"stdrDt" : "2015-12-17"				}				,{				"ctprvnCd" : "41"				,"ctprvnNm" : "경기도"				,"signguCd" : "41480"				,"signguNm" : "파주시"				,"adongCd" : "4148025300"				,"adongNm" : "파주읍"				,"stdrDt" : "2015-12-17"				}				,{				"ctprvnCd" : "41"				,"ctprvnNm" : "경기도"				,"signguCd" : "41480"				,"signguNm" : "파주시"				,"adongCd" : "4148036000"				,"adongNm" : "파평면"				,"stdrDt" : "2015-12-17"				}			]	}}