{	"header" : {		"description" : "소상공인시장진흥공단 상권정보 행정동 코드"		,"columns" : ["시도코드","시도명","시군구코드","시군구명","행정동코드","행정동명","기준일자"]		,"resultCode" : "00"		,"resultMsg" : "NORMAL SERVICE"	},	"body" : {			"items" : [				{				"ctprvnCd" : "41"				,"ctprvnNm" : "경기도"				,"signguCd" : "41500"				,"signguNm" : "이천시"				,"adongCd" : "4150053000"				,"adongNm" : "관고동"				,"stdrDt" : "2015-12-17"				}				,{				"ctprvnCd" : "41"				,"ctprvnNm" : "경기도"				,"signguCd" : "41500"				,"signguNm" : "이천시"				,"adongCd" : "4150035000"				,"adongNm" : "대월면"				,"stdrDt" : "2015-12-17"				}				,{				"ctprvnCd" : "41"				,"ctprvnNm" : "경기도"				,"signguCd" : "41500"				,"signguNm" : "이천시"				,"adongCd" : "4150034000"				,"adongNm" : "마장면"				,"stdrDt" : "2015-12-17"				}				,{				"ctprvnCd" : "41"				,"ctprvnNm" : "경기도"				,"signguCd" : "41500"				,"signguNm" : "이천시"				,"adongCd" : "4150036000"				,"adongNm" : "모가면"				,"stdrDt" : "2015-12-17"				}				,{				"ctprvnCd" : "41"				,"ctprvnNm" : "경기도"				,"signguCd" : "41500"				,"signguNm" : "이천시"				,"adongCd" : "4150032000"				,"adongNm" : "백사면"				,"stdrDt" : "2015-12-17"				}				,{				"ctprvnCd" : "41"				,"ctprvnNm" : "경기도"				,"signguCd" : "41500"				,"signguNm" : "이천시"				,"adongCd" : "4150025300"				,"adongNm" : "부발읍"				,"stdrDt" : "2015-12-17"				}				,{				"ctprvnCd" : "41"				,"ctprvnNm" : "경기도"				,"signguCd" : "41500"				,"signguNm" : "이천시"				,"adongCd" : "4150037000"				,"adongNm" : "설성면"				,"stdrDt" : "2015-12-17"				}				,{				"ctprvnCd" : "41"				,"ctprvnNm" : "경기도"				,"signguCd" : "41500"				,"signguNm" : "이천시"				,"adongCd" : "4150031000"				,"adongNm" : "신둔면"				,"stdrDt" : "2015-12-17"				}				,{				"ctprvnCd" : "41"				,"ctprvnNm" : "경기도"				,"signguCd" : "41500"				,"signguNm" : "이천시"				,"adongCd" : "4150038000"				,"adongNm" : "율면"				,"stdrDt" : "2015-12-17"				}				,{				"ctprvnCd" : "41"				,"ctprvnNm" : "경기도"				,"signguCd" : "41500"				,"signguNm" : "이천시"				,"adongCd" : "4150025000"				,"adongNm" : "장호원읍"				,"stdrDt" : "2015-12-17"				}				,{				"ctprvnCd" : "41"				,"ctprvnNm" : "경기도"				,"signguCd" : "41500"				,"signguNm" : "이천시"				,"adongCd" : "4150052000"				,"adongNm" : "중리동"				,"stdrDt" : "2015-12-17"				}				,{				"ctprvnCd" : "41"				,"ctprvnNm" : "경기도"				,"signguCd" : "41500"				,"signguNm" : "이천시"				,"adongCd" : "4150051500"				,"adongNm" : "증포동"				,"stdrDt" : "2015-12-17"				}				,{				"ctprvnCd" : "41"				,"ctprvnNm" : "경기도"				,"signguCd" : "41500"				,"signguNm" : "이천시"				,"adongCd" : "4150051000"				,"adongNm" : "창전동"				,"stdrDt" : "2015-12-17"				}				,{				"ctprvnCd" : "41"				,"ctprvnNm" : "경기도"				,"signguCd" : "41500"				,"signguNm" : "이천시"				,"adongCd" : "4150033000"				,"adongNm" : "호법면"				,"stdrDt" : "2015-12-17"				}			]	}}