{	"header" : {		"description" : "소상공인시장진흥공단 상권정보 행정동 코드"		,"columns" : ["시도코드","시도명","시군구코드","시군구명","행정동코드","행정동명","기준일자"]		,"resultCode" : "00"		,"resultMsg" : "NORMAL SERVICE"	},	"body" : {			"items" : [				{				"ctprvnCd" : "41"				,"ctprvnNm" : "경기도"				,"signguCd" : "41550"				,"signguNm" : "안성시"				,"adongCd" : "4155042000"				,"adongNm" : "고삼면"				,"stdrDt" : "2015-12-17"				}				,{				"ctprvnCd" : "41"				,"ctprvnNm" : "경기도"				,"signguCd" : "41550"				,"signguNm" : "안성시"				,"adongCd" : "4155025000"				,"adongNm" : "공도읍"				,"stdrDt" : "2015-12-17"				}				,{				"ctprvnCd" : "41"				,"ctprvnNm" : "경기도"				,"signguCd" : "41550"				,"signguNm" : "안성시"				,"adongCd" : "4155032000"				,"adongNm" : "금광면"				,"stdrDt" : "2015-12-17"				}				,{				"ctprvnCd" : "41"				,"ctprvnNm" : "경기도"				,"signguCd" : "41550"				,"signguNm" : "안성시"				,"adongCd" : "4155035000"				,"adongNm" : "대덕면"				,"stdrDt" : "2015-12-17"				}				,{				"ctprvnCd" : "41"				,"ctprvnNm" : "경기도"				,"signguCd" : "41550"				,"signguNm" : "안성시"				,"adongCd" : "4155034000"				,"adongNm" : "미양면"				,"stdrDt" : "2015-12-17"				}				,{				"ctprvnCd" : "41"				,"ctprvnNm" : "경기도"				,"signguCd" : "41550"				,"signguNm" : "안성시"				,"adongCd" : "4155031000"				,"adongNm" : "보개면"				,"stdrDt" : "2015-12-17"				}				,{				"ctprvnCd" : "41"				,"ctprvnNm" : "경기도"				,"signguCd" : "41550"				,"signguNm" : "안성시"				,"adongCd" : "4155041000"				,"adongNm" : "삼죽면"				,"stdrDt" : "2015-12-17"				}				,{				"ctprvnCd" : "41"				,"ctprvnNm" : "경기도"				,"signguCd" : "41550"				,"signguNm" : "안성시"				,"adongCd" : "4155033000"				,"adongNm" : "서운면"				,"stdrDt" : "2015-12-17"				}				,{				"ctprvnCd" : "41"				,"ctprvnNm" : "경기도"				,"signguCd" : "41550"				,"signguNm" : "안성시"				,"adongCd" : "4155051000"				,"adongNm" : "안성1동"				,"stdrDt" : "2015-12-17"				}				,{				"ctprvnCd" : "41"				,"ctprvnNm" : "경기도"				,"signguCd" : "41550"				,"signguNm" : "안성시"				,"adongCd" : "4155052000"				,"adongNm" : "안성2동"				,"stdrDt" : "2015-12-17"				}				,{				"ctprvnCd" : "41"				,"ctprvnNm" : "경기도"				,"signguCd" : "41550"				,"signguNm" : "안성시"				,"adongCd" : "4155053000"				,"adongNm" : "안성3동"				,"stdrDt" : "2015-12-17"				}				,{				"ctprvnCd" : "41"				,"ctprvnNm" : "경기도"				,"signguCd" : "41550"				,"signguNm" : "안성시"				,"adongCd" : "4155036000"				,"adongNm" : "양성면"				,"stdrDt" : "2015-12-17"				}				,{				"ctprvnCd" : "41"				,"ctprvnNm" : "경기도"				,"signguCd" : "41550"				,"signguNm" : "안성시"				,"adongCd" : "4155038000"				,"adongNm" : "원곡면"				,"stdrDt" : "2015-12-17"				}				,{				"ctprvnCd" : "41"				,"ctprvnNm" : "경기도"				,"signguCd" : "41550"				,"signguNm" : "안성시"				,"adongCd" : "4155039000"				,"adongNm" : "일죽면"				,"stdrDt" : "2015-12-17"				}				,{				"ctprvnCd" : "41"				,"ctprvnNm" : "경기도"				,"signguCd" : "41550"				,"signguNm" : "안성시"				,"adongCd" : "4155040000"				,"adongNm" : "죽산면"				,"stdrDt" : "2015-12-17"				}			]	}}