{	"header" : {		"description" : "소상공인시장진흥공단 상권정보 행정동 코드"		,"columns" : ["시도코드","시도명","시군구코드","시군구명","행정동코드","행정동명","기준일자"]		,"resultCode" : "00"		,"resultMsg" : "NORMAL SERVICE"	},	"body" : {			"items" : [				{				"ctprvnCd" : "41"				,"ctprvnNm" : "경기도"				,"signguCd" : "41570"				,"signguNm" : "김포시"				,"adongCd" : "4157025300"				,"adongNm" : "고촌읍"				,"stdrDt" : "2015-12-17"				}				,{				"ctprvnCd" : "41"				,"ctprvnNm" : "경기도"				,"signguCd" : "41570"				,"signguNm" : "김포시"				,"adongCd" : "4157057000"				,"adongNm" : "구래동"				,"stdrDt" : "2015-12-17"				}				,{				"ctprvnCd" : "41"				,"ctprvnNm" : "경기도"				,"signguCd" : "41570"				,"signguNm" : "김포시"				,"adongCd" : "4157051500"				,"adongNm" : "김포본동"				,"stdrDt" : "2015-12-17"				}				,{				"ctprvnCd" : "41"				,"ctprvnNm" : "경기도"				,"signguCd" : "41570"				,"signguNm" : "김포시"				,"adongCd" : "4157034000"				,"adongNm" : "대곶면"				,"stdrDt" : "2015-12-17"				}				,{				"ctprvnCd" : "41"				,"ctprvnNm" : "경기도"				,"signguCd" : "41570"				,"signguNm" : "김포시"				,"adongCd" : "4157054000"				,"adongNm" : "사우동"				,"stdrDt" : "2015-12-17"				}				,{				"ctprvnCd" : "41"				,"ctprvnNm" : "경기도"				,"signguCd" : "41570"				,"signguNm" : "김포시"				,"adongCd" : "4157025600"				,"adongNm" : "양촌읍"				,"stdrDt" : "2015-12-17"				}				,{				"ctprvnCd" : "41"				,"ctprvnNm" : "경기도"				,"signguCd" : "41570"				,"signguNm" : "김포시"				,"adongCd" : "4157058000"				,"adongNm" : "운양동"				,"stdrDt" : "2015-12-17"				}				,{				"ctprvnCd" : "41"				,"ctprvnNm" : "경기도"				,"signguCd" : "41570"				,"signguNm" : "김포시"				,"adongCd" : "4157035000"				,"adongNm" : "월곶면"				,"stdrDt" : "2015-12-17"				}				,{				"ctprvnCd" : "41"				,"ctprvnNm" : "경기도"				,"signguCd" : "41570"				,"signguNm" : "김포시"				,"adongCd" : "4157056000"				,"adongNm" : "장기동"				,"stdrDt" : "2015-12-17"				}				,{				"ctprvnCd" : "41"				,"ctprvnNm" : "경기도"				,"signguCd" : "41570"				,"signguNm" : "김포시"				,"adongCd" : "4157052500"				,"adongNm" : "장기본동"				,"stdrDt" : "2015-12-17"				}				,{				"ctprvnCd" : "41"				,"ctprvnNm" : "경기도"				,"signguCd" : "41570"				,"signguNm" : "김포시"				,"adongCd" : "4157025000"				,"adongNm" : "통진읍"				,"stdrDt" : "2015-12-17"				}				,{				"ctprvnCd" : "41"				,"ctprvnNm" : "경기도"				,"signguCd" : "41570"				,"signguNm" : "김포시"				,"adongCd" : "4157055000"				,"adongNm" : "풍무동"				,"stdrDt" : "2015-12-17"				}				,{				"ctprvnCd" : "41"				,"ctprvnNm" : "경기도"				,"signguCd" : "41570"				,"signguNm" : "김포시"				,"adongCd" : "4157036000"				,"adongNm" : "하성면"				,"stdrDt" : "2015-12-17"				}			]	}}