{	"header" : {		"description" : "소상공인시장진흥공단 상권정보 행정동 코드"		,"columns" : ["시도코드","시도명","시군구코드","시군구명","행정동코드","행정동명","기준일자"]		,"resultCode" : "00"		,"resultMsg" : "NORMAL SERVICE"	},	"body" : {			"items" : [				{				"ctprvnCd" : "41"				,"ctprvnNm" : "경기도"				,"signguCd" : "41590"				,"signguNm" : "화성시"				,"adongCd" : "4159056000"				,"adongNm" : "기배동"				,"stdrDt" : "2015-12-17"				}				,{				"ctprvnCd" : "41"				,"ctprvnNm" : "경기도"				,"signguCd" : "41590"				,"signguNm" : "화성시"				,"adongCd" : "4159026200"				,"adongNm" : "남양읍"				,"stdrDt" : "2015-12-17"				}				,{				"ctprvnCd" : "41"				,"ctprvnNm" : "경기도"				,"signguCd" : "41590"				,"signguNm" : "화성시"				,"adongCd" : "4159058500"				,"adongNm" : "동탄1동"				,"stdrDt" : "2015-12-17"				}				,{				"ctprvnCd" : "41"				,"ctprvnNm" : "경기도"				,"signguCd" : "41590"				,"signguNm" : "화성시"				,"adongCd" : "4159058600"				,"adongNm" : "동탄2동"				,"stdrDt" : "2015-12-17"				}				,{				"ctprvnCd" : "41"				,"ctprvnNm" : "경기도"				,"signguCd" : "41590"				,"signguNm" : "화성시"				,"adongCd" : "4159058700"				,"adongNm" : "동탄3동"				,"stdrDt" : "2015-12-17"				}				,{				"ctprvnCd" : "41"				,"ctprvnNm" : "경기도"				,"signguCd" : "41590"				,"signguNm" : "화성시"				,"adongCd" : "4159058800"				,"adongNm" : "동탄4동"				,"stdrDt" : "2015-12-17"				}				,{				"ctprvnCd" : "41"				,"ctprvnNm" : "경기도"				,"signguCd" : "41590"				,"signguNm" : "화성시"				,"adongCd" : "4159059000"				,"adongNm" : "동탄5동"				,"stdrDt" : "2015-12-17"				}				,{				"ctprvnCd" : "41"				,"ctprvnNm" : "경기도"				,"signguCd" : "41590"				,"signguNm" : "화성시"				,"adongCd" : "4159060000"				,"adongNm" : "동탄6동"				,"stdrDt" : "2015-12-17"				}				,{				"ctprvnCd" : "41"				,"ctprvnNm" : "경기도"				,"signguCd" : "41590"				,"signguNm" : "화성시"				,"adongCd" : "4159061000"				,"adongNm" : "동탄7동"				,"stdrDt" : "2015-12-17"				}				,{				"ctprvnCd" : "41"				,"ctprvnNm" : "경기도"				,"signguCd" : "41590"				,"signguNm" : "화성시"				,"adongCd" : "4159033000"				,"adongNm" : "마도면"				,"stdrDt" : "2015-12-17"				}				,{				"ctprvnCd" : "41"				,"ctprvnNm" : "경기도"				,"signguCd" : "41590"				,"signguNm" : "화성시"				,"adongCd" : "4159031000"				,"adongNm" : "매송면"				,"stdrDt" : "2015-12-17"				}				,{				"ctprvnCd" : "41"				,"ctprvnNm" : "경기도"				,"signguCd" : "41590"				,"signguNm" : "화성시"				,"adongCd" : "4159055000"				,"adongNm" : "반월동"				,"stdrDt" : "2015-12-17"				}				,{				"ctprvnCd" : "41"				,"ctprvnNm" : "경기도"				,"signguCd" : "41590"				,"signguNm" : "화성시"				,"adongCd" : "4159053000"				,"adongNm" : "병점1동"				,"stdrDt" : "2015-12-17"				}				,{				"ctprvnCd" : "41"				,"ctprvnNm" : "경기도"				,"signguCd" : "41590"				,"signguNm" : "화성시"				,"adongCd" : "4159054000"				,"adongNm" : "병점2동"				,"stdrDt" : "2015-12-17"				}				,{				"ctprvnCd" : "41"				,"ctprvnNm" : "경기도"				,"signguCd" : "41590"				,"signguNm" : "화성시"				,"adongCd" : "4159025300"				,"adongNm" : "봉담읍"				,"stdrDt" : "2015-12-17"				}				,{				"ctprvnCd" : "41"				,"ctprvnNm" : "경기도"				,"signguCd" : "41590"				,"signguNm" : "화성시"				,"adongCd" : "4159032000"				,"adongNm" : "비봉면"				,"stdrDt" : "2015-12-17"				}				,{				"ctprvnCd" : "41"				,"ctprvnNm" : "경기도"				,"signguCd" : "41590"				,"signguNm" : "화성시"				,"adongCd" : "4159051500"				,"adongNm" : "새솔동"				,"stdrDt" : "2015-12-17"				}				,{				"ctprvnCd" : "41"				,"ctprvnNm" : "경기도"				,"signguCd" : "41590"				,"signguNm" : "화성시"				,"adongCd" : "4159035000"				,"adongNm" : "서신면"				,"stdrDt" : "2015-12-17"				}				,{				"ctprvnCd" : "41"				,"ctprvnNm" : "경기도"				,"signguCd" : "41590"				,"signguNm" : "화성시"				,"adongCd" : "4159034000"				,"adongNm" : "송산면"				,"stdrDt" : "2015-12-17"				}				,{				"ctprvnCd" : "41"				,"ctprvnNm" : "경기도"				,"signguCd" : "41590"				,"signguNm" : "화성시"				,"adongCd" : "4159040000"				,"adongNm" : "양감면"				,"stdrDt" : "2015-12-17"				}				,{				"ctprvnCd" : "41"				,"ctprvnNm" : "경기도"				,"signguCd" : "41590"				,"signguNm" : "화성시"				,"adongCd" : "4159025600"				,"adongNm" : "우정읍"				,"stdrDt" : "2015-12-17"				}				,{				"ctprvnCd" : "41"				,"ctprvnNm" : "경기도"				,"signguCd" : "41590"				,"signguNm" : "화성시"				,"adongCd" : "4159037000"				,"adongNm" : "장안면"				,"stdrDt" : "2015-12-17"				}				,{				"ctprvnCd" : "41"				,"ctprvnNm" : "경기도"				,"signguCd" : "41590"				,"signguNm" : "화성시"				,"adongCd" : "4159041000"				,"adongNm" : "정남면"				,"stdrDt" : "2015-12-17"				}				,{				"ctprvnCd" : "41"				,"ctprvnNm" : "경기도"				,"signguCd" : "41590"				,"signguNm" : "화성시"				,"adongCd" : "4159052000"				,"adongNm" : "진안동"				,"stdrDt" : "2015-12-17"				}				,{				"ctprvnCd" : "41"				,"ctprvnNm" : "경기도"				,"signguCd" : "41590"				,"signguNm" : "화성시"				,"adongCd" : "4159036000"				,"adongNm" : "팔탄면"				,"stdrDt" : "2015-12-17"				}				,{				"ctprvnCd" : "41"				,"ctprvnNm" : "경기도"				,"signguCd" : "41590"				,"signguNm" : "화성시"				,"adongCd" : "4159025900"				,"adongNm" : "향남읍"				,"stdrDt" : "2015-12-17"				}				,{				"ctprvnCd" : "41"				,"ctprvnNm" : "경기도"				,"signguCd" : "41590"				,"signguNm" : "화성시"				,"adongCd" : "4159057000"				,"adongNm" : "화산동"				,"stdrDt" : "2015-12-17"				}			]	}}