{	"header" : {		"description" : "소상공인시장진흥공단 상권정보 행정동 코드"		,"columns" : ["시도코드","시도명","시군구코드","시군구명","행정동코드","행정동명","기준일자"]		,"resultCode" : "00"		,"resultMsg" : "NORMAL SERVICE"	},	"body" : {			"items" : [				{				"ctprvnCd" : "41"				,"ctprvnNm" : "경기도"				,"signguCd" : "41610"				,"signguNm" : "광주시"				,"adongCd" : "4161051000"				,"adongNm" : "경안동"				,"stdrDt" : "2015-12-17"				}				,{				"ctprvnCd" : "41"				,"ctprvnNm" : "경기도"				,"signguCd" : "41610"				,"signguNm" : "광주시"				,"adongCd" : "4161025900"				,"adongNm" : "곤지암읍"				,"stdrDt" : "2015-12-17"				}				,{				"ctprvnCd" : "41"				,"ctprvnNm" : "경기도"				,"signguCd" : "41610"				,"signguNm" : "광주시"				,"adongCd" : "4161053000"				,"adongNm" : "광남동"				,"stdrDt" : "2015-12-17"				}				,{				"ctprvnCd" : "41"				,"ctprvnNm" : "경기도"				,"signguCd" : "41610"				,"signguNm" : "광주시"				,"adongCd" : "4161035000"				,"adongNm" : "남종면"				,"stdrDt" : "2015-12-17"				}				,{				"ctprvnCd" : "41"				,"ctprvnNm" : "경기도"				,"signguCd" : "41610"				,"signguNm" : "광주시"				,"adongCd" : "4161037000"				,"adongNm" : "남한산성면"				,"stdrDt" : "2015-12-17"				}				,{				"ctprvnCd" : "41"				,"ctprvnNm" : "경기도"				,"signguCd" : "41610"				,"signguNm" : "광주시"				,"adongCd" : "4161033000"				,"adongNm" : "도척면"				,"stdrDt" : "2015-12-17"				}				,{				"ctprvnCd" : "41"				,"ctprvnNm" : "경기도"				,"signguCd" : "41610"				,"signguNm" : "광주시"				,"adongCd" : "4161052000"				,"adongNm" : "송정동"				,"stdrDt" : "2015-12-17"				}				,{				"ctprvnCd" : "41"				,"ctprvnNm" : "경기도"				,"signguCd" : "41610"				,"signguNm" : "광주시"				,"adongCd" : "4161025000"				,"adongNm" : "오포읍"				,"stdrDt" : "2015-12-17"				}				,{				"ctprvnCd" : "41"				,"ctprvnNm" : "경기도"				,"signguCd" : "41610"				,"signguNm" : "광주시"				,"adongCd" : "4161025300"				,"adongNm" : "초월읍"				,"stdrDt" : "2015-12-17"				}				,{				"ctprvnCd" : "41"				,"ctprvnNm" : "경기도"				,"signguCd" : "41610"				,"signguNm" : "광주시"				,"adongCd" : "4161034000"				,"adongNm" : "퇴촌면"				,"stdrDt" : "2015-12-17"				}			]	}}