{	"header" : {		"description" : "소상공인시장진흥공단 상권정보 행정동 코드"		,"columns" : ["시도코드","시도명","시군구코드","시군구명","행정동코드","행정동명","기준일자"]		,"resultCode" : "00"		,"resultMsg" : "NORMAL SERVICE"	},	"body" : {			"items" : [				{				"ctprvnCd" : "41"				,"ctprvnNm" : "경기도"				,"signguCd" : "41630"				,"signguNm" : "양주시"				,"adongCd" : "4163033000"				,"adongNm" : "광적면"				,"stdrDt" : "2015-12-17"				}				,{				"ctprvnCd" : "41"				,"ctprvnNm" : "경기도"				,"signguCd" : "41630"				,"signguNm" : "양주시"				,"adongCd" : "4163032000"				,"adongNm" : "남면"				,"stdrDt" : "2015-12-17"				}				,{				"ctprvnCd" : "41"				,"ctprvnNm" : "경기도"				,"signguCd" : "41630"				,"signguNm" : "양주시"				,"adongCd" : "4163025000"				,"adongNm" : "백석읍"				,"stdrDt" : "2015-12-17"				}				,{				"ctprvnCd" : "41"				,"ctprvnNm" : "경기도"				,"signguCd" : "41630"				,"signguNm" : "양주시"				,"adongCd" : "4163051000"				,"adongNm" : "양주1동"				,"stdrDt" : "2015-12-17"				}				,{				"ctprvnCd" : "41"				,"ctprvnNm" : "경기도"				,"signguCd" : "41630"				,"signguNm" : "양주시"				,"adongCd" : "4163052000"				,"adongNm" : "양주2동"				,"stdrDt" : "2015-12-17"				}				,{				"ctprvnCd" : "41"				,"ctprvnNm" : "경기도"				,"signguCd" : "41630"				,"signguNm" : "양주시"				,"adongCd" : "4163031000"				,"adongNm" : "은현면"				,"stdrDt" : "2015-12-17"				}				,{				"ctprvnCd" : "41"				,"ctprvnNm" : "경기도"				,"signguCd" : "41630"				,"signguNm" : "양주시"				,"adongCd" : "4163034000"				,"adongNm" : "장흥면"				,"stdrDt" : "2015-12-17"				}				,{				"ctprvnCd" : "41"				,"ctprvnNm" : "경기도"				,"signguCd" : "41630"				,"signguNm" : "양주시"				,"adongCd" : "4163053000"				,"adongNm" : "회천1동"				,"stdrDt" : "2015-12-17"				}				,{				"ctprvnCd" : "41"				,"ctprvnNm" : "경기도"				,"signguCd" : "41630"				,"signguNm" : "양주시"				,"adongCd" : "4163054000"				,"adongNm" : "회천2동"				,"stdrDt" : "2015-12-17"				}				,{				"ctprvnCd" : "41"				,"ctprvnNm" : "경기도"				,"signguCd" : "41630"				,"signguNm" : "양주시"				,"adongCd" : "4163055000"				,"adongNm" : "회천3동"				,"stdrDt" : "2015-12-17"				}				,{				"ctprvnCd" : "41"				,"ctprvnNm" : "경기도"				,"signguCd" : "41630"				,"signguNm" : "양주시"				,"adongCd" : "4163056000"				,"adongNm" : "회천4동"				,"stdrDt" : "2015-12-17"				}			]	}}