{	"header" : {		"description" : "소상공인시장진흥공단 상권정보 행정동 코드"		,"columns" : ["시도코드","시도명","시군구코드","시군구명","행정동코드","행정동명","기준일자"]		,"resultCode" : "00"		,"resultMsg" : "NORMAL SERVICE"	},	"body" : {			"items" : [				{				"ctprvnCd" : "41"				,"ctprvnNm" : "경기도"				,"signguCd" : "41650"				,"signguNm" : "포천시"				,"adongCd" : "4165033000"				,"adongNm" : "가산면"				,"stdrDt" : "2015-12-17"				}				,{				"ctprvnCd" : "41"				,"ctprvnNm" : "경기도"				,"signguCd" : "41650"				,"signguNm" : "포천시"				,"adongCd" : "4165040000"				,"adongNm" : "관인면"				,"stdrDt" : "2015-12-17"				}				,{				"ctprvnCd" : "41"				,"ctprvnNm" : "경기도"				,"signguCd" : "41650"				,"signguNm" : "포천시"				,"adongCd" : "4165031000"				,"adongNm" : "군내면"				,"stdrDt" : "2015-12-17"				}				,{				"ctprvnCd" : "41"				,"ctprvnNm" : "경기도"				,"signguCd" : "41650"				,"signguNm" : "포천시"				,"adongCd" : "4165032000"				,"adongNm" : "내촌면"				,"stdrDt" : "2015-12-17"				}				,{				"ctprvnCd" : "41"				,"ctprvnNm" : "경기도"				,"signguCd" : "41650"				,"signguNm" : "포천시"				,"adongCd" : "4165052000"				,"adongNm" : "선단동"				,"stdrDt" : "2015-12-17"				}				,{				"ctprvnCd" : "41"				,"ctprvnNm" : "경기도"				,"signguCd" : "41650"				,"signguNm" : "포천시"				,"adongCd" : "4165025000"				,"adongNm" : "소흘읍"				,"stdrDt" : "2015-12-17"				}				,{				"ctprvnCd" : "41"				,"ctprvnNm" : "경기도"				,"signguCd" : "41650"				,"signguNm" : "포천시"				,"adongCd" : "4165034000"				,"adongNm" : "신북면"				,"stdrDt" : "2015-12-17"				}				,{				"ctprvnCd" : "41"				,"ctprvnNm" : "경기도"				,"signguCd" : "41650"				,"signguNm" : "포천시"				,"adongCd" : "4165039000"				,"adongNm" : "영북면"				,"stdrDt" : "2015-12-17"				}				,{				"ctprvnCd" : "41"				,"ctprvnNm" : "경기도"				,"signguCd" : "41650"				,"signguNm" : "포천시"				,"adongCd" : "4165036000"				,"adongNm" : "영중면"				,"stdrDt" : "2015-12-17"				}				,{				"ctprvnCd" : "41"				,"ctprvnNm" : "경기도"				,"signguCd" : "41650"				,"signguNm" : "포천시"				,"adongCd" : "4165038000"				,"adongNm" : "이동면"				,"stdrDt" : "2015-12-17"				}				,{				"ctprvnCd" : "41"				,"ctprvnNm" : "경기도"				,"signguCd" : "41650"				,"signguNm" : "포천시"				,"adongCd" : "4165037000"				,"adongNm" : "일동면"				,"stdrDt" : "2015-12-17"				}				,{				"ctprvnCd" : "41"				,"ctprvnNm" : "경기도"				,"signguCd" : "41650"				,"signguNm" : "포천시"				,"adongCd" : "4165035000"				,"adongNm" : "창수면"				,"stdrDt" : "2015-12-17"				}				,{				"ctprvnCd" : "41"				,"ctprvnNm" : "경기도"				,"signguCd" : "41650"				,"signguNm" : "포천시"				,"adongCd" : "4165051000"				,"adongNm" : "포천동"				,"stdrDt" : "2015-12-17"				}				,{				"ctprvnCd" : "41"				,"ctprvnNm" : "경기도"				,"signguCd" : "41650"				,"signguNm" : "포천시"				,"adongCd" : "4165041000"				,"adongNm" : "화현면"				,"stdrDt" : "2015-12-17"				}			]	}}