{	"header" : {		"description" : "소상공인시장진흥공단 상권정보 행정동 코드"		,"columns" : ["시도코드","시도명","시군구코드","시군구명","행정동코드","행정동명","기준일자"]		,"resultCode" : "00"		,"resultMsg" : "NORMAL SERVICE"	},	"body" : {			"items" : [				{				"ctprvnCd" : "41"				,"ctprvnNm" : "경기도"				,"signguCd" : "41670"				,"signguNm" : "여주시"				,"adongCd" : "4167025000"				,"adongNm" : "가남읍"				,"stdrDt" : "2015-12-17"				}				,{				"ctprvnCd" : "41"				,"ctprvnNm" : "경기도"				,"signguCd" : "41670"				,"signguNm" : "여주시"				,"adongCd" : "4167037000"				,"adongNm" : "강천면"				,"stdrDt" : "2015-12-17"				}				,{				"ctprvnCd" : "41"				,"ctprvnNm" : "경기도"				,"signguCd" : "41670"				,"signguNm" : "여주시"				,"adongCd" : "4167033000"				,"adongNm" : "금사면"				,"stdrDt" : "2015-12-17"				}				,{				"ctprvnCd" : "41"				,"ctprvnNm" : "경기도"				,"signguCd" : "41670"				,"signguNm" : "여주시"				,"adongCd" : "4167034000"				,"adongNm" : "능서면"				,"stdrDt" : "2015-12-17"				}				,{				"ctprvnCd" : "41"				,"ctprvnNm" : "경기도"				,"signguCd" : "41670"				,"signguNm" : "여주시"				,"adongCd" : "4167035000"				,"adongNm" : "대신면"				,"stdrDt" : "2015-12-17"				}				,{				"ctprvnCd" : "41"				,"ctprvnNm" : "경기도"				,"signguCd" : "41670"				,"signguNm" : "여주시"				,"adongCd" : "4167036000"				,"adongNm" : "북내면"				,"stdrDt" : "2015-12-17"				}				,{				"ctprvnCd" : "41"				,"ctprvnNm" : "경기도"				,"signguCd" : "41670"				,"signguNm" : "여주시"				,"adongCd" : "4167038000"				,"adongNm" : "산북면"				,"stdrDt" : "2015-12-17"				}				,{				"ctprvnCd" : "41"				,"ctprvnNm" : "경기도"				,"signguCd" : "41670"				,"signguNm" : "여주시"				,"adongCd" : "4167051000"				,"adongNm" : "여흥동"				,"stdrDt" : "2015-12-17"				}				,{				"ctprvnCd" : "41"				,"ctprvnNm" : "경기도"				,"signguCd" : "41670"				,"signguNm" : "여주시"				,"adongCd" : "4167053000"				,"adongNm" : "오학동"				,"stdrDt" : "2015-12-17"				}				,{				"ctprvnCd" : "41"				,"ctprvnNm" : "경기도"				,"signguCd" : "41670"				,"signguNm" : "여주시"				,"adongCd" : "4167031000"				,"adongNm" : "점동면"				,"stdrDt" : "2015-12-17"				}				,{				"ctprvnCd" : "41"				,"ctprvnNm" : "경기도"				,"signguCd" : "41670"				,"signguNm" : "여주시"				,"adongCd" : "4167052000"				,"adongNm" : "중앙동"				,"stdrDt" : "2015-12-17"				}				,{				"ctprvnCd" : "41"				,"ctprvnNm" : "경기도"				,"signguCd" : "41670"				,"signguNm" : "여주시"				,"adongCd" : "4167032000"				,"adongNm" : "흥천면"				,"stdrDt" : "2015-12-17"				}			]	}}