{	"header" : {		"description" : "소상공인시장진흥공단 상권정보 행정동 코드"		,"columns" : ["시도코드","시도명","시군구코드","시군구명","행정동코드","행정동명","기준일자"]		,"resultCode" : "00"		,"resultMsg" : "NORMAL SERVICE"	},	"body" : {			"items" : [				{				"ctprvnCd" : "41"				,"ctprvnNm" : "경기도"				,"signguCd" : "41800"				,"signguNm" : "연천군"				,"adongCd" : "4180031000"				,"adongNm" : "군남면"				,"stdrDt" : "2015-12-17"				}				,{				"ctprvnCd" : "41"				,"ctprvnNm" : "경기도"				,"signguCd" : "41800"				,"signguNm" : "연천군"				,"adongCd" : "4180034000"				,"adongNm" : "미산면"				,"stdrDt" : "2015-12-17"				}				,{				"ctprvnCd" : "41"				,"ctprvnNm" : "경기도"				,"signguCd" : "41800"				,"signguNm" : "연천군"				,"adongCd" : "4180033000"				,"adongNm" : "백학면"				,"stdrDt" : "2015-12-17"				}				,{				"ctprvnCd" : "41"				,"ctprvnNm" : "경기도"				,"signguCd" : "41800"				,"signguNm" : "연천군"				,"adongCd" : "4180036000"				,"adongNm" : "신서면"				,"stdrDt" : "2015-12-17"				}				,{				"ctprvnCd" : "41"				,"ctprvnNm" : "경기도"				,"signguCd" : "41800"				,"signguNm" : "연천군"				,"adongCd" : "4180025000"				,"adongNm" : "연천읍"				,"stdrDt" : "2015-12-17"				}				,{				"ctprvnCd" : "41"				,"ctprvnNm" : "경기도"				,"signguCd" : "41800"				,"signguNm" : "연천군"				,"adongCd" : "4180035000"				,"adongNm" : "왕징면"				,"stdrDt" : "2015-12-17"				}				,{				"ctprvnCd" : "41"				,"ctprvnNm" : "경기도"				,"signguCd" : "41800"				,"signguNm" : "연천군"				,"adongCd" : "4180038000"				,"adongNm" : "장남면"				,"stdrDt" : "2015-12-17"				}				,{				"ctprvnCd" : "41"				,"ctprvnNm" : "경기도"				,"signguCd" : "41800"				,"signguNm" : "연천군"				,"adongCd" : "4180025300"				,"adongNm" : "전곡읍"				,"stdrDt" : "2015-12-17"				}				,{				"ctprvnCd" : "41"				,"ctprvnNm" : "경기도"				,"signguCd" : "41800"				,"signguNm" : "연천군"				,"adongCd" : "4180037000"				,"adongNm" : "중면"				,"stdrDt" : "2015-12-17"				}				,{				"ctprvnCd" : "41"				,"ctprvnNm" : "경기도"				,"signguCd" : "41800"				,"signguNm" : "연천군"				,"adongCd" : "4180032000"				,"adongNm" : "청산면"				,"stdrDt" : "2015-12-17"				}			]	}}