{	"header" : {		"description" : "소상공인시장진흥공단 상권정보 행정동 코드"		,"columns" : ["시도코드","시도명","시군구코드","시군구명","행정동코드","행정동명","기준일자"]		,"resultCode" : "00"		,"resultMsg" : "NORMAL SERVICE"	},	"body" : {			"items" : [				{				"ctprvnCd" : "41"				,"ctprvnNm" : "경기도"				,"signguCd" : "41820"				,"signguNm" : "가평군"				,"adongCd" : "4182025000"				,"adongNm" : "가평읍"				,"stdrDt" : "2015-12-17"				}				,{				"ctprvnCd" : "41"				,"ctprvnNm" : "경기도"				,"signguCd" : "41820"				,"signguNm" : "가평군"				,"adongCd" : "4182035000"				,"adongNm" : "북면"				,"stdrDt" : "2015-12-17"				}				,{				"ctprvnCd" : "41"				,"ctprvnNm" : "경기도"				,"signguCd" : "41820"				,"signguNm" : "가평군"				,"adongCd" : "4182033000"				,"adongNm" : "상면"				,"stdrDt" : "2015-12-17"				}				,{				"ctprvnCd" : "41"				,"ctprvnNm" : "경기도"				,"signguCd" : "41820"				,"signguNm" : "가평군"				,"adongCd" : "4182031000"				,"adongNm" : "설악면"				,"stdrDt" : "2015-12-17"				}				,{				"ctprvnCd" : "41"				,"ctprvnNm" : "경기도"				,"signguCd" : "41820"				,"signguNm" : "가평군"				,"adongCd" : "4182034500"				,"adongNm" : "조종면"				,"stdrDt" : "2015-12-17"				}				,{				"ctprvnCd" : "41"				,"ctprvnNm" : "경기도"				,"signguCd" : "41820"				,"signguNm" : "가평군"				,"adongCd" : "4182032500"				,"adongNm" : "청평면"				,"stdrDt" : "2015-12-17"				}			]	}}