{	"header" : {		"description" : "소상공인시장진흥공단 상권정보 행정동 코드"		,"columns" : ["시도코드","시도명","시군구코드","시군구명","행정동코드","행정동명","기준일자"]		,"resultCode" : "00"		,"resultMsg" : "NORMAL SERVICE"	},	"body" : {			"items" : [				{				"ctprvnCd" : "41"				,"ctprvnNm" : "경기도"				,"signguCd" : "41830"				,"signguNm" : "양평군"				,"adongCd" : "4183031000"				,"adongNm" : "강상면"				,"stdrDt" : "2015-12-17"				}				,{				"ctprvnCd" : "41"				,"ctprvnNm" : "경기도"				,"signguCd" : "41830"				,"signguNm" : "양평군"				,"adongCd" : "4183032000"				,"adongNm" : "강하면"				,"stdrDt" : "2015-12-17"				}				,{				"ctprvnCd" : "41"				,"ctprvnNm" : "경기도"				,"signguCd" : "41830"				,"signguNm" : "양평군"				,"adongCd" : "4183041000"				,"adongNm" : "개군면"				,"stdrDt" : "2015-12-17"				}				,{				"ctprvnCd" : "41"				,"ctprvnNm" : "경기도"				,"signguCd" : "41830"				,"signguNm" : "양평군"				,"adongCd" : "4183036000"				,"adongNm" : "단월면"				,"stdrDt" : "2015-12-17"				}				,{				"ctprvnCd" : "41"				,"ctprvnNm" : "경기도"				,"signguCd" : "41830"				,"signguNm" : "양평군"				,"adongCd" : "4183035000"				,"adongNm" : "서종면"				,"stdrDt" : "2015-12-17"				}				,{				"ctprvnCd" : "41"				,"ctprvnNm" : "경기도"				,"signguCd" : "41830"				,"signguNm" : "양평군"				,"adongCd" : "4183038000"				,"adongNm" : "양동면"				,"stdrDt" : "2015-12-17"				}				,{				"ctprvnCd" : "41"				,"ctprvnNm" : "경기도"				,"signguCd" : "41830"				,"signguNm" : "양평군"				,"adongCd" : "4183033000"				,"adongNm" : "양서면"				,"stdrDt" : "2015-12-17"				}				,{				"ctprvnCd" : "41"				,"ctprvnNm" : "경기도"				,"signguCd" : "41830"				,"signguNm" : "양평군"				,"adongCd" : "4183025000"				,"adongNm" : "양평읍"				,"stdrDt" : "2015-12-17"				}				,{				"ctprvnCd" : "41"				,"ctprvnNm" : "경기도"				,"signguCd" : "41830"				,"signguNm" : "양평군"				,"adongCd" : "4183034000"				,"adongNm" : "옥천면"				,"stdrDt" : "2015-12-17"				}				,{				"ctprvnCd" : "41"				,"ctprvnNm" : "경기도"				,"signguCd" : "41830"				,"signguNm" : "양평군"				,"adongCd" : "4183040000"				,"adongNm" : "용문면"				,"stdrDt" : "2015-12-17"				}				,{				"ctprvnCd" : "41"				,"ctprvnNm" : "경기도"				,"signguCd" : "41830"				,"signguNm" : "양평군"				,"adongCd" : "4183039500"				,"adongNm" : "지평면"				,"stdrDt" : "2015-12-17"				}				,{				"ctprvnCd" : "41"				,"ctprvnNm" : "경기도"				,"signguCd" : "41830"				,"signguNm" : "양평군"				,"adongCd" : "4183037000"				,"adongNm" : "청운면"				,"stdrDt" : "2015-12-17"				}			]	}}