{	"header" : {		"description" : "소상공인시장진흥공단 상권정보 시군구 코드"		,"columns" : ["시도코드","시도명","시군구코드","시군구명","기준일자"]		,"resultCode" : "00"		,"resultMsg" : "NORMAL SERVICE"	},	"body" : {			"items" : [				{				"ctprvnCd" : "42"				,"ctprvnNm" : "강원도"				,"signguCd" : "42150"				,"signguNm" : "강릉시"				,"stdrDt" : "2015-12-17"				}				,{				"ctprvnCd" : "42"				,"ctprvnNm" : "강원도"				,"signguCd" : "42820"				,"signguNm" : "고성군"				,"stdrDt" : "2015-12-17"				}				,{				"ctprvnCd" : "42"				,"ctprvnNm" : "강원도"				,"signguCd" : "42170"				,"signguNm" : "동해시"				,"stdrDt" : "2015-12-17"				}				,{				"ctprvnCd" : "42"				,"ctprvnNm" : "강원도"				,"signguCd" : "42230"				,"signguNm" : "삼척시"				,"stdrDt" : "2015-12-17"				}				,{				"ctprvnCd" : "42"				,"ctprvnNm" : "강원도"				,"signguCd" : "42210"				,"signguNm" : "속초시"				,"stdrDt" : "2015-12-17"				}				,{				"ctprvnCd" : "42"				,"ctprvnNm" : "강원도"				,"signguCd" : "42800"				,"signguNm" : "양구군"				,"stdrDt" : "2015-12-17"				}				,{				"ctprvnCd" : "42"				,"ctprvnNm" : "강원도"				,"signguCd" : "42830"				,"signguNm" : "양양군"				,"stdrDt" : "2015-12-17"				}				,{				"ctprvnCd" : "42"				,"ctprvnNm" : "강원도"				,"signguCd" : "42750"				,"signguNm" : "영월군"				,"stdrDt" : "2015-12-17"				}				,{				"ctprvnCd" : "42"				,"ctprvnNm" : "강원도"				,"signguCd" : "42130"				,"signguNm" : "원주시"				,"stdrDt" : "2015-12-17"				}				,{				"ctprvnCd" : "42"				,"ctprvnNm" : "강원도"				,"signguCd" : "42810"				,"signguNm" : "인제군"				,"stdrDt" : "2015-12-17"				}				,{				"ctprvnCd" : "42"				,"ctprvnNm" : "강원도"				,"signguCd" : "42770"				,"signguNm" : "정선군"				,"stdrDt" : "2015-12-17"				}				,{				"ctprvnCd" : "42"				,"ctprvnNm" : "강원도"				,"signguCd" : "42780"				,"signguNm" : "철원군"				,"stdrDt" : "2015-12-17"				}				,{				"ctprvnCd" : "42"				,"ctprvnNm" : "강원도"				,"signguCd" : "42110"				,"signguNm" : "춘천시"				,"stdrDt" : "2015-12-17"				}				,{				"ctprvnCd" : "42"				,"ctprvnNm" : "강원도"				,"signguCd" : "42190"				,"signguNm" : "태백시"				,"stdrDt" : "2015-12-17"				}				,{				"ctprvnCd" : "42"				,"ctprvnNm" : "강원도"				,"signguCd" : "42760"				,"signguNm" : "평창군"				,"stdrDt" : "2015-12-17"				}				,{				"ctprvnCd" : "42"				,"ctprvnNm" : "강원도"				,"signguCd" : "42720"				,"signguNm" : "홍천군"				,"stdrDt" : "2015-12-17"				}				,{				"ctprvnCd" : "42"				,"ctprvnNm" : "강원도"				,"signguCd" : "42790"				,"signguNm" : "화천군"				,"stdrDt" : "2015-12-17"				}				,{				"ctprvnCd" : "42"				,"ctprvnNm" : "강원도"				,"signguCd" : "42730"				,"signguNm" : "횡성군"				,"stdrDt" : "2015-12-17"				}			]	}}