{	"header" : {		"description" : "소상공인시장진흥공단 상권정보 행정동 코드"		,"columns" : ["시도코드","시도명","시군구코드","시군구명","행정동코드","행정동명","기준일자"]		,"resultCode" : "00"		,"resultMsg" : "NORMAL SERVICE"	},	"body" : {			"items" : [				{				"ctprvnCd" : "42"				,"ctprvnNm" : "강원도"				,"signguCd" : "42110"				,"signguNm" : "춘천시"				,"adongCd" : "4211067500"				,"adongNm" : "강남동"				,"stdrDt" : "2015-12-17"				}				,{				"ctprvnCd" : "42"				,"ctprvnNm" : "강원도"				,"signguCd" : "42110"				,"signguNm" : "춘천시"				,"adongCd" : "4211052000"				,"adongNm" : "교동"				,"stdrDt" : "2015-12-17"				}				,{				"ctprvnCd" : "42"				,"ctprvnNm" : "강원도"				,"signguCd" : "42110"				,"signguNm" : "춘천시"				,"adongCd" : "4211057000"				,"adongNm" : "근화동"				,"stdrDt" : "2015-12-17"				}				,{				"ctprvnCd" : "42"				,"ctprvnNm" : "강원도"				,"signguCd" : "42110"				,"signguNm" : "춘천시"				,"adongCd" : "4211034000"				,"adongNm" : "남면"				,"stdrDt" : "2015-12-17"				}				,{				"ctprvnCd" : "42"				,"ctprvnNm" : "강원도"				,"signguCd" : "42110"				,"signguNm" : "춘천시"				,"adongCd" : "4211040000"				,"adongNm" : "남산면"				,"stdrDt" : "2015-12-17"				}				,{				"ctprvnCd" : "42"				,"ctprvnNm" : "강원도"				,"signguCd" : "42110"				,"signguNm" : "춘천시"				,"adongCd" : "4211039000"				,"adongNm" : "동내면"				,"stdrDt" : "2015-12-17"				}				,{				"ctprvnCd" : "42"				,"ctprvnNm" : "강원도"				,"signguCd" : "42110"				,"signguNm" : "춘천시"				,"adongCd" : "4211031000"				,"adongNm" : "동면"				,"stdrDt" : "2015-12-17"				}				,{				"ctprvnCd" : "42"				,"ctprvnNm" : "강원도"				,"signguCd" : "42110"				,"signguNm" : "춘천시"				,"adongCd" : "4211032000"				,"adongNm" : "동산면"				,"stdrDt" : "2015-12-17"				}				,{				"ctprvnCd" : "42"				,"ctprvnNm" : "강원도"				,"signguCd" : "42110"				,"signguNm" : "춘천시"				,"adongCd" : "4211038000"				,"adongNm" : "북산면"				,"stdrDt" : "2015-12-17"				}				,{				"ctprvnCd" : "42"				,"ctprvnNm" : "강원도"				,"signguCd" : "42110"				,"signguNm" : "춘천시"				,"adongCd" : "4211036000"				,"adongNm" : "사북면"				,"stdrDt" : "2015-12-17"				}				,{				"ctprvnCd" : "42"				,"ctprvnNm" : "강원도"				,"signguCd" : "42110"				,"signguNm" : "춘천시"				,"adongCd" : "4211035000"				,"adongNm" : "서면"				,"stdrDt" : "2015-12-17"				}				,{				"ctprvnCd" : "42"				,"ctprvnNm" : "강원도"				,"signguCd" : "42110"				,"signguNm" : "춘천시"				,"adongCd" : "4211065000"				,"adongNm" : "석사동"				,"stdrDt" : "2015-12-17"				}				,{				"ctprvnCd" : "42"				,"ctprvnNm" : "강원도"				,"signguCd" : "42110"				,"signguNm" : "춘천시"				,"adongCd" : "4211058000"				,"adongNm" : "소양동"				,"stdrDt" : "2015-12-17"				}				,{				"ctprvnCd" : "42"				,"ctprvnNm" : "강원도"				,"signguCd" : "42110"				,"signguNm" : "춘천시"				,"adongCd" : "4211033000"				,"adongNm" : "신동면"				,"stdrDt" : "2015-12-17"				}				,{				"ctprvnCd" : "42"				,"ctprvnNm" : "강원도"				,"signguCd" : "42110"				,"signguNm" : "춘천시"				,"adongCd" : "4211025000"				,"adongNm" : "신북읍"				,"stdrDt" : "2015-12-17"				}				,{				"ctprvnCd" : "42"				,"ctprvnNm" : "강원도"				,"signguCd" : "42110"				,"signguNm" : "춘천시"				,"adongCd" : "4211070500"				,"adongNm" : "신사우동"				,"stdrDt" : "2015-12-17"				}				,{				"ctprvnCd" : "42"				,"ctprvnNm" : "강원도"				,"signguCd" : "42110"				,"signguNm" : "춘천시"				,"adongCd" : "4211054500"				,"adongNm" : "약사명동"				,"stdrDt" : "2015-12-17"				}				,{				"ctprvnCd" : "42"				,"ctprvnNm" : "강원도"				,"signguCd" : "42110"				,"signguNm" : "춘천시"				,"adongCd" : "4211053000"				,"adongNm" : "조운동"				,"stdrDt" : "2015-12-17"				}				,{				"ctprvnCd" : "42"				,"ctprvnNm" : "강원도"				,"signguCd" : "42110"				,"signguNm" : "춘천시"				,"adongCd" : "4211066000"				,"adongNm" : "퇴계동"				,"stdrDt" : "2015-12-17"				}				,{				"ctprvnCd" : "42"				,"ctprvnNm" : "강원도"				,"signguCd" : "42110"				,"signguNm" : "춘천시"				,"adongCd" : "4211062000"				,"adongNm" : "효자1동"				,"stdrDt" : "2015-12-17"				}				,{				"ctprvnCd" : "42"				,"ctprvnNm" : "강원도"				,"signguCd" : "42110"				,"signguNm" : "춘천시"				,"adongCd" : "4211063000"				,"adongNm" : "효자2동"				,"stdrDt" : "2015-12-17"				}				,{				"ctprvnCd" : "42"				,"ctprvnNm" : "강원도"				,"signguCd" : "42110"				,"signguNm" : "춘천시"				,"adongCd" : "4211064000"				,"adongNm" : "효자3동"				,"stdrDt" : "2015-12-17"				}				,{				"ctprvnCd" : "42"				,"ctprvnNm" : "강원도"				,"signguCd" : "42110"				,"signguNm" : "춘천시"				,"adongCd" : "4211060000"				,"adongNm" : "후평1동"				,"stdrDt" : "2015-12-17"				}				,{				"ctprvnCd" : "42"				,"ctprvnNm" : "강원도"				,"signguCd" : "42110"				,"signguNm" : "춘천시"				,"adongCd" : "4211061000"				,"adongNm" : "후평2동"				,"stdrDt" : "2015-12-17"				}				,{				"ctprvnCd" : "42"				,"ctprvnNm" : "강원도"				,"signguCd" : "42110"				,"signguNm" : "춘천시"				,"adongCd" : "4211061100"				,"adongNm" : "후평3동"				,"stdrDt" : "2015-12-17"				}			]	}}