{	"header" : {		"description" : "소상공인시장진흥공단 상권정보 행정동 코드"		,"columns" : ["시도코드","시도명","시군구코드","시군구명","행정동코드","행정동명","기준일자"]		,"resultCode" : "00"		,"resultMsg" : "NORMAL SERVICE"	},	"body" : {			"items" : [				{				"ctprvnCd" : "42"				,"ctprvnNm" : "강원도"				,"signguCd" : "42130"				,"signguNm" : "원주시"				,"adongCd" : "4213053000"				,"adongNm" : "개운동"				,"stdrDt" : "2015-12-17"				}				,{				"ctprvnCd" : "42"				,"ctprvnNm" : "강원도"				,"signguCd" : "42130"				,"signguNm" : "원주시"				,"adongCd" : "4213036000"				,"adongNm" : "귀래면"				,"stdrDt" : "2015-12-17"				}				,{				"ctprvnCd" : "42"				,"ctprvnNm" : "강원도"				,"signguCd" : "42130"				,"signguNm" : "원주시"				,"adongCd" : "4213059000"				,"adongNm" : "단계동"				,"stdrDt" : "2015-12-17"				}				,{				"ctprvnCd" : "42"				,"ctprvnNm" : "강원도"				,"signguCd" : "42130"				,"signguNm" : "원주시"				,"adongCd" : "4213055000"				,"adongNm" : "단구동"				,"stdrDt" : "2015-12-17"				}				,{				"ctprvnCd" : "42"				,"ctprvnNm" : "강원도"				,"signguCd" : "42130"				,"signguNm" : "원주시"				,"adongCd" : "4213054100"				,"adongNm" : "명륜1동"				,"stdrDt" : "2015-12-17"				}				,{				"ctprvnCd" : "42"				,"ctprvnNm" : "강원도"				,"signguCd" : "42130"				,"signguNm" : "원주시"				,"adongCd" : "4213054200"				,"adongNm" : "명륜2동"				,"stdrDt" : "2015-12-17"				}				,{				"ctprvnCd" : "42"				,"ctprvnNm" : "강원도"				,"signguCd" : "42130"				,"signguNm" : "원주시"				,"adongCd" : "4213066000"				,"adongNm" : "무실동"				,"stdrDt" : "2015-12-17"				}				,{				"ctprvnCd" : "42"				,"ctprvnNm" : "강원도"				,"signguCd" : "42130"				,"signguNm" : "원주시"				,"adongCd" : "4213025000"				,"adongNm" : "문막읍"				,"stdrDt" : "2015-12-17"				}				,{				"ctprvnCd" : "42"				,"ctprvnNm" : "강원도"				,"signguCd" : "42130"				,"signguNm" : "원주시"				,"adongCd" : "4213067500"				,"adongNm" : "반곡관설동"				,"stdrDt" : "2015-12-17"				}				,{				"ctprvnCd" : "42"				,"ctprvnNm" : "강원도"				,"signguCd" : "42130"				,"signguNm" : "원주시"				,"adongCd" : "4213063500"				,"adongNm" : "봉산동"				,"stdrDt" : "2015-12-17"				}				,{				"ctprvnCd" : "42"				,"ctprvnNm" : "강원도"				,"signguCd" : "42130"				,"signguNm" : "원주시"				,"adongCd" : "4213035000"				,"adongNm" : "부론면"				,"stdrDt" : "2015-12-17"				}				,{				"ctprvnCd" : "42"				,"ctprvnNm" : "강원도"				,"signguCd" : "42130"				,"signguNm" : "원주시"				,"adongCd" : "4213031000"				,"adongNm" : "소초면"				,"stdrDt" : "2015-12-17"				}				,{				"ctprvnCd" : "42"				,"ctprvnNm" : "강원도"				,"signguCd" : "42130"				,"signguNm" : "원주시"				,"adongCd" : "4213039000"				,"adongNm" : "신림면"				,"stdrDt" : "2015-12-17"				}				,{				"ctprvnCd" : "42"				,"ctprvnNm" : "강원도"				,"signguCd" : "42130"				,"signguNm" : "원주시"				,"adongCd" : "4213060000"				,"adongNm" : "우산동"				,"stdrDt" : "2015-12-17"				}				,{				"ctprvnCd" : "42"				,"ctprvnNm" : "강원도"				,"signguCd" : "42130"				,"signguNm" : "원주시"				,"adongCd" : "4213052000"				,"adongNm" : "원인동"				,"stdrDt" : "2015-12-17"				}				,{				"ctprvnCd" : "42"				,"ctprvnNm" : "강원도"				,"signguCd" : "42130"				,"signguNm" : "원주시"				,"adongCd" : "4213056000"				,"adongNm" : "일산동"				,"stdrDt" : "2015-12-17"				}				,{				"ctprvnCd" : "42"				,"ctprvnNm" : "강원도"				,"signguCd" : "42130"				,"signguNm" : "원주시"				,"adongCd" : "4213051500"				,"adongNm" : "중앙동"				,"stdrDt" : "2015-12-17"				}				,{				"ctprvnCd" : "42"				,"ctprvnNm" : "강원도"				,"signguCd" : "42130"				,"signguNm" : "원주시"				,"adongCd" : "4213033000"				,"adongNm" : "지정면"				,"stdrDt" : "2015-12-17"				}				,{				"ctprvnCd" : "42"				,"ctprvnNm" : "강원도"				,"signguCd" : "42130"				,"signguNm" : "원주시"				,"adongCd" : "4213061000"				,"adongNm" : "태장1동"				,"stdrDt" : "2015-12-17"				}				,{				"ctprvnCd" : "42"				,"ctprvnNm" : "강원도"				,"signguCd" : "42130"				,"signguNm" : "원주시"				,"adongCd" : "4213062000"				,"adongNm" : "태장2동"				,"stdrDt" : "2015-12-17"				}				,{				"ctprvnCd" : "42"				,"ctprvnNm" : "강원도"				,"signguCd" : "42130"				,"signguNm" : "원주시"				,"adongCd" : "4213038000"				,"adongNm" : "판부면"				,"stdrDt" : "2015-12-17"				}				,{				"ctprvnCd" : "42"				,"ctprvnNm" : "강원도"				,"signguCd" : "42130"				,"signguNm" : "원주시"				,"adongCd" : "4213057500"				,"adongNm" : "학성동"				,"stdrDt" : "2015-12-17"				}				,{				"ctprvnCd" : "42"				,"ctprvnNm" : "강원도"				,"signguCd" : "42130"				,"signguNm" : "원주시"				,"adongCd" : "4213065000"				,"adongNm" : "행구동"				,"stdrDt" : "2015-12-17"				}				,{				"ctprvnCd" : "42"				,"ctprvnNm" : "강원도"				,"signguCd" : "42130"				,"signguNm" : "원주시"				,"adongCd" : "4213032000"				,"adongNm" : "호저면"				,"stdrDt" : "2015-12-17"				}				,{				"ctprvnCd" : "42"				,"ctprvnNm" : "강원도"				,"signguCd" : "42130"				,"signguNm" : "원주시"				,"adongCd" : "4213037000"				,"adongNm" : "흥업면"				,"stdrDt" : "2015-12-17"				}			]	}}