{	"header" : {		"description" : "소상공인시장진흥공단 상권정보 행정동 코드"		,"columns" : ["시도코드","시도명","시군구코드","시군구명","행정동코드","행정동명","기준일자"]		,"resultCode" : "00"		,"resultMsg" : "NORMAL SERVICE"	},	"body" : {			"items" : [				{				"ctprvnCd" : "42"				,"ctprvnNm" : "강원도"				,"signguCd" : "42150"				,"signguNm" : "강릉시"				,"adongCd" : "4215061500"				,"adongNm" : "강남동"				,"stdrDt" : "2015-12-17"				}				,{				"ctprvnCd" : "42"				,"ctprvnNm" : "강원도"				,"signguCd" : "42150"				,"signguNm" : "강릉시"				,"adongCd" : "4215034000"				,"adongNm" : "강동면"				,"stdrDt" : "2015-12-17"				}				,{				"ctprvnCd" : "42"				,"ctprvnNm" : "강원도"				,"signguCd" : "42150"				,"signguNm" : "강릉시"				,"adongCd" : "4215066500"				,"adongNm" : "경포동"				,"stdrDt" : "2015-12-17"				}				,{				"ctprvnCd" : "42"				,"ctprvnNm" : "강원도"				,"signguCd" : "42150"				,"signguNm" : "강릉시"				,"adongCd" : "4215055000"				,"adongNm" : "교1동"				,"stdrDt" : "2015-12-17"				}				,{				"ctprvnCd" : "42"				,"ctprvnNm" : "강원도"				,"signguCd" : "42150"				,"signguNm" : "강릉시"				,"adongCd" : "4215056000"				,"adongNm" : "교2동"				,"stdrDt" : "2015-12-17"				}				,{				"ctprvnCd" : "42"				,"ctprvnNm" : "강원도"				,"signguCd" : "42150"				,"signguNm" : "강릉시"				,"adongCd" : "4215033000"				,"adongNm" : "구정면"				,"stdrDt" : "2015-12-17"				}				,{				"ctprvnCd" : "42"				,"ctprvnNm" : "강원도"				,"signguCd" : "42150"				,"signguNm" : "강릉시"				,"adongCd" : "4215060000"				,"adongNm" : "내곡동"				,"stdrDt" : "2015-12-17"				}				,{				"ctprvnCd" : "42"				,"ctprvnNm" : "강원도"				,"signguCd" : "42150"				,"signguNm" : "강릉시"				,"adongCd" : "4215036000"				,"adongNm" : "사천면"				,"stdrDt" : "2015-12-17"				}				,{				"ctprvnCd" : "42"				,"ctprvnNm" : "강원도"				,"signguCd" : "42150"				,"signguNm" : "강릉시"				,"adongCd" : "4215064500"				,"adongNm" : "성덕동"				,"stdrDt" : "2015-12-17"				}				,{				"ctprvnCd" : "42"				,"ctprvnNm" : "강원도"				,"signguCd" : "42150"				,"signguNm" : "강릉시"				,"adongCd" : "4215031000"				,"adongNm" : "성산면"				,"stdrDt" : "2015-12-17"				}				,{				"ctprvnCd" : "42"				,"ctprvnNm" : "강원도"				,"signguCd" : "42150"				,"signguNm" : "강릉시"				,"adongCd" : "4215059000"				,"adongNm" : "송정동"				,"stdrDt" : "2015-12-17"				}				,{				"ctprvnCd" : "42"				,"ctprvnNm" : "강원도"				,"signguCd" : "42150"				,"signguNm" : "강릉시"				,"adongCd" : "4215037000"				,"adongNm" : "연곡면"				,"stdrDt" : "2015-12-17"				}				,{				"ctprvnCd" : "42"				,"ctprvnNm" : "강원도"				,"signguCd" : "42150"				,"signguNm" : "강릉시"				,"adongCd" : "4215035000"				,"adongNm" : "옥계면"				,"stdrDt" : "2015-12-17"				}				,{				"ctprvnCd" : "42"				,"ctprvnNm" : "강원도"				,"signguCd" : "42150"				,"signguNm" : "강릉시"				,"adongCd" : "4215054000"				,"adongNm" : "옥천동"				,"stdrDt" : "2015-12-17"				}				,{				"ctprvnCd" : "42"				,"ctprvnNm" : "강원도"				,"signguCd" : "42150"				,"signguNm" : "강릉시"				,"adongCd" : "4215032000"				,"adongNm" : "왕산면"				,"stdrDt" : "2015-12-17"				}				,{				"ctprvnCd" : "42"				,"ctprvnNm" : "강원도"				,"signguCd" : "42150"				,"signguNm" : "강릉시"				,"adongCd" : "4215025000"				,"adongNm" : "주문진읍"				,"stdrDt" : "2015-12-17"				}				,{				"ctprvnCd" : "42"				,"ctprvnNm" : "강원도"				,"signguCd" : "42150"				,"signguNm" : "강릉시"				,"adongCd" : "4215052000"				,"adongNm" : "중앙동"				,"stdrDt" : "2015-12-17"				}				,{				"ctprvnCd" : "42"				,"ctprvnNm" : "강원도"				,"signguCd" : "42150"				,"signguNm" : "강릉시"				,"adongCd" : "4215058000"				,"adongNm" : "초당동"				,"stdrDt" : "2015-12-17"				}				,{				"ctprvnCd" : "42"				,"ctprvnNm" : "강원도"				,"signguCd" : "42150"				,"signguNm" : "강릉시"				,"adongCd" : "4215057100"				,"adongNm" : "포남1동"				,"stdrDt" : "2015-12-17"				}				,{				"ctprvnCd" : "42"				,"ctprvnNm" : "강원도"				,"signguCd" : "42150"				,"signguNm" : "강릉시"				,"adongCd" : "4215057200"				,"adongNm" : "포남2동"				,"stdrDt" : "2015-12-17"				}				,{				"ctprvnCd" : "42"				,"ctprvnNm" : "강원도"				,"signguCd" : "42150"				,"signguNm" : "강릉시"				,"adongCd" : "4215051000"				,"adongNm" : "홍제동"				,"stdrDt" : "2015-12-17"				}			]	}}