{	"header" : {		"description" : "소상공인시장진흥공단 상권정보 행정동 코드"		,"columns" : ["시도코드","시도명","시군구코드","시군구명","행정동코드","행정동명","기준일자"]		,"resultCode" : "00"		,"resultMsg" : "NORMAL SERVICE"	},	"body" : {			"items" : [				{				"ctprvnCd" : "42"				,"ctprvnNm" : "강원도"				,"signguCd" : "42170"				,"signguNm" : "동해시"				,"adongCd" : "4217055000"				,"adongNm" : "동호동"				,"stdrDt" : "2015-12-17"				}				,{				"ctprvnCd" : "42"				,"ctprvnNm" : "강원도"				,"signguCd" : "42170"				,"signguNm" : "동해시"				,"adongCd" : "4217063000"				,"adongNm" : "망상동"				,"stdrDt" : "2015-12-17"				}				,{				"ctprvnCd" : "42"				,"ctprvnNm" : "강원도"				,"signguCd" : "42170"				,"signguNm" : "동해시"				,"adongCd" : "4217059000"				,"adongNm" : "묵호동"				,"stdrDt" : "2015-12-17"				}				,{				"ctprvnCd" : "42"				,"ctprvnNm" : "강원도"				,"signguCd" : "42170"				,"signguNm" : "동해시"				,"adongCd" : "4217057000"				,"adongNm" : "발한동"				,"stdrDt" : "2015-12-17"				}				,{				"ctprvnCd" : "42"				,"ctprvnNm" : "강원도"				,"signguCd" : "42170"				,"signguNm" : "동해시"				,"adongCd" : "4217054000"				,"adongNm" : "부곡동"				,"stdrDt" : "2015-12-17"				}				,{				"ctprvnCd" : "42"				,"ctprvnNm" : "강원도"				,"signguCd" : "42170"				,"signguNm" : "동해시"				,"adongCd" : "4217053000"				,"adongNm" : "북삼동"				,"stdrDt" : "2015-12-17"				}				,{				"ctprvnCd" : "42"				,"ctprvnNm" : "강원도"				,"signguCd" : "42170"				,"signguNm" : "동해시"				,"adongCd" : "4217060000"				,"adongNm" : "북평동"				,"stdrDt" : "2015-12-17"				}				,{				"ctprvnCd" : "42"				,"ctprvnNm" : "강원도"				,"signguCd" : "42170"				,"signguNm" : "동해시"				,"adongCd" : "4217065000"				,"adongNm" : "삼화동"				,"stdrDt" : "2015-12-17"				}				,{				"ctprvnCd" : "42"				,"ctprvnNm" : "강원도"				,"signguCd" : "42170"				,"signguNm" : "동해시"				,"adongCd" : "4217052000"				,"adongNm" : "송정동"				,"stdrDt" : "2015-12-17"				}				,{				"ctprvnCd" : "42"				,"ctprvnNm" : "강원도"				,"signguCd" : "42170"				,"signguNm" : "동해시"				,"adongCd" : "4217051000"				,"adongNm" : "천곡동"				,"stdrDt" : "2015-12-17"				}			]	}}