{	"header" : {		"description" : "소상공인시장진흥공단 상권정보 행정동 코드"		,"columns" : ["시도코드","시도명","시군구코드","시군구명","행정동코드","행정동명","기준일자"]		,"resultCode" : "00"		,"resultMsg" : "NORMAL SERVICE"	},	"body" : {			"items" : [				{				"ctprvnCd" : "42"				,"ctprvnNm" : "강원도"				,"signguCd" : "42190"				,"signguNm" : "태백시"				,"adongCd" : "4219060500"				,"adongNm" : "구문소동"				,"stdrDt" : "2015-12-17"				}				,{				"ctprvnCd" : "42"				,"ctprvnNm" : "강원도"				,"signguCd" : "42190"				,"signguNm" : "태백시"				,"adongCd" : "4219058500"				,"adongNm" : "문곡소도동"				,"stdrDt" : "2015-12-17"				}				,{				"ctprvnCd" : "42"				,"ctprvnNm" : "강원도"				,"signguCd" : "42190"				,"signguNm" : "태백시"				,"adongCd" : "4219053500"				,"adongNm" : "삼수동"				,"stdrDt" : "2015-12-17"				}				,{				"ctprvnCd" : "42"				,"ctprvnNm" : "강원도"				,"signguCd" : "42190"				,"signguNm" : "태백시"				,"adongCd" : "4219054000"				,"adongNm" : "상장동"				,"stdrDt" : "2015-12-17"				}				,{				"ctprvnCd" : "42"				,"ctprvnNm" : "강원도"				,"signguCd" : "42190"				,"signguNm" : "태백시"				,"adongCd" : "4219059500"				,"adongNm" : "장성동"				,"stdrDt" : "2015-12-17"				}				,{				"ctprvnCd" : "42"				,"ctprvnNm" : "강원도"				,"signguCd" : "42190"				,"signguNm" : "태백시"				,"adongCd" : "4219061500"				,"adongNm" : "철암동"				,"stdrDt" : "2015-12-17"				}				,{				"ctprvnCd" : "42"				,"ctprvnNm" : "강원도"				,"signguCd" : "42190"				,"signguNm" : "태백시"				,"adongCd" : "4219052500"				,"adongNm" : "황연동"				,"stdrDt" : "2015-12-17"				}				,{				"ctprvnCd" : "42"				,"ctprvnNm" : "강원도"				,"signguCd" : "42190"				,"signguNm" : "태백시"				,"adongCd" : "4219051500"				,"adongNm" : "황지동"				,"stdrDt" : "2015-12-17"				}			]	}}