{	"header" : {		"description" : "소상공인시장진흥공단 상권정보 행정동 코드"		,"columns" : ["시도코드","시도명","시군구코드","시군구명","행정동코드","행정동명","기준일자"]		,"resultCode" : "00"		,"resultMsg" : "NORMAL SERVICE"	},	"body" : {			"items" : [				{				"ctprvnCd" : "42"				,"ctprvnNm" : "강원도"				,"signguCd" : "42210"				,"signguNm" : "속초시"				,"adongCd" : "4221056000"				,"adongNm" : "교동"				,"stdrDt" : "2015-12-17"				}				,{				"ctprvnCd" : "42"				,"ctprvnNm" : "강원도"				,"signguCd" : "42210"				,"signguNm" : "속초시"				,"adongCd" : "4221054000"				,"adongNm" : "금호동"				,"stdrDt" : "2015-12-17"				}				,{				"ctprvnCd" : "42"				,"ctprvnNm" : "강원도"				,"signguCd" : "42210"				,"signguNm" : "속초시"				,"adongCd" : "4221057000"				,"adongNm" : "노학동"				,"stdrDt" : "2015-12-17"				}				,{				"ctprvnCd" : "42"				,"ctprvnNm" : "강원도"				,"signguCd" : "42210"				,"signguNm" : "속초시"				,"adongCd" : "4221060000"				,"adongNm" : "대포동"				,"stdrDt" : "2015-12-17"				}				,{				"ctprvnCd" : "42"				,"ctprvnNm" : "강원도"				,"signguCd" : "42210"				,"signguNm" : "속초시"				,"adongCd" : "4221052000"				,"adongNm" : "동명동"				,"stdrDt" : "2015-12-17"				}				,{				"ctprvnCd" : "42"				,"ctprvnNm" : "강원도"				,"signguCd" : "42210"				,"signguNm" : "속초시"				,"adongCd" : "4221051000"				,"adongNm" : "영랑동"				,"stdrDt" : "2015-12-17"				}				,{				"ctprvnCd" : "42"				,"ctprvnNm" : "강원도"				,"signguCd" : "42210"				,"signguNm" : "속초시"				,"adongCd" : "4221058000"				,"adongNm" : "조양동"				,"stdrDt" : "2015-12-17"				}				,{				"ctprvnCd" : "42"				,"ctprvnNm" : "강원도"				,"signguCd" : "42210"				,"signguNm" : "속초시"				,"adongCd" : "4221059000"				,"adongNm" : "청호동"				,"stdrDt" : "2015-12-17"				}			]	}}