{	"header" : {		"description" : "소상공인시장진흥공단 상권정보 행정동 코드"		,"columns" : ["시도코드","시도명","시군구코드","시군구명","행정동코드","행정동명","기준일자"]		,"resultCode" : "00"		,"resultMsg" : "NORMAL SERVICE"	},	"body" : {			"items" : [				{				"ctprvnCd" : "42"				,"ctprvnNm" : "강원도"				,"signguCd" : "42230"				,"signguNm" : "삼척시"				,"adongCd" : "4223035000"				,"adongNm" : "가곡면"				,"stdrDt" : "2015-12-17"				}				,{				"ctprvnCd" : "42"				,"ctprvnNm" : "강원도"				,"signguCd" : "42230"				,"signguNm" : "삼척시"				,"adongCd" : "4223053000"				,"adongNm" : "교동"				,"stdrDt" : "2015-12-17"				}				,{				"ctprvnCd" : "42"				,"ctprvnNm" : "강원도"				,"signguCd" : "42230"				,"signguNm" : "삼척시"				,"adongCd" : "4223031000"				,"adongNm" : "근덕면"				,"stdrDt" : "2015-12-17"				}				,{				"ctprvnCd" : "42"				,"ctprvnNm" : "강원도"				,"signguCd" : "42230"				,"signguNm" : "삼척시"				,"adongCd" : "4223051000"				,"adongNm" : "남양동"				,"stdrDt" : "2015-12-17"				}				,{				"ctprvnCd" : "42"				,"ctprvnNm" : "강원도"				,"signguCd" : "42230"				,"signguNm" : "삼척시"				,"adongCd" : "4223033000"				,"adongNm" : "노곡면"				,"stdrDt" : "2015-12-17"				}				,{				"ctprvnCd" : "42"				,"ctprvnNm" : "강원도"				,"signguCd" : "42230"				,"signguNm" : "삼척시"				,"adongCd" : "4223025000"				,"adongNm" : "도계읍"				,"stdrDt" : "2015-12-17"				}				,{				"ctprvnCd" : "42"				,"ctprvnNm" : "강원도"				,"signguCd" : "42230"				,"signguNm" : "삼척시"				,"adongCd" : "4223034000"				,"adongNm" : "미로면"				,"stdrDt" : "2015-12-17"				}				,{				"ctprvnCd" : "42"				,"ctprvnNm" : "강원도"				,"signguCd" : "42230"				,"signguNm" : "삼척시"				,"adongCd" : "4223057000"				,"adongNm" : "성내동"				,"stdrDt" : "2015-12-17"				}				,{				"ctprvnCd" : "42"				,"ctprvnNm" : "강원도"				,"signguCd" : "42230"				,"signguNm" : "삼척시"				,"adongCd" : "4223036000"				,"adongNm" : "신기면"				,"stdrDt" : "2015-12-17"				}				,{				"ctprvnCd" : "42"				,"ctprvnNm" : "강원도"				,"signguCd" : "42230"				,"signguNm" : "삼척시"				,"adongCd" : "4223025300"				,"adongNm" : "원덕읍"				,"stdrDt" : "2015-12-17"				}				,{				"ctprvnCd" : "42"				,"ctprvnNm" : "강원도"				,"signguCd" : "42230"				,"signguNm" : "삼척시"				,"adongCd" : "4223054000"				,"adongNm" : "정라동"				,"stdrDt" : "2015-12-17"				}				,{				"ctprvnCd" : "42"				,"ctprvnNm" : "강원도"				,"signguCd" : "42230"				,"signguNm" : "삼척시"				,"adongCd" : "4223032000"				,"adongNm" : "하장면"				,"stdrDt" : "2015-12-17"				}			]	}}