{	"header" : {		"description" : "소상공인시장진흥공단 상권정보 행정동 코드"		,"columns" : ["시도코드","시도명","시군구코드","시군구명","행정동코드","행정동명","기준일자"]		,"resultCode" : "00"		,"resultMsg" : "NORMAL SERVICE"	},	"body" : {			"items" : [				{				"ctprvnCd" : "42"				,"ctprvnNm" : "강원도"				,"signguCd" : "42720"				,"signguNm" : "홍천군"				,"adongCd" : "4272036000"				,"adongNm" : "남면"				,"stdrDt" : "2015-12-17"				}				,{				"ctprvnCd" : "42"				,"ctprvnNm" : "강원도"				,"signguCd" : "42720"				,"signguNm" : "홍천군"				,"adongCd" : "4272039000"				,"adongNm" : "내면"				,"stdrDt" : "2015-12-17"				}				,{				"ctprvnCd" : "42"				,"ctprvnNm" : "강원도"				,"signguCd" : "42720"				,"signguNm" : "홍천군"				,"adongCd" : "4272033000"				,"adongNm" : "내촌면"				,"stdrDt" : "2015-12-17"				}				,{				"ctprvnCd" : "42"				,"ctprvnNm" : "강원도"				,"signguCd" : "42720"				,"signguNm" : "홍천군"				,"adongCd" : "4272035000"				,"adongNm" : "동면"				,"stdrDt" : "2015-12-17"				}				,{				"ctprvnCd" : "42"				,"ctprvnNm" : "강원도"				,"signguCd" : "42720"				,"signguNm" : "홍천군"				,"adongCd" : "4272032000"				,"adongNm" : "두촌면"				,"stdrDt" : "2015-12-17"				}				,{				"ctprvnCd" : "42"				,"ctprvnNm" : "강원도"				,"signguCd" : "42720"				,"signguNm" : "홍천군"				,"adongCd" : "4272038000"				,"adongNm" : "북방면"				,"stdrDt" : "2015-12-17"				}				,{				"ctprvnCd" : "42"				,"ctprvnNm" : "강원도"				,"signguCd" : "42720"				,"signguNm" : "홍천군"				,"adongCd" : "4272037000"				,"adongNm" : "서면"				,"stdrDt" : "2015-12-17"				}				,{				"ctprvnCd" : "42"				,"ctprvnNm" : "강원도"				,"signguCd" : "42720"				,"signguNm" : "홍천군"				,"adongCd" : "4272034000"				,"adongNm" : "서석면"				,"stdrDt" : "2015-12-17"				}				,{				"ctprvnCd" : "42"				,"ctprvnNm" : "강원도"				,"signguCd" : "42720"				,"signguNm" : "홍천군"				,"adongCd" : "4272025000"				,"adongNm" : "홍천읍"				,"stdrDt" : "2015-12-17"				}				,{				"ctprvnCd" : "42"				,"ctprvnNm" : "강원도"				,"signguCd" : "42720"				,"signguNm" : "홍천군"				,"adongCd" : "4272031000"				,"adongNm" : "화촌면"				,"stdrDt" : "2015-12-17"				}			]	}}