{	"header" : {		"description" : "소상공인시장진흥공단 상권정보 행정동 코드"		,"columns" : ["시도코드","시도명","시군구코드","시군구명","행정동코드","행정동명","기준일자"]		,"resultCode" : "00"		,"resultMsg" : "NORMAL SERVICE"	},	"body" : {			"items" : [				{				"ctprvnCd" : "42"				,"ctprvnNm" : "강원도"				,"signguCd" : "42730"				,"signguNm" : "횡성군"				,"adongCd" : "4273034000"				,"adongNm" : "갑천면"				,"stdrDt" : "2015-12-17"				}				,{				"ctprvnCd" : "42"				,"ctprvnNm" : "강원도"				,"signguCd" : "42730"				,"signguNm" : "횡성군"				,"adongCd" : "4273038000"				,"adongNm" : "강림면"				,"stdrDt" : "2015-12-17"				}				,{				"ctprvnCd" : "42"				,"ctprvnNm" : "강원도"				,"signguCd" : "42730"				,"signguNm" : "횡성군"				,"adongCd" : "4273036000"				,"adongNm" : "공근면"				,"stdrDt" : "2015-12-17"				}				,{				"ctprvnCd" : "42"				,"ctprvnNm" : "강원도"				,"signguCd" : "42730"				,"signguNm" : "횡성군"				,"adongCd" : "4273033000"				,"adongNm" : "둔내면"				,"stdrDt" : "2015-12-17"				}				,{				"ctprvnCd" : "42"				,"ctprvnNm" : "강원도"				,"signguCd" : "42730"				,"signguNm" : "횡성군"				,"adongCd" : "4273037000"				,"adongNm" : "서원면"				,"stdrDt" : "2015-12-17"				}				,{				"ctprvnCd" : "42"				,"ctprvnNm" : "강원도"				,"signguCd" : "42730"				,"signguNm" : "횡성군"				,"adongCd" : "4273032000"				,"adongNm" : "안흥면"				,"stdrDt" : "2015-12-17"				}				,{				"ctprvnCd" : "42"				,"ctprvnNm" : "강원도"				,"signguCd" : "42730"				,"signguNm" : "횡성군"				,"adongCd" : "4273031000"				,"adongNm" : "우천면"				,"stdrDt" : "2015-12-17"				}				,{				"ctprvnCd" : "42"				,"ctprvnNm" : "강원도"				,"signguCd" : "42730"				,"signguNm" : "횡성군"				,"adongCd" : "4273035000"				,"adongNm" : "청일면"				,"stdrDt" : "2015-12-17"				}				,{				"ctprvnCd" : "42"				,"ctprvnNm" : "강원도"				,"signguCd" : "42730"				,"signguNm" : "횡성군"				,"adongCd" : "4273025000"				,"adongNm" : "횡성읍"				,"stdrDt" : "2015-12-17"				}			]	}}