{	"header" : {		"description" : "소상공인시장진흥공단 상권정보 행정동 코드"		,"columns" : ["시도코드","시도명","시군구코드","시군구명","행정동코드","행정동명","기준일자"]		,"resultCode" : "00"		,"resultMsg" : "NORMAL SERVICE"	},	"body" : {			"items" : [				{				"ctprvnCd" : "42"				,"ctprvnNm" : "강원도"				,"signguCd" : "42750"				,"signguNm" : "영월군"				,"adongCd" : "4275032500"				,"adongNm" : "김삿갓면"				,"stdrDt" : "2015-12-17"				}				,{				"ctprvnCd" : "42"				,"ctprvnNm" : "강원도"				,"signguCd" : "42750"				,"signguNm" : "영월군"				,"adongCd" : "4275034000"				,"adongNm" : "남면"				,"stdrDt" : "2015-12-17"				}				,{				"ctprvnCd" : "42"				,"ctprvnNm" : "강원도"				,"signguCd" : "42750"				,"signguNm" : "영월군"				,"adongCd" : "4275038000"				,"adongNm" : "무릉도원면"				,"stdrDt" : "2015-12-17"				}				,{				"ctprvnCd" : "42"				,"ctprvnNm" : "강원도"				,"signguCd" : "42750"				,"signguNm" : "영월군"				,"adongCd" : "4275033000"				,"adongNm" : "북면"				,"stdrDt" : "2015-12-17"				}				,{				"ctprvnCd" : "42"				,"ctprvnNm" : "강원도"				,"signguCd" : "42750"				,"signguNm" : "영월군"				,"adongCd" : "4275025300"				,"adongNm" : "상동읍"				,"stdrDt" : "2015-12-17"				}				,{				"ctprvnCd" : "42"				,"ctprvnNm" : "강원도"				,"signguCd" : "42750"				,"signguNm" : "영월군"				,"adongCd" : "4275025000"				,"adongNm" : "영월읍"				,"stdrDt" : "2015-12-17"				}				,{				"ctprvnCd" : "42"				,"ctprvnNm" : "강원도"				,"signguCd" : "42750"				,"signguNm" : "영월군"				,"adongCd" : "4275036000"				,"adongNm" : "주천면"				,"stdrDt" : "2015-12-17"				}				,{				"ctprvnCd" : "42"				,"ctprvnNm" : "강원도"				,"signguCd" : "42750"				,"signguNm" : "영월군"				,"adongCd" : "4275031000"				,"adongNm" : "중동면"				,"stdrDt" : "2015-12-17"				}				,{				"ctprvnCd" : "42"				,"ctprvnNm" : "강원도"				,"signguCd" : "42750"				,"signguNm" : "영월군"				,"adongCd" : "4275035500"				,"adongNm" : "한반도면"				,"stdrDt" : "2015-12-17"				}			]	}}