{	"header" : {		"description" : "소상공인시장진흥공단 상권정보 행정동 코드"		,"columns" : ["시도코드","시도명","시군구코드","시군구명","행정동코드","행정동명","기준일자"]		,"resultCode" : "00"		,"resultMsg" : "NORMAL SERVICE"	},	"body" : {			"items" : [				{				"ctprvnCd" : "42"				,"ctprvnNm" : "강원도"				,"signguCd" : "42760"				,"signguNm" : "평창군"				,"adongCd" : "4276038000"				,"adongNm" : "대관령면"				,"stdrDt" : "2015-12-17"				}				,{				"ctprvnCd" : "42"				,"ctprvnNm" : "강원도"				,"signguCd" : "42760"				,"signguNm" : "평창군"				,"adongCd" : "4276033000"				,"adongNm" : "대화면"				,"stdrDt" : "2015-12-17"				}				,{				"ctprvnCd" : "42"				,"ctprvnNm" : "강원도"				,"signguCd" : "42760"				,"signguNm" : "평창군"				,"adongCd" : "4276031000"				,"adongNm" : "미탄면"				,"stdrDt" : "2015-12-17"				}				,{				"ctprvnCd" : "42"				,"ctprvnNm" : "강원도"				,"signguCd" : "42760"				,"signguNm" : "평창군"				,"adongCd" : "4276032000"				,"adongNm" : "방림면"				,"stdrDt" : "2015-12-17"				}				,{				"ctprvnCd" : "42"				,"ctprvnNm" : "강원도"				,"signguCd" : "42760"				,"signguNm" : "평창군"				,"adongCd" : "4276034000"				,"adongNm" : "봉평면"				,"stdrDt" : "2015-12-17"				}				,{				"ctprvnCd" : "42"				,"ctprvnNm" : "강원도"				,"signguCd" : "42760"				,"signguNm" : "평창군"				,"adongCd" : "4276035000"				,"adongNm" : "용평면"				,"stdrDt" : "2015-12-17"				}				,{				"ctprvnCd" : "42"				,"ctprvnNm" : "강원도"				,"signguCd" : "42760"				,"signguNm" : "평창군"				,"adongCd" : "4276036000"				,"adongNm" : "진부면"				,"stdrDt" : "2015-12-17"				}				,{				"ctprvnCd" : "42"				,"ctprvnNm" : "강원도"				,"signguCd" : "42760"				,"signguNm" : "평창군"				,"adongCd" : "4276025000"				,"adongNm" : "평창읍"				,"stdrDt" : "2015-12-17"				}			]	}}