{	"header" : {		"description" : "소상공인시장진흥공단 상권정보 행정동 코드"		,"columns" : ["시도코드","시도명","시군구코드","시군구명","행정동코드","행정동명","기준일자"]		,"resultCode" : "00"		,"resultMsg" : "NORMAL SERVICE"	},	"body" : {			"items" : [				{				"ctprvnCd" : "42"				,"ctprvnNm" : "강원도"				,"signguCd" : "42770"				,"signguNm" : "정선군"				,"adongCd" : "4277025300"				,"adongNm" : "고한읍"				,"stdrDt" : "2015-12-17"				}				,{				"ctprvnCd" : "42"				,"ctprvnNm" : "강원도"				,"signguCd" : "42770"				,"signguNm" : "정선군"				,"adongCd" : "4277032000"				,"adongNm" : "남면"				,"stdrDt" : "2015-12-17"				}				,{				"ctprvnCd" : "42"				,"ctprvnNm" : "강원도"				,"signguCd" : "42770"				,"signguNm" : "정선군"				,"adongCd" : "4277034000"				,"adongNm" : "북평면"				,"stdrDt" : "2015-12-17"				}				,{				"ctprvnCd" : "42"				,"ctprvnNm" : "강원도"				,"signguCd" : "42770"				,"signguNm" : "정선군"				,"adongCd" : "4277025600"				,"adongNm" : "사북읍"				,"stdrDt" : "2015-12-17"				}				,{				"ctprvnCd" : "42"				,"ctprvnNm" : "강원도"				,"signguCd" : "42770"				,"signguNm" : "정선군"				,"adongCd" : "4277025900"				,"adongNm" : "신동읍"				,"stdrDt" : "2015-12-17"				}				,{				"ctprvnCd" : "42"				,"ctprvnNm" : "강원도"				,"signguCd" : "42770"				,"signguNm" : "정선군"				,"adongCd" : "4277037000"				,"adongNm" : "여량면"				,"stdrDt" : "2015-12-17"				}				,{				"ctprvnCd" : "42"				,"ctprvnNm" : "강원도"				,"signguCd" : "42770"				,"signguNm" : "정선군"				,"adongCd" : "4277035000"				,"adongNm" : "임계면"				,"stdrDt" : "2015-12-17"				}				,{				"ctprvnCd" : "42"				,"ctprvnNm" : "강원도"				,"signguCd" : "42770"				,"signguNm" : "정선군"				,"adongCd" : "4277025000"				,"adongNm" : "정선읍"				,"stdrDt" : "2015-12-17"				}				,{				"ctprvnCd" : "42"				,"ctprvnNm" : "강원도"				,"signguCd" : "42770"				,"signguNm" : "정선군"				,"adongCd" : "4277036000"				,"adongNm" : "화암면"				,"stdrDt" : "2015-12-17"				}			]	}}