{	"header" : {		"description" : "소상공인시장진흥공단 상권정보 행정동 코드"		,"columns" : ["시도코드","시도명","시군구코드","시군구명","행정동코드","행정동명","기준일자"]		,"resultCode" : "00"		,"resultMsg" : "NORMAL SERVICE"	},	"body" : {			"items" : [				{				"ctprvnCd" : "42"				,"ctprvnNm" : "강원도"				,"signguCd" : "42780"				,"signguNm" : "철원군"				,"adongCd" : "4278025600"				,"adongNm" : "갈말읍"				,"stdrDt" : "2015-12-17"				}				,{				"ctprvnCd" : "42"				,"ctprvnNm" : "강원도"				,"signguCd" : "42780"				,"signguNm" : "철원군"				,"adongCd" : "4278032000"				,"adongNm" : "근남면"				,"stdrDt" : "2015-12-17"				}				,{				"ctprvnCd" : "42"				,"ctprvnNm" : "강원도"				,"signguCd" : "42780"				,"signguNm" : "철원군"				,"adongCd" : "4278034000"				,"adongNm" : "근동면"				,"stdrDt" : "2015-12-17"				}				,{				"ctprvnCd" : "42"				,"ctprvnNm" : "강원도"				,"signguCd" : "42780"				,"signguNm" : "철원군"				,"adongCd" : "4278033000"				,"adongNm" : "근북면"				,"stdrDt" : "2015-12-17"				}				,{				"ctprvnCd" : "42"				,"ctprvnNm" : "강원도"				,"signguCd" : "42780"				,"signguNm" : "철원군"				,"adongCd" : "4278025300"				,"adongNm" : "김화읍"				,"stdrDt" : "2015-12-17"				}				,{				"ctprvnCd" : "42"				,"ctprvnNm" : "강원도"				,"signguCd" : "42780"				,"signguNm" : "철원군"				,"adongCd" : "4278025900"				,"adongNm" : "동송읍"				,"stdrDt" : "2015-12-17"				}				,{				"ctprvnCd" : "42"				,"ctprvnNm" : "강원도"				,"signguCd" : "42780"				,"signguNm" : "철원군"				,"adongCd" : "4278031000"				,"adongNm" : "서면"				,"stdrDt" : "2015-12-17"				}				,{				"ctprvnCd" : "42"				,"ctprvnNm" : "강원도"				,"signguCd" : "42780"				,"signguNm" : "철원군"				,"adongCd" : "4278036000"				,"adongNm" : "원남면"				,"stdrDt" : "2015-12-17"				}				,{				"ctprvnCd" : "42"				,"ctprvnNm" : "강원도"				,"signguCd" : "42780"				,"signguNm" : "철원군"				,"adongCd" : "4278035000"				,"adongNm" : "원동면"				,"stdrDt" : "2015-12-17"				}				,{				"ctprvnCd" : "42"				,"ctprvnNm" : "강원도"				,"signguCd" : "42780"				,"signguNm" : "철원군"				,"adongCd" : "4278037000"				,"adongNm" : "임남면"				,"stdrDt" : "2015-12-17"				}				,{				"ctprvnCd" : "42"				,"ctprvnNm" : "강원도"				,"signguCd" : "42780"				,"signguNm" : "철원군"				,"adongCd" : "4278025000"				,"adongNm" : "철원읍"				,"stdrDt" : "2015-12-17"				}			]	}}