{	"header" : {		"description" : "소상공인시장진흥공단 상권정보 행정동 코드"		,"columns" : ["시도코드","시도명","시군구코드","시군구명","행정동코드","행정동명","기준일자"]		,"resultCode" : "00"		,"resultMsg" : "NORMAL SERVICE"	},	"body" : {			"items" : [				{				"ctprvnCd" : "42"				,"ctprvnNm" : "강원도"				,"signguCd" : "42790"				,"signguNm" : "화천군"				,"adongCd" : "4279031000"				,"adongNm" : "간동면"				,"stdrDt" : "2015-12-17"				}				,{				"ctprvnCd" : "42"				,"ctprvnNm" : "강원도"				,"signguCd" : "42790"				,"signguNm" : "화천군"				,"adongCd" : "4279034000"				,"adongNm" : "사내면"				,"stdrDt" : "2015-12-17"				}				,{				"ctprvnCd" : "42"				,"ctprvnNm" : "강원도"				,"signguCd" : "42790"				,"signguNm" : "화천군"				,"adongCd" : "4279033000"				,"adongNm" : "상서면"				,"stdrDt" : "2015-12-17"				}				,{				"ctprvnCd" : "42"				,"ctprvnNm" : "강원도"				,"signguCd" : "42790"				,"signguNm" : "화천군"				,"adongCd" : "4279032000"				,"adongNm" : "하남면"				,"stdrDt" : "2015-12-17"				}				,{				"ctprvnCd" : "42"				,"ctprvnNm" : "강원도"				,"signguCd" : "42790"				,"signguNm" : "화천군"				,"adongCd" : "4279025000"				,"adongNm" : "화천읍"				,"stdrDt" : "2015-12-17"				}			]	}}