{	"header" : {		"description" : "소상공인시장진흥공단 상권정보 행정동 코드"		,"columns" : ["시도코드","시도명","시군구코드","시군구명","행정동코드","행정동명","기준일자"]		,"resultCode" : "00"		,"resultMsg" : "NORMAL SERVICE"	},	"body" : {			"items" : [				{				"ctprvnCd" : "42"				,"ctprvnNm" : "강원도"				,"signguCd" : "42800"				,"signguNm" : "양구군"				,"adongCd" : "4280031000"				,"adongNm" : "남면"				,"stdrDt" : "2015-12-17"				}				,{				"ctprvnCd" : "42"				,"ctprvnNm" : "강원도"				,"signguCd" : "42800"				,"signguNm" : "양구군"				,"adongCd" : "4280032000"				,"adongNm" : "동면"				,"stdrDt" : "2015-12-17"				}				,{				"ctprvnCd" : "42"				,"ctprvnNm" : "강원도"				,"signguCd" : "42800"				,"signguNm" : "양구군"				,"adongCd" : "4280033000"				,"adongNm" : "방산면"				,"stdrDt" : "2015-12-17"				}				,{				"ctprvnCd" : "42"				,"ctprvnNm" : "강원도"				,"signguCd" : "42800"				,"signguNm" : "양구군"				,"adongCd" : "4280025000"				,"adongNm" : "양구읍"				,"stdrDt" : "2015-12-17"				}				,{				"ctprvnCd" : "42"				,"ctprvnNm" : "강원도"				,"signguCd" : "42800"				,"signguNm" : "양구군"				,"adongCd" : "4280034000"				,"adongNm" : "해안면"				,"stdrDt" : "2015-12-17"				}			]	}}