{	"header" : {		"description" : "소상공인시장진흥공단 상권정보 행정동 코드"		,"columns" : ["시도코드","시도명","시군구코드","시군구명","행정동코드","행정동명","기준일자"]		,"resultCode" : "00"		,"resultMsg" : "NORMAL SERVICE"	},	"body" : {			"items" : [				{				"ctprvnCd" : "42"				,"ctprvnNm" : "강원도"				,"signguCd" : "42810"				,"signguNm" : "인제군"				,"adongCd" : "4281033000"				,"adongNm" : "기린면"				,"stdrDt" : "2015-12-17"				}				,{				"ctprvnCd" : "42"				,"ctprvnNm" : "강원도"				,"signguCd" : "42810"				,"signguNm" : "인제군"				,"adongCd" : "4281031000"				,"adongNm" : "남면"				,"stdrDt" : "2015-12-17"				}				,{				"ctprvnCd" : "42"				,"ctprvnNm" : "강원도"				,"signguCd" : "42810"				,"signguNm" : "인제군"				,"adongCd" : "4281032000"				,"adongNm" : "북면"				,"stdrDt" : "2015-12-17"				}				,{				"ctprvnCd" : "42"				,"ctprvnNm" : "강원도"				,"signguCd" : "42810"				,"signguNm" : "인제군"				,"adongCd" : "4281035000"				,"adongNm" : "상남면"				,"stdrDt" : "2015-12-17"				}				,{				"ctprvnCd" : "42"				,"ctprvnNm" : "강원도"				,"signguCd" : "42810"				,"signguNm" : "인제군"				,"adongCd" : "4281034000"				,"adongNm" : "서화면"				,"stdrDt" : "2015-12-17"				}				,{				"ctprvnCd" : "42"				,"ctprvnNm" : "강원도"				,"signguCd" : "42810"				,"signguNm" : "인제군"				,"adongCd" : "4281025000"				,"adongNm" : "인제읍"				,"stdrDt" : "2015-12-17"				}			]	}}