{	"header" : {		"description" : "소상공인시장진흥공단 상권정보 행정동 코드"		,"columns" : ["시도코드","시도명","시군구코드","시군구명","행정동코드","행정동명","기준일자"]		,"resultCode" : "00"		,"resultMsg" : "NORMAL SERVICE"	},	"body" : {			"items" : [				{				"ctprvnCd" : "42"				,"ctprvnNm" : "강원도"				,"signguCd" : "42820"				,"signguNm" : "고성군"				,"adongCd" : "4282025000"				,"adongNm" : "간성읍"				,"stdrDt" : "2015-12-17"				}				,{				"ctprvnCd" : "42"				,"ctprvnNm" : "강원도"				,"signguCd" : "42820"				,"signguNm" : "고성군"				,"adongCd" : "4282025300"				,"adongNm" : "거진읍"				,"stdrDt" : "2015-12-17"				}				,{				"ctprvnCd" : "42"				,"ctprvnNm" : "강원도"				,"signguCd" : "42820"				,"signguNm" : "고성군"				,"adongCd" : "4282034000"				,"adongNm" : "수동면"				,"stdrDt" : "2015-12-17"				}				,{				"ctprvnCd" : "42"				,"ctprvnNm" : "강원도"				,"signguCd" : "42820"				,"signguNm" : "고성군"				,"adongCd" : "4282032000"				,"adongNm" : "죽왕면"				,"stdrDt" : "2015-12-17"				}				,{				"ctprvnCd" : "42"				,"ctprvnNm" : "강원도"				,"signguCd" : "42820"				,"signguNm" : "고성군"				,"adongCd" : "4282033000"				,"adongNm" : "토성면"				,"stdrDt" : "2015-12-17"				}				,{				"ctprvnCd" : "42"				,"ctprvnNm" : "강원도"				,"signguCd" : "42820"				,"signguNm" : "고성군"				,"adongCd" : "4282031000"				,"adongNm" : "현내면"				,"stdrDt" : "2015-12-17"				}			]	}}