{	"header" : {		"description" : "소상공인시장진흥공단 상권정보 행정동 코드"		,"columns" : ["시도코드","시도명","시군구코드","시군구명","행정동코드","행정동명","기준일자"]		,"resultCode" : "00"		,"resultMsg" : "NORMAL SERVICE"	},	"body" : {			"items" : [				{				"ctprvnCd" : "42"				,"ctprvnNm" : "강원도"				,"signguCd" : "42830"				,"signguNm" : "양양군"				,"adongCd" : "4283035000"				,"adongNm" : "강현면"				,"stdrDt" : "2015-12-17"				}				,{				"ctprvnCd" : "42"				,"ctprvnNm" : "강원도"				,"signguCd" : "42830"				,"signguNm" : "양양군"				,"adongCd" : "4283031000"				,"adongNm" : "서면"				,"stdrDt" : "2015-12-17"				}				,{				"ctprvnCd" : "42"				,"ctprvnNm" : "강원도"				,"signguCd" : "42830"				,"signguNm" : "양양군"				,"adongCd" : "4283032000"				,"adongNm" : "손양면"				,"stdrDt" : "2015-12-17"				}				,{				"ctprvnCd" : "42"				,"ctprvnNm" : "강원도"				,"signguCd" : "42830"				,"signguNm" : "양양군"				,"adongCd" : "4283025000"				,"adongNm" : "양양읍"				,"stdrDt" : "2015-12-17"				}				,{				"ctprvnCd" : "42"				,"ctprvnNm" : "강원도"				,"signguCd" : "42830"				,"signguNm" : "양양군"				,"adongCd" : "4283034000"				,"adongNm" : "현남면"				,"stdrDt" : "2015-12-17"				}				,{				"ctprvnCd" : "42"				,"ctprvnNm" : "강원도"				,"signguCd" : "42830"				,"signguNm" : "양양군"				,"adongCd" : "4283033000"				,"adongNm" : "현북면"				,"stdrDt" : "2015-12-17"				}			]	}}