{	"header" : {		"description" : "소상공인시장진흥공단 상권정보 행정동 코드"		,"columns" : ["시도코드","시도명","시군구코드","시군구명","행정동코드","행정동명","기준일자"]		,"resultCode" : "00"		,"resultMsg" : "NORMAL SERVICE"	},	"body" : {			"items" : [				{				"ctprvnCd" : "43"				,"ctprvnNm" : "충청북도"				,"signguCd" : "43111"				,"signguNm" : "청주시 상당구"				,"adongCd" : "4311133000"				,"adongNm" : "가덕면"				,"stdrDt" : "2015-12-17"				}				,{				"ctprvnCd" : "43"				,"ctprvnNm" : "충청북도"				,"signguCd" : "43111"				,"signguNm" : "청주시 상당구"				,"adongCd" : "4311168000"				,"adongNm" : "금천동"				,"stdrDt" : "2015-12-17"				}				,{				"ctprvnCd" : "43"				,"ctprvnNm" : "충청북도"				,"signguCd" : "43111"				,"signguNm" : "청주시 상당구"				,"adongCd" : "4311134000"				,"adongNm" : "남일면"				,"stdrDt" : "2015-12-17"				}				,{				"ctprvnCd" : "43"				,"ctprvnNm" : "충청북도"				,"signguCd" : "43111"				,"signguNm" : "청주시 상당구"				,"adongCd" : "4311131000"				,"adongNm" : "낭성면"				,"stdrDt" : "2015-12-17"				}				,{				"ctprvnCd" : "43"				,"ctprvnNm" : "충청북도"				,"signguCd" : "43111"				,"signguNm" : "청주시 상당구"				,"adongCd" : "4311135000"				,"adongNm" : "문의면"				,"stdrDt" : "2015-12-17"				}				,{				"ctprvnCd" : "43"				,"ctprvnNm" : "충청북도"				,"signguCd" : "43111"				,"signguNm" : "청주시 상당구"				,"adongCd" : "4311132000"				,"adongNm" : "미원면"				,"stdrDt" : "2015-12-17"				}				,{				"ctprvnCd" : "43"				,"ctprvnNm" : "충청북도"				,"signguCd" : "43111"				,"signguNm" : "청주시 상당구"				,"adongCd" : "4311154500"				,"adongNm" : "성안동"				,"stdrDt" : "2015-12-17"				}				,{				"ctprvnCd" : "43"				,"ctprvnNm" : "충청북도"				,"signguCd" : "43111"				,"signguNm" : "청주시 상당구"				,"adongCd" : "4311167000"				,"adongNm" : "영운동"				,"stdrDt" : "2015-12-17"				}				,{				"ctprvnCd" : "43"				,"ctprvnNm" : "충청북도"				,"signguCd" : "43111"				,"signguNm" : "청주시 상당구"				,"adongCd" : "4311169000"				,"adongNm" : "용담.명암.산성동"				,"stdrDt" : "2015-12-17"				}				,{				"ctprvnCd" : "43"				,"ctprvnNm" : "충청북도"				,"signguCd" : "43111"				,"signguNm" : "청주시 상당구"				,"adongCd" : "4311172000"				,"adongNm" : "용암1동"				,"stdrDt" : "2015-12-17"				}				,{				"ctprvnCd" : "43"				,"ctprvnNm" : "충청북도"				,"signguCd" : "43111"				,"signguNm" : "청주시 상당구"				,"adongCd" : "4311173000"				,"adongNm" : "용암2동"				,"stdrDt" : "2015-12-17"				}				,{				"ctprvnCd" : "43"				,"ctprvnNm" : "충청북도"				,"signguCd" : "43111"				,"signguNm" : "청주시 상당구"				,"adongCd" : "4311152500"				,"adongNm" : "중앙동"				,"stdrDt" : "2015-12-17"				}				,{				"ctprvnCd" : "43"				,"ctprvnNm" : "충청북도"				,"signguCd" : "43111"				,"signguNm" : "청주시 상당구"				,"adongCd" : "4311162000"				,"adongNm" : "탑대성동"				,"stdrDt" : "2015-12-17"				}			]	}}