{	"header" : {		"description" : "소상공인시장진흥공단 상권정보 행정동 코드"		,"columns" : ["시도코드","시도명","시군구코드","시군구명","행정동코드","행정동명","기준일자"]		,"resultCode" : "00"		,"resultMsg" : "NORMAL SERVICE"	},	"body" : {			"items" : [				{				"ctprvnCd" : "43"				,"ctprvnNm" : "충청북도"				,"signguCd" : "43112"				,"signguNm" : "청주시 서원구"				,"adongCd" : "4311231000"				,"adongNm" : "남이면"				,"stdrDt" : "2015-12-17"				}				,{				"ctprvnCd" : "43"				,"ctprvnNm" : "충청북도"				,"signguCd" : "43112"				,"signguNm" : "청주시 서원구"				,"adongCd" : "4311254000"				,"adongNm" : "모충동"				,"stdrDt" : "2015-12-17"				}				,{				"ctprvnCd" : "43"				,"ctprvnNm" : "충청북도"				,"signguCd" : "43112"				,"signguNm" : "청주시 서원구"				,"adongCd" : "4311256000"				,"adongNm" : "분평동"				,"stdrDt" : "2015-12-17"				}				,{				"ctprvnCd" : "43"				,"ctprvnNm" : "충청북도"				,"signguCd" : "43112"				,"signguNm" : "청주시 서원구"				,"adongCd" : "4311251000"				,"adongNm" : "사직1동"				,"stdrDt" : "2015-12-17"				}				,{				"ctprvnCd" : "43"				,"ctprvnNm" : "충청북도"				,"signguCd" : "43112"				,"signguNm" : "청주시 서원구"				,"adongCd" : "4311252000"				,"adongNm" : "사직2동"				,"stdrDt" : "2015-12-17"				}				,{				"ctprvnCd" : "43"				,"ctprvnNm" : "충청북도"				,"signguCd" : "43112"				,"signguNm" : "청주시 서원구"				,"adongCd" : "4311253000"				,"adongNm" : "사창동"				,"stdrDt" : "2015-12-17"				}				,{				"ctprvnCd" : "43"				,"ctprvnNm" : "충청북도"				,"signguCd" : "43112"				,"signguNm" : "청주시 서원구"				,"adongCd" : "4311255000"				,"adongNm" : "산남동"				,"stdrDt" : "2015-12-17"				}				,{				"ctprvnCd" : "43"				,"ctprvnNm" : "충청북도"				,"signguCd" : "43112"				,"signguNm" : "청주시 서원구"				,"adongCd" : "4311259000"				,"adongNm" : "성화.개신.죽림동"				,"stdrDt" : "2015-12-17"				}				,{				"ctprvnCd" : "43"				,"ctprvnNm" : "충청북도"				,"signguCd" : "43112"				,"signguNm" : "청주시 서원구"				,"adongCd" : "4311257000"				,"adongNm" : "수곡1동"				,"stdrDt" : "2015-12-17"				}				,{				"ctprvnCd" : "43"				,"ctprvnNm" : "충청북도"				,"signguCd" : "43112"				,"signguNm" : "청주시 서원구"				,"adongCd" : "4311258000"				,"adongNm" : "수곡2동"				,"stdrDt" : "2015-12-17"				}				,{				"ctprvnCd" : "43"				,"ctprvnNm" : "충청북도"				,"signguCd" : "43112"				,"signguNm" : "청주시 서원구"				,"adongCd" : "4311232000"				,"adongNm" : "현도면"				,"stdrDt" : "2015-12-17"				}			]	}}