{	"header" : {		"description" : "소상공인시장진흥공단 상권정보 행정동 코드"		,"columns" : ["시도코드","시도명","시군구코드","시군구명","행정동코드","행정동명","기준일자"]		,"resultCode" : "00"		,"resultMsg" : "NORMAL SERVICE"	},	"body" : {			"items" : [				{				"ctprvnCd" : "43"				,"ctprvnNm" : "충청북도"				,"signguCd" : "43114"				,"signguNm" : "청주시 청원구"				,"adongCd" : "4311452000"				,"adongNm" : "내덕1동"				,"stdrDt" : "2015-12-17"				}				,{				"ctprvnCd" : "43"				,"ctprvnNm" : "충청북도"				,"signguCd" : "43114"				,"signguNm" : "청주시 청원구"				,"adongCd" : "4311453000"				,"adongNm" : "내덕2동"				,"stdrDt" : "2015-12-17"				}				,{				"ctprvnCd" : "43"				,"ctprvnNm" : "충청북도"				,"signguCd" : "43114"				,"signguNm" : "청주시 청원구"				,"adongCd" : "4311425000"				,"adongNm" : "내수읍"				,"stdrDt" : "2015-12-17"				}				,{				"ctprvnCd" : "43"				,"ctprvnNm" : "충청북도"				,"signguCd" : "43114"				,"signguNm" : "청주시 청원구"				,"adongCd" : "4311431000"				,"adongNm" : "북이면"				,"stdrDt" : "2015-12-17"				}				,{				"ctprvnCd" : "43"				,"ctprvnNm" : "충청북도"				,"signguCd" : "43114"				,"signguNm" : "청주시 청원구"				,"adongCd" : "4311455000"				,"adongNm" : "오근장동"				,"stdrDt" : "2015-12-17"				}				,{				"ctprvnCd" : "43"				,"ctprvnNm" : "충청북도"				,"signguCd" : "43114"				,"signguNm" : "청주시 청원구"				,"adongCd" : "4311425300"				,"adongNm" : "오창읍"				,"stdrDt" : "2015-12-17"				}				,{				"ctprvnCd" : "43"				,"ctprvnNm" : "충청북도"				,"signguCd" : "43114"				,"signguNm" : "청주시 청원구"				,"adongCd" : "4311451000"				,"adongNm" : "우암동"				,"stdrDt" : "2015-12-17"				}				,{				"ctprvnCd" : "43"				,"ctprvnNm" : "충청북도"				,"signguCd" : "43114"				,"signguNm" : "청주시 청원구"				,"adongCd" : "4311454000"				,"adongNm" : "율량.사천동"				,"stdrDt" : "2015-12-17"				}			]	}}