{	"header" : {		"description" : "소상공인시장진흥공단 상권정보 행정동 코드"		,"columns" : ["시도코드","시도명","시군구코드","시군구명","행정동코드","행정동명","기준일자"]		,"resultCode" : "00"		,"resultMsg" : "NORMAL SERVICE"	},	"body" : {			"items" : [				{				"ctprvnCd" : "43"				,"ctprvnNm" : "충청북도"				,"signguCd" : "43113"				,"signguNm" : "청주시 흥덕구"				,"adongCd" : "4311374700"				,"adongNm" : "가경동"				,"stdrDt" : "2015-12-17"				}				,{				"ctprvnCd" : "43"				,"ctprvnNm" : "충청북도"				,"signguCd" : "43113"				,"signguNm" : "청주시 흥덕구"				,"adongCd" : "4311331000"				,"adongNm" : "강내면"				,"stdrDt" : "2015-12-17"				}				,{				"ctprvnCd" : "43"				,"ctprvnNm" : "충청북도"				,"signguCd" : "43113"				,"signguNm" : "청주시 흥덕구"				,"adongCd" : "4311376000"				,"adongNm" : "강서1동"				,"stdrDt" : "2015-12-17"				}				,{				"ctprvnCd" : "43"				,"ctprvnNm" : "충청북도"				,"signguCd" : "43113"				,"signguNm" : "청주시 흥덕구"				,"adongCd" : "4311377000"				,"adongNm" : "강서2동"				,"stdrDt" : "2015-12-17"				}				,{				"ctprvnCd" : "43"				,"ctprvnNm" : "충청북도"				,"signguCd" : "43113"				,"signguNm" : "청주시 흥덕구"				,"adongCd" : "4311374100"				,"adongNm" : "복대1동"				,"stdrDt" : "2015-12-17"				}				,{				"ctprvnCd" : "43"				,"ctprvnNm" : "충청북도"				,"signguCd" : "43113"				,"signguNm" : "청주시 흥덕구"				,"adongCd" : "4311374200"				,"adongNm" : "복대2동"				,"stdrDt" : "2015-12-17"				}				,{				"ctprvnCd" : "43"				,"ctprvnNm" : "충청북도"				,"signguCd" : "43113"				,"signguNm" : "청주시 흥덕구"				,"adongCd" : "4311375100"				,"adongNm" : "봉명1동"				,"stdrDt" : "2015-12-17"				}				,{				"ctprvnCd" : "43"				,"ctprvnNm" : "충청북도"				,"signguCd" : "43113"				,"signguNm" : "청주시 흥덕구"				,"adongCd" : "4311375600"				,"adongNm" : "봉명2.송정동"				,"stdrDt" : "2015-12-17"				}				,{				"ctprvnCd" : "43"				,"ctprvnNm" : "충청북도"				,"signguCd" : "43113"				,"signguNm" : "청주시 흥덕구"				,"adongCd" : "4311325000"				,"adongNm" : "오송읍"				,"stdrDt" : "2015-12-17"				}				,{				"ctprvnCd" : "43"				,"ctprvnNm" : "충청북도"				,"signguCd" : "43113"				,"signguNm" : "청주시 흥덕구"				,"adongCd" : "4311332000"				,"adongNm" : "옥산면"				,"stdrDt" : "2015-12-17"				}				,{				"ctprvnCd" : "43"				,"ctprvnNm" : "충청북도"				,"signguCd" : "43113"				,"signguNm" : "청주시 흥덕구"				,"adongCd" : "4311370000"				,"adongNm" : "운천.신봉동"				,"stdrDt" : "2015-12-17"				}			]	}}