{	"header" : {		"description" : "소상공인시장진흥공단 상권정보 행정동 코드"		,"columns" : ["시도코드","시도명","시군구코드","시군구명","행정동코드","행정동명","기준일자"]		,"resultCode" : "00"		,"resultMsg" : "NORMAL SERVICE"	},	"body" : {			"items" : [				{				"ctprvnCd" : "43"				,"ctprvnNm" : "충청북도"				,"signguCd" : "43130"				,"signguNm" : "충주시"				,"adongCd" : "4313053500"				,"adongNm" : "교현.안림동"				,"stdrDt" : "2015-12-17"				}				,{				"ctprvnCd" : "43"				,"ctprvnNm" : "충청북도"				,"signguCd" : "43130"				,"signguNm" : "충주시"				,"adongCd" : "4313054000"				,"adongNm" : "교현2동"				,"stdrDt" : "2015-12-17"				}				,{				"ctprvnCd" : "43"				,"ctprvnNm" : "충청북도"				,"signguCd" : "43130"				,"signguNm" : "충주시"				,"adongCd" : "4313039000"				,"adongNm" : "금가면"				,"stdrDt" : "2015-12-17"				}				,{				"ctprvnCd" : "43"				,"ctprvnNm" : "충청북도"				,"signguCd" : "43130"				,"signguNm" : "충주시"				,"adongCd" : "4313036000"				,"adongNm" : "노은면"				,"stdrDt" : "2015-12-17"				}				,{				"ctprvnCd" : "43"				,"ctprvnNm" : "충청북도"				,"signguCd" : "43130"				,"signguNm" : "충주시"				,"adongCd" : "4313060500"				,"adongNm" : "달천동"				,"stdrDt" : "2015-12-17"				}				,{				"ctprvnCd" : "43"				,"ctprvnNm" : "충청북도"				,"signguCd" : "43130"				,"signguNm" : "충주시"				,"adongCd" : "4313033500"				,"adongNm" : "대소원면"				,"stdrDt" : "2015-12-17"				}				,{				"ctprvnCd" : "43"				,"ctprvnNm" : "충청북도"				,"signguCd" : "43130"				,"signguNm" : "충주시"				,"adongCd" : "4313040000"				,"adongNm" : "동량면"				,"stdrDt" : "2015-12-17"				}				,{				"ctprvnCd" : "43"				,"ctprvnNm" : "충청북도"				,"signguCd" : "43130"				,"signguNm" : "충주시"				,"adongCd" : "4313064000"				,"adongNm" : "목행.용탄동"				,"stdrDt" : "2015-12-17"				}				,{				"ctprvnCd" : "43"				,"ctprvnNm" : "충청북도"				,"signguCd" : "43130"				,"signguNm" : "충주시"				,"adongCd" : "4313057100"				,"adongNm" : "문화동"				,"stdrDt" : "2015-12-17"				}				,{				"ctprvnCd" : "43"				,"ctprvnNm" : "충청북도"				,"signguCd" : "43130"				,"signguNm" : "충주시"				,"adongCd" : "4313061000"				,"adongNm" : "봉방동"				,"stdrDt" : "2015-12-17"				}				,{				"ctprvnCd" : "43"				,"ctprvnNm" : "충청북도"				,"signguCd" : "43130"				,"signguNm" : "충주시"				,"adongCd" : "4313041000"				,"adongNm" : "산척면"				,"stdrDt" : "2015-12-17"				}				,{				"ctprvnCd" : "43"				,"ctprvnNm" : "충청북도"				,"signguCd" : "43130"				,"signguNm" : "충주시"				,"adongCd" : "4313031000"				,"adongNm" : "살미면"				,"stdrDt" : "2015-12-17"				}				,{				"ctprvnCd" : "43"				,"ctprvnNm" : "충청북도"				,"signguCd" : "43130"				,"signguNm" : "충주시"				,"adongCd" : "4313051500"				,"adongNm" : "성내.충인동"				,"stdrDt" : "2015-12-17"				}				,{				"ctprvnCd" : "43"				,"ctprvnNm" : "충청북도"				,"signguCd" : "43130"				,"signguNm" : "충주시"				,"adongCd" : "4313043000"				,"adongNm" : "소태면"				,"stdrDt" : "2015-12-17"				}				,{				"ctprvnCd" : "43"				,"ctprvnNm" : "충청북도"				,"signguCd" : "43130"				,"signguNm" : "충주시"				,"adongCd" : "4313032500"				,"adongNm" : "수안보면"				,"stdrDt" : "2015-12-17"				}				,{				"ctprvnCd" : "43"				,"ctprvnNm" : "충청북도"				,"signguCd" : "43130"				,"signguNm" : "충주시"				,"adongCd" : "4313035000"				,"adongNm" : "신니면"				,"stdrDt" : "2015-12-17"				}				,{				"ctprvnCd" : "43"				,"ctprvnNm" : "충청북도"				,"signguCd" : "43130"				,"signguNm" : "충주시"				,"adongCd" : "4313037000"				,"adongNm" : "앙성면"				,"stdrDt" : "2015-12-17"				}				,{				"ctprvnCd" : "43"				,"ctprvnNm" : "충청북도"				,"signguCd" : "43130"				,"signguNm" : "충주시"				,"adongCd" : "4313042000"				,"adongNm" : "엄정면"				,"stdrDt" : "2015-12-17"				}				,{				"ctprvnCd" : "43"				,"ctprvnNm" : "충청북도"				,"signguCd" : "43130"				,"signguNm" : "충주시"				,"adongCd" : "4313063000"				,"adongNm" : "연수동"				,"stdrDt" : "2015-12-17"				}				,{				"ctprvnCd" : "43"				,"ctprvnNm" : "충청북도"				,"signguCd" : "43130"				,"signguNm" : "충주시"				,"adongCd" : "4313055000"				,"adongNm" : "용산동"				,"stdrDt" : "2015-12-17"				}				,{				"ctprvnCd" : "43"				,"ctprvnNm" : "충청북도"				,"signguCd" : "43130"				,"signguNm" : "충주시"				,"adongCd" : "4313025000"				,"adongNm" : "주덕읍"				,"stdrDt" : "2015-12-17"				}				,{				"ctprvnCd" : "43"				,"ctprvnNm" : "충청북도"				,"signguCd" : "43130"				,"signguNm" : "충주시"				,"adongCd" : "4313038500"				,"adongNm" : "중앙탑면"				,"stdrDt" : "2015-12-17"				}				,{				"ctprvnCd" : "43"				,"ctprvnNm" : "충청북도"				,"signguCd" : "43130"				,"signguNm" : "충주시"				,"adongCd" : "4313056000"				,"adongNm" : "지현동"				,"stdrDt" : "2015-12-17"				}				,{				"ctprvnCd" : "43"				,"ctprvnNm" : "충청북도"				,"signguCd" : "43130"				,"signguNm" : "충주시"				,"adongCd" : "4313062500"				,"adongNm" : "칠금.금릉동"				,"stdrDt" : "2015-12-17"				}				,{				"ctprvnCd" : "43"				,"ctprvnNm" : "충청북도"				,"signguCd" : "43130"				,"signguNm" : "충주시"				,"adongCd" : "4313058000"				,"adongNm" : "호암.직동"				,"stdrDt" : "2015-12-17"				}			]	}}