{	"header" : {		"description" : "소상공인시장진흥공단 상권정보 행정동 코드"		,"columns" : ["시도코드","시도명","시군구코드","시군구명","행정동코드","행정동명","기준일자"]		,"resultCode" : "00"		,"resultMsg" : "NORMAL SERVICE"	},	"body" : {			"items" : [				{				"ctprvnCd" : "43"				,"ctprvnNm" : "충청북도"				,"signguCd" : "43150"				,"signguNm" : "제천시"				,"adongCd" : "4315051000"				,"adongNm" : "교동"				,"stdrDt" : "2015-12-17"				}				,{				"ctprvnCd" : "43"				,"ctprvnNm" : "충청북도"				,"signguCd" : "43150"				,"signguNm" : "제천시"				,"adongCd" : "4315031000"				,"adongNm" : "금성면"				,"stdrDt" : "2015-12-17"				}				,{				"ctprvnCd" : "43"				,"ctprvnNm" : "충청북도"				,"signguCd" : "43150"				,"signguNm" : "제천시"				,"adongCd" : "4315053700"				,"adongNm" : "남현동"				,"stdrDt" : "2015-12-17"				}				,{				"ctprvnCd" : "43"				,"ctprvnNm" : "충청북도"				,"signguCd" : "43150"				,"signguNm" : "제천시"				,"adongCd" : "4315034000"				,"adongNm" : "덕산면"				,"stdrDt" : "2015-12-17"				}				,{				"ctprvnCd" : "43"				,"ctprvnNm" : "충청북도"				,"signguCd" : "43150"				,"signguNm" : "제천시"				,"adongCd" : "4315036000"				,"adongNm" : "백운면"				,"stdrDt" : "2015-12-17"				}				,{				"ctprvnCd" : "43"				,"ctprvnNm" : "충청북도"				,"signguCd" : "43150"				,"signguNm" : "제천시"				,"adongCd" : "4315025000"				,"adongNm" : "봉양읍"				,"stdrDt" : "2015-12-17"				}				,{				"ctprvnCd" : "43"				,"ctprvnNm" : "충청북도"				,"signguCd" : "43150"				,"signguNm" : "제천시"				,"adongCd" : "4315038000"				,"adongNm" : "송학면"				,"stdrDt" : "2015-12-17"				}				,{				"ctprvnCd" : "43"				,"ctprvnNm" : "충청북도"				,"signguCd" : "43150"				,"signguNm" : "제천시"				,"adongCd" : "4315033000"				,"adongNm" : "수산면"				,"stdrDt" : "2015-12-17"				}				,{				"ctprvnCd" : "43"				,"ctprvnNm" : "충청북도"				,"signguCd" : "43150"				,"signguNm" : "제천시"				,"adongCd" : "4315057700"				,"adongNm" : "신백동"				,"stdrDt" : "2015-12-17"				}				,{				"ctprvnCd" : "43"				,"ctprvnNm" : "충청북도"				,"signguCd" : "43150"				,"signguNm" : "제천시"				,"adongCd" : "4315054700"				,"adongNm" : "영서동"				,"stdrDt" : "2015-12-17"				}				,{				"ctprvnCd" : "43"				,"ctprvnNm" : "충청북도"				,"signguCd" : "43150"				,"signguNm" : "제천시"				,"adongCd" : "4315056000"				,"adongNm" : "용두동"				,"stdrDt" : "2015-12-17"				}				,{				"ctprvnCd" : "43"				,"ctprvnNm" : "충청북도"				,"signguCd" : "43150"				,"signguNm" : "제천시"				,"adongCd" : "4315051800"				,"adongNm" : "의림지동"				,"stdrDt" : "2015-12-17"				}				,{				"ctprvnCd" : "43"				,"ctprvnNm" : "충청북도"				,"signguCd" : "43150"				,"signguNm" : "제천시"				,"adongCd" : "4315052800"				,"adongNm" : "중앙동"				,"stdrDt" : "2015-12-17"				}				,{				"ctprvnCd" : "43"				,"ctprvnNm" : "충청북도"				,"signguCd" : "43150"				,"signguNm" : "제천시"				,"adongCd" : "4315059000"				,"adongNm" : "청전동"				,"stdrDt" : "2015-12-17"				}				,{				"ctprvnCd" : "43"				,"ctprvnNm" : "충청북도"				,"signguCd" : "43150"				,"signguNm" : "제천시"				,"adongCd" : "4315032000"				,"adongNm" : "청풍면"				,"stdrDt" : "2015-12-17"				}				,{				"ctprvnCd" : "43"				,"ctprvnNm" : "충청북도"				,"signguCd" : "43150"				,"signguNm" : "제천시"				,"adongCd" : "4315035000"				,"adongNm" : "한수면"				,"stdrDt" : "2015-12-17"				}				,{				"ctprvnCd" : "43"				,"ctprvnNm" : "충청북도"				,"signguCd" : "43150"				,"signguNm" : "제천시"				,"adongCd" : "4315060500"				,"adongNm" : "화산동"				,"stdrDt" : "2015-12-17"				}			]	}}