{	"header" : {		"description" : "소상공인시장진흥공단 상권정보 행정동 코드"		,"columns" : ["시도코드","시도명","시군구코드","시군구명","행정동코드","행정동명","기준일자"]		,"resultCode" : "00"		,"resultMsg" : "NORMAL SERVICE"	},	"body" : {			"items" : [				{				"ctprvnCd" : "43"				,"ctprvnNm" : "충청북도"				,"signguCd" : "43720"				,"signguNm" : "보은군"				,"adongCd" : "4372039000"				,"adongNm" : "내북면"				,"stdrDt" : "2015-12-17"				}				,{				"ctprvnCd" : "43"				,"ctprvnNm" : "충청북도"				,"signguCd" : "43720"				,"signguNm" : "보은군"				,"adongCd" : "4372033000"				,"adongNm" : "마로면"				,"stdrDt" : "2015-12-17"				}				,{				"ctprvnCd" : "43"				,"ctprvnNm" : "충청북도"				,"signguCd" : "43720"				,"signguNm" : "보은군"				,"adongCd" : "4372025000"				,"adongNm" : "보은읍"				,"stdrDt" : "2015-12-17"				}				,{				"ctprvnCd" : "43"				,"ctprvnNm" : "충청북도"				,"signguCd" : "43720"				,"signguNm" : "보은군"				,"adongCd" : "4372040000"				,"adongNm" : "산외면"				,"stdrDt" : "2015-12-17"				}				,{				"ctprvnCd" : "43"				,"ctprvnNm" : "충청북도"				,"signguCd" : "43720"				,"signguNm" : "보은군"				,"adongCd" : "4372035000"				,"adongNm" : "삼승면"				,"stdrDt" : "2015-12-17"				}				,{				"ctprvnCd" : "43"				,"ctprvnNm" : "충청북도"				,"signguCd" : "43720"				,"signguNm" : "보은군"				,"adongCd" : "4372031500"				,"adongNm" : "속리산면"				,"stdrDt" : "2015-12-17"				}				,{				"ctprvnCd" : "43"				,"ctprvnNm" : "충청북도"				,"signguCd" : "43720"				,"signguNm" : "보은군"				,"adongCd" : "4372036000"				,"adongNm" : "수한면"				,"stdrDt" : "2015-12-17"				}				,{				"ctprvnCd" : "43"				,"ctprvnNm" : "충청북도"				,"signguCd" : "43720"				,"signguNm" : "보은군"				,"adongCd" : "4372032500"				,"adongNm" : "장안면"				,"stdrDt" : "2015-12-17"				}				,{				"ctprvnCd" : "43"				,"ctprvnNm" : "충청북도"				,"signguCd" : "43720"				,"signguNm" : "보은군"				,"adongCd" : "4372034000"				,"adongNm" : "탄부면"				,"stdrDt" : "2015-12-17"				}				,{				"ctprvnCd" : "43"				,"ctprvnNm" : "충청북도"				,"signguCd" : "43720"				,"signguNm" : "보은군"				,"adongCd" : "4372037000"				,"adongNm" : "회남면"				,"stdrDt" : "2015-12-17"				}				,{				"ctprvnCd" : "43"				,"ctprvnNm" : "충청북도"				,"signguCd" : "43720"				,"signguNm" : "보은군"				,"adongCd" : "4372038500"				,"adongNm" : "회인면"				,"stdrDt" : "2015-12-17"				}			]	}}