{	"header" : {		"description" : "소상공인시장진흥공단 상권정보 행정동 코드"		,"columns" : ["시도코드","시도명","시군구코드","시군구명","행정동코드","행정동명","기준일자"]		,"resultCode" : "00"		,"resultMsg" : "NORMAL SERVICE"	},	"body" : {			"items" : [				{				"ctprvnCd" : "43"				,"ctprvnNm" : "충청북도"				,"signguCd" : "43730"				,"signguNm" : "옥천군"				,"adongCd" : "4373038000"				,"adongNm" : "군북면"				,"stdrDt" : "2015-12-17"				}				,{				"ctprvnCd" : "43"				,"ctprvnNm" : "충청북도"				,"signguCd" : "43730"				,"signguNm" : "옥천군"				,"adongCd" : "4373037000"				,"adongNm" : "군서면"				,"stdrDt" : "2015-12-17"				}				,{				"ctprvnCd" : "43"				,"ctprvnNm" : "충청북도"				,"signguCd" : "43730"				,"signguNm" : "옥천군"				,"adongCd" : "4373031000"				,"adongNm" : "동이면"				,"stdrDt" : "2015-12-17"				}				,{				"ctprvnCd" : "43"				,"ctprvnNm" : "충청북도"				,"signguCd" : "43730"				,"signguNm" : "옥천군"				,"adongCd" : "4373032000"				,"adongNm" : "안남면"				,"stdrDt" : "2015-12-17"				}				,{				"ctprvnCd" : "43"				,"ctprvnNm" : "충청북도"				,"signguCd" : "43730"				,"signguNm" : "옥천군"				,"adongCd" : "4373033000"				,"adongNm" : "안내면"				,"stdrDt" : "2015-12-17"				}				,{				"ctprvnCd" : "43"				,"ctprvnNm" : "충청북도"				,"signguCd" : "43730"				,"signguNm" : "옥천군"				,"adongCd" : "4373025000"				,"adongNm" : "옥천읍"				,"stdrDt" : "2015-12-17"				}				,{				"ctprvnCd" : "43"				,"ctprvnNm" : "충청북도"				,"signguCd" : "43730"				,"signguNm" : "옥천군"				,"adongCd" : "4373036000"				,"adongNm" : "이원면"				,"stdrDt" : "2015-12-17"				}				,{				"ctprvnCd" : "43"				,"ctprvnNm" : "충청북도"				,"signguCd" : "43730"				,"signguNm" : "옥천군"				,"adongCd" : "4373035000"				,"adongNm" : "청산면"				,"stdrDt" : "2015-12-17"				}				,{				"ctprvnCd" : "43"				,"ctprvnNm" : "충청북도"				,"signguCd" : "43730"				,"signguNm" : "옥천군"				,"adongCd" : "4373034000"				,"adongNm" : "청성면"				,"stdrDt" : "2015-12-17"				}			]	}}