{	"header" : {		"description" : "소상공인시장진흥공단 상권정보 행정동 코드"		,"columns" : ["시도코드","시도명","시군구코드","시군구명","행정동코드","행정동명","기준일자"]		,"resultCode" : "00"		,"resultMsg" : "NORMAL SERVICE"	},	"body" : {			"items" : [				{				"ctprvnCd" : "43"				,"ctprvnNm" : "충청북도"				,"signguCd" : "43740"				,"signguNm" : "영동군"				,"adongCd" : "4374034000"				,"adongNm" : "매곡면"				,"stdrDt" : "2015-12-17"				}				,{				"ctprvnCd" : "43"				,"ctprvnNm" : "충청북도"				,"signguCd" : "43740"				,"signguNm" : "영동군"				,"adongCd" : "4374035000"				,"adongNm" : "상촌면"				,"stdrDt" : "2015-12-17"				}				,{				"ctprvnCd" : "43"				,"ctprvnNm" : "충청북도"				,"signguCd" : "43740"				,"signguNm" : "영동군"				,"adongCd" : "4374040000"				,"adongNm" : "심천면"				,"stdrDt" : "2015-12-17"				}				,{				"ctprvnCd" : "43"				,"ctprvnNm" : "충청북도"				,"signguCd" : "43740"				,"signguNm" : "영동군"				,"adongCd" : "4374036000"				,"adongNm" : "양강면"				,"stdrDt" : "2015-12-17"				}				,{				"ctprvnCd" : "43"				,"ctprvnNm" : "충청북도"				,"signguCd" : "43740"				,"signguNm" : "영동군"				,"adongCd" : "4374039000"				,"adongNm" : "양산면"				,"stdrDt" : "2015-12-17"				}				,{				"ctprvnCd" : "43"				,"ctprvnNm" : "충청북도"				,"signguCd" : "43740"				,"signguNm" : "영동군"				,"adongCd" : "4374025000"				,"adongNm" : "영동읍"				,"stdrDt" : "2015-12-17"				}				,{				"ctprvnCd" : "43"				,"ctprvnNm" : "충청북도"				,"signguCd" : "43740"				,"signguNm" : "영동군"				,"adongCd" : "4374031000"				,"adongNm" : "용산면"				,"stdrDt" : "2015-12-17"				}				,{				"ctprvnCd" : "43"				,"ctprvnNm" : "충청북도"				,"signguCd" : "43740"				,"signguNm" : "영동군"				,"adongCd" : "4374037000"				,"adongNm" : "용화면"				,"stdrDt" : "2015-12-17"				}				,{				"ctprvnCd" : "43"				,"ctprvnNm" : "충청북도"				,"signguCd" : "43740"				,"signguNm" : "영동군"				,"adongCd" : "4374033500"				,"adongNm" : "추풍령면"				,"stdrDt" : "2015-12-17"				}				,{				"ctprvnCd" : "43"				,"ctprvnNm" : "충청북도"				,"signguCd" : "43740"				,"signguNm" : "영동군"				,"adongCd" : "4374038000"				,"adongNm" : "학산면"				,"stdrDt" : "2015-12-17"				}				,{				"ctprvnCd" : "43"				,"ctprvnNm" : "충청북도"				,"signguCd" : "43740"				,"signguNm" : "영동군"				,"adongCd" : "4374032000"				,"adongNm" : "황간면"				,"stdrDt" : "2015-12-17"				}			]	}}