{	"header" : {		"description" : "소상공인시장진흥공단 상권정보 행정동 코드"		,"columns" : ["시도코드","시도명","시군구코드","시군구명","행정동코드","행정동명","기준일자"]		,"resultCode" : "00"		,"resultMsg" : "NORMAL SERVICE"	},	"body" : {			"items" : [				{				"ctprvnCd" : "43"				,"ctprvnNm" : "충청북도"				,"signguCd" : "43750"				,"signguNm" : "진천군"				,"adongCd" : "4375037000"				,"adongNm" : "광혜원면"				,"stdrDt" : "2015-12-17"				}				,{				"ctprvnCd" : "43"				,"ctprvnNm" : "충청북도"				,"signguCd" : "43750"				,"signguNm" : "진천군"				,"adongCd" : "4375025300"				,"adongNm" : "덕산읍"				,"stdrDt" : "2015-12-17"				}				,{				"ctprvnCd" : "43"				,"ctprvnNm" : "충청북도"				,"signguCd" : "43750"				,"signguNm" : "진천군"				,"adongCd" : "4375033000"				,"adongNm" : "문백면"				,"stdrDt" : "2015-12-17"				}				,{				"ctprvnCd" : "43"				,"ctprvnNm" : "충청북도"				,"signguCd" : "43750"				,"signguNm" : "진천군"				,"adongCd" : "4375034000"				,"adongNm" : "백곡면"				,"stdrDt" : "2015-12-17"				}				,{				"ctprvnCd" : "43"				,"ctprvnNm" : "충청북도"				,"signguCd" : "43750"				,"signguNm" : "진천군"				,"adongCd" : "4375035000"				,"adongNm" : "이월면"				,"stdrDt" : "2015-12-17"				}				,{				"ctprvnCd" : "43"				,"ctprvnNm" : "충청북도"				,"signguCd" : "43750"				,"signguNm" : "진천군"				,"adongCd" : "4375025000"				,"adongNm" : "진천읍"				,"stdrDt" : "2015-12-17"				}				,{				"ctprvnCd" : "43"				,"ctprvnNm" : "충청북도"				,"signguCd" : "43750"				,"signguNm" : "진천군"				,"adongCd" : "4375032000"				,"adongNm" : "초평면"				,"stdrDt" : "2015-12-17"				}			]	}}