{	"header" : {		"description" : "소상공인시장진흥공단 상권정보 행정동 코드"		,"columns" : ["시도코드","시도명","시군구코드","시군구명","행정동코드","행정동명","기준일자"]		,"resultCode" : "00"		,"resultMsg" : "NORMAL SERVICE"	},	"body" : {			"items" : [				{				"ctprvnCd" : "43"				,"ctprvnNm" : "충청북도"				,"signguCd" : "43760"				,"signguNm" : "괴산군"				,"adongCd" : "4376031000"				,"adongNm" : "감물면"				,"stdrDt" : "2015-12-17"				}				,{				"ctprvnCd" : "43"				,"ctprvnNm" : "충청북도"				,"signguCd" : "43760"				,"signguNm" : "괴산군"				,"adongCd" : "4376025000"				,"adongNm" : "괴산읍"				,"stdrDt" : "2015-12-17"				}				,{				"ctprvnCd" : "43"				,"ctprvnNm" : "충청북도"				,"signguCd" : "43760"				,"signguNm" : "괴산군"				,"adongCd" : "4376035000"				,"adongNm" : "문광면"				,"stdrDt" : "2015-12-17"				}				,{				"ctprvnCd" : "43"				,"ctprvnNm" : "충청북도"				,"signguCd" : "43760"				,"signguNm" : "괴산군"				,"adongCd" : "4376041000"				,"adongNm" : "불정면"				,"stdrDt" : "2015-12-17"				}				,{				"ctprvnCd" : "43"				,"ctprvnNm" : "충청북도"				,"signguCd" : "43760"				,"signguNm" : "괴산군"				,"adongCd" : "4376039000"				,"adongNm" : "사리면"				,"stdrDt" : "2015-12-17"				}				,{				"ctprvnCd" : "43"				,"ctprvnNm" : "충청북도"				,"signguCd" : "43760"				,"signguNm" : "괴산군"				,"adongCd" : "4376040000"				,"adongNm" : "소수면"				,"stdrDt" : "2015-12-17"				}				,{				"ctprvnCd" : "43"				,"ctprvnNm" : "충청북도"				,"signguCd" : "43760"				,"signguNm" : "괴산군"				,"adongCd" : "4376033000"				,"adongNm" : "연풍면"				,"stdrDt" : "2015-12-17"				}				,{				"ctprvnCd" : "43"				,"ctprvnNm" : "충청북도"				,"signguCd" : "43760"				,"signguNm" : "괴산군"				,"adongCd" : "4376032000"				,"adongNm" : "장연면"				,"stdrDt" : "2015-12-17"				}				,{				"ctprvnCd" : "43"				,"ctprvnNm" : "충청북도"				,"signguCd" : "43760"				,"signguNm" : "괴산군"				,"adongCd" : "4376037000"				,"adongNm" : "청안면"				,"stdrDt" : "2015-12-17"				}				,{				"ctprvnCd" : "43"				,"ctprvnNm" : "충청북도"				,"signguCd" : "43760"				,"signguNm" : "괴산군"				,"adongCd" : "4376036000"				,"adongNm" : "청천면"				,"stdrDt" : "2015-12-17"				}				,{				"ctprvnCd" : "43"				,"ctprvnNm" : "충청북도"				,"signguCd" : "43760"				,"signguNm" : "괴산군"				,"adongCd" : "4376034000"				,"adongNm" : "칠성면"				,"stdrDt" : "2015-12-17"				}			]	}}