{	"header" : {		"description" : "소상공인시장진흥공단 상권정보 행정동 코드"		,"columns" : ["시도코드","시도명","시군구코드","시군구명","행정동코드","행정동명","기준일자"]		,"resultCode" : "00"		,"resultMsg" : "NORMAL SERVICE"	},	"body" : {			"items" : [				{				"ctprvnCd" : "43"				,"ctprvnNm" : "충청북도"				,"signguCd" : "43770"				,"signguNm" : "음성군"				,"adongCd" : "4377037000"				,"adongNm" : "감곡면"				,"stdrDt" : "2015-12-17"				}				,{				"ctprvnCd" : "43"				,"ctprvnNm" : "충청북도"				,"signguCd" : "43770"				,"signguNm" : "음성군"				,"adongCd" : "4377025300"				,"adongNm" : "금왕읍"				,"stdrDt" : "2015-12-17"				}				,{				"ctprvnCd" : "43"				,"ctprvnNm" : "충청북도"				,"signguCd" : "43770"				,"signguNm" : "음성군"				,"adongCd" : "4377034000"				,"adongNm" : "대소면"				,"stdrDt" : "2015-12-17"				}				,{				"ctprvnCd" : "43"				,"ctprvnNm" : "충청북도"				,"signguCd" : "43770"				,"signguNm" : "음성군"				,"adongCd" : "4377033000"				,"adongNm" : "맹동면"				,"stdrDt" : "2015-12-17"				}				,{				"ctprvnCd" : "43"				,"ctprvnNm" : "충청북도"				,"signguCd" : "43770"				,"signguNm" : "음성군"				,"adongCd" : "4377035000"				,"adongNm" : "삼성면"				,"stdrDt" : "2015-12-17"				}				,{				"ctprvnCd" : "43"				,"ctprvnNm" : "충청북도"				,"signguCd" : "43770"				,"signguNm" : "음성군"				,"adongCd" : "4377036000"				,"adongNm" : "생극면"				,"stdrDt" : "2015-12-17"				}				,{				"ctprvnCd" : "43"				,"ctprvnNm" : "충청북도"				,"signguCd" : "43770"				,"signguNm" : "음성군"				,"adongCd" : "4377031000"				,"adongNm" : "소이면"				,"stdrDt" : "2015-12-17"				}				,{				"ctprvnCd" : "43"				,"ctprvnNm" : "충청북도"				,"signguCd" : "43770"				,"signguNm" : "음성군"				,"adongCd" : "4377032000"				,"adongNm" : "원남면"				,"stdrDt" : "2015-12-17"				}				,{				"ctprvnCd" : "43"				,"ctprvnNm" : "충청북도"				,"signguCd" : "43770"				,"signguNm" : "음성군"				,"adongCd" : "4377025000"				,"adongNm" : "음성읍"				,"stdrDt" : "2015-12-17"				}			]	}}