{	"header" : {		"description" : "소상공인시장진흥공단 상권정보 행정동 코드"		,"columns" : ["시도코드","시도명","시군구코드","시군구명","행정동코드","행정동명","기준일자"]		,"resultCode" : "00"		,"resultMsg" : "NORMAL SERVICE"	},	"body" : {			"items" : [				{				"ctprvnCd" : "43"				,"ctprvnNm" : "충청북도"				,"signguCd" : "43785"				,"signguNm" : "증평군"				,"adongCd" : "4378531000"				,"adongNm" : "도안면"				,"stdrDt" : "2015-12-17"				}				,{				"ctprvnCd" : "43"				,"ctprvnNm" : "충청북도"				,"signguCd" : "43785"				,"signguNm" : "증평군"				,"adongCd" : "4378525000"				,"adongNm" : "증평읍"				,"stdrDt" : "2015-12-17"				}			]	}}