{	"header" : {		"description" : "소상공인시장진흥공단 상권정보 행정동 코드"		,"columns" : ["시도코드","시도명","시군구코드","시군구명","행정동코드","행정동명","기준일자"]		,"resultCode" : "00"		,"resultMsg" : "NORMAL SERVICE"	},	"body" : {			"items" : [				{				"ctprvnCd" : "43"				,"ctprvnNm" : "충청북도"				,"signguCd" : "43800"				,"signguNm" : "단양군"				,"adongCd" : "4380032000"				,"adongNm" : "가곡면"				,"stdrDt" : "2015-12-17"				}				,{				"ctprvnCd" : "43"				,"ctprvnNm" : "충청북도"				,"signguCd" : "43800"				,"signguNm" : "단양군"				,"adongCd" : "4380036000"				,"adongNm" : "단성면"				,"stdrDt" : "2015-12-17"				}				,{				"ctprvnCd" : "43"				,"ctprvnNm" : "충청북도"				,"signguCd" : "43800"				,"signguNm" : "단양군"				,"adongCd" : "4380025000"				,"adongNm" : "단양읍"				,"stdrDt" : "2015-12-17"				}				,{				"ctprvnCd" : "43"				,"ctprvnNm" : "충청북도"				,"signguCd" : "43800"				,"signguNm" : "단양군"				,"adongCd" : "4380031000"				,"adongNm" : "대강면"				,"stdrDt" : "2015-12-17"				}				,{				"ctprvnCd" : "43"				,"ctprvnNm" : "충청북도"				,"signguCd" : "43800"				,"signguNm" : "단양군"				,"adongCd" : "4380025300"				,"adongNm" : "매포읍"				,"stdrDt" : "2015-12-17"				}				,{				"ctprvnCd" : "43"				,"ctprvnNm" : "충청북도"				,"signguCd" : "43800"				,"signguNm" : "단양군"				,"adongCd" : "4380034000"				,"adongNm" : "어상천면"				,"stdrDt" : "2015-12-17"				}				,{				"ctprvnCd" : "43"				,"ctprvnNm" : "충청북도"				,"signguCd" : "43800"				,"signguNm" : "단양군"				,"adongCd" : "4380033000"				,"adongNm" : "영춘면"				,"stdrDt" : "2015-12-17"				}				,{				"ctprvnCd" : "43"				,"ctprvnNm" : "충청북도"				,"signguCd" : "43800"				,"signguNm" : "단양군"				,"adongCd" : "4380035000"				,"adongNm" : "적성면"				,"stdrDt" : "2015-12-17"				}			]	}}