{	"header" : {		"description" : "소상공인시장진흥공단 상권정보 행정동 코드"		,"columns" : ["시도코드","시도명","시군구코드","시군구명","행정동코드","행정동명","기준일자"]		,"resultCode" : "00"		,"resultMsg" : "NORMAL SERVICE"	},	"body" : {			"items" : [				{				"ctprvnCd" : "44"				,"ctprvnNm" : "충청남도"				,"signguCd" : "44131"				,"signguNm" : "천안시 동남구"				,"adongCd" : "4413132000"				,"adongNm" : "광덕면"				,"stdrDt" : "2015-12-17"				}				,{				"ctprvnCd" : "44"				,"ctprvnNm" : "충청남도"				,"signguCd" : "44131"				,"signguNm" : "천안시 동남구"				,"adongCd" : "4413137000"				,"adongNm" : "동면"				,"stdrDt" : "2015-12-17"				}				,{				"ctprvnCd" : "44"				,"ctprvnNm" : "충청남도"				,"signguCd" : "44131"				,"signguNm" : "천안시 동남구"				,"adongCd" : "4413125000"				,"adongNm" : "목천읍"				,"stdrDt" : "2015-12-17"				}				,{				"ctprvnCd" : "44"				,"ctprvnNm" : "충청남도"				,"signguCd" : "44131"				,"signguNm" : "천안시 동남구"				,"adongCd" : "4413152000"				,"adongNm" : "문성동"				,"stdrDt" : "2015-12-17"				}				,{				"ctprvnCd" : "44"				,"ctprvnNm" : "충청남도"				,"signguCd" : "44131"				,"signguNm" : "천안시 동남구"				,"adongCd" : "4413136000"				,"adongNm" : "병천면"				,"stdrDt" : "2015-12-17"				}				,{				"ctprvnCd" : "44"				,"ctprvnNm" : "충청남도"				,"signguCd" : "44131"				,"signguNm" : "천안시 동남구"				,"adongCd" : "4413155000"				,"adongNm" : "봉명동"				,"stdrDt" : "2015-12-17"				}				,{				"ctprvnCd" : "44"				,"ctprvnNm" : "충청남도"				,"signguCd" : "44131"				,"signguNm" : "천안시 동남구"				,"adongCd" : "4413133000"				,"adongNm" : "북면"				,"stdrDt" : "2015-12-17"				}				,{				"ctprvnCd" : "44"				,"ctprvnNm" : "충청남도"				,"signguCd" : "44131"				,"signguNm" : "천안시 동남구"				,"adongCd" : "4413134000"				,"adongNm" : "성남면"				,"stdrDt" : "2015-12-17"				}				,{				"ctprvnCd" : "44"				,"ctprvnNm" : "충청남도"				,"signguCd" : "44131"				,"signguNm" : "천안시 동남구"				,"adongCd" : "4413135000"				,"adongNm" : "수신면"				,"stdrDt" : "2015-12-17"				}				,{				"ctprvnCd" : "44"				,"ctprvnNm" : "충청남도"				,"signguCd" : "44131"				,"signguNm" : "천안시 동남구"				,"adongCd" : "4413157000"				,"adongNm" : "신방동"				,"stdrDt" : "2015-12-17"				}				,{				"ctprvnCd" : "44"				,"ctprvnNm" : "충청남도"				,"signguCd" : "44131"				,"signguNm" : "천안시 동남구"				,"adongCd" : "4413159000"				,"adongNm" : "신안동"				,"stdrDt" : "2015-12-17"				}				,{				"ctprvnCd" : "44"				,"ctprvnNm" : "충청남도"				,"signguCd" : "44131"				,"signguNm" : "천안시 동남구"				,"adongCd" : "4413153000"				,"adongNm" : "원성1동"				,"stdrDt" : "2015-12-17"				}				,{				"ctprvnCd" : "44"				,"ctprvnNm" : "충청남도"				,"signguCd" : "44131"				,"signguNm" : "천안시 동남구"				,"adongCd" : "4413154000"				,"adongNm" : "원성2동"				,"stdrDt" : "2015-12-17"				}				,{				"ctprvnCd" : "44"				,"ctprvnNm" : "충청남도"				,"signguCd" : "44131"				,"signguNm" : "천안시 동남구"				,"adongCd" : "4413156000"				,"adongNm" : "일봉동"				,"stdrDt" : "2015-12-17"				}				,{				"ctprvnCd" : "44"				,"ctprvnNm" : "충청남도"				,"signguCd" : "44131"				,"signguNm" : "천안시 동남구"				,"adongCd" : "4413151000"				,"adongNm" : "중앙동"				,"stdrDt" : "2015-12-17"				}				,{				"ctprvnCd" : "44"				,"ctprvnNm" : "충청남도"				,"signguCd" : "44131"				,"signguNm" : "천안시 동남구"				,"adongCd" : "4413158000"				,"adongNm" : "청룡동"				,"stdrDt" : "2015-12-17"				}				,{				"ctprvnCd" : "44"				,"ctprvnNm" : "충청남도"				,"signguCd" : "44131"				,"signguNm" : "천안시 동남구"				,"adongCd" : "4413131000"				,"adongNm" : "풍세면"				,"stdrDt" : "2015-12-17"				}			]	}}