{	"header" : {		"description" : "소상공인시장진흥공단 상권정보 행정동 코드"		,"columns" : ["시도코드","시도명","시군구코드","시군구명","행정동코드","행정동명","기준일자"]		,"resultCode" : "00"		,"resultMsg" : "NORMAL SERVICE"	},	"body" : {			"items" : [				{				"ctprvnCd" : "44"				,"ctprvnNm" : "충청남도"				,"signguCd" : "44133"				,"signguNm" : "천안시 서북구"				,"adongCd" : "4413356000"				,"adongNm" : "백석동"				,"stdrDt" : "2015-12-17"				}				,{				"ctprvnCd" : "44"				,"ctprvnNm" : "충청남도"				,"signguCd" : "44133"				,"signguNm" : "천안시 서북구"				,"adongCd" : "4413358000"				,"adongNm" : "부성1동"				,"stdrDt" : "2015-12-17"				}				,{				"ctprvnCd" : "44"				,"ctprvnNm" : "충청남도"				,"signguCd" : "44133"				,"signguNm" : "천안시 서북구"				,"adongCd" : "4413359000"				,"adongNm" : "부성2동"				,"stdrDt" : "2015-12-17"				}				,{				"ctprvnCd" : "44"				,"ctprvnNm" : "충청남도"				,"signguCd" : "44133"				,"signguNm" : "천안시 서북구"				,"adongCd" : "4413356500"				,"adongNm" : "불당동"				,"stdrDt" : "2015-12-17"				}				,{				"ctprvnCd" : "44"				,"ctprvnNm" : "충청남도"				,"signguCd" : "44133"				,"signguNm" : "천안시 서북구"				,"adongCd" : "4413325300"				,"adongNm" : "성거읍"				,"stdrDt" : "2015-12-17"				}				,{				"ctprvnCd" : "44"				,"ctprvnNm" : "충청남도"				,"signguCd" : "44133"				,"signguNm" : "천안시 서북구"				,"adongCd" : "4413351000"				,"adongNm" : "성정1동"				,"stdrDt" : "2015-12-17"				}				,{				"ctprvnCd" : "44"				,"ctprvnNm" : "충청남도"				,"signguCd" : "44133"				,"signguNm" : "천안시 서북구"				,"adongCd" : "4413352000"				,"adongNm" : "성정2동"				,"stdrDt" : "2015-12-17"				}				,{				"ctprvnCd" : "44"				,"ctprvnNm" : "충청남도"				,"signguCd" : "44133"				,"signguNm" : "천안시 서북구"				,"adongCd" : "4413325000"				,"adongNm" : "성환읍"				,"stdrDt" : "2015-12-17"				}				,{				"ctprvnCd" : "44"				,"ctprvnNm" : "충청남도"				,"signguCd" : "44133"				,"signguNm" : "천안시 서북구"				,"adongCd" : "4413353000"				,"adongNm" : "쌍용1동"				,"stdrDt" : "2015-12-17"				}				,{				"ctprvnCd" : "44"				,"ctprvnNm" : "충청남도"				,"signguCd" : "44133"				,"signguNm" : "천안시 서북구"				,"adongCd" : "4413354000"				,"adongNm" : "쌍용2동"				,"stdrDt" : "2015-12-17"				}				,{				"ctprvnCd" : "44"				,"ctprvnNm" : "충청남도"				,"signguCd" : "44133"				,"signguNm" : "천안시 서북구"				,"adongCd" : "4413355000"				,"adongNm" : "쌍용3동"				,"stdrDt" : "2015-12-17"				}				,{				"ctprvnCd" : "44"				,"ctprvnNm" : "충청남도"				,"signguCd" : "44133"				,"signguNm" : "천안시 서북구"				,"adongCd" : "4413331000"				,"adongNm" : "입장면"				,"stdrDt" : "2015-12-17"				}				,{				"ctprvnCd" : "44"				,"ctprvnNm" : "충청남도"				,"signguCd" : "44133"				,"signguNm" : "천안시 서북구"				,"adongCd" : "4413325600"				,"adongNm" : "직산읍"				,"stdrDt" : "2015-12-17"				}			]	}}