{	"header" : {		"description" : "소상공인시장진흥공단 상권정보 행정동 코드"		,"columns" : ["시도코드","시도명","시군구코드","시군구명","행정동코드","행정동명","기준일자"]		,"resultCode" : "00"		,"resultMsg" : "NORMAL SERVICE"	},	"body" : {			"items" : [				{				"ctprvnCd" : "44"				,"ctprvnNm" : "충청남도"				,"signguCd" : "44150"				,"signguNm" : "공주시"				,"adongCd" : "4415033000"				,"adongNm" : "계룡면"				,"stdrDt" : "2015-12-17"				}				,{				"ctprvnCd" : "44"				,"ctprvnNm" : "충청남도"				,"signguCd" : "44150"				,"signguNm" : "공주시"				,"adongCd" : "4415055000"				,"adongNm" : "금학동"				,"stdrDt" : "2015-12-17"				}				,{				"ctprvnCd" : "44"				,"ctprvnNm" : "충청남도"				,"signguCd" : "44150"				,"signguNm" : "공주시"				,"adongCd" : "4415034000"				,"adongNm" : "반포면"				,"stdrDt" : "2015-12-17"				}				,{				"ctprvnCd" : "44"				,"ctprvnNm" : "충청남도"				,"signguCd" : "44150"				,"signguNm" : "공주시"				,"adongCd" : "4415039000"				,"adongNm" : "사곡면"				,"stdrDt" : "2015-12-17"				}				,{				"ctprvnCd" : "44"				,"ctprvnNm" : "충청남도"				,"signguCd" : "44150"				,"signguNm" : "공주시"				,"adongCd" : "4415057000"				,"adongNm" : "신관동"				,"stdrDt" : "2015-12-17"				}				,{				"ctprvnCd" : "44"				,"ctprvnNm" : "충청남도"				,"signguCd" : "44150"				,"signguNm" : "공주시"				,"adongCd" : "4415040000"				,"adongNm" : "신풍면"				,"stdrDt" : "2015-12-17"				}				,{				"ctprvnCd" : "44"				,"ctprvnNm" : "충청남도"				,"signguCd" : "44150"				,"signguNm" : "공주시"				,"adongCd" : "4415056000"				,"adongNm" : "옥룡동"				,"stdrDt" : "2015-12-17"				}				,{				"ctprvnCd" : "44"				,"ctprvnNm" : "충청남도"				,"signguCd" : "44150"				,"signguNm" : "공주시"				,"adongCd" : "4415038000"				,"adongNm" : "우성면"				,"stdrDt" : "2015-12-17"				}				,{				"ctprvnCd" : "44"				,"ctprvnNm" : "충청남도"				,"signguCd" : "44150"				,"signguNm" : "공주시"				,"adongCd" : "4415054000"				,"adongNm" : "웅진동"				,"stdrDt" : "2015-12-17"				}				,{				"ctprvnCd" : "44"				,"ctprvnNm" : "충청남도"				,"signguCd" : "44150"				,"signguNm" : "공주시"				,"adongCd" : "4415059000"				,"adongNm" : "월송동"				,"stdrDt" : "2015-12-17"				}				,{				"ctprvnCd" : "44"				,"ctprvnNm" : "충청남도"				,"signguCd" : "44150"				,"signguNm" : "공주시"				,"adongCd" : "4415025000"				,"adongNm" : "유구읍"				,"stdrDt" : "2015-12-17"				}				,{				"ctprvnCd" : "44"				,"ctprvnNm" : "충청남도"				,"signguCd" : "44150"				,"signguNm" : "공주시"				,"adongCd" : "4415036000"				,"adongNm" : "의당면"				,"stdrDt" : "2015-12-17"				}				,{				"ctprvnCd" : "44"				,"ctprvnNm" : "충청남도"				,"signguCd" : "44150"				,"signguNm" : "공주시"				,"adongCd" : "4415031000"				,"adongNm" : "이인면"				,"stdrDt" : "2015-12-17"				}				,{				"ctprvnCd" : "44"				,"ctprvnNm" : "충청남도"				,"signguCd" : "44150"				,"signguNm" : "공주시"				,"adongCd" : "4415037000"				,"adongNm" : "정안면"				,"stdrDt" : "2015-12-17"				}				,{				"ctprvnCd" : "44"				,"ctprvnNm" : "충청남도"				,"signguCd" : "44150"				,"signguNm" : "공주시"				,"adongCd" : "4415051000"				,"adongNm" : "중학동"				,"stdrDt" : "2015-12-17"				}				,{				"ctprvnCd" : "44"				,"ctprvnNm" : "충청남도"				,"signguCd" : "44150"				,"signguNm" : "공주시"				,"adongCd" : "4415032000"				,"adongNm" : "탄천면"				,"stdrDt" : "2015-12-17"				}			]	}}