{	"header" : {		"description" : "소상공인시장진흥공단 상권정보 행정동 코드"		,"columns" : ["시도코드","시도명","시군구코드","시군구명","행정동코드","행정동명","기준일자"]		,"resultCode" : "00"		,"resultMsg" : "NORMAL SERVICE"	},	"body" : {			"items" : [				{				"ctprvnCd" : "44"				,"ctprvnNm" : "충청남도"				,"signguCd" : "44180"				,"signguNm" : "보령시"				,"adongCd" : "4418036000"				,"adongNm" : "남포면"				,"stdrDt" : "2015-12-17"				}				,{				"ctprvnCd" : "44"				,"ctprvnNm" : "충청남도"				,"signguCd" : "44180"				,"signguNm" : "보령시"				,"adongCd" : "4418051500"				,"adongNm" : "대천1동"				,"stdrDt" : "2015-12-17"				}				,{				"ctprvnCd" : "44"				,"ctprvnNm" : "충청남도"				,"signguCd" : "44180"				,"signguNm" : "보령시"				,"adongCd" : "4418052500"				,"adongNm" : "대천2동"				,"stdrDt" : "2015-12-17"				}				,{				"ctprvnCd" : "44"				,"ctprvnNm" : "충청남도"				,"signguCd" : "44180"				,"signguNm" : "보령시"				,"adongCd" : "4418053500"				,"adongNm" : "대천3동"				,"stdrDt" : "2015-12-17"				}				,{				"ctprvnCd" : "44"				,"ctprvnNm" : "충청남도"				,"signguCd" : "44180"				,"signguNm" : "보령시"				,"adongCd" : "4418054500"				,"adongNm" : "대천4동"				,"stdrDt" : "2015-12-17"				}				,{				"ctprvnCd" : "44"				,"ctprvnNm" : "충청남도"				,"signguCd" : "44180"				,"signguNm" : "보령시"				,"adongCd" : "4418056500"				,"adongNm" : "대천5동"				,"stdrDt" : "2015-12-17"				}				,{				"ctprvnCd" : "44"				,"ctprvnNm" : "충청남도"				,"signguCd" : "44180"				,"signguNm" : "보령시"				,"adongCd" : "4418039000"				,"adongNm" : "미산면"				,"stdrDt" : "2015-12-17"				}				,{				"ctprvnCd" : "44"				,"ctprvnNm" : "충청남도"				,"signguCd" : "44180"				,"signguNm" : "보령시"				,"adongCd" : "4418040000"				,"adongNm" : "성주면"				,"stdrDt" : "2015-12-17"				}				,{				"ctprvnCd" : "44"				,"ctprvnNm" : "충청남도"				,"signguCd" : "44180"				,"signguNm" : "보령시"				,"adongCd" : "4418032000"				,"adongNm" : "오천면"				,"stdrDt" : "2015-12-17"				}				,{				"ctprvnCd" : "44"				,"ctprvnNm" : "충청남도"				,"signguCd" : "44180"				,"signguNm" : "보령시"				,"adongCd" : "4418025000"				,"adongNm" : "웅천읍"				,"stdrDt" : "2015-12-17"				}				,{				"ctprvnCd" : "44"				,"ctprvnNm" : "충청남도"				,"signguCd" : "44180"				,"signguNm" : "보령시"				,"adongCd" : "4418041000"				,"adongNm" : "주교면"				,"stdrDt" : "2015-12-17"				}				,{				"ctprvnCd" : "44"				,"ctprvnNm" : "충청남도"				,"signguCd" : "44180"				,"signguNm" : "보령시"				,"adongCd" : "4418038000"				,"adongNm" : "주산면"				,"stdrDt" : "2015-12-17"				}				,{				"ctprvnCd" : "44"				,"ctprvnNm" : "충청남도"				,"signguCd" : "44180"				,"signguNm" : "보령시"				,"adongCd" : "4418031000"				,"adongNm" : "주포면"				,"stdrDt" : "2015-12-17"				}				,{				"ctprvnCd" : "44"				,"ctprvnNm" : "충청남도"				,"signguCd" : "44180"				,"signguNm" : "보령시"				,"adongCd" : "4418033000"				,"adongNm" : "천북면"				,"stdrDt" : "2015-12-17"				}				,{				"ctprvnCd" : "44"				,"ctprvnNm" : "충청남도"				,"signguCd" : "44180"				,"signguNm" : "보령시"				,"adongCd" : "4418035000"				,"adongNm" : "청라면"				,"stdrDt" : "2015-12-17"				}				,{				"ctprvnCd" : "44"				,"ctprvnNm" : "충청남도"				,"signguCd" : "44180"				,"signguNm" : "보령시"				,"adongCd" : "4418034000"				,"adongNm" : "청소면"				,"stdrDt" : "2015-12-17"				}			]	}}