{	"header" : {		"description" : "소상공인시장진흥공단 상권정보 행정동 코드"		,"columns" : ["시도코드","시도명","시군구코드","시군구명","행정동코드","행정동명","기준일자"]		,"resultCode" : "00"		,"resultMsg" : "NORMAL SERVICE"	},	"body" : {			"items" : [				{				"ctprvnCd" : "44"				,"ctprvnNm" : "충청남도"				,"signguCd" : "44200"				,"signguNm" : "아산시"				,"adongCd" : "4420040000"				,"adongNm" : "도고면"				,"stdrDt" : "2015-12-17"				}				,{				"ctprvnCd" : "44"				,"ctprvnNm" : "충청남도"				,"signguCd" : "44200"				,"signguNm" : "아산시"				,"adongCd" : "4420036000"				,"adongNm" : "둔포면"				,"stdrDt" : "2015-12-17"				}				,{				"ctprvnCd" : "44"				,"ctprvnNm" : "충청남도"				,"signguCd" : "44200"				,"signguNm" : "아산시"				,"adongCd" : "4420025300"				,"adongNm" : "배방읍"				,"stdrDt" : "2015-12-17"				}				,{				"ctprvnCd" : "44"				,"ctprvnNm" : "충청남도"				,"signguCd" : "44200"				,"signguNm" : "아산시"				,"adongCd" : "4420039000"				,"adongNm" : "선장면"				,"stdrDt" : "2015-12-17"				}				,{				"ctprvnCd" : "44"				,"ctprvnNm" : "충청남도"				,"signguCd" : "44200"				,"signguNm" : "아산시"				,"adongCd" : "4420031000"				,"adongNm" : "송악면"				,"stdrDt" : "2015-12-17"				}				,{				"ctprvnCd" : "44"				,"ctprvnNm" : "충청남도"				,"signguCd" : "44200"				,"signguNm" : "아산시"				,"adongCd" : "4420041000"				,"adongNm" : "신창면"				,"stdrDt" : "2015-12-17"				}				,{				"ctprvnCd" : "44"				,"ctprvnNm" : "충청남도"				,"signguCd" : "44200"				,"signguNm" : "아산시"				,"adongCd" : "4420025000"				,"adongNm" : "염치읍"				,"stdrDt" : "2015-12-17"				}				,{				"ctprvnCd" : "44"				,"ctprvnNm" : "충청남도"				,"signguCd" : "44200"				,"signguNm" : "아산시"				,"adongCd" : "4420037000"				,"adongNm" : "영인면"				,"stdrDt" : "2015-12-17"				}				,{				"ctprvnCd" : "44"				,"ctprvnNm" : "충청남도"				,"signguCd" : "44200"				,"signguNm" : "아산시"				,"adongCd" : "4420057000"				,"adongNm" : "온양1동"				,"stdrDt" : "2015-12-17"				}				,{				"ctprvnCd" : "44"				,"ctprvnNm" : "충청남도"				,"signguCd" : "44200"				,"signguNm" : "아산시"				,"adongCd" : "4420058000"				,"adongNm" : "온양2동"				,"stdrDt" : "2015-12-17"				}				,{				"ctprvnCd" : "44"				,"ctprvnNm" : "충청남도"				,"signguCd" : "44200"				,"signguNm" : "아산시"				,"adongCd" : "4420059000"				,"adongNm" : "온양3동"				,"stdrDt" : "2015-12-17"				}				,{				"ctprvnCd" : "44"				,"ctprvnNm" : "충청남도"				,"signguCd" : "44200"				,"signguNm" : "아산시"				,"adongCd" : "4420060000"				,"adongNm" : "온양4동"				,"stdrDt" : "2015-12-17"				}				,{				"ctprvnCd" : "44"				,"ctprvnNm" : "충청남도"				,"signguCd" : "44200"				,"signguNm" : "아산시"				,"adongCd" : "4420061000"				,"adongNm" : "온양5동"				,"stdrDt" : "2015-12-17"				}				,{				"ctprvnCd" : "44"				,"ctprvnNm" : "충청남도"				,"signguCd" : "44200"				,"signguNm" : "아산시"				,"adongCd" : "4420062000"				,"adongNm" : "온양6동"				,"stdrDt" : "2015-12-17"				}				,{				"ctprvnCd" : "44"				,"ctprvnNm" : "충청남도"				,"signguCd" : "44200"				,"signguNm" : "아산시"				,"adongCd" : "4420035000"				,"adongNm" : "음봉면"				,"stdrDt" : "2015-12-17"				}				,{				"ctprvnCd" : "44"				,"ctprvnNm" : "충청남도"				,"signguCd" : "44200"				,"signguNm" : "아산시"				,"adongCd" : "4420038000"				,"adongNm" : "인주면"				,"stdrDt" : "2015-12-17"				}				,{				"ctprvnCd" : "44"				,"ctprvnNm" : "충청남도"				,"signguCd" : "44200"				,"signguNm" : "아산시"				,"adongCd" : "4420033000"				,"adongNm" : "탕정면"				,"stdrDt" : "2015-12-17"				}			]	}}