{	"header" : {		"description" : "소상공인시장진흥공단 상권정보 행정동 코드"		,"columns" : ["시도코드","시도명","시군구코드","시군구명","행정동코드","행정동명","기준일자"]		,"resultCode" : "00"		,"resultMsg" : "NORMAL SERVICE"	},	"body" : {			"items" : [				{				"ctprvnCd" : "44"				,"ctprvnNm" : "충청남도"				,"signguCd" : "44210"				,"signguNm" : "서산시"				,"adongCd" : "4421040000"				,"adongNm" : "고북면"				,"stdrDt" : "2015-12-17"				}				,{				"ctprvnCd" : "44"				,"ctprvnNm" : "충청남도"				,"signguCd" : "44210"				,"signguNm" : "서산시"				,"adongCd" : "4421025000"				,"adongNm" : "대산읍"				,"stdrDt" : "2015-12-17"				}				,{				"ctprvnCd" : "44"				,"ctprvnNm" : "충청남도"				,"signguCd" : "44210"				,"signguNm" : "서산시"				,"adongCd" : "4421052500"				,"adongNm" : "동문1동"				,"stdrDt" : "2015-12-17"				}				,{				"ctprvnCd" : "44"				,"ctprvnNm" : "충청남도"				,"signguCd" : "44210"				,"signguNm" : "서산시"				,"adongCd" : "4421053500"				,"adongNm" : "동문2동"				,"stdrDt" : "2015-12-17"				}				,{				"ctprvnCd" : "44"				,"ctprvnNm" : "충청남도"				,"signguCd" : "44210"				,"signguNm" : "서산시"				,"adongCd" : "4421032000"				,"adongNm" : "부석면"				,"stdrDt" : "2015-12-17"				}				,{				"ctprvnCd" : "44"				,"ctprvnNm" : "충청남도"				,"signguCd" : "44210"				,"signguNm" : "서산시"				,"adongCd" : "4421051000"				,"adongNm" : "부춘동"				,"stdrDt" : "2015-12-17"				}				,{				"ctprvnCd" : "44"				,"ctprvnNm" : "충청남도"				,"signguCd" : "44210"				,"signguNm" : "서산시"				,"adongCd" : "4421055000"				,"adongNm" : "석남동"				,"stdrDt" : "2015-12-17"				}				,{				"ctprvnCd" : "44"				,"ctprvnNm" : "충청남도"				,"signguCd" : "44210"				,"signguNm" : "서산시"				,"adongCd" : "4421036000"				,"adongNm" : "성연면"				,"stdrDt" : "2015-12-17"				}				,{				"ctprvnCd" : "44"				,"ctprvnNm" : "충청남도"				,"signguCd" : "44210"				,"signguNm" : "서산시"				,"adongCd" : "4421054000"				,"adongNm" : "수석동"				,"stdrDt" : "2015-12-17"				}				,{				"ctprvnCd" : "44"				,"ctprvnNm" : "충청남도"				,"signguCd" : "44210"				,"signguNm" : "서산시"				,"adongCd" : "4421038000"				,"adongNm" : "운산면"				,"stdrDt" : "2015-12-17"				}				,{				"ctprvnCd" : "44"				,"ctprvnNm" : "충청남도"				,"signguCd" : "44210"				,"signguNm" : "서산시"				,"adongCd" : "4421037000"				,"adongNm" : "음암면"				,"stdrDt" : "2015-12-17"				}				,{				"ctprvnCd" : "44"				,"ctprvnNm" : "충청남도"				,"signguCd" : "44210"				,"signguNm" : "서산시"				,"adongCd" : "4421031000"				,"adongNm" : "인지면"				,"stdrDt" : "2015-12-17"				}				,{				"ctprvnCd" : "44"				,"ctprvnNm" : "충청남도"				,"signguCd" : "44210"				,"signguNm" : "서산시"				,"adongCd" : "4421034000"				,"adongNm" : "지곡면"				,"stdrDt" : "2015-12-17"				}				,{				"ctprvnCd" : "44"				,"ctprvnNm" : "충청남도"				,"signguCd" : "44210"				,"signguNm" : "서산시"				,"adongCd" : "4421033000"				,"adongNm" : "팔봉면"				,"stdrDt" : "2015-12-17"				}				,{				"ctprvnCd" : "44"				,"ctprvnNm" : "충청남도"				,"signguCd" : "44210"				,"signguNm" : "서산시"				,"adongCd" : "4421039000"				,"adongNm" : "해미면"				,"stdrDt" : "2015-12-17"				}			]	}}