{	"header" : {		"description" : "소상공인시장진흥공단 상권정보 행정동 코드"		,"columns" : ["시도코드","시도명","시군구코드","시군구명","행정동코드","행정동명","기준일자"]		,"resultCode" : "00"		,"resultMsg" : "NORMAL SERVICE"	},	"body" : {			"items" : [				{				"ctprvnCd" : "44"				,"ctprvnNm" : "충청남도"				,"signguCd" : "44230"				,"signguNm" : "논산시"				,"adongCd" : "4423040000"				,"adongNm" : "가야곡면"				,"stdrDt" : "2015-12-17"				}				,{				"ctprvnCd" : "44"				,"ctprvnNm" : "충청남도"				,"signguCd" : "44230"				,"signguNm" : "논산시"				,"adongCd" : "4423025000"				,"adongNm" : "강경읍"				,"stdrDt" : "2015-12-17"				}				,{				"ctprvnCd" : "44"				,"ctprvnNm" : "충청남도"				,"signguCd" : "44230"				,"signguNm" : "논산시"				,"adongCd" : "4423032000"				,"adongNm" : "광석면"				,"stdrDt" : "2015-12-17"				}				,{				"ctprvnCd" : "44"				,"ctprvnNm" : "충청남도"				,"signguCd" : "44230"				,"signguNm" : "논산시"				,"adongCd" : "4423033000"				,"adongNm" : "노성면"				,"stdrDt" : "2015-12-17"				}				,{				"ctprvnCd" : "44"				,"ctprvnNm" : "충청남도"				,"signguCd" : "44230"				,"signguNm" : "논산시"				,"adongCd" : "4423038000"				,"adongNm" : "벌곡면"				,"stdrDt" : "2015-12-17"				}				,{				"ctprvnCd" : "44"				,"ctprvnNm" : "충청남도"				,"signguCd" : "44230"				,"signguNm" : "논산시"				,"adongCd" : "4423035000"				,"adongNm" : "부적면"				,"stdrDt" : "2015-12-17"				}				,{				"ctprvnCd" : "44"				,"ctprvnNm" : "충청남도"				,"signguCd" : "44230"				,"signguNm" : "논산시"				,"adongCd" : "4423052000"				,"adongNm" : "부창동"				,"stdrDt" : "2015-12-17"				}				,{				"ctprvnCd" : "44"				,"ctprvnNm" : "충청남도"				,"signguCd" : "44230"				,"signguNm" : "논산시"				,"adongCd" : "4423034000"				,"adongNm" : "상월면"				,"stdrDt" : "2015-12-17"				}				,{				"ctprvnCd" : "44"				,"ctprvnNm" : "충청남도"				,"signguCd" : "44230"				,"signguNm" : "논산시"				,"adongCd" : "4423031000"				,"adongNm" : "성동면"				,"stdrDt" : "2015-12-17"				}				,{				"ctprvnCd" : "44"				,"ctprvnNm" : "충청남도"				,"signguCd" : "44230"				,"signguNm" : "논산시"				,"adongCd" : "4423039000"				,"adongNm" : "양촌면"				,"stdrDt" : "2015-12-17"				}				,{				"ctprvnCd" : "44"				,"ctprvnNm" : "충청남도"				,"signguCd" : "44230"				,"signguNm" : "논산시"				,"adongCd" : "4423025300"				,"adongNm" : "연무읍"				,"stdrDt" : "2015-12-17"				}				,{				"ctprvnCd" : "44"				,"ctprvnNm" : "충청남도"				,"signguCd" : "44230"				,"signguNm" : "논산시"				,"adongCd" : "4423036000"				,"adongNm" : "연산면"				,"stdrDt" : "2015-12-17"				}				,{				"ctprvnCd" : "44"				,"ctprvnNm" : "충청남도"				,"signguCd" : "44230"				,"signguNm" : "논산시"				,"adongCd" : "4423041000"				,"adongNm" : "은진면"				,"stdrDt" : "2015-12-17"				}				,{				"ctprvnCd" : "44"				,"ctprvnNm" : "충청남도"				,"signguCd" : "44230"				,"signguNm" : "논산시"				,"adongCd" : "4423042000"				,"adongNm" : "채운면"				,"stdrDt" : "2015-12-17"				}				,{				"ctprvnCd" : "44"				,"ctprvnNm" : "충청남도"				,"signguCd" : "44230"				,"signguNm" : "논산시"				,"adongCd" : "4423051000"				,"adongNm" : "취암동"				,"stdrDt" : "2015-12-17"				}			]	}}