{	"header" : {		"description" : "소상공인시장진흥공단 상권정보 행정동 코드"		,"columns" : ["시도코드","시도명","시군구코드","시군구명","행정동코드","행정동명","기준일자"]		,"resultCode" : "00"		,"resultMsg" : "NORMAL SERVICE"	},	"body" : {			"items" : [				{				"ctprvnCd" : "44"				,"ctprvnNm" : "충청남도"				,"signguCd" : "44250"				,"signguNm" : "계룡시"				,"adongCd" : "4425051000"				,"adongNm" : "금암동"				,"stdrDt" : "2015-12-17"				}				,{				"ctprvnCd" : "44"				,"ctprvnNm" : "충청남도"				,"signguCd" : "44250"				,"signguNm" : "계룡시"				,"adongCd" : "4425031000"				,"adongNm" : "두마면"				,"stdrDt" : "2015-12-17"				}				,{				"ctprvnCd" : "44"				,"ctprvnNm" : "충청남도"				,"signguCd" : "44250"				,"signguNm" : "계룡시"				,"adongCd" : "4425033000"				,"adongNm" : "신도안면"				,"stdrDt" : "2015-12-17"				}				,{				"ctprvnCd" : "44"				,"ctprvnNm" : "충청남도"				,"signguCd" : "44250"				,"signguNm" : "계룡시"				,"adongCd" : "4425031500"				,"adongNm" : "엄사면"				,"stdrDt" : "2015-12-17"				}			]	}}