{	"header" : {		"description" : "소상공인시장진흥공단 상권정보 행정동 코드"		,"columns" : ["시도코드","시도명","시군구코드","시군구명","행정동코드","행정동명","기준일자"]		,"resultCode" : "00"		,"resultMsg" : "NORMAL SERVICE"	},	"body" : {			"items" : [				{				"ctprvnCd" : "44"				,"ctprvnNm" : "충청남도"				,"signguCd" : "44270"				,"signguNm" : "당진시"				,"adongCd" : "4427031000"				,"adongNm" : "고대면"				,"stdrDt" : "2015-12-17"				}				,{				"ctprvnCd" : "44"				,"ctprvnNm" : "충청남도"				,"signguCd" : "44270"				,"signguNm" : "당진시"				,"adongCd" : "4427051000"				,"adongNm" : "당진1동"				,"stdrDt" : "2015-12-17"				}				,{				"ctprvnCd" : "44"				,"ctprvnNm" : "충청남도"				,"signguCd" : "44270"				,"signguNm" : "당진시"				,"adongCd" : "4427052000"				,"adongNm" : "당진2동"				,"stdrDt" : "2015-12-17"				}				,{				"ctprvnCd" : "44"				,"ctprvnNm" : "충청남도"				,"signguCd" : "44270"				,"signguNm" : "당진시"				,"adongCd" : "4427053000"				,"adongNm" : "당진3동"				,"stdrDt" : "2015-12-17"				}				,{				"ctprvnCd" : "44"				,"ctprvnNm" : "충청남도"				,"signguCd" : "44270"				,"signguNm" : "당진시"				,"adongCd" : "4427033000"				,"adongNm" : "대호지면"				,"stdrDt" : "2015-12-17"				}				,{				"ctprvnCd" : "44"				,"ctprvnNm" : "충청남도"				,"signguCd" : "44270"				,"signguNm" : "당진시"				,"adongCd" : "4427035000"				,"adongNm" : "면천면"				,"stdrDt" : "2015-12-17"				}				,{				"ctprvnCd" : "44"				,"ctprvnNm" : "충청남도"				,"signguCd" : "44270"				,"signguNm" : "당진시"				,"adongCd" : "4427032000"				,"adongNm" : "석문면"				,"stdrDt" : "2015-12-17"				}				,{				"ctprvnCd" : "44"				,"ctprvnNm" : "충청남도"				,"signguCd" : "44270"				,"signguNm" : "당진시"				,"adongCd" : "4427039000"				,"adongNm" : "송산면"				,"stdrDt" : "2015-12-17"				}				,{				"ctprvnCd" : "44"				,"ctprvnNm" : "충청남도"				,"signguCd" : "44270"				,"signguNm" : "당진시"				,"adongCd" : "4427025300"				,"adongNm" : "송악읍"				,"stdrDt" : "2015-12-17"				}				,{				"ctprvnCd" : "44"				,"ctprvnNm" : "충청남도"				,"signguCd" : "44270"				,"signguNm" : "당진시"				,"adongCd" : "4427036000"				,"adongNm" : "순성면"				,"stdrDt" : "2015-12-17"				}				,{				"ctprvnCd" : "44"				,"ctprvnNm" : "충청남도"				,"signguCd" : "44270"				,"signguNm" : "당진시"				,"adongCd" : "4427038000"				,"adongNm" : "신평면"				,"stdrDt" : "2015-12-17"				}				,{				"ctprvnCd" : "44"				,"ctprvnNm" : "충청남도"				,"signguCd" : "44270"				,"signguNm" : "당진시"				,"adongCd" : "4427037000"				,"adongNm" : "우강면"				,"stdrDt" : "2015-12-17"				}				,{				"ctprvnCd" : "44"				,"ctprvnNm" : "충청남도"				,"signguCd" : "44270"				,"signguNm" : "당진시"				,"adongCd" : "4427034000"				,"adongNm" : "정미면"				,"stdrDt" : "2015-12-17"				}				,{				"ctprvnCd" : "44"				,"ctprvnNm" : "충청남도"				,"signguCd" : "44270"				,"signguNm" : "당진시"				,"adongCd" : "4427025000"				,"adongNm" : "합덕읍"				,"stdrDt" : "2015-12-17"				}			]	}}