{	"header" : {		"description" : "소상공인시장진흥공단 상권정보 행정동 코드"		,"columns" : ["시도코드","시도명","시군구코드","시군구명","행정동코드","행정동명","기준일자"]		,"resultCode" : "00"		,"resultMsg" : "NORMAL SERVICE"	},	"body" : {			"items" : [				{				"ctprvnCd" : "44"				,"ctprvnNm" : "충청남도"				,"signguCd" : "44710"				,"signguNm" : "금산군"				,"adongCd" : "4471034000"				,"adongNm" : "군북면"				,"stdrDt" : "2015-12-17"				}				,{				"ctprvnCd" : "44"				,"ctprvnNm" : "충청남도"				,"signguCd" : "44710"				,"signguNm" : "금산군"				,"adongCd" : "4471025000"				,"adongNm" : "금산읍"				,"stdrDt" : "2015-12-17"				}				,{				"ctprvnCd" : "44"				,"ctprvnNm" : "충청남도"				,"signguCd" : "44710"				,"signguNm" : "금산군"				,"adongCd" : "4471031000"				,"adongNm" : "금성면"				,"stdrDt" : "2015-12-17"				}				,{				"ctprvnCd" : "44"				,"ctprvnNm" : "충청남도"				,"signguCd" : "44710"				,"signguNm" : "금산군"				,"adongCd" : "4471036000"				,"adongNm" : "남이면"				,"stdrDt" : "2015-12-17"				}				,{				"ctprvnCd" : "44"				,"ctprvnNm" : "충청남도"				,"signguCd" : "44710"				,"signguNm" : "금산군"				,"adongCd" : "4471035000"				,"adongNm" : "남일면"				,"stdrDt" : "2015-12-17"				}				,{				"ctprvnCd" : "44"				,"ctprvnNm" : "충청남도"				,"signguCd" : "44710"				,"signguNm" : "금산군"				,"adongCd" : "4471038000"				,"adongNm" : "복수면"				,"stdrDt" : "2015-12-17"				}				,{				"ctprvnCd" : "44"				,"ctprvnNm" : "충청남도"				,"signguCd" : "44710"				,"signguNm" : "금산군"				,"adongCd" : "4471033000"				,"adongNm" : "부리면"				,"stdrDt" : "2015-12-17"				}				,{				"ctprvnCd" : "44"				,"ctprvnNm" : "충청남도"				,"signguCd" : "44710"				,"signguNm" : "금산군"				,"adongCd" : "4471032000"				,"adongNm" : "제원면"				,"stdrDt" : "2015-12-17"				}				,{				"ctprvnCd" : "44"				,"ctprvnNm" : "충청남도"				,"signguCd" : "44710"				,"signguNm" : "금산군"				,"adongCd" : "4471037000"				,"adongNm" : "진산면"				,"stdrDt" : "2015-12-17"				}				,{				"ctprvnCd" : "44"				,"ctprvnNm" : "충청남도"				,"signguCd" : "44710"				,"signguNm" : "금산군"				,"adongCd" : "4471039000"				,"adongNm" : "추부면"				,"stdrDt" : "2015-12-17"				}			]	}}