{	"header" : {		"description" : "소상공인시장진흥공단 상권정보 행정동 코드"		,"columns" : ["시도코드","시도명","시군구코드","시군구명","행정동코드","행정동명","기준일자"]		,"resultCode" : "00"		,"resultMsg" : "NORMAL SERVICE"	},	"body" : {			"items" : [				{				"ctprvnCd" : "44"				,"ctprvnNm" : "충청남도"				,"signguCd" : "44760"				,"signguNm" : "부여군"				,"adongCd" : "4476035000"				,"adongNm" : "구룡면"				,"stdrDt" : "2015-12-17"				}				,{				"ctprvnCd" : "44"				,"ctprvnNm" : "충청남도"				,"signguCd" : "44760"				,"signguNm" : "부여군"				,"adongCd" : "4476031000"				,"adongNm" : "규암면"				,"stdrDt" : "2015-12-17"				}				,{				"ctprvnCd" : "44"				,"ctprvnNm" : "충청남도"				,"signguCd" : "44760"				,"signguNm" : "부여군"				,"adongCd" : "4476038000"				,"adongNm" : "남면"				,"stdrDt" : "2015-12-17"				}				,{				"ctprvnCd" : "44"				,"ctprvnNm" : "충청남도"				,"signguCd" : "44760"				,"signguNm" : "부여군"				,"adongCd" : "4476034000"				,"adongNm" : "내산면"				,"stdrDt" : "2015-12-17"				}				,{				"ctprvnCd" : "44"				,"ctprvnNm" : "충청남도"				,"signguCd" : "44760"				,"signguNm" : "부여군"				,"adongCd" : "4476025000"				,"adongNm" : "부여읍"				,"stdrDt" : "2015-12-17"				}				,{				"ctprvnCd" : "44"				,"ctprvnNm" : "충청남도"				,"signguCd" : "44760"				,"signguNm" : "부여군"				,"adongCd" : "4476044000"				,"adongNm" : "석성면"				,"stdrDt" : "2015-12-17"				}				,{				"ctprvnCd" : "44"				,"ctprvnNm" : "충청남도"				,"signguCd" : "44760"				,"signguNm" : "부여군"				,"adongCd" : "4476043000"				,"adongNm" : "세도면"				,"stdrDt" : "2015-12-17"				}				,{				"ctprvnCd" : "44"				,"ctprvnNm" : "충청남도"				,"signguCd" : "44760"				,"signguNm" : "부여군"				,"adongCd" : "4476040000"				,"adongNm" : "양화면"				,"stdrDt" : "2015-12-17"				}				,{				"ctprvnCd" : "44"				,"ctprvnNm" : "충청남도"				,"signguCd" : "44760"				,"signguNm" : "부여군"				,"adongCd" : "4476037000"				,"adongNm" : "옥산면"				,"stdrDt" : "2015-12-17"				}				,{				"ctprvnCd" : "44"				,"ctprvnNm" : "충청남도"				,"signguCd" : "44760"				,"signguNm" : "부여군"				,"adongCd" : "4476033000"				,"adongNm" : "외산면"				,"stdrDt" : "2015-12-17"				}				,{				"ctprvnCd" : "44"				,"ctprvnNm" : "충청남도"				,"signguCd" : "44760"				,"signguNm" : "부여군"				,"adongCd" : "4476032000"				,"adongNm" : "은산면"				,"stdrDt" : "2015-12-17"				}				,{				"ctprvnCd" : "44"				,"ctprvnNm" : "충청남도"				,"signguCd" : "44760"				,"signguNm" : "부여군"				,"adongCd" : "4476041000"				,"adongNm" : "임천면"				,"stdrDt" : "2015-12-17"				}				,{				"ctprvnCd" : "44"				,"ctprvnNm" : "충청남도"				,"signguCd" : "44760"				,"signguNm" : "부여군"				,"adongCd" : "4476042000"				,"adongNm" : "장암면"				,"stdrDt" : "2015-12-17"				}				,{				"ctprvnCd" : "44"				,"ctprvnNm" : "충청남도"				,"signguCd" : "44760"				,"signguNm" : "부여군"				,"adongCd" : "4476045000"				,"adongNm" : "초촌면"				,"stdrDt" : "2015-12-17"				}				,{				"ctprvnCd" : "44"				,"ctprvnNm" : "충청남도"				,"signguCd" : "44760"				,"signguNm" : "부여군"				,"adongCd" : "4476039000"				,"adongNm" : "충화면"				,"stdrDt" : "2015-12-17"				}				,{				"ctprvnCd" : "44"				,"ctprvnNm" : "충청남도"				,"signguCd" : "44760"				,"signguNm" : "부여군"				,"adongCd" : "4476036000"				,"adongNm" : "홍산면"				,"stdrDt" : "2015-12-17"				}			]	}}