{	"header" : {		"description" : "소상공인시장진흥공단 상권정보 행정동 코드"		,"columns" : ["시도코드","시도명","시군구코드","시군구명","행정동코드","행정동명","기준일자"]		,"resultCode" : "00"		,"resultMsg" : "NORMAL SERVICE"	},	"body" : {			"items" : [				{				"ctprvnCd" : "44"				,"ctprvnNm" : "충청남도"				,"signguCd" : "44770"				,"signguNm" : "서천군"				,"adongCd" : "4477033000"				,"adongNm" : "기산면"				,"stdrDt" : "2015-12-17"				}				,{				"ctprvnCd" : "44"				,"ctprvnNm" : "충청남도"				,"signguCd" : "44770"				,"signguNm" : "서천군"				,"adongCd" : "4477035000"				,"adongNm" : "마산면"				,"stdrDt" : "2015-12-17"				}				,{				"ctprvnCd" : "44"				,"ctprvnNm" : "충청남도"				,"signguCd" : "44770"				,"signguNm" : "서천군"				,"adongCd" : "4477031000"				,"adongNm" : "마서면"				,"stdrDt" : "2015-12-17"				}				,{				"ctprvnCd" : "44"				,"ctprvnNm" : "충청남도"				,"signguCd" : "44770"				,"signguNm" : "서천군"				,"adongCd" : "4477037000"				,"adongNm" : "문산면"				,"stdrDt" : "2015-12-17"				}				,{				"ctprvnCd" : "44"				,"ctprvnNm" : "충청남도"				,"signguCd" : "44770"				,"signguNm" : "서천군"				,"adongCd" : "4477040000"				,"adongNm" : "비인면"				,"stdrDt" : "2015-12-17"				}				,{				"ctprvnCd" : "44"				,"ctprvnNm" : "충청남도"				,"signguCd" : "44770"				,"signguNm" : "서천군"				,"adongCd" : "4477041000"				,"adongNm" : "서면"				,"stdrDt" : "2015-12-17"				}				,{				"ctprvnCd" : "44"				,"ctprvnNm" : "충청남도"				,"signguCd" : "44770"				,"signguNm" : "서천군"				,"adongCd" : "4477025300"				,"adongNm" : "서천읍"				,"stdrDt" : "2015-12-17"				}				,{				"ctprvnCd" : "44"				,"ctprvnNm" : "충청남도"				,"signguCd" : "44770"				,"signguNm" : "서천군"				,"adongCd" : "4477036000"				,"adongNm" : "시초면"				,"stdrDt" : "2015-12-17"				}				,{				"ctprvnCd" : "44"				,"ctprvnNm" : "충청남도"				,"signguCd" : "44770"				,"signguNm" : "서천군"				,"adongCd" : "4477025000"				,"adongNm" : "장항읍"				,"stdrDt" : "2015-12-17"				}				,{				"ctprvnCd" : "44"				,"ctprvnNm" : "충청남도"				,"signguCd" : "44770"				,"signguNm" : "서천군"				,"adongCd" : "4477039000"				,"adongNm" : "종천면"				,"stdrDt" : "2015-12-17"				}				,{				"ctprvnCd" : "44"				,"ctprvnNm" : "충청남도"				,"signguCd" : "44770"				,"signguNm" : "서천군"				,"adongCd" : "4477038000"				,"adongNm" : "판교면"				,"stdrDt" : "2015-12-17"				}				,{				"ctprvnCd" : "44"				,"ctprvnNm" : "충청남도"				,"signguCd" : "44770"				,"signguNm" : "서천군"				,"adongCd" : "4477034000"				,"adongNm" : "한산면"				,"stdrDt" : "2015-12-17"				}				,{				"ctprvnCd" : "44"				,"ctprvnNm" : "충청남도"				,"signguCd" : "44770"				,"signguNm" : "서천군"				,"adongCd" : "4477032000"				,"adongNm" : "화양면"				,"stdrDt" : "2015-12-17"				}			]	}}