{	"header" : {		"description" : "소상공인시장진흥공단 상권정보 행정동 코드"		,"columns" : ["시도코드","시도명","시군구코드","시군구명","행정동코드","행정동명","기준일자"]		,"resultCode" : "00"		,"resultMsg" : "NORMAL SERVICE"	},	"body" : {			"items" : [				{				"ctprvnCd" : "44"				,"ctprvnNm" : "충청남도"				,"signguCd" : "44790"				,"signguNm" : "청양군"				,"adongCd" : "4479037000"				,"adongNm" : "남양면"				,"stdrDt" : "2015-12-17"				}				,{				"ctprvnCd" : "44"				,"ctprvnNm" : "충청남도"				,"signguCd" : "44790"				,"signguNm" : "청양군"				,"adongCd" : "4479032000"				,"adongNm" : "대치면"				,"stdrDt" : "2015-12-17"				}				,{				"ctprvnCd" : "44"				,"ctprvnNm" : "충청남도"				,"signguCd" : "44790"				,"signguNm" : "청양군"				,"adongCd" : "4479034000"				,"adongNm" : "목면"				,"stdrDt" : "2015-12-17"				}				,{				"ctprvnCd" : "44"				,"ctprvnNm" : "충청남도"				,"signguCd" : "44790"				,"signguNm" : "청양군"				,"adongCd" : "4479039000"				,"adongNm" : "비봉면"				,"stdrDt" : "2015-12-17"				}				,{				"ctprvnCd" : "44"				,"ctprvnNm" : "충청남도"				,"signguCd" : "44790"				,"signguNm" : "청양군"				,"adongCd" : "4479031000"				,"adongNm" : "운곡면"				,"stdrDt" : "2015-12-17"				}				,{				"ctprvnCd" : "44"				,"ctprvnNm" : "충청남도"				,"signguCd" : "44790"				,"signguNm" : "청양군"				,"adongCd" : "4479036000"				,"adongNm" : "장평면"				,"stdrDt" : "2015-12-17"				}				,{				"ctprvnCd" : "44"				,"ctprvnNm" : "충청남도"				,"signguCd" : "44790"				,"signguNm" : "청양군"				,"adongCd" : "4479033000"				,"adongNm" : "정산면"				,"stdrDt" : "2015-12-17"				}				,{				"ctprvnCd" : "44"				,"ctprvnNm" : "충청남도"				,"signguCd" : "44790"				,"signguNm" : "청양군"				,"adongCd" : "4479035000"				,"adongNm" : "청남면"				,"stdrDt" : "2015-12-17"				}				,{				"ctprvnCd" : "44"				,"ctprvnNm" : "충청남도"				,"signguCd" : "44790"				,"signguNm" : "청양군"				,"adongCd" : "4479025000"				,"adongNm" : "청양읍"				,"stdrDt" : "2015-12-17"				}				,{				"ctprvnCd" : "44"				,"ctprvnNm" : "충청남도"				,"signguCd" : "44790"				,"signguNm" : "청양군"				,"adongCd" : "4479038000"				,"adongNm" : "화성면"				,"stdrDt" : "2015-12-17"				}			]	}}