{	"header" : {		"description" : "소상공인시장진흥공단 상권정보 행정동 코드"		,"columns" : ["시도코드","시도명","시군구코드","시군구명","행정동코드","행정동명","기준일자"]		,"resultCode" : "00"		,"resultMsg" : "NORMAL SERVICE"	},	"body" : {			"items" : [				{				"ctprvnCd" : "44"				,"ctprvnNm" : "충청남도"				,"signguCd" : "44800"				,"signguNm" : "홍성군"				,"adongCd" : "4480038000"				,"adongNm" : "갈산면"				,"stdrDt" : "2015-12-17"				}				,{				"ctprvnCd" : "44"				,"ctprvnNm" : "충청남도"				,"signguCd" : "44800"				,"signguNm" : "홍성군"				,"adongCd" : "4480036000"				,"adongNm" : "결성면"				,"stdrDt" : "2015-12-17"				}				,{				"ctprvnCd" : "44"				,"ctprvnNm" : "충청남도"				,"signguCd" : "44800"				,"signguNm" : "홍성군"				,"adongCd" : "4480025300"				,"adongNm" : "광천읍"				,"stdrDt" : "2015-12-17"				}				,{				"ctprvnCd" : "44"				,"ctprvnNm" : "충청남도"				,"signguCd" : "44800"				,"signguNm" : "홍성군"				,"adongCd" : "4480039000"				,"adongNm" : "구항면"				,"stdrDt" : "2015-12-17"				}				,{				"ctprvnCd" : "44"				,"ctprvnNm" : "충청남도"				,"signguCd" : "44800"				,"signguNm" : "홍성군"				,"adongCd" : "4480032000"				,"adongNm" : "금마면"				,"stdrDt" : "2015-12-17"				}				,{				"ctprvnCd" : "44"				,"ctprvnNm" : "충청남도"				,"signguCd" : "44800"				,"signguNm" : "홍성군"				,"adongCd" : "4480037000"				,"adongNm" : "서부면"				,"stdrDt" : "2015-12-17"				}				,{				"ctprvnCd" : "44"				,"ctprvnNm" : "충청남도"				,"signguCd" : "44800"				,"signguNm" : "홍성군"				,"adongCd" : "4480035000"				,"adongNm" : "은하면"				,"stdrDt" : "2015-12-17"				}				,{				"ctprvnCd" : "44"				,"ctprvnNm" : "충청남도"				,"signguCd" : "44800"				,"signguNm" : "홍성군"				,"adongCd" : "4480034000"				,"adongNm" : "장곡면"				,"stdrDt" : "2015-12-17"				}				,{				"ctprvnCd" : "44"				,"ctprvnNm" : "충청남도"				,"signguCd" : "44800"				,"signguNm" : "홍성군"				,"adongCd" : "4480033000"				,"adongNm" : "홍동면"				,"stdrDt" : "2015-12-17"				}				,{				"ctprvnCd" : "44"				,"ctprvnNm" : "충청남도"				,"signguCd" : "44800"				,"signguNm" : "홍성군"				,"adongCd" : "4480025600"				,"adongNm" : "홍북읍"				,"stdrDt" : "2015-12-17"				}				,{				"ctprvnCd" : "44"				,"ctprvnNm" : "충청남도"				,"signguCd" : "44800"				,"signguNm" : "홍성군"				,"adongCd" : "4480025000"				,"adongNm" : "홍성읍"				,"stdrDt" : "2015-12-17"				}			]	}}