{	"header" : {		"description" : "소상공인시장진흥공단 상권정보 행정동 코드"		,"columns" : ["시도코드","시도명","시군구코드","시군구명","행정동코드","행정동명","기준일자"]		,"resultCode" : "00"		,"resultMsg" : "NORMAL SERVICE"	},	"body" : {			"items" : [				{				"ctprvnCd" : "44"				,"ctprvnNm" : "충청남도"				,"signguCd" : "44810"				,"signguNm" : "예산군"				,"adongCd" : "4481038000"				,"adongNm" : "고덕면"				,"stdrDt" : "2015-12-17"				}				,{				"ctprvnCd" : "44"				,"ctprvnNm" : "충청남도"				,"signguCd" : "44810"				,"signguNm" : "예산군"				,"adongCd" : "4481033000"				,"adongNm" : "광시면"				,"stdrDt" : "2015-12-17"				}				,{				"ctprvnCd" : "44"				,"ctprvnNm" : "충청남도"				,"signguCd" : "44810"				,"signguNm" : "예산군"				,"adongCd" : "4481031000"				,"adongNm" : "대술면"				,"stdrDt" : "2015-12-17"				}				,{				"ctprvnCd" : "44"				,"ctprvnNm" : "충청남도"				,"signguCd" : "44810"				,"signguNm" : "예산군"				,"adongCd" : "4481034000"				,"adongNm" : "대흥면"				,"stdrDt" : "2015-12-17"				}				,{				"ctprvnCd" : "44"				,"ctprvnNm" : "충청남도"				,"signguCd" : "44810"				,"signguNm" : "예산군"				,"adongCd" : "4481036000"				,"adongNm" : "덕산면"				,"stdrDt" : "2015-12-17"				}				,{				"ctprvnCd" : "44"				,"ctprvnNm" : "충청남도"				,"signguCd" : "44810"				,"signguNm" : "예산군"				,"adongCd" : "4481037000"				,"adongNm" : "봉산면"				,"stdrDt" : "2015-12-17"				}				,{				"ctprvnCd" : "44"				,"ctprvnNm" : "충청남도"				,"signguCd" : "44810"				,"signguNm" : "예산군"				,"adongCd" : "4481025300"				,"adongNm" : "삽교읍"				,"stdrDt" : "2015-12-17"				}				,{				"ctprvnCd" : "44"				,"ctprvnNm" : "충청남도"				,"signguCd" : "44810"				,"signguNm" : "예산군"				,"adongCd" : "4481039000"				,"adongNm" : "신암면"				,"stdrDt" : "2015-12-17"				}				,{				"ctprvnCd" : "44"				,"ctprvnNm" : "충청남도"				,"signguCd" : "44810"				,"signguNm" : "예산군"				,"adongCd" : "4481032000"				,"adongNm" : "신양면"				,"stdrDt" : "2015-12-17"				}				,{				"ctprvnCd" : "44"				,"ctprvnNm" : "충청남도"				,"signguCd" : "44810"				,"signguNm" : "예산군"				,"adongCd" : "4481025000"				,"adongNm" : "예산읍"				,"stdrDt" : "2015-12-17"				}				,{				"ctprvnCd" : "44"				,"ctprvnNm" : "충청남도"				,"signguCd" : "44810"				,"signguNm" : "예산군"				,"adongCd" : "4481040000"				,"adongNm" : "오가면"				,"stdrDt" : "2015-12-17"				}				,{				"ctprvnCd" : "44"				,"ctprvnNm" : "충청남도"				,"signguCd" : "44810"				,"signguNm" : "예산군"				,"adongCd" : "4481035000"				,"adongNm" : "응봉면"				,"stdrDt" : "2015-12-17"				}			]	}}