{	"header" : {		"description" : "소상공인시장진흥공단 상권정보 행정동 코드"		,"columns" : ["시도코드","시도명","시군구코드","시군구명","행정동코드","행정동명","기준일자"]		,"resultCode" : "00"		,"resultMsg" : "NORMAL SERVICE"	},	"body" : {			"items" : [				{				"ctprvnCd" : "44"				,"ctprvnNm" : "충청남도"				,"signguCd" : "44825"				,"signguNm" : "태안군"				,"adongCd" : "4482531000"				,"adongNm" : "고남면"				,"stdrDt" : "2015-12-17"				}				,{				"ctprvnCd" : "44"				,"ctprvnNm" : "충청남도"				,"signguCd" : "44825"				,"signguNm" : "태안군"				,"adongCd" : "4482533000"				,"adongNm" : "근흥면"				,"stdrDt" : "2015-12-17"				}				,{				"ctprvnCd" : "44"				,"ctprvnNm" : "충청남도"				,"signguCd" : "44825"				,"signguNm" : "태안군"				,"adongCd" : "4482532000"				,"adongNm" : "남면"				,"stdrDt" : "2015-12-17"				}				,{				"ctprvnCd" : "44"				,"ctprvnNm" : "충청남도"				,"signguCd" : "44825"				,"signguNm" : "태안군"				,"adongCd" : "4482534000"				,"adongNm" : "소원면"				,"stdrDt" : "2015-12-17"				}				,{				"ctprvnCd" : "44"				,"ctprvnNm" : "충청남도"				,"signguCd" : "44825"				,"signguNm" : "태안군"				,"adongCd" : "4482525300"				,"adongNm" : "안면읍"				,"stdrDt" : "2015-12-17"				}				,{				"ctprvnCd" : "44"				,"ctprvnNm" : "충청남도"				,"signguCd" : "44825"				,"signguNm" : "태안군"				,"adongCd" : "4482535000"				,"adongNm" : "원북면"				,"stdrDt" : "2015-12-17"				}				,{				"ctprvnCd" : "44"				,"ctprvnNm" : "충청남도"				,"signguCd" : "44825"				,"signguNm" : "태안군"				,"adongCd" : "4482536000"				,"adongNm" : "이원면"				,"stdrDt" : "2015-12-17"				}				,{				"ctprvnCd" : "44"				,"ctprvnNm" : "충청남도"				,"signguCd" : "44825"				,"signguNm" : "태안군"				,"adongCd" : "4482525000"				,"adongNm" : "태안읍"				,"stdrDt" : "2015-12-17"				}			]	}}