{	"header" : {		"description" : "소상공인시장진흥공단 상권정보 행정동 코드"		,"columns" : ["시도코드","시도명","시군구코드","시군구명","행정동코드","행정동명","기준일자"]		,"resultCode" : "00"		,"resultMsg" : "NORMAL SERVICE"	},	"body" : {			"items" : [				{				"ctprvnCd" : "45"				,"ctprvnNm" : "전라북도"				,"signguCd" : "45113"				,"signguNm" : "전주시 덕진구"				,"adongCd" : "4511358000"				,"adongNm" : "금암1동"				,"stdrDt" : "2015-12-17"				}				,{				"ctprvnCd" : "45"				,"ctprvnNm" : "전라북도"				,"signguCd" : "45113"				,"signguNm" : "전주시 덕진구"				,"adongCd" : "4511359000"				,"adongNm" : "금암2동"				,"stdrDt" : "2015-12-17"				}				,{				"ctprvnCd" : "45"				,"ctprvnNm" : "전라북도"				,"signguCd" : "45113"				,"signguNm" : "전주시 덕진구"				,"adongCd" : "4511357000"				,"adongNm" : "덕진동"				,"stdrDt" : "2015-12-17"				}				,{				"ctprvnCd" : "45"				,"ctprvnNm" : "전라북도"				,"signguCd" : "45113"				,"signguNm" : "전주시 덕진구"				,"adongCd" : "4511366000"				,"adongNm" : "동산동"				,"stdrDt" : "2015-12-17"				}				,{				"ctprvnCd" : "45"				,"ctprvnNm" : "전라북도"				,"signguCd" : "45113"				,"signguNm" : "전주시 덕진구"				,"adongCd" : "4511364100"				,"adongNm" : "송천1동"				,"stdrDt" : "2015-12-17"				}				,{				"ctprvnCd" : "45"				,"ctprvnNm" : "전라북도"				,"signguCd" : "45113"				,"signguNm" : "전주시 덕진구"				,"adongCd" : "4511364200"				,"adongNm" : "송천2동"				,"stdrDt" : "2015-12-17"				}				,{				"ctprvnCd" : "45"				,"ctprvnNm" : "전라북도"				,"signguCd" : "45113"				,"signguNm" : "전주시 덕진구"				,"adongCd" : "4511361100"				,"adongNm" : "우아1동"				,"stdrDt" : "2015-12-17"				}				,{				"ctprvnCd" : "45"				,"ctprvnNm" : "전라북도"				,"signguCd" : "45113"				,"signguNm" : "전주시 덕진구"				,"adongCd" : "4511361200"				,"adongNm" : "우아2동"				,"stdrDt" : "2015-12-17"				}				,{				"ctprvnCd" : "45"				,"ctprvnNm" : "전라북도"				,"signguCd" : "45113"				,"signguNm" : "전주시 덕진구"				,"adongCd" : "4511354000"				,"adongNm" : "인후1동"				,"stdrDt" : "2015-12-17"				}				,{				"ctprvnCd" : "45"				,"ctprvnNm" : "전라북도"				,"signguCd" : "45113"				,"signguNm" : "전주시 덕진구"				,"adongCd" : "4511355000"				,"adongNm" : "인후2동"				,"stdrDt" : "2015-12-17"				}				,{				"ctprvnCd" : "45"				,"ctprvnNm" : "전라북도"				,"signguCd" : "45113"				,"signguNm" : "전주시 덕진구"				,"adongCd" : "4511356000"				,"adongNm" : "인후3동"				,"stdrDt" : "2015-12-17"				}				,{				"ctprvnCd" : "45"				,"ctprvnNm" : "전라북도"				,"signguCd" : "45113"				,"signguNm" : "전주시 덕진구"				,"adongCd" : "4511365000"				,"adongNm" : "조촌동"				,"stdrDt" : "2015-12-17"				}				,{				"ctprvnCd" : "45"				,"ctprvnNm" : "전라북도"				,"signguCd" : "45113"				,"signguNm" : "전주시 덕진구"				,"adongCd" : "4511352500"				,"adongNm" : "진북동"				,"stdrDt" : "2015-12-17"				}				,{				"ctprvnCd" : "45"				,"ctprvnNm" : "전라북도"				,"signguCd" : "45113"				,"signguNm" : "전주시 덕진구"				,"adongCd" : "4511360000"				,"adongNm" : "팔복동"				,"stdrDt" : "2015-12-17"				}				,{				"ctprvnCd" : "45"				,"ctprvnNm" : "전라북도"				,"signguCd" : "45113"				,"signguNm" : "전주시 덕진구"				,"adongCd" : "4511367000"				,"adongNm" : "혁신동"				,"stdrDt" : "2015-12-17"				}				,{				"ctprvnCd" : "45"				,"ctprvnNm" : "전라북도"				,"signguCd" : "45113"				,"signguNm" : "전주시 덕진구"				,"adongCd" : "4511362000"				,"adongNm" : "호성동"				,"stdrDt" : "2015-12-17"				}			]	}}