{	"header" : {		"description" : "소상공인시장진흥공단 상권정보 행정동 코드"		,"columns" : ["시도코드","시도명","시군구코드","시군구명","행정동코드","행정동명","기준일자"]		,"resultCode" : "00"		,"resultMsg" : "NORMAL SERVICE"	},	"body" : {			"items" : [				{				"ctprvnCd" : "45"				,"ctprvnNm" : "전라북도"				,"signguCd" : "45111"				,"signguNm" : "전주시 완산구"				,"adongCd" : "4511160500"				,"adongNm" : "노송동"				,"stdrDt" : "2015-12-17"				}				,{				"ctprvnCd" : "45"				,"ctprvnNm" : "전라북도"				,"signguCd" : "45111"				,"signguNm" : "전주시 완산구"				,"adongCd" : "4511165000"				,"adongNm" : "동서학동"				,"stdrDt" : "2015-12-17"				}				,{				"ctprvnCd" : "45"				,"ctprvnNm" : "전라북도"				,"signguCd" : "45111"				,"signguNm" : "전주시 완산구"				,"adongCd" : "4511170100"				,"adongNm" : "삼천1동"				,"stdrDt" : "2015-12-17"				}				,{				"ctprvnCd" : "45"				,"ctprvnNm" : "전라북도"				,"signguCd" : "45111"				,"signguNm" : "전주시 완산구"				,"adongCd" : "4511170200"				,"adongNm" : "삼천2동"				,"stdrDt" : "2015-12-17"				}				,{				"ctprvnCd" : "45"				,"ctprvnNm" : "전라북도"				,"signguCd" : "45111"				,"signguNm" : "전주시 완산구"				,"adongCd" : "4511170300"				,"adongNm" : "삼천3동"				,"stdrDt" : "2015-12-17"				}				,{				"ctprvnCd" : "45"				,"ctprvnNm" : "전라북도"				,"signguCd" : "45111"				,"signguNm" : "전주시 완산구"				,"adongCd" : "4511166000"				,"adongNm" : "서서학동"				,"stdrDt" : "2015-12-17"				}				,{				"ctprvnCd" : "45"				,"ctprvnNm" : "전라북도"				,"signguCd" : "45111"				,"signguNm" : "전주시 완산구"				,"adongCd" : "4511168000"				,"adongNm" : "서신동"				,"stdrDt" : "2015-12-17"				}				,{				"ctprvnCd" : "45"				,"ctprvnNm" : "전라북도"				,"signguCd" : "45111"				,"signguNm" : "전주시 완산구"				,"adongCd" : "4511163500"				,"adongNm" : "완산동"				,"stdrDt" : "2015-12-17"				}				,{				"ctprvnCd" : "45"				,"ctprvnNm" : "전라북도"				,"signguCd" : "45111"				,"signguNm" : "전주시 완산구"				,"adongCd" : "4511151000"				,"adongNm" : "중앙동"				,"stdrDt" : "2015-12-17"				}				,{				"ctprvnCd" : "45"				,"ctprvnNm" : "전라북도"				,"signguCd" : "45111"				,"signguNm" : "전주시 완산구"				,"adongCd" : "4511167100"				,"adongNm" : "중화산1동"				,"stdrDt" : "2015-12-17"				}				,{				"ctprvnCd" : "45"				,"ctprvnNm" : "전라북도"				,"signguCd" : "45111"				,"signguNm" : "전주시 완산구"				,"adongCd" : "4511167200"				,"adongNm" : "중화산2동"				,"stdrDt" : "2015-12-17"				}				,{				"ctprvnCd" : "45"				,"ctprvnNm" : "전라북도"				,"signguCd" : "45111"				,"signguNm" : "전주시 완산구"				,"adongCd" : "4511169100"				,"adongNm" : "평화1동"				,"stdrDt" : "2015-12-17"				}				,{				"ctprvnCd" : "45"				,"ctprvnNm" : "전라북도"				,"signguCd" : "45111"				,"signguNm" : "전주시 완산구"				,"adongCd" : "4511169200"				,"adongNm" : "평화2동"				,"stdrDt" : "2015-12-17"				}				,{				"ctprvnCd" : "45"				,"ctprvnNm" : "전라북도"				,"signguCd" : "45111"				,"signguNm" : "전주시 완산구"				,"adongCd" : "4511153000"				,"adongNm" : "풍남동"				,"stdrDt" : "2015-12-17"				}				,{				"ctprvnCd" : "45"				,"ctprvnNm" : "전라북도"				,"signguCd" : "45111"				,"signguNm" : "전주시 완산구"				,"adongCd" : "4511171100"				,"adongNm" : "효자1동"				,"stdrDt" : "2015-12-17"				}				,{				"ctprvnCd" : "45"				,"ctprvnNm" : "전라북도"				,"signguCd" : "45111"				,"signguNm" : "전주시 완산구"				,"adongCd" : "4511171200"				,"adongNm" : "효자2동"				,"stdrDt" : "2015-12-17"				}				,{				"ctprvnCd" : "45"				,"ctprvnNm" : "전라북도"				,"signguCd" : "45111"				,"signguNm" : "전주시 완산구"				,"adongCd" : "4511171300"				,"adongNm" : "효자3동"				,"stdrDt" : "2015-12-17"				}				,{				"ctprvnCd" : "45"				,"ctprvnNm" : "전라북도"				,"signguCd" : "45111"				,"signguNm" : "전주시 완산구"				,"adongCd" : "4511171400"				,"adongNm" : "효자4동"				,"stdrDt" : "2015-12-17"				}				,{				"ctprvnCd" : "45"				,"ctprvnNm" : "전라북도"				,"signguCd" : "45111"				,"signguNm" : "전주시 완산구"				,"adongCd" : "4511173000"				,"adongNm" : "효자5동"				,"stdrDt" : "2015-12-17"				}			]	}}