{	"header" : {		"description" : "소상공인시장진흥공단 상권정보 행정동 코드"		,"columns" : ["시도코드","시도명","시군구코드","시군구명","행정동코드","행정동명","기준일자"]		,"resultCode" : "00"		,"resultMsg" : "NORMAL SERVICE"	},	"body" : {			"items" : [				{				"ctprvnCd" : "45"				,"ctprvnNm" : "전라북도"				,"signguCd" : "45130"				,"signguNm" : "군산시"				,"adongCd" : "4513068000"				,"adongNm" : "개정동"				,"stdrDt" : "2015-12-17"				}				,{				"ctprvnCd" : "45"				,"ctprvnNm" : "전라북도"				,"signguCd" : "45130"				,"signguNm" : "군산시"				,"adongCd" : "4513036000"				,"adongNm" : "개정면"				,"stdrDt" : "2015-12-17"				}				,{				"ctprvnCd" : "45"				,"ctprvnNm" : "전라북도"				,"signguCd" : "45130"				,"signguNm" : "군산시"				,"adongCd" : "4513066000"				,"adongNm" : "경암동"				,"stdrDt" : "2015-12-17"				}				,{				"ctprvnCd" : "45"				,"ctprvnNm" : "전라북도"				,"signguCd" : "45130"				,"signguNm" : "군산시"				,"adongCd" : "4513067000"				,"adongNm" : "구암동"				,"stdrDt" : "2015-12-17"				}				,{				"ctprvnCd" : "45"				,"ctprvnNm" : "전라북도"				,"signguCd" : "45130"				,"signguNm" : "군산시"				,"adongCd" : "4513070100"				,"adongNm" : "나운1동"				,"stdrDt" : "2015-12-17"				}				,{				"ctprvnCd" : "45"				,"ctprvnNm" : "전라북도"				,"signguCd" : "45130"				,"signguNm" : "군산시"				,"adongCd" : "4513070200"				,"adongNm" : "나운2동"				,"stdrDt" : "2015-12-17"				}				,{				"ctprvnCd" : "45"				,"ctprvnNm" : "전라북도"				,"signguCd" : "45130"				,"signguNm" : "군산시"				,"adongCd" : "4513070300"				,"adongNm" : "나운3동"				,"stdrDt" : "2015-12-17"				}				,{				"ctprvnCd" : "45"				,"ctprvnNm" : "전라북도"				,"signguCd" : "45130"				,"signguNm" : "군산시"				,"adongCd" : "4513038000"				,"adongNm" : "나포면"				,"stdrDt" : "2015-12-17"				}				,{				"ctprvnCd" : "45"				,"ctprvnNm" : "전라북도"				,"signguCd" : "45130"				,"signguNm" : "군산시"				,"adongCd" : "4513035000"				,"adongNm" : "대야면"				,"stdrDt" : "2015-12-17"				}				,{				"ctprvnCd" : "45"				,"ctprvnNm" : "전라북도"				,"signguCd" : "45130"				,"signguNm" : "군산시"				,"adongCd" : "4513072000"				,"adongNm" : "미성동"				,"stdrDt" : "2015-12-17"				}				,{				"ctprvnCd" : "45"				,"ctprvnNm" : "전라북도"				,"signguCd" : "45130"				,"signguNm" : "군산시"				,"adongCd" : "4513056000"				,"adongNm" : "삼학동"				,"stdrDt" : "2015-12-17"				}				,{				"ctprvnCd" : "45"				,"ctprvnNm" : "전라북도"				,"signguCd" : "45130"				,"signguNm" : "군산시"				,"adongCd" : "4513034000"				,"adongNm" : "서수면"				,"stdrDt" : "2015-12-17"				}				,{				"ctprvnCd" : "45"				,"ctprvnNm" : "전라북도"				,"signguCd" : "45130"				,"signguNm" : "군산시"				,"adongCd" : "4513037000"				,"adongNm" : "성산면"				,"stdrDt" : "2015-12-17"				}				,{				"ctprvnCd" : "45"				,"ctprvnNm" : "전라북도"				,"signguCd" : "45130"				,"signguNm" : "군산시"				,"adongCd" : "4513071000"				,"adongNm" : "소룡동"				,"stdrDt" : "2015-12-17"				}				,{				"ctprvnCd" : "45"				,"ctprvnNm" : "전라북도"				,"signguCd" : "45130"				,"signguNm" : "군산시"				,"adongCd" : "4513069000"				,"adongNm" : "수송동"				,"stdrDt" : "2015-12-17"				}				,{				"ctprvnCd" : "45"				,"ctprvnNm" : "전라북도"				,"signguCd" : "45130"				,"signguNm" : "군산시"				,"adongCd" : "4513055000"				,"adongNm" : "신풍동"				,"stdrDt" : "2015-12-17"				}				,{				"ctprvnCd" : "45"				,"ctprvnNm" : "전라북도"				,"signguCd" : "45130"				,"signguNm" : "군산시"				,"adongCd" : "4513025000"				,"adongNm" : "옥구읍"				,"stdrDt" : "2015-12-17"				}				,{				"ctprvnCd" : "45"				,"ctprvnNm" : "전라북도"				,"signguCd" : "45130"				,"signguNm" : "군산시"				,"adongCd" : "4513039000"				,"adongNm" : "옥도면"				,"stdrDt" : "2015-12-17"				}				,{				"ctprvnCd" : "45"				,"ctprvnNm" : "전라북도"				,"signguCd" : "45130"				,"signguNm" : "군산시"				,"adongCd" : "4513031000"				,"adongNm" : "옥산면"				,"stdrDt" : "2015-12-17"				}				,{				"ctprvnCd" : "45"				,"ctprvnNm" : "전라북도"				,"signguCd" : "45130"				,"signguNm" : "군산시"				,"adongCd" : "4513040000"				,"adongNm" : "옥서면"				,"stdrDt" : "2015-12-17"				}				,{				"ctprvnCd" : "45"				,"ctprvnNm" : "전라북도"				,"signguCd" : "45130"				,"signguNm" : "군산시"				,"adongCd" : "4513053000"				,"adongNm" : "월명동"				,"stdrDt" : "2015-12-17"				}				,{				"ctprvnCd" : "45"				,"ctprvnNm" : "전라북도"				,"signguCd" : "45130"				,"signguNm" : "군산시"				,"adongCd" : "4513033000"				,"adongNm" : "임피면"				,"stdrDt" : "2015-12-17"				}				,{				"ctprvnCd" : "45"				,"ctprvnNm" : "전라북도"				,"signguCd" : "45130"				,"signguNm" : "군산시"				,"adongCd" : "4513065000"				,"adongNm" : "조촌동"				,"stdrDt" : "2015-12-17"				}				,{				"ctprvnCd" : "45"				,"ctprvnNm" : "전라북도"				,"signguCd" : "45130"				,"signguNm" : "군산시"				,"adongCd" : "4513060500"				,"adongNm" : "중앙동"				,"stdrDt" : "2015-12-17"				}				,{				"ctprvnCd" : "45"				,"ctprvnNm" : "전라북도"				,"signguCd" : "45130"				,"signguNm" : "군산시"				,"adongCd" : "4513051500"				,"adongNm" : "해신동"				,"stdrDt" : "2015-12-17"				}				,{				"ctprvnCd" : "45"				,"ctprvnNm" : "전라북도"				,"signguCd" : "45130"				,"signguNm" : "군산시"				,"adongCd" : "4513032000"				,"adongNm" : "회현면"				,"stdrDt" : "2015-12-17"				}				,{				"ctprvnCd" : "45"				,"ctprvnNm" : "전라북도"				,"signguCd" : "45130"				,"signguNm" : "군산시"				,"adongCd" : "4513064000"				,"adongNm" : "흥남동"				,"stdrDt" : "2015-12-17"				}			]	}}