{	"header" : {		"description" : "소상공인시장진흥공단 상권정보 행정동 코드"		,"columns" : ["시도코드","시도명","시군구코드","시군구명","행정동코드","행정동명","기준일자"]		,"resultCode" : "00"		,"resultMsg" : "NORMAL SERVICE"	},	"body" : {			"items" : [				{				"ctprvnCd" : "45"				,"ctprvnNm" : "전라북도"				,"signguCd" : "45140"				,"signguNm" : "익산시"				,"adongCd" : "4514040000"				,"adongNm" : "금마면"				,"stdrDt" : "2015-12-17"				}				,{				"ctprvnCd" : "45"				,"ctprvnNm" : "전라북도"				,"signguCd" : "45140"				,"signguNm" : "익산시"				,"adongCd" : "4514059500"				,"adongNm" : "남중동"				,"stdrDt" : "2015-12-17"				}				,{				"ctprvnCd" : "45"				,"ctprvnNm" : "전라북도"				,"signguCd" : "45140"				,"signguNm" : "익산시"				,"adongCd" : "4514037000"				,"adongNm" : "낭산면"				,"stdrDt" : "2015-12-17"				}				,{				"ctprvnCd" : "45"				,"ctprvnNm" : "전라북도"				,"signguCd" : "45140"				,"signguNm" : "익산시"				,"adongCd" : "4514057000"				,"adongNm" : "동산동"				,"stdrDt" : "2015-12-17"				}				,{				"ctprvnCd" : "45"				,"ctprvnNm" : "전라북도"				,"signguCd" : "45140"				,"signguNm" : "익산시"				,"adongCd" : "4514058000"				,"adongNm" : "마동"				,"stdrDt" : "2015-12-17"				}				,{				"ctprvnCd" : "45"				,"ctprvnNm" : "전라북도"				,"signguCd" : "45140"				,"signguNm" : "익산시"				,"adongCd" : "4514038000"				,"adongNm" : "망성면"				,"stdrDt" : "2015-12-17"				}				,{				"ctprvnCd" : "45"				,"ctprvnNm" : "전라북도"				,"signguCd" : "45140"				,"signguNm" : "익산시"				,"adongCd" : "4514061000"				,"adongNm" : "모현동"				,"stdrDt" : "2015-12-17"				}				,{				"ctprvnCd" : "45"				,"ctprvnNm" : "전라북도"				,"signguCd" : "45140"				,"signguNm" : "익산시"				,"adongCd" : "4514043000"				,"adongNm" : "삼기면"				,"stdrDt" : "2015-12-17"				}				,{				"ctprvnCd" : "45"				,"ctprvnNm" : "전라북도"				,"signguCd" : "45140"				,"signguNm" : "익산시"				,"adongCd" : "4514069000"				,"adongNm" : "삼성동"				,"stdrDt" : "2015-12-17"				}				,{				"ctprvnCd" : "45"				,"ctprvnNm" : "전라북도"				,"signguCd" : "45140"				,"signguNm" : "익산시"				,"adongCd" : "4514035000"				,"adongNm" : "성당면"				,"stdrDt" : "2015-12-17"				}				,{				"ctprvnCd" : "45"				,"ctprvnNm" : "전라북도"				,"signguCd" : "45140"				,"signguNm" : "익산시"				,"adongCd" : "4514062000"				,"adongNm" : "송학동"				,"stdrDt" : "2015-12-17"				}				,{				"ctprvnCd" : "45"				,"ctprvnNm" : "전라북도"				,"signguCd" : "45140"				,"signguNm" : "익산시"				,"adongCd" : "4514065600"				,"adongNm" : "신동"				,"stdrDt" : "2015-12-17"				}				,{				"ctprvnCd" : "45"				,"ctprvnNm" : "전라북도"				,"signguCd" : "45140"				,"signguNm" : "익산시"				,"adongCd" : "4514065200"				,"adongNm" : "어양동"				,"stdrDt" : "2015-12-17"				}				,{				"ctprvnCd" : "45"				,"ctprvnNm" : "전라북도"				,"signguCd" : "45140"				,"signguNm" : "익산시"				,"adongCd" : "4514039000"				,"adongNm" : "여산면"				,"stdrDt" : "2015-12-17"				}				,{				"ctprvnCd" : "45"				,"ctprvnNm" : "전라북도"				,"signguCd" : "45140"				,"signguNm" : "익산시"				,"adongCd" : "4514064600"				,"adongNm" : "영등1동"				,"stdrDt" : "2015-12-17"				}				,{				"ctprvnCd" : "45"				,"ctprvnNm" : "전라북도"				,"signguCd" : "45140"				,"signguNm" : "익산시"				,"adongCd" : "4514064700"				,"adongNm" : "영등2동"				,"stdrDt" : "2015-12-17"				}				,{				"ctprvnCd" : "45"				,"ctprvnNm" : "전라북도"				,"signguCd" : "45140"				,"signguNm" : "익산시"				,"adongCd" : "4514031000"				,"adongNm" : "오산면"				,"stdrDt" : "2015-12-17"				}				,{				"ctprvnCd" : "45"				,"ctprvnNm" : "전라북도"				,"signguCd" : "45140"				,"signguNm" : "익산시"				,"adongCd" : "4514041000"				,"adongNm" : "왕궁면"				,"stdrDt" : "2015-12-17"				}				,{				"ctprvnCd" : "45"				,"ctprvnNm" : "전라북도"				,"signguCd" : "45140"				,"signguNm" : "익산시"				,"adongCd" : "4514044000"				,"adongNm" : "용동면"				,"stdrDt" : "2015-12-17"				}				,{				"ctprvnCd" : "45"				,"ctprvnNm" : "전라북도"				,"signguCd" : "45140"				,"signguNm" : "익산시"				,"adongCd" : "4514036000"				,"adongNm" : "용안면"				,"stdrDt" : "2015-12-17"				}				,{				"ctprvnCd" : "45"				,"ctprvnNm" : "전라북도"				,"signguCd" : "45140"				,"signguNm" : "익산시"				,"adongCd" : "4514034000"				,"adongNm" : "웅포면"				,"stdrDt" : "2015-12-17"				}				,{				"ctprvnCd" : "45"				,"ctprvnNm" : "전라북도"				,"signguCd" : "45140"				,"signguNm" : "익산시"				,"adongCd" : "4514056000"				,"adongNm" : "인화동"				,"stdrDt" : "2015-12-17"				}				,{				"ctprvnCd" : "45"				,"ctprvnNm" : "전라북도"				,"signguCd" : "45140"				,"signguNm" : "익산시"				,"adongCd" : "4514052000"				,"adongNm" : "중앙동"				,"stdrDt" : "2015-12-17"				}				,{				"ctprvnCd" : "45"				,"ctprvnNm" : "전라북도"				,"signguCd" : "45140"				,"signguNm" : "익산시"				,"adongCd" : "4514042000"				,"adongNm" : "춘포면"				,"stdrDt" : "2015-12-17"				}				,{				"ctprvnCd" : "45"				,"ctprvnNm" : "전라북도"				,"signguCd" : "45140"				,"signguNm" : "익산시"				,"adongCd" : "4514067000"				,"adongNm" : "팔봉동"				,"stdrDt" : "2015-12-17"				}				,{				"ctprvnCd" : "45"				,"ctprvnNm" : "전라북도"				,"signguCd" : "45140"				,"signguNm" : "익산시"				,"adongCd" : "4514053000"				,"adongNm" : "평화동"				,"stdrDt" : "2015-12-17"				}				,{				"ctprvnCd" : "45"				,"ctprvnNm" : "전라북도"				,"signguCd" : "45140"				,"signguNm" : "익산시"				,"adongCd" : "4514033000"				,"adongNm" : "함라면"				,"stdrDt" : "2015-12-17"				}				,{				"ctprvnCd" : "45"				,"ctprvnNm" : "전라북도"				,"signguCd" : "45140"				,"signguNm" : "익산시"				,"adongCd" : "4514025000"				,"adongNm" : "함열읍"				,"stdrDt" : "2015-12-17"				}				,{				"ctprvnCd" : "45"				,"ctprvnNm" : "전라북도"				,"signguCd" : "45140"				,"signguNm" : "익산시"				,"adongCd" : "4514032000"				,"adongNm" : "황등면"				,"stdrDt" : "2015-12-17"				}			]	}}