{	"header" : {		"description" : "소상공인시장진흥공단 상권정보 행정동 코드"		,"columns" : ["시도코드","시도명","시군구코드","시군구명","행정동코드","행정동명","기준일자"]		,"resultCode" : "00"		,"resultMsg" : "NORMAL SERVICE"	},	"body" : {			"items" : [				{				"ctprvnCd" : "45"				,"ctprvnNm" : "전라북도"				,"signguCd" : "45180"				,"signguNm" : "정읍시"				,"adongCd" : "4518040000"				,"adongNm" : "감곡면"				,"stdrDt" : "2015-12-17"				}				,{				"ctprvnCd" : "45"				,"ctprvnNm" : "전라북도"				,"signguCd" : "45180"				,"signguNm" : "정읍시"				,"adongCd" : "4518034000"				,"adongNm" : "고부면"				,"stdrDt" : "2015-12-17"				}				,{				"ctprvnCd" : "45"				,"ctprvnNm" : "전라북도"				,"signguCd" : "45180"				,"signguNm" : "정읍시"				,"adongCd" : "4518053500"				,"adongNm" : "내장상동"				,"stdrDt" : "2015-12-17"				}				,{				"ctprvnCd" : "45"				,"ctprvnNm" : "전라북도"				,"signguCd" : "45180"				,"signguNm" : "정읍시"				,"adongCd" : "4518058000"				,"adongNm" : "농소동"				,"stdrDt" : "2015-12-17"				}				,{				"ctprvnCd" : "45"				,"ctprvnNm" : "전라북도"				,"signguCd" : "45180"				,"signguNm" : "정읍시"				,"adongCd" : "4518036000"				,"adongNm" : "덕천면"				,"stdrDt" : "2015-12-17"				}				,{				"ctprvnCd" : "45"				,"ctprvnNm" : "전라북도"				,"signguCd" : "45180"				,"signguNm" : "정읍시"				,"adongCd" : "4518031000"				,"adongNm" : "북면"				,"stdrDt" : "2015-12-17"				}				,{				"ctprvnCd" : "45"				,"ctprvnNm" : "전라북도"				,"signguCd" : "45180"				,"signguNm" : "정읍시"				,"adongCd" : "4518043000"				,"adongNm" : "산내면"				,"stdrDt" : "2015-12-17"				}				,{				"ctprvnCd" : "45"				,"ctprvnNm" : "전라북도"				,"signguCd" : "45180"				,"signguNm" : "정읍시"				,"adongCd" : "4518044000"				,"adongNm" : "산외면"				,"stdrDt" : "2015-12-17"				}				,{				"ctprvnCd" : "45"				,"ctprvnNm" : "전라북도"				,"signguCd" : "45180"				,"signguNm" : "정읍시"				,"adongCd" : "4518059500"				,"adongNm" : "상교동"				,"stdrDt" : "2015-12-17"				}				,{				"ctprvnCd" : "45"				,"ctprvnNm" : "전라북도"				,"signguCd" : "45180"				,"signguNm" : "정읍시"				,"adongCd" : "4518033000"				,"adongNm" : "소성면"				,"stdrDt" : "2015-12-17"				}				,{				"ctprvnCd" : "45"				,"ctprvnNm" : "전라북도"				,"signguCd" : "45180"				,"signguNm" : "정읍시"				,"adongCd" : "4518051000"				,"adongNm" : "수성동"				,"stdrDt" : "2015-12-17"				}				,{				"ctprvnCd" : "45"				,"ctprvnNm" : "전라북도"				,"signguCd" : "45180"				,"signguNm" : "정읍시"				,"adongCd" : "4518054500"				,"adongNm" : "시기동"				,"stdrDt" : "2015-12-17"				}				,{				"ctprvnCd" : "45"				,"ctprvnNm" : "전라북도"				,"signguCd" : "45180"				,"signguNm" : "정읍시"				,"adongCd" : "4518025000"				,"adongNm" : "신태인읍"				,"stdrDt" : "2015-12-17"				}				,{				"ctprvnCd" : "45"				,"ctprvnNm" : "전라북도"				,"signguCd" : "45180"				,"signguNm" : "정읍시"				,"adongCd" : "4518057000"				,"adongNm" : "연지동"				,"stdrDt" : "2015-12-17"				}				,{				"ctprvnCd" : "45"				,"ctprvnNm" : "전라북도"				,"signguCd" : "45180"				,"signguNm" : "정읍시"				,"adongCd" : "4518035000"				,"adongNm" : "영원면"				,"stdrDt" : "2015-12-17"				}				,{				"ctprvnCd" : "45"				,"ctprvnNm" : "전라북도"				,"signguCd" : "45180"				,"signguNm" : "정읍시"				,"adongCd" : "4518041000"				,"adongNm" : "옹동면"				,"stdrDt" : "2015-12-17"				}				,{				"ctprvnCd" : "45"				,"ctprvnNm" : "전라북도"				,"signguCd" : "45180"				,"signguNm" : "정읍시"				,"adongCd" : "4518037000"				,"adongNm" : "이평면"				,"stdrDt" : "2015-12-17"				}				,{				"ctprvnCd" : "45"				,"ctprvnNm" : "전라북도"				,"signguCd" : "45180"				,"signguNm" : "정읍시"				,"adongCd" : "4518032000"				,"adongNm" : "입암면"				,"stdrDt" : "2015-12-17"				}				,{				"ctprvnCd" : "45"				,"ctprvnNm" : "전라북도"				,"signguCd" : "45180"				,"signguNm" : "정읍시"				,"adongCd" : "4518052000"				,"adongNm" : "장명동"				,"stdrDt" : "2015-12-17"				}				,{				"ctprvnCd" : "45"				,"ctprvnNm" : "전라북도"				,"signguCd" : "45180"				,"signguNm" : "정읍시"				,"adongCd" : "4518038000"				,"adongNm" : "정우면"				,"stdrDt" : "2015-12-17"				}				,{				"ctprvnCd" : "45"				,"ctprvnNm" : "전라북도"				,"signguCd" : "45180"				,"signguNm" : "정읍시"				,"adongCd" : "4518056500"				,"adongNm" : "초산동"				,"stdrDt" : "2015-12-17"				}				,{				"ctprvnCd" : "45"				,"ctprvnNm" : "전라북도"				,"signguCd" : "45180"				,"signguNm" : "정읍시"				,"adongCd" : "4518042000"				,"adongNm" : "칠보면"				,"stdrDt" : "2015-12-17"				}				,{				"ctprvnCd" : "45"				,"ctprvnNm" : "전라북도"				,"signguCd" : "45180"				,"signguNm" : "정읍시"				,"adongCd" : "4518039000"				,"adongNm" : "태인면"				,"stdrDt" : "2015-12-17"				}			]	}}