{	"header" : {		"description" : "소상공인시장진흥공단 상권정보 행정동 코드"		,"columns" : ["시도코드","시도명","시군구코드","시군구명","행정동코드","행정동명","기준일자"]		,"resultCode" : "00"		,"resultMsg" : "NORMAL SERVICE"	},	"body" : {			"items" : [				{				"ctprvnCd" : "45"				,"ctprvnNm" : "전라북도"				,"signguCd" : "45190"				,"signguNm" : "남원시"				,"adongCd" : "4519055000"				,"adongNm" : "금동"				,"stdrDt" : "2015-12-17"				}				,{				"ctprvnCd" : "45"				,"ctprvnNm" : "전라북도"				,"signguCd" : "45190"				,"signguNm" : "남원시"				,"adongCd" : "4519035000"				,"adongNm" : "금지면"				,"stdrDt" : "2015-12-17"				}				,{				"ctprvnCd" : "45"				,"ctprvnNm" : "전라북도"				,"signguCd" : "45190"				,"signguNm" : "남원시"				,"adongCd" : "4519054000"				,"adongNm" : "노암동"				,"stdrDt" : "2015-12-17"				}				,{				"ctprvnCd" : "45"				,"ctprvnNm" : "전라북도"				,"signguCd" : "45190"				,"signguNm" : "남원시"				,"adongCd" : "4519036000"				,"adongNm" : "대강면"				,"stdrDt" : "2015-12-17"				}				,{				"ctprvnCd" : "45"				,"ctprvnNm" : "전라북도"				,"signguCd" : "45190"				,"signguNm" : "남원시"				,"adongCd" : "4519037000"				,"adongNm" : "대산면"				,"stdrDt" : "2015-12-17"				}				,{				"ctprvnCd" : "45"				,"ctprvnNm" : "전라북도"				,"signguCd" : "45190"				,"signguNm" : "남원시"				,"adongCd" : "4519039000"				,"adongNm" : "덕과면"				,"stdrDt" : "2015-12-17"				}				,{				"ctprvnCd" : "45"				,"ctprvnNm" : "전라북도"				,"signguCd" : "45190"				,"signguNm" : "남원시"				,"adongCd" : "4519059000"				,"adongNm" : "도통동"				,"stdrDt" : "2015-12-17"				}				,{				"ctprvnCd" : "45"				,"ctprvnNm" : "전라북도"				,"signguCd" : "45190"				,"signguNm" : "남원시"				,"adongCd" : "4519051000"				,"adongNm" : "동충동"				,"stdrDt" : "2015-12-17"				}				,{				"ctprvnCd" : "45"				,"ctprvnNm" : "전라북도"				,"signguCd" : "45190"				,"signguNm" : "남원시"				,"adongCd" : "4519040000"				,"adongNm" : "보절면"				,"stdrDt" : "2015-12-17"				}				,{				"ctprvnCd" : "45"				,"ctprvnNm" : "전라북도"				,"signguCd" : "45190"				,"signguNm" : "남원시"				,"adongCd" : "4519038000"				,"adongNm" : "사매면"				,"stdrDt" : "2015-12-17"				}				,{				"ctprvnCd" : "45"				,"ctprvnNm" : "전라북도"				,"signguCd" : "45190"				,"signguNm" : "남원시"				,"adongCd" : "4519046000"				,"adongNm" : "산내면"				,"stdrDt" : "2015-12-17"				}				,{				"ctprvnCd" : "45"				,"ctprvnNm" : "전라북도"				,"signguCd" : "45190"				,"signguNm" : "남원시"				,"adongCd" : "4519041000"				,"adongNm" : "산동면"				,"stdrDt" : "2015-12-17"				}				,{				"ctprvnCd" : "45"				,"ctprvnNm" : "전라북도"				,"signguCd" : "45190"				,"signguNm" : "남원시"				,"adongCd" : "4519033000"				,"adongNm" : "송동면"				,"stdrDt" : "2015-12-17"				}				,{				"ctprvnCd" : "45"				,"ctprvnNm" : "전라북도"				,"signguCd" : "45190"				,"signguNm" : "남원시"				,"adongCd" : "4519032000"				,"adongNm" : "수지면"				,"stdrDt" : "2015-12-17"				}				,{				"ctprvnCd" : "45"				,"ctprvnNm" : "전라북도"				,"signguCd" : "45190"				,"signguNm" : "남원시"				,"adongCd" : "4519045000"				,"adongNm" : "아영면"				,"stdrDt" : "2015-12-17"				}				,{				"ctprvnCd" : "45"				,"ctprvnNm" : "전라북도"				,"signguCd" : "45190"				,"signguNm" : "남원시"				,"adongCd" : "4519056000"				,"adongNm" : "왕정동"				,"stdrDt" : "2015-12-17"				}				,{				"ctprvnCd" : "45"				,"ctprvnNm" : "전라북도"				,"signguCd" : "45190"				,"signguNm" : "남원시"				,"adongCd" : "4519025000"				,"adongNm" : "운봉읍"				,"stdrDt" : "2015-12-17"				}				,{				"ctprvnCd" : "45"				,"ctprvnNm" : "전라북도"				,"signguCd" : "45190"				,"signguNm" : "남원시"				,"adongCd" : "4519042000"				,"adongNm" : "이백면"				,"stdrDt" : "2015-12-17"				}				,{				"ctprvnCd" : "45"				,"ctprvnNm" : "전라북도"				,"signguCd" : "45190"				,"signguNm" : "남원시"				,"adongCd" : "4519047000"				,"adongNm" : "인월면"				,"stdrDt" : "2015-12-17"				}				,{				"ctprvnCd" : "45"				,"ctprvnNm" : "전라북도"				,"signguCd" : "45190"				,"signguNm" : "남원시"				,"adongCd" : "4519034000"				,"adongNm" : "주생면"				,"stdrDt" : "2015-12-17"				}				,{				"ctprvnCd" : "45"				,"ctprvnNm" : "전라북도"				,"signguCd" : "45190"				,"signguNm" : "남원시"				,"adongCd" : "4519031000"				,"adongNm" : "주천면"				,"stdrDt" : "2015-12-17"				}				,{				"ctprvnCd" : "45"				,"ctprvnNm" : "전라북도"				,"signguCd" : "45190"				,"signguNm" : "남원시"				,"adongCd" : "4519052000"				,"adongNm" : "죽항동"				,"stdrDt" : "2015-12-17"				}				,{				"ctprvnCd" : "45"				,"ctprvnNm" : "전라북도"				,"signguCd" : "45190"				,"signguNm" : "남원시"				,"adongCd" : "4519057000"				,"adongNm" : "향교동"				,"stdrDt" : "2015-12-17"				}			]	}}