{	"header" : {		"description" : "소상공인시장진흥공단 상권정보 행정동 코드"		,"columns" : ["시도코드","시도명","시군구코드","시군구명","행정동코드","행정동명","기준일자"]		,"resultCode" : "00"		,"resultMsg" : "NORMAL SERVICE"	},	"body" : {			"items" : [				{				"ctprvnCd" : "45"				,"ctprvnNm" : "전라북도"				,"signguCd" : "45210"				,"signguNm" : "김제시"				,"adongCd" : "4521054000"				,"adongNm" : "검산동"				,"stdrDt" : "2015-12-17"				}				,{				"ctprvnCd" : "45"				,"ctprvnNm" : "전라북도"				,"signguCd" : "45210"				,"signguNm" : "김제시"				,"adongCd" : "4521038000"				,"adongNm" : "공덕면"				,"stdrDt" : "2015-12-17"				}				,{				"ctprvnCd" : "45"				,"ctprvnNm" : "전라북도"				,"signguCd" : "45210"				,"signguNm" : "김제시"				,"adongCd" : "4521046000"				,"adongNm" : "광활면"				,"stdrDt" : "2015-12-17"				}				,{				"ctprvnCd" : "45"				,"ctprvnNm" : "전라북도"				,"signguCd" : "45210"				,"signguNm" : "김제시"				,"adongCd" : "4521058000"				,"adongNm" : "교월동"				,"stdrDt" : "2015-12-17"				}				,{				"ctprvnCd" : "45"				,"ctprvnNm" : "전라북도"				,"signguCd" : "45210"				,"signguNm" : "김제시"				,"adongCd" : "4521042000"				,"adongNm" : "금구면"				,"stdrDt" : "2015-12-17"				}				,{				"ctprvnCd" : "45"				,"ctprvnNm" : "전라북도"				,"signguCd" : "45210"				,"signguNm" : "김제시"				,"adongCd" : "4521045000"				,"adongNm" : "금산면"				,"stdrDt" : "2015-12-17"				}				,{				"ctprvnCd" : "45"				,"ctprvnNm" : "전라북도"				,"signguCd" : "45210"				,"signguNm" : "김제시"				,"adongCd" : "4521025000"				,"adongNm" : "만경읍"				,"stdrDt" : "2015-12-17"				}				,{				"ctprvnCd" : "45"				,"ctprvnNm" : "전라북도"				,"signguCd" : "45210"				,"signguNm" : "김제시"				,"adongCd" : "4521035000"				,"adongNm" : "백구면"				,"stdrDt" : "2015-12-17"				}				,{				"ctprvnCd" : "45"				,"ctprvnNm" : "전라북도"				,"signguCd" : "45210"				,"signguNm" : "김제시"				,"adongCd" : "4521033000"				,"adongNm" : "백산면"				,"stdrDt" : "2015-12-17"				}				,{				"ctprvnCd" : "45"				,"ctprvnNm" : "전라북도"				,"signguCd" : "45210"				,"signguNm" : "김제시"				,"adongCd" : "4521043000"				,"adongNm" : "봉남면"				,"stdrDt" : "2015-12-17"				}				,{				"ctprvnCd" : "45"				,"ctprvnNm" : "전라북도"				,"signguCd" : "45210"				,"signguNm" : "김제시"				,"adongCd" : "4521036000"				,"adongNm" : "부량면"				,"stdrDt" : "2015-12-17"				}				,{				"ctprvnCd" : "45"				,"ctprvnNm" : "전라북도"				,"signguCd" : "45210"				,"signguNm" : "김제시"				,"adongCd" : "4521040000"				,"adongNm" : "성덕면"				,"stdrDt" : "2015-12-17"				}				,{				"ctprvnCd" : "45"				,"ctprvnNm" : "전라북도"				,"signguCd" : "45210"				,"signguNm" : "김제시"				,"adongCd" : "4521052000"				,"adongNm" : "신풍동"				,"stdrDt" : "2015-12-17"				}				,{				"ctprvnCd" : "45"				,"ctprvnNm" : "전라북도"				,"signguCd" : "45210"				,"signguNm" : "김제시"				,"adongCd" : "4521051000"				,"adongNm" : "요촌동"				,"stdrDt" : "2015-12-17"				}				,{				"ctprvnCd" : "45"				,"ctprvnNm" : "전라북도"				,"signguCd" : "45210"				,"signguNm" : "김제시"				,"adongCd" : "4521034000"				,"adongNm" : "용지면"				,"stdrDt" : "2015-12-17"				}				,{				"ctprvnCd" : "45"				,"ctprvnNm" : "전라북도"				,"signguCd" : "45210"				,"signguNm" : "김제시"				,"adongCd" : "4521032000"				,"adongNm" : "죽산면"				,"stdrDt" : "2015-12-17"				}				,{				"ctprvnCd" : "45"				,"ctprvnNm" : "전라북도"				,"signguCd" : "45210"				,"signguNm" : "김제시"				,"adongCd" : "4521041000"				,"adongNm" : "진봉면"				,"stdrDt" : "2015-12-17"				}				,{				"ctprvnCd" : "45"				,"ctprvnNm" : "전라북도"				,"signguCd" : "45210"				,"signguNm" : "김제시"				,"adongCd" : "4521039000"				,"adongNm" : "청하면"				,"stdrDt" : "2015-12-17"				}				,{				"ctprvnCd" : "45"				,"ctprvnNm" : "전라북도"				,"signguCd" : "45210"				,"signguNm" : "김제시"				,"adongCd" : "4521044000"				,"adongNm" : "황산면"				,"stdrDt" : "2015-12-17"				}			]	}}