{	"header" : {		"description" : "소상공인시장진흥공단 상권정보 행정동 코드"		,"columns" : ["시도코드","시도명","시군구코드","시군구명","행정동코드","행정동명","기준일자"]		,"resultCode" : "00"		,"resultMsg" : "NORMAL SERVICE"	},	"body" : {			"items" : [				{				"ctprvnCd" : "45"				,"ctprvnNm" : "전라북도"				,"signguCd" : "45710"				,"signguNm" : "완주군"				,"adongCd" : "4571041000"				,"adongNm" : "경천면"				,"stdrDt" : "2015-12-17"				}				,{				"ctprvnCd" : "45"				,"ctprvnNm" : "전라북도"				,"signguCd" : "45710"				,"signguNm" : "완주군"				,"adongCd" : "4571036000"				,"adongNm" : "고산면"				,"stdrDt" : "2015-12-17"				}				,{				"ctprvnCd" : "45"				,"ctprvnNm" : "전라북도"				,"signguCd" : "45710"				,"signguNm" : "완주군"				,"adongCd" : "4571035000"				,"adongNm" : "구이면"				,"stdrDt" : "2015-12-17"				}				,{				"ctprvnCd" : "45"				,"ctprvnNm" : "전라북도"				,"signguCd" : "45710"				,"signguNm" : "완주군"				,"adongCd" : "4571040000"				,"adongNm" : "동상면"				,"stdrDt" : "2015-12-17"				}				,{				"ctprvnCd" : "45"				,"ctprvnNm" : "전라북도"				,"signguCd" : "45710"				,"signguNm" : "완주군"				,"adongCd" : "4571025300"				,"adongNm" : "봉동읍"				,"stdrDt" : "2015-12-17"				}				,{				"ctprvnCd" : "45"				,"ctprvnNm" : "전라북도"				,"signguCd" : "45710"				,"signguNm" : "완주군"				,"adongCd" : "4571037000"				,"adongNm" : "비봉면"				,"stdrDt" : "2015-12-17"				}				,{				"ctprvnCd" : "45"				,"ctprvnNm" : "전라북도"				,"signguCd" : "45710"				,"signguNm" : "완주군"				,"adongCd" : "4571025000"				,"adongNm" : "삼례읍"				,"stdrDt" : "2015-12-17"				}				,{				"ctprvnCd" : "45"				,"ctprvnNm" : "전라북도"				,"signguCd" : "45710"				,"signguNm" : "완주군"				,"adongCd" : "4571032000"				,"adongNm" : "상관면"				,"stdrDt" : "2015-12-17"				}				,{				"ctprvnCd" : "45"				,"ctprvnNm" : "전라북도"				,"signguCd" : "45710"				,"signguNm" : "완주군"				,"adongCd" : "4571034000"				,"adongNm" : "소양면"				,"stdrDt" : "2015-12-17"				}				,{				"ctprvnCd" : "45"				,"ctprvnNm" : "전라북도"				,"signguCd" : "45710"				,"signguNm" : "완주군"				,"adongCd" : "4571025600"				,"adongNm" : "용진읍"				,"stdrDt" : "2015-12-17"				}				,{				"ctprvnCd" : "45"				,"ctprvnNm" : "전라북도"				,"signguCd" : "45710"				,"signguNm" : "완주군"				,"adongCd" : "4571038000"				,"adongNm" : "운주면"				,"stdrDt" : "2015-12-17"				}				,{				"ctprvnCd" : "45"				,"ctprvnNm" : "전라북도"				,"signguCd" : "45710"				,"signguNm" : "완주군"				,"adongCd" : "4571033000"				,"adongNm" : "이서면"				,"stdrDt" : "2015-12-17"				}				,{				"ctprvnCd" : "45"				,"ctprvnNm" : "전라북도"				,"signguCd" : "45710"				,"signguNm" : "완주군"				,"adongCd" : "4571039000"				,"adongNm" : "화산면"				,"stdrDt" : "2015-12-17"				}			]	}}