{	"header" : {		"description" : "소상공인시장진흥공단 상권정보 행정동 코드"		,"columns" : ["시도코드","시도명","시군구코드","시군구명","행정동코드","행정동명","기준일자"]		,"resultCode" : "00"		,"resultMsg" : "NORMAL SERVICE"	},	"body" : {			"items" : [				{				"ctprvnCd" : "45"				,"ctprvnNm" : "전라북도"				,"signguCd" : "45720"				,"signguNm" : "진안군"				,"adongCd" : "4572033000"				,"adongNm" : "동향면"				,"stdrDt" : "2015-12-17"				}				,{				"ctprvnCd" : "45"				,"ctprvnNm" : "전라북도"				,"signguCd" : "45720"				,"signguNm" : "진안군"				,"adongCd" : "4572037000"				,"adongNm" : "마령면"				,"stdrDt" : "2015-12-17"				}				,{				"ctprvnCd" : "45"				,"ctprvnNm" : "전라북도"				,"signguCd" : "45720"				,"signguNm" : "진안군"				,"adongCd" : "4572035000"				,"adongNm" : "백운면"				,"stdrDt" : "2015-12-17"				}				,{				"ctprvnCd" : "45"				,"ctprvnNm" : "전라북도"				,"signguCd" : "45720"				,"signguNm" : "진안군"				,"adongCd" : "4572038000"				,"adongNm" : "부귀면"				,"stdrDt" : "2015-12-17"				}				,{				"ctprvnCd" : "45"				,"ctprvnNm" : "전라북도"				,"signguCd" : "45720"				,"signguNm" : "진안군"				,"adongCd" : "4572034000"				,"adongNm" : "상전면"				,"stdrDt" : "2015-12-17"				}				,{				"ctprvnCd" : "45"				,"ctprvnNm" : "전라북도"				,"signguCd" : "45720"				,"signguNm" : "진안군"				,"adongCd" : "4572036000"				,"adongNm" : "성수면"				,"stdrDt" : "2015-12-17"				}				,{				"ctprvnCd" : "45"				,"ctprvnNm" : "전라북도"				,"signguCd" : "45720"				,"signguNm" : "진안군"				,"adongCd" : "4572032000"				,"adongNm" : "안천면"				,"stdrDt" : "2015-12-17"				}				,{				"ctprvnCd" : "45"				,"ctprvnNm" : "전라북도"				,"signguCd" : "45720"				,"signguNm" : "진안군"				,"adongCd" : "4572031000"				,"adongNm" : "용담면"				,"stdrDt" : "2015-12-17"				}				,{				"ctprvnCd" : "45"				,"ctprvnNm" : "전라북도"				,"signguCd" : "45720"				,"signguNm" : "진안군"				,"adongCd" : "4572039000"				,"adongNm" : "정천면"				,"stdrDt" : "2015-12-17"				}				,{				"ctprvnCd" : "45"				,"ctprvnNm" : "전라북도"				,"signguCd" : "45720"				,"signguNm" : "진안군"				,"adongCd" : "4572040000"				,"adongNm" : "주천면"				,"stdrDt" : "2015-12-17"				}				,{				"ctprvnCd" : "45"				,"ctprvnNm" : "전라북도"				,"signguCd" : "45720"				,"signguNm" : "진안군"				,"adongCd" : "4572025000"				,"adongNm" : "진안읍"				,"stdrDt" : "2015-12-17"				}			]	}}