{	"header" : {		"description" : "소상공인시장진흥공단 상권정보 행정동 코드"		,"columns" : ["시도코드","시도명","시군구코드","시군구명","행정동코드","행정동명","기준일자"]		,"resultCode" : "00"		,"resultMsg" : "NORMAL SERVICE"	},	"body" : {			"items" : [				{				"ctprvnCd" : "45"				,"ctprvnNm" : "전라북도"				,"signguCd" : "45730"				,"signguNm" : "무주군"				,"adongCd" : "4573025000"				,"adongNm" : "무주읍"				,"stdrDt" : "2015-12-17"				}				,{				"ctprvnCd" : "45"				,"ctprvnNm" : "전라북도"				,"signguCd" : "45730"				,"signguNm" : "무주군"				,"adongCd" : "4573031000"				,"adongNm" : "무풍면"				,"stdrDt" : "2015-12-17"				}				,{				"ctprvnCd" : "45"				,"ctprvnNm" : "전라북도"				,"signguCd" : "45730"				,"signguNm" : "무주군"				,"adongCd" : "4573035000"				,"adongNm" : "부남면"				,"stdrDt" : "2015-12-17"				}				,{				"ctprvnCd" : "45"				,"ctprvnNm" : "전라북도"				,"signguCd" : "45730"				,"signguNm" : "무주군"				,"adongCd" : "4573032000"				,"adongNm" : "설천면"				,"stdrDt" : "2015-12-17"				}				,{				"ctprvnCd" : "45"				,"ctprvnNm" : "전라북도"				,"signguCd" : "45730"				,"signguNm" : "무주군"				,"adongCd" : "4573034000"				,"adongNm" : "안성면"				,"stdrDt" : "2015-12-17"				}				,{				"ctprvnCd" : "45"				,"ctprvnNm" : "전라북도"				,"signguCd" : "45730"				,"signguNm" : "무주군"				,"adongCd" : "4573033000"				,"adongNm" : "적상면"				,"stdrDt" : "2015-12-17"				}			]	}}