{	"header" : {		"description" : "소상공인시장진흥공단 상권정보 행정동 코드"		,"columns" : ["시도코드","시도명","시군구코드","시군구명","행정동코드","행정동명","기준일자"]		,"resultCode" : "00"		,"resultMsg" : "NORMAL SERVICE"	},	"body" : {			"items" : [				{				"ctprvnCd" : "45"				,"ctprvnNm" : "전라북도"				,"signguCd" : "45740"				,"signguNm" : "장수군"				,"adongCd" : "4574035000"				,"adongNm" : "계남면"				,"stdrDt" : "2015-12-17"				}				,{				"ctprvnCd" : "45"				,"ctprvnNm" : "전라북도"				,"signguCd" : "45740"				,"signguNm" : "장수군"				,"adongCd" : "4574036000"				,"adongNm" : "계북면"				,"stdrDt" : "2015-12-17"				}				,{				"ctprvnCd" : "45"				,"ctprvnNm" : "전라북도"				,"signguCd" : "45740"				,"signguNm" : "장수군"				,"adongCd" : "4574032000"				,"adongNm" : "번암면"				,"stdrDt" : "2015-12-17"				}				,{				"ctprvnCd" : "45"				,"ctprvnNm" : "전라북도"				,"signguCd" : "45740"				,"signguNm" : "장수군"				,"adongCd" : "4574031000"				,"adongNm" : "산서면"				,"stdrDt" : "2015-12-17"				}				,{				"ctprvnCd" : "45"				,"ctprvnNm" : "전라북도"				,"signguCd" : "45740"				,"signguNm" : "장수군"				,"adongCd" : "4574033500"				,"adongNm" : "장계면"				,"stdrDt" : "2015-12-17"				}				,{				"ctprvnCd" : "45"				,"ctprvnNm" : "전라북도"				,"signguCd" : "45740"				,"signguNm" : "장수군"				,"adongCd" : "4574025000"				,"adongNm" : "장수읍"				,"stdrDt" : "2015-12-17"				}				,{				"ctprvnCd" : "45"				,"ctprvnNm" : "전라북도"				,"signguCd" : "45740"				,"signguNm" : "장수군"				,"adongCd" : "4574034000"				,"adongNm" : "천천면"				,"stdrDt" : "2015-12-17"				}			]	}}