{	"header" : {		"description" : "소상공인시장진흥공단 상권정보 행정동 코드"		,"columns" : ["시도코드","시도명","시군구코드","시군구명","행정동코드","행정동명","기준일자"]		,"resultCode" : "00"		,"resultMsg" : "NORMAL SERVICE"	},	"body" : {			"items" : [				{				"ctprvnCd" : "45"				,"ctprvnNm" : "전라북도"				,"signguCd" : "45750"				,"signguNm" : "임실군"				,"adongCd" : "4575039000"				,"adongNm" : "강진면"				,"stdrDt" : "2015-12-17"				}				,{				"ctprvnCd" : "45"				,"ctprvnNm" : "전라북도"				,"signguCd" : "45750"				,"signguNm" : "임실군"				,"adongCd" : "4575038000"				,"adongNm" : "관촌면"				,"stdrDt" : "2015-12-17"				}				,{				"ctprvnCd" : "45"				,"ctprvnNm" : "전라북도"				,"signguCd" : "45750"				,"signguNm" : "임실군"				,"adongCd" : "4575040000"				,"adongNm" : "덕치면"				,"stdrDt" : "2015-12-17"				}				,{				"ctprvnCd" : "45"				,"ctprvnNm" : "전라북도"				,"signguCd" : "45750"				,"signguNm" : "임실군"				,"adongCd" : "4575037000"				,"adongNm" : "삼계면"				,"stdrDt" : "2015-12-17"				}				,{				"ctprvnCd" : "45"				,"ctprvnNm" : "전라북도"				,"signguCd" : "45750"				,"signguNm" : "임실군"				,"adongCd" : "4575034000"				,"adongNm" : "성수면"				,"stdrDt" : "2015-12-17"				}				,{				"ctprvnCd" : "45"				,"ctprvnNm" : "전라북도"				,"signguCd" : "45750"				,"signguNm" : "임실군"				,"adongCd" : "4575036000"				,"adongNm" : "신덕면"				,"stdrDt" : "2015-12-17"				}				,{				"ctprvnCd" : "45"				,"ctprvnNm" : "전라북도"				,"signguCd" : "45750"				,"signguNm" : "임실군"				,"adongCd" : "4575033000"				,"adongNm" : "신평면"				,"stdrDt" : "2015-12-17"				}				,{				"ctprvnCd" : "45"				,"ctprvnNm" : "전라북도"				,"signguCd" : "45750"				,"signguNm" : "임실군"				,"adongCd" : "4575035500"				,"adongNm" : "오수면"				,"stdrDt" : "2015-12-17"				}				,{				"ctprvnCd" : "45"				,"ctprvnNm" : "전라북도"				,"signguCd" : "45750"				,"signguNm" : "임실군"				,"adongCd" : "4575032000"				,"adongNm" : "운암면"				,"stdrDt" : "2015-12-17"				}				,{				"ctprvnCd" : "45"				,"ctprvnNm" : "전라북도"				,"signguCd" : "45750"				,"signguNm" : "임실군"				,"adongCd" : "4575025000"				,"adongNm" : "임실읍"				,"stdrDt" : "2015-12-17"				}				,{				"ctprvnCd" : "45"				,"ctprvnNm" : "전라북도"				,"signguCd" : "45750"				,"signguNm" : "임실군"				,"adongCd" : "4575041000"				,"adongNm" : "지사면"				,"stdrDt" : "2015-12-17"				}				,{				"ctprvnCd" : "45"				,"ctprvnNm" : "전라북도"				,"signguCd" : "45750"				,"signguNm" : "임실군"				,"adongCd" : "4575031000"				,"adongNm" : "청웅면"				,"stdrDt" : "2015-12-17"				}			]	}}