{	"header" : {		"description" : "소상공인시장진흥공단 상권정보 행정동 코드"		,"columns" : ["시도코드","시도명","시군구코드","시군구명","행정동코드","행정동명","기준일자"]		,"resultCode" : "00"		,"resultMsg" : "NORMAL SERVICE"	},	"body" : {			"items" : [				{				"ctprvnCd" : "45"				,"ctprvnNm" : "전라북도"				,"signguCd" : "45770"				,"signguNm" : "순창군"				,"adongCd" : "4577040000"				,"adongNm" : "구림면"				,"stdrDt" : "2015-12-17"				}				,{				"ctprvnCd" : "45"				,"ctprvnNm" : "전라북도"				,"signguCd" : "45770"				,"signguNm" : "순창군"				,"adongCd" : "4577034000"				,"adongNm" : "금과면"				,"stdrDt" : "2015-12-17"				}				,{				"ctprvnCd" : "45"				,"ctprvnNm" : "전라북도"				,"signguCd" : "45770"				,"signguNm" : "순창군"				,"adongCd" : "4577032000"				,"adongNm" : "동계면"				,"stdrDt" : "2015-12-17"				}				,{				"ctprvnCd" : "45"				,"ctprvnNm" : "전라북도"				,"signguCd" : "45770"				,"signguNm" : "순창군"				,"adongCd" : "4577037000"				,"adongNm" : "복흥면"				,"stdrDt" : "2015-12-17"				}				,{				"ctprvnCd" : "45"				,"ctprvnNm" : "전라북도"				,"signguCd" : "45770"				,"signguNm" : "순창군"				,"adongCd" : "4577025000"				,"adongNm" : "순창읍"				,"stdrDt" : "2015-12-17"				}				,{				"ctprvnCd" : "45"				,"ctprvnNm" : "전라북도"				,"signguCd" : "45770"				,"signguNm" : "순창군"				,"adongCd" : "4577036000"				,"adongNm" : "쌍치면"				,"stdrDt" : "2015-12-17"				}				,{				"ctprvnCd" : "45"				,"ctprvnNm" : "전라북도"				,"signguCd" : "45770"				,"signguNm" : "순창군"				,"adongCd" : "4577039000"				,"adongNm" : "유등면"				,"stdrDt" : "2015-12-17"				}				,{				"ctprvnCd" : "45"				,"ctprvnNm" : "전라북도"				,"signguCd" : "45770"				,"signguNm" : "순창군"				,"adongCd" : "4577031000"				,"adongNm" : "인계면"				,"stdrDt" : "2015-12-17"				}				,{				"ctprvnCd" : "45"				,"ctprvnNm" : "전라북도"				,"signguCd" : "45770"				,"signguNm" : "순창군"				,"adongCd" : "4577038000"				,"adongNm" : "적성면"				,"stdrDt" : "2015-12-17"				}				,{				"ctprvnCd" : "45"				,"ctprvnNm" : "전라북도"				,"signguCd" : "45770"				,"signguNm" : "순창군"				,"adongCd" : "4577035000"				,"adongNm" : "팔덕면"				,"stdrDt" : "2015-12-17"				}				,{				"ctprvnCd" : "45"				,"ctprvnNm" : "전라북도"				,"signguCd" : "45770"				,"signguNm" : "순창군"				,"adongCd" : "4577033000"				,"adongNm" : "풍산면"				,"stdrDt" : "2015-12-17"				}			]	}}