{	"header" : {		"description" : "소상공인시장진흥공단 상권정보 행정동 코드"		,"columns" : ["시도코드","시도명","시군구코드","시군구명","행정동코드","행정동명","기준일자"]		,"resultCode" : "00"		,"resultMsg" : "NORMAL SERVICE"	},	"body" : {			"items" : [				{				"ctprvnCd" : "45"				,"ctprvnNm" : "전라북도"				,"signguCd" : "45790"				,"signguNm" : "고창군"				,"adongCd" : "4579031000"				,"adongNm" : "고수면"				,"stdrDt" : "2015-12-17"				}				,{				"ctprvnCd" : "45"				,"ctprvnNm" : "전라북도"				,"signguCd" : "45790"				,"signguNm" : "고창군"				,"adongCd" : "4579025000"				,"adongNm" : "고창읍"				,"stdrDt" : "2015-12-17"				}				,{				"ctprvnCd" : "45"				,"ctprvnNm" : "전라북도"				,"signguCd" : "45790"				,"signguNm" : "고창군"				,"adongCd" : "4579034000"				,"adongNm" : "공음면"				,"stdrDt" : "2015-12-17"				}				,{				"ctprvnCd" : "45"				,"ctprvnNm" : "전라북도"				,"signguCd" : "45790"				,"signguNm" : "고창군"				,"adongCd" : "4579038000"				,"adongNm" : "대산면"				,"stdrDt" : "2015-12-17"				}				,{				"ctprvnCd" : "45"				,"ctprvnNm" : "전라북도"				,"signguCd" : "45790"				,"signguNm" : "고창군"				,"adongCd" : "4579033000"				,"adongNm" : "무장면"				,"stdrDt" : "2015-12-17"				}				,{				"ctprvnCd" : "45"				,"ctprvnNm" : "전라북도"				,"signguCd" : "45790"				,"signguNm" : "고창군"				,"adongCd" : "4579043000"				,"adongNm" : "부안면"				,"stdrDt" : "2015-12-17"				}				,{				"ctprvnCd" : "45"				,"ctprvnNm" : "전라북도"				,"signguCd" : "45790"				,"signguNm" : "고창군"				,"adongCd" : "4579035000"				,"adongNm" : "상하면"				,"stdrDt" : "2015-12-17"				}				,{				"ctprvnCd" : "45"				,"ctprvnNm" : "전라북도"				,"signguCd" : "45790"				,"signguNm" : "고창군"				,"adongCd" : "4579041000"				,"adongNm" : "성내면"				,"stdrDt" : "2015-12-17"				}				,{				"ctprvnCd" : "45"				,"ctprvnNm" : "전라북도"				,"signguCd" : "45790"				,"signguNm" : "고창군"				,"adongCd" : "4579037000"				,"adongNm" : "성송면"				,"stdrDt" : "2015-12-17"				}				,{				"ctprvnCd" : "45"				,"ctprvnNm" : "전라북도"				,"signguCd" : "45790"				,"signguNm" : "고창군"				,"adongCd" : "4579042000"				,"adongNm" : "신림면"				,"stdrDt" : "2015-12-17"				}				,{				"ctprvnCd" : "45"				,"ctprvnNm" : "전라북도"				,"signguCd" : "45790"				,"signguNm" : "고창군"				,"adongCd" : "4579039000"				,"adongNm" : "심원면"				,"stdrDt" : "2015-12-17"				}				,{				"ctprvnCd" : "45"				,"ctprvnNm" : "전라북도"				,"signguCd" : "45790"				,"signguNm" : "고창군"				,"adongCd" : "4579032000"				,"adongNm" : "아산면"				,"stdrDt" : "2015-12-17"				}				,{				"ctprvnCd" : "45"				,"ctprvnNm" : "전라북도"				,"signguCd" : "45790"				,"signguNm" : "고창군"				,"adongCd" : "4579036000"				,"adongNm" : "해리면"				,"stdrDt" : "2015-12-17"				}				,{				"ctprvnCd" : "45"				,"ctprvnNm" : "전라북도"				,"signguCd" : "45790"				,"signguNm" : "고창군"				,"adongCd" : "4579040000"				,"adongNm" : "흥덕면"				,"stdrDt" : "2015-12-17"				}			]	}}