{	"header" : {		"description" : "소상공인시장진흥공단 상권정보 행정동 코드"		,"columns" : ["시도코드","시도명","시군구코드","시군구명","행정동코드","행정동명","기준일자"]		,"resultCode" : "00"		,"resultMsg" : "NORMAL SERVICE"	},	"body" : {			"items" : [				{				"ctprvnCd" : "45"				,"ctprvnNm" : "전라북도"				,"signguCd" : "45800"				,"signguNm" : "부안군"				,"adongCd" : "4580034000"				,"adongNm" : "계화면"				,"stdrDt" : "2015-12-17"				}				,{				"ctprvnCd" : "45"				,"ctprvnNm" : "전라북도"				,"signguCd" : "45800"				,"signguNm" : "부안군"				,"adongCd" : "4580032000"				,"adongNm" : "동진면"				,"stdrDt" : "2015-12-17"				}				,{				"ctprvnCd" : "45"				,"ctprvnNm" : "전라북도"				,"signguCd" : "45800"				,"signguNm" : "부안군"				,"adongCd" : "4580038000"				,"adongNm" : "백산면"				,"stdrDt" : "2015-12-17"				}				,{				"ctprvnCd" : "45"				,"ctprvnNm" : "전라북도"				,"signguCd" : "45800"				,"signguNm" : "부안군"				,"adongCd" : "4580036000"				,"adongNm" : "변산면"				,"stdrDt" : "2015-12-17"				}				,{				"ctprvnCd" : "45"				,"ctprvnNm" : "전라북도"				,"signguCd" : "45800"				,"signguNm" : "부안군"				,"adongCd" : "4580035000"				,"adongNm" : "보안면"				,"stdrDt" : "2015-12-17"				}				,{				"ctprvnCd" : "45"				,"ctprvnNm" : "전라북도"				,"signguCd" : "45800"				,"signguNm" : "부안군"				,"adongCd" : "4580025000"				,"adongNm" : "부안읍"				,"stdrDt" : "2015-12-17"				}				,{				"ctprvnCd" : "45"				,"ctprvnNm" : "전라북도"				,"signguCd" : "45800"				,"signguNm" : "부안군"				,"adongCd" : "4580039000"				,"adongNm" : "상서면"				,"stdrDt" : "2015-12-17"				}				,{				"ctprvnCd" : "45"				,"ctprvnNm" : "전라북도"				,"signguCd" : "45800"				,"signguNm" : "부안군"				,"adongCd" : "4580042000"				,"adongNm" : "위도면"				,"stdrDt" : "2015-12-17"				}				,{				"ctprvnCd" : "45"				,"ctprvnNm" : "전라북도"				,"signguCd" : "45800"				,"signguNm" : "부안군"				,"adongCd" : "4580031000"				,"adongNm" : "주산면"				,"stdrDt" : "2015-12-17"				}				,{				"ctprvnCd" : "45"				,"ctprvnNm" : "전라북도"				,"signguCd" : "45800"				,"signguNm" : "부안군"				,"adongCd" : "4580041000"				,"adongNm" : "줄포면"				,"stdrDt" : "2015-12-17"				}				,{				"ctprvnCd" : "45"				,"ctprvnNm" : "전라북도"				,"signguCd" : "45800"				,"signguNm" : "부안군"				,"adongCd" : "4580037000"				,"adongNm" : "진서면"				,"stdrDt" : "2015-12-17"				}				,{				"ctprvnCd" : "45"				,"ctprvnNm" : "전라북도"				,"signguCd" : "45800"				,"signguNm" : "부안군"				,"adongCd" : "4580040000"				,"adongNm" : "하서면"				,"stdrDt" : "2015-12-17"				}				,{				"ctprvnCd" : "45"				,"ctprvnNm" : "전라북도"				,"signguCd" : "45800"				,"signguNm" : "부안군"				,"adongCd" : "4580033000"				,"adongNm" : "행안면"				,"stdrDt" : "2015-12-17"				}			]	}}