{	"header" : {		"description" : "소상공인시장진흥공단 상권정보 행정동 코드"		,"columns" : ["시도코드","시도명","시군구코드","시군구명","행정동코드","행정동명","기준일자"]		,"resultCode" : "00"		,"resultMsg" : "NORMAL SERVICE"	},	"body" : {			"items" : [				{				"ctprvnCd" : "46"				,"ctprvnNm" : "전라남도"				,"signguCd" : "46110"				,"signguNm" : "목포시"				,"adongCd" : "4611056500"				,"adongNm" : "대성동"				,"stdrDt" : "2015-12-17"				}				,{				"ctprvnCd" : "46"				,"ctprvnNm" : "전라남도"				,"signguCd" : "46110"				,"signguNm" : "목포시"				,"adongCd" : "4611064000"				,"adongNm" : "동명동"				,"stdrDt" : "2015-12-17"				}				,{				"ctprvnCd" : "46"				,"ctprvnNm" : "전라남도"				,"signguCd" : "46110"				,"signguNm" : "목포시"				,"adongCd" : "4611065500"				,"adongNm" : "만호동"				,"stdrDt" : "2015-12-17"				}				,{				"ctprvnCd" : "46"				,"ctprvnNm" : "전라남도"				,"signguCd" : "46110"				,"signguNm" : "목포시"				,"adongCd" : "4611059500"				,"adongNm" : "목원동"				,"stdrDt" : "2015-12-17"				}				,{				"ctprvnCd" : "46"				,"ctprvnNm" : "전라남도"				,"signguCd" : "46110"				,"signguNm" : "목포시"				,"adongCd" : "4611081000"				,"adongNm" : "부주동"				,"stdrDt" : "2015-12-17"				}				,{				"ctprvnCd" : "46"				,"ctprvnNm" : "전라남도"				,"signguCd" : "46110"				,"signguNm" : "목포시"				,"adongCd" : "4611080000"				,"adongNm" : "부흥동"				,"stdrDt" : "2015-12-17"				}				,{				"ctprvnCd" : "46"				,"ctprvnNm" : "전라남도"				,"signguCd" : "46110"				,"signguNm" : "목포시"				,"adongCd" : "4611070500"				,"adongNm" : "북항동"				,"stdrDt" : "2015-12-17"				}				,{				"ctprvnCd" : "46"				,"ctprvnNm" : "전라남도"				,"signguCd" : "46110"				,"signguNm" : "목포시"				,"adongCd" : "4611054500"				,"adongNm" : "산정동"				,"stdrDt" : "2015-12-17"				}				,{				"ctprvnCd" : "46"				,"ctprvnNm" : "전라남도"				,"signguCd" : "46110"				,"signguNm" : "목포시"				,"adongCd" : "4611064500"				,"adongNm" : "삼학동"				,"stdrDt" : "2015-12-17"				}				,{				"ctprvnCd" : "46"				,"ctprvnNm" : "전라남도"				,"signguCd" : "46110"				,"signguNm" : "목포시"				,"adongCd" : "4611078000"				,"adongNm" : "삼향동"				,"stdrDt" : "2015-12-17"				}				,{				"ctprvnCd" : "46"				,"ctprvnNm" : "전라남도"				,"signguCd" : "46110"				,"signguNm" : "목포시"				,"adongCd" : "4611075600"				,"adongNm" : "상동"				,"stdrDt" : "2015-12-17"				}				,{				"ctprvnCd" : "46"				,"ctprvnNm" : "전라남도"				,"signguCd" : "46110"				,"signguNm" : "목포시"				,"adongCd" : "4611075800"				,"adongNm" : "신흥동"				,"stdrDt" : "2015-12-17"				}				,{				"ctprvnCd" : "46"				,"ctprvnNm" : "전라남도"				,"signguCd" : "46110"				,"signguNm" : "목포시"				,"adongCd" : "4611053500"				,"adongNm" : "연동"				,"stdrDt" : "2015-12-17"				}				,{				"ctprvnCd" : "46"				,"ctprvnNm" : "전라남도"				,"signguCd" : "46110"				,"signguNm" : "목포시"				,"adongCd" : "4611055400"				,"adongNm" : "연산동"				,"stdrDt" : "2015-12-17"				}				,{				"ctprvnCd" : "46"				,"ctprvnNm" : "전라남도"				,"signguCd" : "46110"				,"signguNm" : "목포시"				,"adongCd" : "4611079000"				,"adongNm" : "옥암동"				,"stdrDt" : "2015-12-17"				}				,{				"ctprvnCd" : "46"				,"ctprvnNm" : "전라남도"				,"signguCd" : "46110"				,"signguNm" : "목포시"				,"adongCd" : "4611051000"				,"adongNm" : "용당1동"				,"stdrDt" : "2015-12-17"				}				,{				"ctprvnCd" : "46"				,"ctprvnNm" : "전라남도"				,"signguCd" : "46110"				,"signguNm" : "목포시"				,"adongCd" : "4611052000"				,"adongNm" : "용당2동"				,"stdrDt" : "2015-12-17"				}				,{				"ctprvnCd" : "46"				,"ctprvnNm" : "전라남도"				,"signguCd" : "46110"				,"signguNm" : "목포시"				,"adongCd" : "4611074500"				,"adongNm" : "용해동"				,"stdrDt" : "2015-12-17"				}				,{				"ctprvnCd" : "46"				,"ctprvnNm" : "전라남도"				,"signguCd" : "46110"				,"signguNm" : "목포시"				,"adongCd" : "4611055800"				,"adongNm" : "원산동"				,"stdrDt" : "2015-12-17"				}				,{				"ctprvnCd" : "46"				,"ctprvnNm" : "전라남도"				,"signguCd" : "46110"				,"signguNm" : "목포시"				,"adongCd" : "4611066000"				,"adongNm" : "유달동"				,"stdrDt" : "2015-12-17"				}				,{				"ctprvnCd" : "46"				,"ctprvnNm" : "전라남도"				,"signguCd" : "46110"				,"signguNm" : "목포시"				,"adongCd" : "4611075000"				,"adongNm" : "이로동"				,"stdrDt" : "2015-12-17"				}				,{				"ctprvnCd" : "46"				,"ctprvnNm" : "전라남도"				,"signguCd" : "46110"				,"signguNm" : "목포시"				,"adongCd" : "4611069500"				,"adongNm" : "죽교동"				,"stdrDt" : "2015-12-17"				}				,{				"ctprvnCd" : "46"				,"ctprvnNm" : "전라남도"				,"signguCd" : "46110"				,"signguNm" : "목포시"				,"adongCd" : "4611075700"				,"adongNm" : "하당동"				,"stdrDt" : "2015-12-17"				}			]	}}