{	"header" : {		"description" : "소상공인시장진흥공단 상권정보 행정동 코드"		,"columns" : ["시도코드","시도명","시군구코드","시군구명","행정동코드","행정동명","기준일자"]		,"resultCode" : "00"		,"resultMsg" : "NORMAL SERVICE"	},	"body" : {			"items" : [				{				"ctprvnCd" : "46"				,"ctprvnNm" : "전라남도"				,"signguCd" : "46130"				,"signguNm" : "여수시"				,"adongCd" : "4613062500"				,"adongNm" : "광림동"				,"stdrDt" : "2015-12-17"				}				,{				"ctprvnCd" : "46"				,"ctprvnNm" : "전라남도"				,"signguCd" : "46130"				,"signguNm" : "여수시"				,"adongCd" : "4613067000"				,"adongNm" : "국동"				,"stdrDt" : "2015-12-17"				}				,{				"ctprvnCd" : "46"				,"ctprvnNm" : "전라남도"				,"signguCd" : "46130"				,"signguNm" : "여수시"				,"adongCd" : "4613034000"				,"adongNm" : "남면"				,"stdrDt" : "2015-12-17"				}				,{				"ctprvnCd" : "46"				,"ctprvnNm" : "전라남도"				,"signguCd" : "46130"				,"signguNm" : "여수시"				,"adongCd" : "4613065500"				,"adongNm" : "대교동"				,"stdrDt" : "2015-12-17"				}				,{				"ctprvnCd" : "46"				,"ctprvnNm" : "전라남도"				,"signguCd" : "46130"				,"signguNm" : "여수시"				,"adongCd" : "4613025000"				,"adongNm" : "돌산읍"				,"stdrDt" : "2015-12-17"				}				,{				"ctprvnCd" : "46"				,"ctprvnNm" : "전라남도"				,"signguCd" : "46130"				,"signguNm" : "여수시"				,"adongCd" : "4613051500"				,"adongNm" : "동문동"				,"stdrDt" : "2015-12-17"				}				,{				"ctprvnCd" : "46"				,"ctprvnNm" : "전라남도"				,"signguCd" : "46130"				,"signguNm" : "여수시"				,"adongCd" : "4613074000"				,"adongNm" : "둔덕동"				,"stdrDt" : "2015-12-17"				}				,{				"ctprvnCd" : "46"				,"ctprvnNm" : "전라남도"				,"signguCd" : "46130"				,"signguNm" : "여수시"				,"adongCd" : "4613076500"				,"adongNm" : "만덕동"				,"stdrDt" : "2015-12-17"				}				,{				"ctprvnCd" : "46"				,"ctprvnNm" : "전라남도"				,"signguCd" : "46130"				,"signguNm" : "여수시"				,"adongCd" : "4613083000"				,"adongNm" : "묘도동"				,"stdrDt" : "2015-12-17"				}				,{				"ctprvnCd" : "46"				,"ctprvnNm" : "전라남도"				,"signguCd" : "46130"				,"signguNm" : "여수시"				,"adongCd" : "4613071000"				,"adongNm" : "문수동"				,"stdrDt" : "2015-12-17"				}				,{				"ctprvnCd" : "46"				,"ctprvnNm" : "전라남도"				,"signguCd" : "46130"				,"signguNm" : "여수시"				,"adongCd" : "4613073000"				,"adongNm" : "미평동"				,"stdrDt" : "2015-12-17"				}				,{				"ctprvnCd" : "46"				,"ctprvnNm" : "전라남도"				,"signguCd" : "46130"				,"signguNm" : "여수시"				,"adongCd" : "4613036000"				,"adongNm" : "삼산면"				,"stdrDt" : "2015-12-17"				}				,{				"ctprvnCd" : "46"				,"ctprvnNm" : "전라남도"				,"signguCd" : "46130"				,"signguNm" : "여수시"				,"adongCd" : "4613082000"				,"adongNm" : "삼일동"				,"stdrDt" : "2015-12-17"				}				,{				"ctprvnCd" : "46"				,"ctprvnNm" : "전라남도"				,"signguCd" : "46130"				,"signguNm" : "여수시"				,"adongCd" : "4613063500"				,"adongNm" : "서강동"				,"stdrDt" : "2015-12-17"				}				,{				"ctprvnCd" : "46"				,"ctprvnNm" : "전라남도"				,"signguCd" : "46130"				,"signguNm" : "여수시"				,"adongCd" : "4613031000"				,"adongNm" : "소라면"				,"stdrDt" : "2015-12-17"				}				,{				"ctprvnCd" : "46"				,"ctprvnNm" : "전라남도"				,"signguCd" : "46130"				,"signguNm" : "여수시"				,"adongCd" : "4613079000"				,"adongNm" : "시전동"				,"stdrDt" : "2015-12-17"				}				,{				"ctprvnCd" : "46"				,"ctprvnNm" : "전라남도"				,"signguCd" : "46130"				,"signguNm" : "여수시"				,"adongCd" : "4613078000"				,"adongNm" : "쌍봉동"				,"stdrDt" : "2015-12-17"				}				,{				"ctprvnCd" : "46"				,"ctprvnNm" : "전라남도"				,"signguCd" : "46130"				,"signguNm" : "여수시"				,"adongCd" : "4613070000"				,"adongNm" : "여서동"				,"stdrDt" : "2015-12-17"				}				,{				"ctprvnCd" : "46"				,"ctprvnNm" : "전라남도"				,"signguCd" : "46130"				,"signguNm" : "여수시"				,"adongCd" : "4613080000"				,"adongNm" : "여천동"				,"stdrDt" : "2015-12-17"				}				,{				"ctprvnCd" : "46"				,"ctprvnNm" : "전라남도"				,"signguCd" : "46130"				,"signguNm" : "여수시"				,"adongCd" : "4613068500"				,"adongNm" : "월호동"				,"stdrDt" : "2015-12-17"				}				,{				"ctprvnCd" : "46"				,"ctprvnNm" : "전라남도"				,"signguCd" : "46130"				,"signguNm" : "여수시"				,"adongCd" : "4613032000"				,"adongNm" : "율촌면"				,"stdrDt" : "2015-12-17"				}				,{				"ctprvnCd" : "46"				,"ctprvnNm" : "전라남도"				,"signguCd" : "46130"				,"signguNm" : "여수시"				,"adongCd" : "4613081000"				,"adongNm" : "주삼동"				,"stdrDt" : "2015-12-17"				}				,{				"ctprvnCd" : "46"				,"ctprvnNm" : "전라남도"				,"signguCd" : "46130"				,"signguNm" : "여수시"				,"adongCd" : "4613057000"				,"adongNm" : "중앙동"				,"stdrDt" : "2015-12-17"				}				,{				"ctprvnCd" : "46"				,"ctprvnNm" : "전라남도"				,"signguCd" : "46130"				,"signguNm" : "여수시"				,"adongCd" : "4613060000"				,"adongNm" : "충무동"				,"stdrDt" : "2015-12-17"				}				,{				"ctprvnCd" : "46"				,"ctprvnNm" : "전라남도"				,"signguCd" : "46130"				,"signguNm" : "여수시"				,"adongCd" : "4613053500"				,"adongNm" : "한려동"				,"stdrDt" : "2015-12-17"				}				,{				"ctprvnCd" : "46"				,"ctprvnNm" : "전라남도"				,"signguCd" : "46130"				,"signguNm" : "여수시"				,"adongCd" : "4613033000"				,"adongNm" : "화양면"				,"stdrDt" : "2015-12-17"				}				,{				"ctprvnCd" : "46"				,"ctprvnNm" : "전라남도"				,"signguCd" : "46130"				,"signguNm" : "여수시"				,"adongCd" : "4613035000"				,"adongNm" : "화정면"				,"stdrDt" : "2015-12-17"				}			]	}}