{	"header" : {		"description" : "소상공인시장진흥공단 상권정보 행정동 코드"		,"columns" : ["시도코드","시도명","시군구코드","시군구명","행정동코드","행정동명","기준일자"]		,"resultCode" : "00"		,"resultMsg" : "NORMAL SERVICE"	},	"body" : {			"items" : [				{				"ctprvnCd" : "46"				,"ctprvnNm" : "전라남도"				,"signguCd" : "46150"				,"signguNm" : "순천시"				,"adongCd" : "4615038000"				,"adongNm" : "낙안면"				,"stdrDt" : "2015-12-17"				}				,{				"ctprvnCd" : "46"				,"ctprvnNm" : "전라남도"				,"signguCd" : "46150"				,"signguNm" : "순천시"				,"adongCd" : "4615059000"				,"adongNm" : "남제동"				,"stdrDt" : "2015-12-17"				}				,{				"ctprvnCd" : "46"				,"ctprvnNm" : "전라남도"				,"signguCd" : "46150"				,"signguNm" : "순천시"				,"adongCd" : "4615057000"				,"adongNm" : "덕연동"				,"stdrDt" : "2015-12-17"				}				,{				"ctprvnCd" : "46"				,"ctprvnNm" : "전라남도"				,"signguCd" : "46150"				,"signguNm" : "순천시"				,"adongCd" : "4615063500"				,"adongNm" : "도사동"				,"stdrDt" : "2015-12-17"				}				,{				"ctprvnCd" : "46"				,"ctprvnNm" : "전라남도"				,"signguCd" : "46150"				,"signguNm" : "순천시"				,"adongCd" : "4615054000"				,"adongNm" : "매곡동"				,"stdrDt" : "2015-12-17"				}				,{				"ctprvnCd" : "46"				,"ctprvnNm" : "전라남도"				,"signguCd" : "46150"				,"signguNm" : "순천시"				,"adongCd" : "4615039000"				,"adongNm" : "별량면"				,"stdrDt" : "2015-12-17"				}				,{				"ctprvnCd" : "46"				,"ctprvnNm" : "전라남도"				,"signguCd" : "46150"				,"signguNm" : "순천시"				,"adongCd" : "4615055000"				,"adongNm" : "삼산동"				,"stdrDt" : "2015-12-17"				}				,{				"ctprvnCd" : "46"				,"ctprvnNm" : "전라남도"				,"signguCd" : "46150"				,"signguNm" : "순천시"				,"adongCd" : "4615040000"				,"adongNm" : "상사면"				,"stdrDt" : "2015-12-17"				}				,{				"ctprvnCd" : "46"				,"ctprvnNm" : "전라남도"				,"signguCd" : "46150"				,"signguNm" : "순천시"				,"adongCd" : "4615032000"				,"adongNm" : "서면"				,"stdrDt" : "2015-12-17"				}				,{				"ctprvnCd" : "46"				,"ctprvnNm" : "전라남도"				,"signguCd" : "46150"				,"signguNm" : "순천시"				,"adongCd" : "4615036000"				,"adongNm" : "송광면"				,"stdrDt" : "2015-12-17"				}				,{				"ctprvnCd" : "46"				,"ctprvnNm" : "전라남도"				,"signguCd" : "46150"				,"signguNm" : "순천시"				,"adongCd" : "4615025000"				,"adongNm" : "승주읍"				,"stdrDt" : "2015-12-17"				}				,{				"ctprvnCd" : "46"				,"ctprvnNm" : "전라남도"				,"signguCd" : "46150"				,"signguNm" : "순천시"				,"adongCd" : "4615066100"				,"adongNm" : "왕조1동"				,"stdrDt" : "2015-12-17"				}				,{				"ctprvnCd" : "46"				,"ctprvnNm" : "전라남도"				,"signguCd" : "46150"				,"signguNm" : "순천시"				,"adongCd" : "4615066500"				,"adongNm" : "왕조2동"				,"stdrDt" : "2015-12-17"				}				,{				"ctprvnCd" : "46"				,"ctprvnNm" : "전라남도"				,"signguCd" : "46150"				,"signguNm" : "순천시"				,"adongCd" : "4615037000"				,"adongNm" : "외서면"				,"stdrDt" : "2015-12-17"				}				,{				"ctprvnCd" : "46"				,"ctprvnNm" : "전라남도"				,"signguCd" : "46150"				,"signguNm" : "순천시"				,"adongCd" : "4615034000"				,"adongNm" : "월등면"				,"stdrDt" : "2015-12-17"				}				,{				"ctprvnCd" : "46"				,"ctprvnNm" : "전라남도"				,"signguCd" : "46150"				,"signguNm" : "순천시"				,"adongCd" : "4615061000"				,"adongNm" : "장천동"				,"stdrDt" : "2015-12-17"				}				,{				"ctprvnCd" : "46"				,"ctprvnNm" : "전라남도"				,"signguCd" : "46150"				,"signguNm" : "순천시"				,"adongCd" : "4615060000"				,"adongNm" : "저전동"				,"stdrDt" : "2015-12-17"				}				,{				"ctprvnCd" : "46"				,"ctprvnNm" : "전라남도"				,"signguCd" : "46150"				,"signguNm" : "순천시"				,"adongCd" : "4615056000"				,"adongNm" : "조곡동"				,"stdrDt" : "2015-12-17"				}				,{				"ctprvnCd" : "46"				,"ctprvnNm" : "전라남도"				,"signguCd" : "46150"				,"signguNm" : "순천시"				,"adongCd" : "4615035000"				,"adongNm" : "주암면"				,"stdrDt" : "2015-12-17"				}				,{				"ctprvnCd" : "46"				,"ctprvnNm" : "전라남도"				,"signguCd" : "46150"				,"signguNm" : "순천시"				,"adongCd" : "4615062000"				,"adongNm" : "중앙동"				,"stdrDt" : "2015-12-17"				}				,{				"ctprvnCd" : "46"				,"ctprvnNm" : "전라남도"				,"signguCd" : "46150"				,"signguNm" : "순천시"				,"adongCd" : "4615058000"				,"adongNm" : "풍덕동"				,"stdrDt" : "2015-12-17"				}				,{				"ctprvnCd" : "46"				,"ctprvnNm" : "전라남도"				,"signguCd" : "46150"				,"signguNm" : "순천시"				,"adongCd" : "4615031000"				,"adongNm" : "해룡면"				,"stdrDt" : "2015-12-17"				}				,{				"ctprvnCd" : "46"				,"ctprvnNm" : "전라남도"				,"signguCd" : "46150"				,"signguNm" : "순천시"				,"adongCd" : "4615051500"				,"adongNm" : "향동"				,"stdrDt" : "2015-12-17"				}				,{				"ctprvnCd" : "46"				,"ctprvnNm" : "전라남도"				,"signguCd" : "46150"				,"signguNm" : "순천시"				,"adongCd" : "4615033000"				,"adongNm" : "황전면"				,"stdrDt" : "2015-12-17"				}			]	}}