{	"header" : {		"description" : "소상공인시장진흥공단 상권정보 행정동 코드"		,"columns" : ["시도코드","시도명","시군구코드","시군구명","행정동코드","행정동명","기준일자"]		,"resultCode" : "00"		,"resultMsg" : "NORMAL SERVICE"	},	"body" : {			"items" : [				{				"ctprvnCd" : "46"				,"ctprvnNm" : "전라남도"				,"signguCd" : "46170"				,"signguNm" : "나주시"				,"adongCd" : "4617034000"				,"adongNm" : "공산면"				,"stdrDt" : "2015-12-17"				}				,{				"ctprvnCd" : "46"				,"ctprvnNm" : "전라남도"				,"signguCd" : "46170"				,"signguNm" : "나주시"				,"adongCd" : "4617054000"				,"adongNm" : "금남동"				,"stdrDt" : "2015-12-17"				}				,{				"ctprvnCd" : "46"				,"ctprvnNm" : "전라남도"				,"signguCd" : "46170"				,"signguNm" : "나주시"				,"adongCd" : "4617039000"				,"adongNm" : "금천면"				,"stdrDt" : "2015-12-17"				}				,{				"ctprvnCd" : "46"				,"ctprvnNm" : "전라남도"				,"signguCd" : "46170"				,"signguNm" : "나주시"				,"adongCd" : "4617025000"				,"adongNm" : "남평읍"				,"stdrDt" : "2015-12-17"				}				,{				"ctprvnCd" : "46"				,"ctprvnNm" : "전라남도"				,"signguCd" : "46170"				,"signguNm" : "나주시"				,"adongCd" : "4617038000"				,"adongNm" : "노안면"				,"stdrDt" : "2015-12-17"				}				,{				"ctprvnCd" : "46"				,"ctprvnNm" : "전라남도"				,"signguCd" : "46170"				,"signguNm" : "나주시"				,"adongCd" : "4617042000"				,"adongNm" : "다도면"				,"stdrDt" : "2015-12-17"				}				,{				"ctprvnCd" : "46"				,"ctprvnNm" : "전라남도"				,"signguCd" : "46170"				,"signguNm" : "나주시"				,"adongCd" : "4617036000"				,"adongNm" : "다시면"				,"stdrDt" : "2015-12-17"				}				,{				"ctprvnCd" : "46"				,"ctprvnNm" : "전라남도"				,"signguCd" : "46170"				,"signguNm" : "나주시"				,"adongCd" : "4617035000"				,"adongNm" : "동강면"				,"stdrDt" : "2015-12-17"				}				,{				"ctprvnCd" : "46"				,"ctprvnNm" : "전라남도"				,"signguCd" : "46170"				,"signguNm" : "나주시"				,"adongCd" : "4617037000"				,"adongNm" : "문평면"				,"stdrDt" : "2015-12-17"				}				,{				"ctprvnCd" : "46"				,"ctprvnNm" : "전라남도"				,"signguCd" : "46170"				,"signguNm" : "나주시"				,"adongCd" : "4617033000"				,"adongNm" : "반남면"				,"stdrDt" : "2015-12-17"				}				,{				"ctprvnCd" : "46"				,"ctprvnNm" : "전라남도"				,"signguCd" : "46170"				,"signguNm" : "나주시"				,"adongCd" : "4617043000"				,"adongNm" : "봉황면"				,"stdrDt" : "2015-12-17"				}				,{				"ctprvnCd" : "46"				,"ctprvnNm" : "전라남도"				,"signguCd" : "46170"				,"signguNm" : "나주시"				,"adongCd" : "4617062000"				,"adongNm" : "빛가람동"				,"stdrDt" : "2015-12-17"				}				,{				"ctprvnCd" : "46"				,"ctprvnNm" : "전라남도"				,"signguCd" : "46170"				,"signguNm" : "나주시"				,"adongCd" : "4617040000"				,"adongNm" : "산포면"				,"stdrDt" : "2015-12-17"				}				,{				"ctprvnCd" : "46"				,"ctprvnNm" : "전라남도"				,"signguCd" : "46170"				,"signguNm" : "나주시"				,"adongCd" : "4617055000"				,"adongNm" : "성북동"				,"stdrDt" : "2015-12-17"				}				,{				"ctprvnCd" : "46"				,"ctprvnNm" : "전라남도"				,"signguCd" : "46170"				,"signguNm" : "나주시"				,"adongCd" : "4617031000"				,"adongNm" : "세지면"				,"stdrDt" : "2015-12-17"				}				,{				"ctprvnCd" : "46"				,"ctprvnNm" : "전라남도"				,"signguCd" : "46170"				,"signguNm" : "나주시"				,"adongCd" : "4617051000"				,"adongNm" : "송월동"				,"stdrDt" : "2015-12-17"				}				,{				"ctprvnCd" : "46"				,"ctprvnNm" : "전라남도"				,"signguCd" : "46170"				,"signguNm" : "나주시"				,"adongCd" : "4617052000"				,"adongNm" : "영강동"				,"stdrDt" : "2015-12-17"				}				,{				"ctprvnCd" : "46"				,"ctprvnNm" : "전라남도"				,"signguCd" : "46170"				,"signguNm" : "나주시"				,"adongCd" : "4617058000"				,"adongNm" : "영산동"				,"stdrDt" : "2015-12-17"				}				,{				"ctprvnCd" : "46"				,"ctprvnNm" : "전라남도"				,"signguCd" : "46170"				,"signguNm" : "나주시"				,"adongCd" : "4617032000"				,"adongNm" : "왕곡면"				,"stdrDt" : "2015-12-17"				}				,{				"ctprvnCd" : "46"				,"ctprvnNm" : "전라남도"				,"signguCd" : "46170"				,"signguNm" : "나주시"				,"adongCd" : "4617060000"				,"adongNm" : "이창동"				,"stdrDt" : "2015-12-17"				}			]	}}