{	"header" : {		"description" : "소상공인시장진흥공단 상권정보 행정동 코드"		,"columns" : ["시도코드","시도명","시군구코드","시군구명","행정동코드","행정동명","기준일자"]		,"resultCode" : "00"		,"resultMsg" : "NORMAL SERVICE"	},	"body" : {			"items" : [				{				"ctprvnCd" : "46"				,"ctprvnNm" : "전라남도"				,"signguCd" : "46230"				,"signguNm" : "광양시"				,"adongCd" : "4623051500"				,"adongNm" : "골약동"				,"stdrDt" : "2015-12-17"				}				,{				"ctprvnCd" : "46"				,"ctprvnNm" : "전라남도"				,"signguCd" : "46230"				,"signguNm" : "광양시"				,"adongCd" : "4623025000"				,"adongNm" : "광양읍"				,"stdrDt" : "2015-12-17"				}				,{				"ctprvnCd" : "46"				,"ctprvnNm" : "전라남도"				,"signguCd" : "46230"				,"signguNm" : "광양시"				,"adongCd" : "4623054000"				,"adongNm" : "광영동"				,"stdrDt" : "2015-12-17"				}				,{				"ctprvnCd" : "46"				,"ctprvnNm" : "전라남도"				,"signguCd" : "46230"				,"signguNm" : "광양시"				,"adongCd" : "4623055000"				,"adongNm" : "금호동"				,"stdrDt" : "2015-12-17"				}				,{				"ctprvnCd" : "46"				,"ctprvnNm" : "전라남도"				,"signguCd" : "46230"				,"signguNm" : "광양시"				,"adongCd" : "4623036000"				,"adongNm" : "다압면"				,"stdrDt" : "2015-12-17"				}				,{				"ctprvnCd" : "46"				,"ctprvnNm" : "전라남도"				,"signguCd" : "46230"				,"signguNm" : "광양시"				,"adongCd" : "4623031000"				,"adongNm" : "봉강면"				,"stdrDt" : "2015-12-17"				}				,{				"ctprvnCd" : "46"				,"ctprvnNm" : "전라남도"				,"signguCd" : "46230"				,"signguNm" : "광양시"				,"adongCd" : "4623033000"				,"adongNm" : "옥곡면"				,"stdrDt" : "2015-12-17"				}				,{				"ctprvnCd" : "46"				,"ctprvnNm" : "전라남도"				,"signguCd" : "46230"				,"signguNm" : "광양시"				,"adongCd" : "4623032000"				,"adongNm" : "옥룡면"				,"stdrDt" : "2015-12-17"				}				,{				"ctprvnCd" : "46"				,"ctprvnNm" : "전라남도"				,"signguCd" : "46230"				,"signguNm" : "광양시"				,"adongCd" : "4623053000"				,"adongNm" : "중마동"				,"stdrDt" : "2015-12-17"				}				,{				"ctprvnCd" : "46"				,"ctprvnNm" : "전라남도"				,"signguCd" : "46230"				,"signguNm" : "광양시"				,"adongCd" : "4623034000"				,"adongNm" : "진상면"				,"stdrDt" : "2015-12-17"				}				,{				"ctprvnCd" : "46"				,"ctprvnNm" : "전라남도"				,"signguCd" : "46230"				,"signguNm" : "광양시"				,"adongCd" : "4623035000"				,"adongNm" : "진월면"				,"stdrDt" : "2015-12-17"				}				,{				"ctprvnCd" : "46"				,"ctprvnNm" : "전라남도"				,"signguCd" : "46230"				,"signguNm" : "광양시"				,"adongCd" : "4623057000"				,"adongNm" : "태인동"				,"stdrDt" : "2015-12-17"				}			]	}}