{	"header" : {		"description" : "소상공인시장진흥공단 상권정보 행정동 코드"		,"columns" : ["시도코드","시도명","시군구코드","시군구명","행정동코드","행정동명","기준일자"]		,"resultCode" : "00"		,"resultMsg" : "NORMAL SERVICE"	},	"body" : {			"items" : [				{				"ctprvnCd" : "46"				,"ctprvnNm" : "전라남도"				,"signguCd" : "46710"				,"signguNm" : "담양군"				,"adongCd" : "4671033500"				,"adongNm" : "가사문학면"				,"stdrDt" : "2015-12-17"				}				,{				"ctprvnCd" : "46"				,"ctprvnNm" : "전라남도"				,"signguCd" : "46710"				,"signguNm" : "담양군"				,"adongCd" : "4671032000"				,"adongNm" : "고서면"				,"stdrDt" : "2015-12-17"				}				,{				"ctprvnCd" : "46"				,"ctprvnNm" : "전라남도"				,"signguCd" : "46710"				,"signguNm" : "담양군"				,"adongCd" : "4671037000"				,"adongNm" : "금성면"				,"stdrDt" : "2015-12-17"				}				,{				"ctprvnCd" : "46"				,"ctprvnNm" : "전라남도"				,"signguCd" : "46710"				,"signguNm" : "담양군"				,"adongCd" : "4671025000"				,"adongNm" : "담양읍"				,"stdrDt" : "2015-12-17"				}				,{				"ctprvnCd" : "46"				,"ctprvnNm" : "전라남도"				,"signguCd" : "46710"				,"signguNm" : "담양군"				,"adongCd" : "4671035000"				,"adongNm" : "대덕면"				,"stdrDt" : "2015-12-17"				}				,{				"ctprvnCd" : "46"				,"ctprvnNm" : "전라남도"				,"signguCd" : "46710"				,"signguNm" : "담양군"				,"adongCd" : "4671041000"				,"adongNm" : "대전면"				,"stdrDt" : "2015-12-17"				}				,{				"ctprvnCd" : "46"				,"ctprvnNm" : "전라남도"				,"signguCd" : "46710"				,"signguNm" : "담양군"				,"adongCd" : "4671036000"				,"adongNm" : "무정면"				,"stdrDt" : "2015-12-17"				}				,{				"ctprvnCd" : "46"				,"ctprvnNm" : "전라남도"				,"signguCd" : "46710"				,"signguNm" : "담양군"				,"adongCd" : "4671031000"				,"adongNm" : "봉산면"				,"stdrDt" : "2015-12-17"				}				,{				"ctprvnCd" : "46"				,"ctprvnNm" : "전라남도"				,"signguCd" : "46710"				,"signguNm" : "담양군"				,"adongCd" : "4671040000"				,"adongNm" : "수북면"				,"stdrDt" : "2015-12-17"				}				,{				"ctprvnCd" : "46"				,"ctprvnNm" : "전라남도"				,"signguCd" : "46710"				,"signguNm" : "담양군"				,"adongCd" : "4671038000"				,"adongNm" : "용면"				,"stdrDt" : "2015-12-17"				}				,{				"ctprvnCd" : "46"				,"ctprvnNm" : "전라남도"				,"signguCd" : "46710"				,"signguNm" : "담양군"				,"adongCd" : "4671039000"				,"adongNm" : "월산면"				,"stdrDt" : "2015-12-17"				}				,{				"ctprvnCd" : "46"				,"ctprvnNm" : "전라남도"				,"signguCd" : "46710"				,"signguNm" : "담양군"				,"adongCd" : "4671034000"				,"adongNm" : "창평면"				,"stdrDt" : "2015-12-17"				}			]	}}