{	"header" : {		"description" : "소상공인시장진흥공단 상권정보 행정동 코드"		,"columns" : ["시도코드","시도명","시군구코드","시군구명","행정동코드","행정동명","기준일자"]		,"resultCode" : "00"		,"resultMsg" : "NORMAL SERVICE"	},	"body" : {			"items" : [				{				"ctprvnCd" : "46"				,"ctprvnNm" : "전라남도"				,"signguCd" : "46720"				,"signguNm" : "곡성군"				,"adongCd" : "4672039000"				,"adongNm" : "겸면"				,"stdrDt" : "2015-12-17"				}				,{				"ctprvnCd" : "46"				,"ctprvnNm" : "전라남도"				,"signguCd" : "46720"				,"signguNm" : "곡성군"				,"adongCd" : "4672036000"				,"adongNm" : "고달면"				,"stdrDt" : "2015-12-17"				}				,{				"ctprvnCd" : "46"				,"ctprvnNm" : "전라남도"				,"signguCd" : "46720"				,"signguNm" : "곡성군"				,"adongCd" : "4672025000"				,"adongNm" : "곡성읍"				,"stdrDt" : "2015-12-17"				}				,{				"ctprvnCd" : "46"				,"ctprvnNm" : "전라남도"				,"signguCd" : "46720"				,"signguNm" : "곡성군"				,"adongCd" : "4672034000"				,"adongNm" : "목사동면"				,"stdrDt" : "2015-12-17"				}				,{				"ctprvnCd" : "46"				,"ctprvnNm" : "전라남도"				,"signguCd" : "46720"				,"signguNm" : "곡성군"				,"adongCd" : "4672032000"				,"adongNm" : "삼기면"				,"stdrDt" : "2015-12-17"				}				,{				"ctprvnCd" : "46"				,"ctprvnNm" : "전라남도"				,"signguCd" : "46720"				,"signguNm" : "곡성군"				,"adongCd" : "4672033000"				,"adongNm" : "석곡면"				,"stdrDt" : "2015-12-17"				}				,{				"ctprvnCd" : "46"				,"ctprvnNm" : "전라남도"				,"signguCd" : "46720"				,"signguNm" : "곡성군"				,"adongCd" : "4672031000"				,"adongNm" : "오곡면"				,"stdrDt" : "2015-12-17"				}				,{				"ctprvnCd" : "46"				,"ctprvnNm" : "전라남도"				,"signguCd" : "46720"				,"signguNm" : "곡성군"				,"adongCd" : "4672040000"				,"adongNm" : "오산면"				,"stdrDt" : "2015-12-17"				}				,{				"ctprvnCd" : "46"				,"ctprvnNm" : "전라남도"				,"signguCd" : "46720"				,"signguNm" : "곡성군"				,"adongCd" : "4672037000"				,"adongNm" : "옥과면"				,"stdrDt" : "2015-12-17"				}				,{				"ctprvnCd" : "46"				,"ctprvnNm" : "전라남도"				,"signguCd" : "46720"				,"signguNm" : "곡성군"				,"adongCd" : "4672038000"				,"adongNm" : "입면"				,"stdrDt" : "2015-12-17"				}				,{				"ctprvnCd" : "46"				,"ctprvnNm" : "전라남도"				,"signguCd" : "46720"				,"signguNm" : "곡성군"				,"adongCd" : "4672035000"				,"adongNm" : "죽곡면"				,"stdrDt" : "2015-12-17"				}			]	}}