{	"header" : {		"description" : "소상공인시장진흥공단 상권정보 행정동 코드"		,"columns" : ["시도코드","시도명","시군구코드","시군구명","행정동코드","행정동명","기준일자"]		,"resultCode" : "00"		,"resultMsg" : "NORMAL SERVICE"	},	"body" : {			"items" : [				{				"ctprvnCd" : "46"				,"ctprvnNm" : "전라남도"				,"signguCd" : "46730"				,"signguNm" : "구례군"				,"adongCd" : "4673032000"				,"adongNm" : "간전면"				,"stdrDt" : "2015-12-17"				}				,{				"ctprvnCd" : "46"				,"ctprvnNm" : "전라남도"				,"signguCd" : "46730"				,"signguNm" : "구례군"				,"adongCd" : "4673035000"				,"adongNm" : "광의면"				,"stdrDt" : "2015-12-17"				}				,{				"ctprvnCd" : "46"				,"ctprvnNm" : "전라남도"				,"signguCd" : "46730"				,"signguNm" : "구례군"				,"adongCd" : "4673025000"				,"adongNm" : "구례읍"				,"stdrDt" : "2015-12-17"				}				,{				"ctprvnCd" : "46"				,"ctprvnNm" : "전라남도"				,"signguCd" : "46730"				,"signguNm" : "구례군"				,"adongCd" : "4673034000"				,"adongNm" : "마산면"				,"stdrDt" : "2015-12-17"				}				,{				"ctprvnCd" : "46"				,"ctprvnNm" : "전라남도"				,"signguCd" : "46730"				,"signguNm" : "구례군"				,"adongCd" : "4673031000"				,"adongNm" : "문척면"				,"stdrDt" : "2015-12-17"				}				,{				"ctprvnCd" : "46"				,"ctprvnNm" : "전라남도"				,"signguCd" : "46730"				,"signguNm" : "구례군"				,"adongCd" : "4673037000"				,"adongNm" : "산동면"				,"stdrDt" : "2015-12-17"				}				,{				"ctprvnCd" : "46"				,"ctprvnNm" : "전라남도"				,"signguCd" : "46730"				,"signguNm" : "구례군"				,"adongCd" : "4673036000"				,"adongNm" : "용방면"				,"stdrDt" : "2015-12-17"				}				,{				"ctprvnCd" : "46"				,"ctprvnNm" : "전라남도"				,"signguCd" : "46730"				,"signguNm" : "구례군"				,"adongCd" : "4673033000"				,"adongNm" : "토지면"				,"stdrDt" : "2015-12-17"				}			]	}}