{	"header" : {		"description" : "소상공인시장진흥공단 상권정보 행정동 코드"		,"columns" : ["시도코드","시도명","시군구코드","시군구명","행정동코드","행정동명","기준일자"]		,"resultCode" : "00"		,"resultMsg" : "NORMAL SERVICE"	},	"body" : {			"items" : [				{				"ctprvnCd" : "46"				,"ctprvnNm" : "전라남도"				,"signguCd" : "46770"				,"signguNm" : "고흥군"				,"adongCd" : "4677025000"				,"adongNm" : "고흥읍"				,"stdrDt" : "2015-12-17"				}				,{				"ctprvnCd" : "46"				,"ctprvnNm" : "전라남도"				,"signguCd" : "46770"				,"signguNm" : "고흥군"				,"adongCd" : "4677038000"				,"adongNm" : "과역면"				,"stdrDt" : "2015-12-17"				}				,{				"ctprvnCd" : "46"				,"ctprvnNm" : "전라남도"				,"signguCd" : "46770"				,"signguNm" : "고흥군"				,"adongCd" : "4677033000"				,"adongNm" : "금산면"				,"stdrDt" : "2015-12-17"				}				,{				"ctprvnCd" : "46"				,"ctprvnNm" : "전라남도"				,"signguCd" : "46770"				,"signguNm" : "고흥군"				,"adongCd" : "4677039000"				,"adongNm" : "남양면"				,"stdrDt" : "2015-12-17"				}				,{				"ctprvnCd" : "46"				,"ctprvnNm" : "전라남도"				,"signguCd" : "46770"				,"signguNm" : "고흥군"				,"adongCd" : "4677041000"				,"adongNm" : "대서면"				,"stdrDt" : "2015-12-17"				}				,{				"ctprvnCd" : "46"				,"ctprvnNm" : "전라남도"				,"signguCd" : "46770"				,"signguNm" : "고흥군"				,"adongCd" : "4677032000"				,"adongNm" : "도덕면"				,"stdrDt" : "2015-12-17"				}				,{				"ctprvnCd" : "46"				,"ctprvnNm" : "전라남도"				,"signguCd" : "46770"				,"signguNm" : "고흥군"				,"adongCd" : "4677025300"				,"adongNm" : "도양읍"				,"stdrDt" : "2015-12-17"				}				,{				"ctprvnCd" : "46"				,"ctprvnNm" : "전라남도"				,"signguCd" : "46770"				,"signguNm" : "고흥군"				,"adongCd" : "4677034000"				,"adongNm" : "도화면"				,"stdrDt" : "2015-12-17"				}				,{				"ctprvnCd" : "46"				,"ctprvnNm" : "전라남도"				,"signguCd" : "46770"				,"signguNm" : "고흥군"				,"adongCd" : "4677040000"				,"adongNm" : "동강면"				,"stdrDt" : "2015-12-17"				}				,{				"ctprvnCd" : "46"				,"ctprvnNm" : "전라남도"				,"signguCd" : "46770"				,"signguNm" : "고흥군"				,"adongCd" : "4677045000"				,"adongNm" : "동일면"				,"stdrDt" : "2015-12-17"				}				,{				"ctprvnCd" : "46"				,"ctprvnNm" : "전라남도"				,"signguCd" : "46770"				,"signguNm" : "고흥군"				,"adongCd" : "4677042000"				,"adongNm" : "두원면"				,"stdrDt" : "2015-12-17"				}				,{				"ctprvnCd" : "46"				,"ctprvnNm" : "전라남도"				,"signguCd" : "46770"				,"signguNm" : "고흥군"				,"adongCd" : "4677036000"				,"adongNm" : "봉래면"				,"stdrDt" : "2015-12-17"				}				,{				"ctprvnCd" : "46"				,"ctprvnNm" : "전라남도"				,"signguCd" : "46770"				,"signguNm" : "고흥군"				,"adongCd" : "4677044000"				,"adongNm" : "영남면"				,"stdrDt" : "2015-12-17"				}				,{				"ctprvnCd" : "46"				,"ctprvnNm" : "전라남도"				,"signguCd" : "46770"				,"signguNm" : "고흥군"				,"adongCd" : "4677037000"				,"adongNm" : "점암면"				,"stdrDt" : "2015-12-17"				}				,{				"ctprvnCd" : "46"				,"ctprvnNm" : "전라남도"				,"signguCd" : "46770"				,"signguNm" : "고흥군"				,"adongCd" : "4677035000"				,"adongNm" : "포두면"				,"stdrDt" : "2015-12-17"				}				,{				"ctprvnCd" : "46"				,"ctprvnNm" : "전라남도"				,"signguCd" : "46770"				,"signguNm" : "고흥군"				,"adongCd" : "4677031000"				,"adongNm" : "풍양면"				,"stdrDt" : "2015-12-17"				}			]	}}