{	"header" : {		"description" : "소상공인시장진흥공단 상권정보 행정동 코드"		,"columns" : ["시도코드","시도명","시군구코드","시군구명","행정동코드","행정동명","기준일자"]		,"resultCode" : "00"		,"resultMsg" : "NORMAL SERVICE"	},	"body" : {			"items" : [				{				"ctprvnCd" : "46"				,"ctprvnNm" : "전라남도"				,"signguCd" : "46780"				,"signguNm" : "보성군"				,"adongCd" : "4678033000"				,"adongNm" : "겸백면"				,"stdrDt" : "2015-12-17"				}				,{				"ctprvnCd" : "46"				,"ctprvnNm" : "전라남도"				,"signguCd" : "46780"				,"signguNm" : "보성군"				,"adongCd" : "4678031000"				,"adongNm" : "노동면"				,"stdrDt" : "2015-12-17"				}				,{				"ctprvnCd" : "46"				,"ctprvnNm" : "전라남도"				,"signguCd" : "46780"				,"signguNm" : "보성군"				,"adongCd" : "4678038000"				,"adongNm" : "득량면"				,"stdrDt" : "2015-12-17"				}				,{				"ctprvnCd" : "46"				,"ctprvnNm" : "전라남도"				,"signguCd" : "46780"				,"signguNm" : "보성군"				,"adongCd" : "4678036000"				,"adongNm" : "문덕면"				,"stdrDt" : "2015-12-17"				}				,{				"ctprvnCd" : "46"				,"ctprvnNm" : "전라남도"				,"signguCd" : "46780"				,"signguNm" : "보성군"				,"adongCd" : "4678032000"				,"adongNm" : "미력면"				,"stdrDt" : "2015-12-17"				}				,{				"ctprvnCd" : "46"				,"ctprvnNm" : "전라남도"				,"signguCd" : "46780"				,"signguNm" : "보성군"				,"adongCd" : "4678025300"				,"adongNm" : "벌교읍"				,"stdrDt" : "2015-12-17"				}				,{				"ctprvnCd" : "46"				,"ctprvnNm" : "전라남도"				,"signguCd" : "46780"				,"signguNm" : "보성군"				,"adongCd" : "4678025000"				,"adongNm" : "보성읍"				,"stdrDt" : "2015-12-17"				}				,{				"ctprvnCd" : "46"				,"ctprvnNm" : "전라남도"				,"signguCd" : "46780"				,"signguNm" : "보성군"				,"adongCd" : "4678035000"				,"adongNm" : "복내면"				,"stdrDt" : "2015-12-17"				}				,{				"ctprvnCd" : "46"				,"ctprvnNm" : "전라남도"				,"signguCd" : "46780"				,"signguNm" : "보성군"				,"adongCd" : "4678040000"				,"adongNm" : "웅치면"				,"stdrDt" : "2015-12-17"				}				,{				"ctprvnCd" : "46"				,"ctprvnNm" : "전라남도"				,"signguCd" : "46780"				,"signguNm" : "보성군"				,"adongCd" : "4678034000"				,"adongNm" : "율어면"				,"stdrDt" : "2015-12-17"				}				,{				"ctprvnCd" : "46"				,"ctprvnNm" : "전라남도"				,"signguCd" : "46780"				,"signguNm" : "보성군"				,"adongCd" : "4678037000"				,"adongNm" : "조성면"				,"stdrDt" : "2015-12-17"				}				,{				"ctprvnCd" : "46"				,"ctprvnNm" : "전라남도"				,"signguCd" : "46780"				,"signguNm" : "보성군"				,"adongCd" : "4678039000"				,"adongNm" : "회천면"				,"stdrDt" : "2015-12-17"				}			]	}}