{	"header" : {		"description" : "소상공인시장진흥공단 상권정보 행정동 코드"		,"columns" : ["시도코드","시도명","시군구코드","시군구명","행정동코드","행정동명","기준일자"]		,"resultCode" : "00"		,"resultMsg" : "NORMAL SERVICE"	},	"body" : {			"items" : [				{				"ctprvnCd" : "46"				,"ctprvnNm" : "전라남도"				,"signguCd" : "46790"				,"signguNm" : "화순군"				,"adongCd" : "4679041000"				,"adongNm" : "남면"				,"stdrDt" : "2015-12-17"				}				,{				"ctprvnCd" : "46"				,"ctprvnNm" : "전라남도"				,"signguCd" : "46790"				,"signguNm" : "화순군"				,"adongCd" : "4679035000"				,"adongNm" : "능주면"				,"stdrDt" : "2015-12-17"				}				,{				"ctprvnCd" : "46"				,"ctprvnNm" : "전라남도"				,"signguCd" : "46790"				,"signguNm" : "화순군"				,"adongCd" : "4679036000"				,"adongNm" : "도곡면"				,"stdrDt" : "2015-12-17"				}				,{				"ctprvnCd" : "46"				,"ctprvnNm" : "전라남도"				,"signguCd" : "46790"				,"signguNm" : "화순군"				,"adongCd" : "4679037000"				,"adongNm" : "도암면"				,"stdrDt" : "2015-12-17"				}				,{				"ctprvnCd" : "46"				,"ctprvnNm" : "전라남도"				,"signguCd" : "46790"				,"signguNm" : "화순군"				,"adongCd" : "4679042000"				,"adongNm" : "동면"				,"stdrDt" : "2015-12-17"				}				,{				"ctprvnCd" : "46"				,"ctprvnNm" : "전라남도"				,"signguCd" : "46790"				,"signguNm" : "화순군"				,"adongCd" : "4679040000"				,"adongNm" : "동복면"				,"stdrDt" : "2015-12-17"				}				,{				"ctprvnCd" : "46"				,"ctprvnNm" : "전라남도"				,"signguCd" : "46790"				,"signguNm" : "화순군"				,"adongCd" : "4679039000"				,"adongNm" : "북면"				,"stdrDt" : "2015-12-17"				}				,{				"ctprvnCd" : "46"				,"ctprvnNm" : "전라남도"				,"signguCd" : "46790"				,"signguNm" : "화순군"				,"adongCd" : "4679038000"				,"adongNm" : "이서면"				,"stdrDt" : "2015-12-17"				}				,{				"ctprvnCd" : "46"				,"ctprvnNm" : "전라남도"				,"signguCd" : "46790"				,"signguNm" : "화순군"				,"adongCd" : "4679034000"				,"adongNm" : "이양면"				,"stdrDt" : "2015-12-17"				}				,{				"ctprvnCd" : "46"				,"ctprvnNm" : "전라남도"				,"signguCd" : "46790"				,"signguNm" : "화순군"				,"adongCd" : "4679033000"				,"adongNm" : "청풍면"				,"stdrDt" : "2015-12-17"				}				,{				"ctprvnCd" : "46"				,"ctprvnNm" : "전라남도"				,"signguCd" : "46790"				,"signguNm" : "화순군"				,"adongCd" : "4679032000"				,"adongNm" : "춘양면"				,"stdrDt" : "2015-12-17"				}				,{				"ctprvnCd" : "46"				,"ctprvnNm" : "전라남도"				,"signguCd" : "46790"				,"signguNm" : "화순군"				,"adongCd" : "4679031000"				,"adongNm" : "한천면"				,"stdrDt" : "2015-12-17"				}				,{				"ctprvnCd" : "46"				,"ctprvnNm" : "전라남도"				,"signguCd" : "46790"				,"signguNm" : "화순군"				,"adongCd" : "4679025000"				,"adongNm" : "화순읍"				,"stdrDt" : "2015-12-17"				}			]	}}