{	"header" : {		"description" : "소상공인시장진흥공단 상권정보 행정동 코드"		,"columns" : ["시도코드","시도명","시군구코드","시군구명","행정동코드","행정동명","기준일자"]		,"resultCode" : "00"		,"resultMsg" : "NORMAL SERVICE"	},	"body" : {			"items" : [				{				"ctprvnCd" : "46"				,"ctprvnNm" : "전라남도"				,"signguCd" : "46800"				,"signguNm" : "장흥군"				,"adongCd" : "4680025300"				,"adongNm" : "관산읍"				,"stdrDt" : "2015-12-17"				}				,{				"ctprvnCd" : "46"				,"ctprvnNm" : "전라남도"				,"signguCd" : "46800"				,"signguNm" : "장흥군"				,"adongCd" : "4680025600"				,"adongNm" : "대덕읍"				,"stdrDt" : "2015-12-17"				}				,{				"ctprvnCd" : "46"				,"ctprvnNm" : "전라남도"				,"signguCd" : "46800"				,"signguNm" : "장흥군"				,"adongCd" : "4680036000"				,"adongNm" : "부산면"				,"stdrDt" : "2015-12-17"				}				,{				"ctprvnCd" : "46"				,"ctprvnNm" : "전라남도"				,"signguCd" : "46800"				,"signguNm" : "장흥군"				,"adongCd" : "4680032000"				,"adongNm" : "안양면"				,"stdrDt" : "2015-12-17"				}				,{				"ctprvnCd" : "46"				,"ctprvnNm" : "전라남도"				,"signguCd" : "46800"				,"signguNm" : "장흥군"				,"adongCd" : "4680031000"				,"adongNm" : "용산면"				,"stdrDt" : "2015-12-17"				}				,{				"ctprvnCd" : "46"				,"ctprvnNm" : "전라남도"				,"signguCd" : "46800"				,"signguNm" : "장흥군"				,"adongCd" : "4680035000"				,"adongNm" : "유치면"				,"stdrDt" : "2015-12-17"				}				,{				"ctprvnCd" : "46"				,"ctprvnNm" : "전라남도"				,"signguCd" : "46800"				,"signguNm" : "장흥군"				,"adongCd" : "4680033000"				,"adongNm" : "장동면"				,"stdrDt" : "2015-12-17"				}				,{				"ctprvnCd" : "46"				,"ctprvnNm" : "전라남도"				,"signguCd" : "46800"				,"signguNm" : "장흥군"				,"adongCd" : "4680034000"				,"adongNm" : "장평면"				,"stdrDt" : "2015-12-17"				}				,{				"ctprvnCd" : "46"				,"ctprvnNm" : "전라남도"				,"signguCd" : "46800"				,"signguNm" : "장흥군"				,"adongCd" : "4680025000"				,"adongNm" : "장흥읍"				,"stdrDt" : "2015-12-17"				}				,{				"ctprvnCd" : "46"				,"ctprvnNm" : "전라남도"				,"signguCd" : "46800"				,"signguNm" : "장흥군"				,"adongCd" : "4680037000"				,"adongNm" : "회진면"				,"stdrDt" : "2015-12-17"				}			]	}}