{	"header" : {		"description" : "소상공인시장진흥공단 상권정보 행정동 코드"		,"columns" : ["시도코드","시도명","시군구코드","시군구명","행정동코드","행정동명","기준일자"]		,"resultCode" : "00"		,"resultMsg" : "NORMAL SERVICE"	},	"body" : {			"items" : [				{				"ctprvnCd" : "46"				,"ctprvnNm" : "전라남도"				,"signguCd" : "46810"				,"signguNm" : "강진군"				,"adongCd" : "4681025000"				,"adongNm" : "강진읍"				,"stdrDt" : "2015-12-17"				}				,{				"ctprvnCd" : "46"				,"ctprvnNm" : "전라남도"				,"signguCd" : "46810"				,"signguNm" : "강진군"				,"adongCd" : "4681031000"				,"adongNm" : "군동면"				,"stdrDt" : "2015-12-17"				}				,{				"ctprvnCd" : "46"				,"ctprvnNm" : "전라남도"				,"signguCd" : "46810"				,"signguNm" : "강진군"				,"adongCd" : "4681033000"				,"adongNm" : "대구면"				,"stdrDt" : "2015-12-17"				}				,{				"ctprvnCd" : "46"				,"ctprvnNm" : "전라남도"				,"signguCd" : "46810"				,"signguNm" : "강진군"				,"adongCd" : "4681034000"				,"adongNm" : "도암면"				,"stdrDt" : "2015-12-17"				}				,{				"ctprvnCd" : "46"				,"ctprvnNm" : "전라남도"				,"signguCd" : "46810"				,"signguNm" : "강진군"				,"adongCd" : "4681040000"				,"adongNm" : "마량면"				,"stdrDt" : "2015-12-17"				}				,{				"ctprvnCd" : "46"				,"ctprvnNm" : "전라남도"				,"signguCd" : "46810"				,"signguNm" : "강진군"				,"adongCd" : "4681038000"				,"adongNm" : "병영면"				,"stdrDt" : "2015-12-17"				}				,{				"ctprvnCd" : "46"				,"ctprvnNm" : "전라남도"				,"signguCd" : "46810"				,"signguNm" : "강진군"				,"adongCd" : "4681036000"				,"adongNm" : "성전면"				,"stdrDt" : "2015-12-17"				}				,{				"ctprvnCd" : "46"				,"ctprvnNm" : "전라남도"				,"signguCd" : "46810"				,"signguNm" : "강진군"				,"adongCd" : "4681035000"				,"adongNm" : "신전면"				,"stdrDt" : "2015-12-17"				}				,{				"ctprvnCd" : "46"				,"ctprvnNm" : "전라남도"				,"signguCd" : "46810"				,"signguNm" : "강진군"				,"adongCd" : "4681039000"				,"adongNm" : "옴천면"				,"stdrDt" : "2015-12-17"				}				,{				"ctprvnCd" : "46"				,"ctprvnNm" : "전라남도"				,"signguCd" : "46810"				,"signguNm" : "강진군"				,"adongCd" : "4681037000"				,"adongNm" : "작천면"				,"stdrDt" : "2015-12-17"				}				,{				"ctprvnCd" : "46"				,"ctprvnNm" : "전라남도"				,"signguCd" : "46810"				,"signguNm" : "강진군"				,"adongCd" : "4681032000"				,"adongNm" : "칠량면"				,"stdrDt" : "2015-12-17"				}			]	}}