{	"header" : {		"description" : "소상공인시장진흥공단 상권정보 행정동 코드"		,"columns" : ["시도코드","시도명","시군구코드","시군구명","행정동코드","행정동명","기준일자"]		,"resultCode" : "00"		,"resultMsg" : "NORMAL SERVICE"	},	"body" : {			"items" : [				{				"ctprvnCd" : "46"				,"ctprvnNm" : "전라남도"				,"signguCd" : "46820"				,"signguNm" : "해남군"				,"adongCd" : "4682038000"				,"adongNm" : "계곡면"				,"stdrDt" : "2015-12-17"				}				,{				"ctprvnCd" : "46"				,"ctprvnNm" : "전라남도"				,"signguCd" : "46820"				,"signguNm" : "해남군"				,"adongCd" : "4682039000"				,"adongNm" : "마산면"				,"stdrDt" : "2015-12-17"				}				,{				"ctprvnCd" : "46"				,"ctprvnNm" : "전라남도"				,"signguCd" : "46820"				,"signguNm" : "해남군"				,"adongCd" : "4682042000"				,"adongNm" : "문내면"				,"stdrDt" : "2015-12-17"				}				,{				"ctprvnCd" : "46"				,"ctprvnNm" : "전라남도"				,"signguCd" : "46820"				,"signguNm" : "해남군"				,"adongCd" : "4682036000"				,"adongNm" : "북일면"				,"stdrDt" : "2015-12-17"				}				,{				"ctprvnCd" : "46"				,"ctprvnNm" : "전라남도"				,"signguCd" : "46820"				,"signguNm" : "해남군"				,"adongCd" : "4682035000"				,"adongNm" : "북평면"				,"stdrDt" : "2015-12-17"				}				,{				"ctprvnCd" : "46"				,"ctprvnNm" : "전라남도"				,"signguCd" : "46820"				,"signguNm" : "해남군"				,"adongCd" : "4682041000"				,"adongNm" : "산이면"				,"stdrDt" : "2015-12-17"				}				,{				"ctprvnCd" : "46"				,"ctprvnNm" : "전라남도"				,"signguCd" : "46820"				,"signguNm" : "해남군"				,"adongCd" : "4682031000"				,"adongNm" : "삼산면"				,"stdrDt" : "2015-12-17"				}				,{				"ctprvnCd" : "46"				,"ctprvnNm" : "전라남도"				,"signguCd" : "46820"				,"signguNm" : "해남군"				,"adongCd" : "4682034000"				,"adongNm" : "송지면"				,"stdrDt" : "2015-12-17"				}				,{				"ctprvnCd" : "46"				,"ctprvnNm" : "전라남도"				,"signguCd" : "46820"				,"signguNm" : "해남군"				,"adongCd" : "4682037000"				,"adongNm" : "옥천면"				,"stdrDt" : "2015-12-17"				}				,{				"ctprvnCd" : "46"				,"ctprvnNm" : "전라남도"				,"signguCd" : "46820"				,"signguNm" : "해남군"				,"adongCd" : "4682025000"				,"adongNm" : "해남읍"				,"stdrDt" : "2015-12-17"				}				,{				"ctprvnCd" : "46"				,"ctprvnNm" : "전라남도"				,"signguCd" : "46820"				,"signguNm" : "해남군"				,"adongCd" : "4682033000"				,"adongNm" : "현산면"				,"stdrDt" : "2015-12-17"				}				,{				"ctprvnCd" : "46"				,"ctprvnNm" : "전라남도"				,"signguCd" : "46820"				,"signguNm" : "해남군"				,"adongCd" : "4682032000"				,"adongNm" : "화산면"				,"stdrDt" : "2015-12-17"				}				,{				"ctprvnCd" : "46"				,"ctprvnNm" : "전라남도"				,"signguCd" : "46820"				,"signguNm" : "해남군"				,"adongCd" : "4682043000"				,"adongNm" : "화원면"				,"stdrDt" : "2015-12-17"				}				,{				"ctprvnCd" : "46"				,"ctprvnNm" : "전라남도"				,"signguCd" : "46820"				,"signguNm" : "해남군"				,"adongCd" : "4682040000"				,"adongNm" : "황산면"				,"stdrDt" : "2015-12-17"				}			]	}}