{	"header" : {		"description" : "소상공인시장진흥공단 상권정보 행정동 코드"		,"columns" : ["시도코드","시도명","시군구코드","시군구명","행정동코드","행정동명","기준일자"]		,"resultCode" : "00"		,"resultMsg" : "NORMAL SERVICE"	},	"body" : {			"items" : [				{				"ctprvnCd" : "46"				,"ctprvnNm" : "전라남도"				,"signguCd" : "46830"				,"signguNm" : "영암군"				,"adongCd" : "4683036000"				,"adongNm" : "군서면"				,"stdrDt" : "2015-12-17"				}				,{				"ctprvnCd" : "46"				,"ctprvnNm" : "전라남도"				,"signguCd" : "46830"				,"signguNm" : "영암군"				,"adongCd" : "4683032000"				,"adongNm" : "금정면"				,"stdrDt" : "2015-12-17"				}				,{				"ctprvnCd" : "46"				,"ctprvnNm" : "전라남도"				,"signguCd" : "46830"				,"signguNm" : "영암군"				,"adongCd" : "4683031000"				,"adongNm" : "덕진면"				,"stdrDt" : "2015-12-17"				}				,{				"ctprvnCd" : "46"				,"ctprvnNm" : "전라남도"				,"signguCd" : "46830"				,"signguNm" : "영암군"				,"adongCd" : "4683035000"				,"adongNm" : "도포면"				,"stdrDt" : "2015-12-17"				}				,{				"ctprvnCd" : "46"				,"ctprvnNm" : "전라남도"				,"signguCd" : "46830"				,"signguNm" : "영암군"				,"adongCd" : "4683039000"				,"adongNm" : "미암면"				,"stdrDt" : "2015-12-17"				}				,{				"ctprvnCd" : "46"				,"ctprvnNm" : "전라남도"				,"signguCd" : "46830"				,"signguNm" : "영암군"				,"adongCd" : "4683025300"				,"adongNm" : "삼호읍"				,"stdrDt" : "2015-12-17"				}				,{				"ctprvnCd" : "46"				,"ctprvnNm" : "전라남도"				,"signguCd" : "46830"				,"signguNm" : "영암군"				,"adongCd" : "4683037000"				,"adongNm" : "서호면"				,"stdrDt" : "2015-12-17"				}				,{				"ctprvnCd" : "46"				,"ctprvnNm" : "전라남도"				,"signguCd" : "46830"				,"signguNm" : "영암군"				,"adongCd" : "4683034000"				,"adongNm" : "시종면"				,"stdrDt" : "2015-12-17"				}				,{				"ctprvnCd" : "46"				,"ctprvnNm" : "전라남도"				,"signguCd" : "46830"				,"signguNm" : "영암군"				,"adongCd" : "4683033000"				,"adongNm" : "신북면"				,"stdrDt" : "2015-12-17"				}				,{				"ctprvnCd" : "46"				,"ctprvnNm" : "전라남도"				,"signguCd" : "46830"				,"signguNm" : "영암군"				,"adongCd" : "4683025000"				,"adongNm" : "영암읍"				,"stdrDt" : "2015-12-17"				}				,{				"ctprvnCd" : "46"				,"ctprvnNm" : "전라남도"				,"signguCd" : "46830"				,"signguNm" : "영암군"				,"adongCd" : "4683038000"				,"adongNm" : "학산면"				,"stdrDt" : "2015-12-17"				}			]	}}