{	"header" : {		"description" : "소상공인시장진흥공단 상권정보 행정동 코드"		,"columns" : ["시도코드","시도명","시군구코드","시군구명","행정동코드","행정동명","기준일자"]		,"resultCode" : "00"		,"resultMsg" : "NORMAL SERVICE"	},	"body" : {			"items" : [				{				"ctprvnCd" : "46"				,"ctprvnNm" : "전라남도"				,"signguCd" : "46840"				,"signguNm" : "무안군"				,"adongCd" : "4684035000"				,"adongNm" : "망운면"				,"stdrDt" : "2015-12-17"				}				,{				"ctprvnCd" : "46"				,"ctprvnNm" : "전라남도"				,"signguCd" : "46840"				,"signguNm" : "무안군"				,"adongCd" : "4684032000"				,"adongNm" : "몽탄면"				,"stdrDt" : "2015-12-17"				}				,{				"ctprvnCd" : "46"				,"ctprvnNm" : "전라남도"				,"signguCd" : "46840"				,"signguNm" : "무안군"				,"adongCd" : "4684025000"				,"adongNm" : "무안읍"				,"stdrDt" : "2015-12-17"				}				,{				"ctprvnCd" : "46"				,"ctprvnNm" : "전라남도"				,"signguCd" : "46840"				,"signguNm" : "무안군"				,"adongCd" : "4684025600"				,"adongNm" : "삼향읍"				,"stdrDt" : "2015-12-17"				}				,{				"ctprvnCd" : "46"				,"ctprvnNm" : "전라남도"				,"signguCd" : "46840"				,"signguNm" : "무안군"				,"adongCd" : "4684037000"				,"adongNm" : "운남면"				,"stdrDt" : "2015-12-17"				}				,{				"ctprvnCd" : "46"				,"ctprvnNm" : "전라남도"				,"signguCd" : "46840"				,"signguNm" : "무안군"				,"adongCd" : "4684025300"				,"adongNm" : "일로읍"				,"stdrDt" : "2015-12-17"				}				,{				"ctprvnCd" : "46"				,"ctprvnNm" : "전라남도"				,"signguCd" : "46840"				,"signguNm" : "무안군"				,"adongCd" : "4684033000"				,"adongNm" : "청계면"				,"stdrDt" : "2015-12-17"				}				,{				"ctprvnCd" : "46"				,"ctprvnNm" : "전라남도"				,"signguCd" : "46840"				,"signguNm" : "무안군"				,"adongCd" : "4684036000"				,"adongNm" : "해제면"				,"stdrDt" : "2015-12-17"				}				,{				"ctprvnCd" : "46"				,"ctprvnNm" : "전라남도"				,"signguCd" : "46840"				,"signguNm" : "무안군"				,"adongCd" : "4684034000"				,"adongNm" : "현경면"				,"stdrDt" : "2015-12-17"				}			]	}}