{	"header" : {		"description" : "소상공인시장진흥공단 상권정보 행정동 코드"		,"columns" : ["시도코드","시도명","시군구코드","시군구명","행정동코드","행정동명","기준일자"]		,"resultCode" : "00"		,"resultMsg" : "NORMAL SERVICE"	},	"body" : {			"items" : [				{				"ctprvnCd" : "46"				,"ctprvnNm" : "전라남도"				,"signguCd" : "46860"				,"signguNm" : "함평군"				,"adongCd" : "4686036000"				,"adongNm" : "나산면"				,"stdrDt" : "2015-12-17"				}				,{				"ctprvnCd" : "46"				,"ctprvnNm" : "전라남도"				,"signguCd" : "46860"				,"signguNm" : "함평군"				,"adongCd" : "4686035000"				,"adongNm" : "대동면"				,"stdrDt" : "2015-12-17"				}				,{				"ctprvnCd" : "46"				,"ctprvnNm" : "전라남도"				,"signguCd" : "46860"				,"signguNm" : "함평군"				,"adongCd" : "4686031000"				,"adongNm" : "손불면"				,"stdrDt" : "2015-12-17"				}				,{				"ctprvnCd" : "46"				,"ctprvnNm" : "전라남도"				,"signguCd" : "46860"				,"signguNm" : "함평군"				,"adongCd" : "4686032000"				,"adongNm" : "신광면"				,"stdrDt" : "2015-12-17"				}				,{				"ctprvnCd" : "46"				,"ctprvnNm" : "전라남도"				,"signguCd" : "46860"				,"signguNm" : "함평군"				,"adongCd" : "4686034000"				,"adongNm" : "엄다면"				,"stdrDt" : "2015-12-17"				}				,{				"ctprvnCd" : "46"				,"ctprvnNm" : "전라남도"				,"signguCd" : "46860"				,"signguNm" : "함평군"				,"adongCd" : "4686038000"				,"adongNm" : "월야면"				,"stdrDt" : "2015-12-17"				}				,{				"ctprvnCd" : "46"				,"ctprvnNm" : "전라남도"				,"signguCd" : "46860"				,"signguNm" : "함평군"				,"adongCd" : "4686033000"				,"adongNm" : "학교면"				,"stdrDt" : "2015-12-17"				}				,{				"ctprvnCd" : "46"				,"ctprvnNm" : "전라남도"				,"signguCd" : "46860"				,"signguNm" : "함평군"				,"adongCd" : "4686025000"				,"adongNm" : "함평읍"				,"stdrDt" : "2015-12-17"				}				,{				"ctprvnCd" : "46"				,"ctprvnNm" : "전라남도"				,"signguCd" : "46860"				,"signguNm" : "함평군"				,"adongCd" : "4686037000"				,"adongNm" : "해보면"				,"stdrDt" : "2015-12-17"				}			]	}}