{	"header" : {		"description" : "소상공인시장진흥공단 상권정보 행정동 코드"		,"columns" : ["시도코드","시도명","시군구코드","시군구명","행정동코드","행정동명","기준일자"]		,"resultCode" : "00"		,"resultMsg" : "NORMAL SERVICE"	},	"body" : {			"items" : [				{				"ctprvnCd" : "46"				,"ctprvnNm" : "전라남도"				,"signguCd" : "46870"				,"signguNm" : "영광군"				,"adongCd" : "4687035000"				,"adongNm" : "군남면"				,"stdrDt" : "2015-12-17"				}				,{				"ctprvnCd" : "46"				,"ctprvnNm" : "전라남도"				,"signguCd" : "46870"				,"signguNm" : "영광군"				,"adongCd" : "4687034000"				,"adongNm" : "군서면"				,"stdrDt" : "2015-12-17"				}				,{				"ctprvnCd" : "46"				,"ctprvnNm" : "전라남도"				,"signguCd" : "46870"				,"signguNm" : "영광군"				,"adongCd" : "4687038000"				,"adongNm" : "낙월면"				,"stdrDt" : "2015-12-17"				}				,{				"ctprvnCd" : "46"				,"ctprvnNm" : "전라남도"				,"signguCd" : "46870"				,"signguNm" : "영광군"				,"adongCd" : "4687031000"				,"adongNm" : "대마면"				,"stdrDt" : "2015-12-17"				}				,{				"ctprvnCd" : "46"				,"ctprvnNm" : "전라남도"				,"signguCd" : "46870"				,"signguNm" : "영광군"				,"adongCd" : "4687032000"				,"adongNm" : "묘량면"				,"stdrDt" : "2015-12-17"				}				,{				"ctprvnCd" : "46"				,"ctprvnNm" : "전라남도"				,"signguCd" : "46870"				,"signguNm" : "영광군"				,"adongCd" : "4687025300"				,"adongNm" : "백수읍"				,"stdrDt" : "2015-12-17"				}				,{				"ctprvnCd" : "46"				,"ctprvnNm" : "전라남도"				,"signguCd" : "46870"				,"signguNm" : "영광군"				,"adongCd" : "4687037000"				,"adongNm" : "법성면"				,"stdrDt" : "2015-12-17"				}				,{				"ctprvnCd" : "46"				,"ctprvnNm" : "전라남도"				,"signguCd" : "46870"				,"signguNm" : "영광군"				,"adongCd" : "4687033000"				,"adongNm" : "불갑면"				,"stdrDt" : "2015-12-17"				}				,{				"ctprvnCd" : "46"				,"ctprvnNm" : "전라남도"				,"signguCd" : "46870"				,"signguNm" : "영광군"				,"adongCd" : "4687036000"				,"adongNm" : "염산면"				,"stdrDt" : "2015-12-17"				}				,{				"ctprvnCd" : "46"				,"ctprvnNm" : "전라남도"				,"signguCd" : "46870"				,"signguNm" : "영광군"				,"adongCd" : "4687025000"				,"adongNm" : "영광읍"				,"stdrDt" : "2015-12-17"				}				,{				"ctprvnCd" : "46"				,"ctprvnNm" : "전라남도"				,"signguCd" : "46870"				,"signguNm" : "영광군"				,"adongCd" : "4687025600"				,"adongNm" : "홍농읍"				,"stdrDt" : "2015-12-17"				}			]	}}