{	"header" : {		"description" : "소상공인시장진흥공단 상권정보 행정동 코드"		,"columns" : ["시도코드","시도명","시군구코드","시군구명","행정동코드","행정동명","기준일자"]		,"resultCode" : "00"		,"resultMsg" : "NORMAL SERVICE"	},	"body" : {			"items" : [				{				"ctprvnCd" : "46"				,"ctprvnNm" : "전라남도"				,"signguCd" : "46880"				,"signguNm" : "장성군"				,"adongCd" : "4688032000"				,"adongNm" : "남면"				,"stdrDt" : "2015-12-17"				}				,{				"ctprvnCd" : "46"				,"ctprvnNm" : "전라남도"				,"signguCd" : "46880"				,"signguNm" : "장성군"				,"adongCd" : "4688033000"				,"adongNm" : "동화면"				,"stdrDt" : "2015-12-17"				}				,{				"ctprvnCd" : "46"				,"ctprvnNm" : "전라남도"				,"signguCd" : "46880"				,"signguNm" : "장성군"				,"adongCd" : "4688039000"				,"adongNm" : "북이면"				,"stdrDt" : "2015-12-17"				}				,{				"ctprvnCd" : "46"				,"ctprvnNm" : "전라남도"				,"signguCd" : "46880"				,"signguNm" : "장성군"				,"adongCd" : "4688038000"				,"adongNm" : "북일면"				,"stdrDt" : "2015-12-17"				}				,{				"ctprvnCd" : "46"				,"ctprvnNm" : "전라남도"				,"signguCd" : "46880"				,"signguNm" : "장성군"				,"adongCd" : "4688040000"				,"adongNm" : "북하면"				,"stdrDt" : "2015-12-17"				}				,{				"ctprvnCd" : "46"				,"ctprvnNm" : "전라남도"				,"signguCd" : "46880"				,"signguNm" : "장성군"				,"adongCd" : "4688035000"				,"adongNm" : "삼계면"				,"stdrDt" : "2015-12-17"				}				,{				"ctprvnCd" : "46"				,"ctprvnNm" : "전라남도"				,"signguCd" : "46880"				,"signguNm" : "장성군"				,"adongCd" : "4688034000"				,"adongNm" : "삼서면"				,"stdrDt" : "2015-12-17"				}				,{				"ctprvnCd" : "46"				,"ctprvnNm" : "전라남도"				,"signguCd" : "46880"				,"signguNm" : "장성군"				,"adongCd" : "4688037000"				,"adongNm" : "서삼면"				,"stdrDt" : "2015-12-17"				}				,{				"ctprvnCd" : "46"				,"ctprvnNm" : "전라남도"				,"signguCd" : "46880"				,"signguNm" : "장성군"				,"adongCd" : "4688025000"				,"adongNm" : "장성읍"				,"stdrDt" : "2015-12-17"				}				,{				"ctprvnCd" : "46"				,"ctprvnNm" : "전라남도"				,"signguCd" : "46880"				,"signguNm" : "장성군"				,"adongCd" : "4688031000"				,"adongNm" : "진원면"				,"stdrDt" : "2015-12-17"				}				,{				"ctprvnCd" : "46"				,"ctprvnNm" : "전라남도"				,"signguCd" : "46880"				,"signguNm" : "장성군"				,"adongCd" : "4688036000"				,"adongNm" : "황룡면"				,"stdrDt" : "2015-12-17"				}			]	}}