{	"header" : {		"description" : "소상공인시장진흥공단 상권정보 행정동 코드"		,"columns" : ["시도코드","시도명","시군구코드","시군구명","행정동코드","행정동명","기준일자"]		,"resultCode" : "00"		,"resultMsg" : "NORMAL SERVICE"	},	"body" : {			"items" : [				{				"ctprvnCd" : "46"				,"ctprvnNm" : "전라남도"				,"signguCd" : "46890"				,"signguNm" : "완도군"				,"adongCd" : "4689033000"				,"adongNm" : "고금면"				,"stdrDt" : "2015-12-17"				}				,{				"ctprvnCd" : "46"				,"ctprvnNm" : "전라남도"				,"signguCd" : "46890"				,"signguNm" : "완도군"				,"adongCd" : "4689031000"				,"adongNm" : "군외면"				,"stdrDt" : "2015-12-17"				}				,{				"ctprvnCd" : "46"				,"ctprvnNm" : "전라남도"				,"signguCd" : "46890"				,"signguNm" : "완도군"				,"adongCd" : "4689037000"				,"adongNm" : "금당면"				,"stdrDt" : "2015-12-17"				}				,{				"ctprvnCd" : "46"				,"ctprvnNm" : "전라남도"				,"signguCd" : "46890"				,"signguNm" : "완도군"				,"adongCd" : "4689025300"				,"adongNm" : "금일읍"				,"stdrDt" : "2015-12-17"				}				,{				"ctprvnCd" : "46"				,"ctprvnNm" : "전라남도"				,"signguCd" : "46890"				,"signguNm" : "완도군"				,"adongCd" : "4689025600"				,"adongNm" : "노화읍"				,"stdrDt" : "2015-12-17"				}				,{				"ctprvnCd" : "46"				,"ctprvnNm" : "전라남도"				,"signguCd" : "46890"				,"signguNm" : "완도군"				,"adongCd" : "4689038000"				,"adongNm" : "보길면"				,"stdrDt" : "2015-12-17"				}				,{				"ctprvnCd" : "46"				,"ctprvnNm" : "전라남도"				,"signguCd" : "46890"				,"signguNm" : "완도군"				,"adongCd" : "4689039000"				,"adongNm" : "생일면"				,"stdrDt" : "2015-12-17"				}				,{				"ctprvnCd" : "46"				,"ctprvnNm" : "전라남도"				,"signguCd" : "46890"				,"signguNm" : "완도군"				,"adongCd" : "4689036000"				,"adongNm" : "소안면"				,"stdrDt" : "2015-12-17"				}				,{				"ctprvnCd" : "46"				,"ctprvnNm" : "전라남도"				,"signguCd" : "46890"				,"signguNm" : "완도군"				,"adongCd" : "4689032000"				,"adongNm" : "신지면"				,"stdrDt" : "2015-12-17"				}				,{				"ctprvnCd" : "46"				,"ctprvnNm" : "전라남도"				,"signguCd" : "46890"				,"signguNm" : "완도군"				,"adongCd" : "4689034000"				,"adongNm" : "약산면"				,"stdrDt" : "2015-12-17"				}				,{				"ctprvnCd" : "46"				,"ctprvnNm" : "전라남도"				,"signguCd" : "46890"				,"signguNm" : "완도군"				,"adongCd" : "4689025000"				,"adongNm" : "완도읍"				,"stdrDt" : "2015-12-17"				}				,{				"ctprvnCd" : "46"				,"ctprvnNm" : "전라남도"				,"signguCd" : "46890"				,"signguNm" : "완도군"				,"adongCd" : "4689035000"				,"adongNm" : "청산면"				,"stdrDt" : "2015-12-17"				}			]	}}