{	"header" : {		"description" : "소상공인시장진흥공단 상권정보 행정동 코드"		,"columns" : ["시도코드","시도명","시군구코드","시군구명","행정동코드","행정동명","기준일자"]		,"resultCode" : "00"		,"resultMsg" : "NORMAL SERVICE"	},	"body" : {			"items" : [				{				"ctprvnCd" : "46"				,"ctprvnNm" : "전라남도"				,"signguCd" : "46900"				,"signguNm" : "진도군"				,"adongCd" : "4690032000"				,"adongNm" : "고군면"				,"stdrDt" : "2015-12-17"				}				,{				"ctprvnCd" : "46"				,"ctprvnNm" : "전라남도"				,"signguCd" : "46900"				,"signguNm" : "진도군"				,"adongCd" : "4690031000"				,"adongNm" : "군내면"				,"stdrDt" : "2015-12-17"				}				,{				"ctprvnCd" : "46"				,"ctprvnNm" : "전라남도"				,"signguCd" : "46900"				,"signguNm" : "진도군"				,"adongCd" : "4690033000"				,"adongNm" : "의신면"				,"stdrDt" : "2015-12-17"				}				,{				"ctprvnCd" : "46"				,"ctprvnNm" : "전라남도"				,"signguCd" : "46900"				,"signguNm" : "진도군"				,"adongCd" : "4690034000"				,"adongNm" : "임회면"				,"stdrDt" : "2015-12-17"				}				,{				"ctprvnCd" : "46"				,"ctprvnNm" : "전라남도"				,"signguCd" : "46900"				,"signguNm" : "진도군"				,"adongCd" : "4690036000"				,"adongNm" : "조도면"				,"stdrDt" : "2015-12-17"				}				,{				"ctprvnCd" : "46"				,"ctprvnNm" : "전라남도"				,"signguCd" : "46900"				,"signguNm" : "진도군"				,"adongCd" : "4690035000"				,"adongNm" : "지산면"				,"stdrDt" : "2015-12-17"				}				,{				"ctprvnCd" : "46"				,"ctprvnNm" : "전라남도"				,"signguCd" : "46900"				,"signguNm" : "진도군"				,"adongCd" : "4690025000"				,"adongNm" : "진도읍"				,"stdrDt" : "2015-12-17"				}			]	}}