{	"header" : {		"description" : "소상공인시장진흥공단 상권정보 행정동 코드"		,"columns" : ["시도코드","시도명","시군구코드","시군구명","행정동코드","행정동명","기준일자"]		,"resultCode" : "00"		,"resultMsg" : "NORMAL SERVICE"	},	"body" : {			"items" : [				{				"ctprvnCd" : "46"				,"ctprvnNm" : "전라남도"				,"signguCd" : "46910"				,"signguNm" : "신안군"				,"adongCd" : "4691035000"				,"adongNm" : "도초면"				,"stdrDt" : "2015-12-17"				}				,{				"ctprvnCd" : "46"				,"ctprvnNm" : "전라남도"				,"signguCd" : "46910"				,"signguNm" : "신안군"				,"adongCd" : "4691034000"				,"adongNm" : "비금면"				,"stdrDt" : "2015-12-17"				}				,{				"ctprvnCd" : "46"				,"ctprvnNm" : "전라남도"				,"signguCd" : "46910"				,"signguNm" : "신안군"				,"adongCd" : "4691038000"				,"adongNm" : "신의면"				,"stdrDt" : "2015-12-17"				}				,{				"ctprvnCd" : "46"				,"ctprvnNm" : "전라남도"				,"signguCd" : "46910"				,"signguNm" : "신안군"				,"adongCd" : "4691040000"				,"adongNm" : "안좌면"				,"stdrDt" : "2015-12-17"				}				,{				"ctprvnCd" : "46"				,"ctprvnNm" : "전라남도"				,"signguCd" : "46910"				,"signguNm" : "신안군"				,"adongCd" : "4691042000"				,"adongNm" : "암태면"				,"stdrDt" : "2015-12-17"				}				,{				"ctprvnCd" : "46"				,"ctprvnNm" : "전라남도"				,"signguCd" : "46910"				,"signguNm" : "신안군"				,"adongCd" : "4691025300"				,"adongNm" : "압해읍"				,"stdrDt" : "2015-12-17"				}				,{				"ctprvnCd" : "46"				,"ctprvnNm" : "전라남도"				,"signguCd" : "46910"				,"signguNm" : "신안군"				,"adongCd" : "4691032000"				,"adongNm" : "임자면"				,"stdrDt" : "2015-12-17"				}				,{				"ctprvnCd" : "46"				,"ctprvnNm" : "전라남도"				,"signguCd" : "46910"				,"signguNm" : "신안군"				,"adongCd" : "4691033000"				,"adongNm" : "자은면"				,"stdrDt" : "2015-12-17"				}				,{				"ctprvnCd" : "46"				,"ctprvnNm" : "전라남도"				,"signguCd" : "46910"				,"signguNm" : "신안군"				,"adongCd" : "4691039000"				,"adongNm" : "장산면"				,"stdrDt" : "2015-12-17"				}				,{				"ctprvnCd" : "46"				,"ctprvnNm" : "전라남도"				,"signguCd" : "46910"				,"signguNm" : "신안군"				,"adongCd" : "4691031000"				,"adongNm" : "증도면"				,"stdrDt" : "2015-12-17"				}				,{				"ctprvnCd" : "46"				,"ctprvnNm" : "전라남도"				,"signguCd" : "46910"				,"signguNm" : "신안군"				,"adongCd" : "4691025000"				,"adongNm" : "지도읍"				,"stdrDt" : "2015-12-17"				}				,{				"ctprvnCd" : "46"				,"ctprvnNm" : "전라남도"				,"signguCd" : "46910"				,"signguNm" : "신안군"				,"adongCd" : "4691041000"				,"adongNm" : "팔금면"				,"stdrDt" : "2015-12-17"				}				,{				"ctprvnCd" : "46"				,"ctprvnNm" : "전라남도"				,"signguCd" : "46910"				,"signguNm" : "신안군"				,"adongCd" : "4691037000"				,"adongNm" : "하의면"				,"stdrDt" : "2015-12-17"				}				,{				"ctprvnCd" : "46"				,"ctprvnNm" : "전라남도"				,"signguCd" : "46910"				,"signguNm" : "신안군"				,"adongCd" : "4691036000"				,"adongNm" : "흑산면"				,"stdrDt" : "2015-12-17"				}			]	}}