{	"header" : {		"description" : "소상공인시장진흥공단 상권정보 행정동 코드"		,"columns" : ["시도코드","시도명","시군구코드","시군구명","행정동코드","행정동명","기준일자"]		,"resultCode" : "00"		,"resultMsg" : "NORMAL SERVICE"	},	"body" : {			"items" : [				{				"ctprvnCd" : "47"				,"ctprvnNm" : "경상북도"				,"signguCd" : "47111"				,"signguNm" : "포항시 남구"				,"adongCd" : "4711125000"				,"adongNm" : "구룡포읍"				,"stdrDt" : "2015-12-17"				}				,{				"ctprvnCd" : "47"				,"ctprvnNm" : "경상북도"				,"signguCd" : "47111"				,"signguNm" : "포항시 남구"				,"adongCd" : "4711131000"				,"adongNm" : "대송면"				,"stdrDt" : "2015-12-17"				}				,{				"ctprvnCd" : "47"				,"ctprvnNm" : "경상북도"				,"signguCd" : "47111"				,"signguNm" : "포항시 남구"				,"adongCd" : "4711159000"				,"adongNm" : "대이동"				,"stdrDt" : "2015-12-17"				}				,{				"ctprvnCd" : "47"				,"ctprvnNm" : "경상북도"				,"signguCd" : "47111"				,"signguNm" : "포항시 남구"				,"adongCd" : "4711132000"				,"adongNm" : "동해면"				,"stdrDt" : "2015-12-17"				}				,{				"ctprvnCd" : "47"				,"ctprvnNm" : "경상북도"				,"signguCd" : "47111"				,"signguNm" : "포항시 남구"				,"adongCd" : "4711152500"				,"adongNm" : "상대동"				,"stdrDt" : "2015-12-17"				}				,{				"ctprvnCd" : "47"				,"ctprvnNm" : "경상북도"				,"signguCd" : "47111"				,"signguNm" : "포항시 남구"				,"adongCd" : "4711155000"				,"adongNm" : "송도동"				,"stdrDt" : "2015-12-17"				}				,{				"ctprvnCd" : "47"				,"ctprvnNm" : "경상북도"				,"signguCd" : "47111"				,"signguNm" : "포항시 남구"				,"adongCd" : "4711125300"				,"adongNm" : "연일읍"				,"stdrDt" : "2015-12-17"				}				,{				"ctprvnCd" : "47"				,"ctprvnNm" : "경상북도"				,"signguCd" : "47111"				,"signguNm" : "포항시 남구"				,"adongCd" : "4711125600"				,"adongNm" : "오천읍"				,"stdrDt" : "2015-12-17"				}				,{				"ctprvnCd" : "47"				,"ctprvnNm" : "경상북도"				,"signguCd" : "47111"				,"signguNm" : "포항시 남구"				,"adongCd" : "4711133000"				,"adongNm" : "장기면"				,"stdrDt" : "2015-12-17"				}				,{				"ctprvnCd" : "47"				,"ctprvnNm" : "경상북도"				,"signguCd" : "47111"				,"signguNm" : "포항시 남구"				,"adongCd" : "4711157000"				,"adongNm" : "제철동"				,"stdrDt" : "2015-12-17"				}				,{				"ctprvnCd" : "47"				,"ctprvnNm" : "경상북도"				,"signguCd" : "47111"				,"signguNm" : "포항시 남구"				,"adongCd" : "4711156000"				,"adongNm" : "청림동"				,"stdrDt" : "2015-12-17"				}				,{				"ctprvnCd" : "47"				,"ctprvnNm" : "경상북도"				,"signguCd" : "47111"				,"signguNm" : "포항시 남구"				,"adongCd" : "4711154500"				,"adongNm" : "해도동"				,"stdrDt" : "2015-12-17"				}				,{				"ctprvnCd" : "47"				,"ctprvnNm" : "경상북도"				,"signguCd" : "47111"				,"signguNm" : "포항시 남구"				,"adongCd" : "4711135000"				,"adongNm" : "호미곶면"				,"stdrDt" : "2015-12-17"				}				,{				"ctprvnCd" : "47"				,"ctprvnNm" : "경상북도"				,"signguCd" : "47111"				,"signguNm" : "포항시 남구"				,"adongCd" : "4711158000"				,"adongNm" : "효곡동"				,"stdrDt" : "2015-12-17"				}			]	}}