{	"header" : {		"description" : "소상공인시장진흥공단 상권정보 행정동 코드"		,"columns" : ["시도코드","시도명","시군구코드","시군구명","행정동코드","행정동명","기준일자"]		,"resultCode" : "00"		,"resultMsg" : "NORMAL SERVICE"	},	"body" : {			"items" : [				{				"ctprvnCd" : "47"				,"ctprvnNm" : "경상북도"				,"signguCd" : "47113"				,"signguNm" : "포항시 북구"				,"adongCd" : "4711334000"				,"adongNm" : "기계면"				,"stdrDt" : "2015-12-17"				}				,{				"ctprvnCd" : "47"				,"ctprvnNm" : "경상북도"				,"signguCd" : "47113"				,"signguNm" : "포항시 북구"				,"adongCd" : "4711336000"				,"adongNm" : "기북면"				,"stdrDt" : "2015-12-17"				}				,{				"ctprvnCd" : "47"				,"ctprvnNm" : "경상북도"				,"signguCd" : "47113"				,"signguNm" : "포항시 북구"				,"adongCd" : "4711369000"				,"adongNm" : "두호동"				,"stdrDt" : "2015-12-17"				}				,{				"ctprvnCd" : "47"				,"ctprvnNm" : "경상북도"				,"signguCd" : "47113"				,"signguNm" : "포항시 북구"				,"adongCd" : "4711333000"				,"adongNm" : "송라면"				,"stdrDt" : "2015-12-17"				}				,{				"ctprvnCd" : "47"				,"ctprvnNm" : "경상북도"				,"signguCd" : "47113"				,"signguNm" : "포항시 북구"				,"adongCd" : "4711331000"				,"adongNm" : "신광면"				,"stdrDt" : "2015-12-17"				}				,{				"ctprvnCd" : "47"				,"ctprvnNm" : "경상북도"				,"signguCd" : "47113"				,"signguNm" : "포항시 북구"				,"adongCd" : "4711363000"				,"adongNm" : "양학동"				,"stdrDt" : "2015-12-17"				}				,{				"ctprvnCd" : "47"				,"ctprvnNm" : "경상북도"				,"signguCd" : "47113"				,"signguNm" : "포항시 북구"				,"adongCd" : "4711366500"				,"adongNm" : "용흥동"				,"stdrDt" : "2015-12-17"				}				,{				"ctprvnCd" : "47"				,"ctprvnNm" : "경상북도"				,"signguCd" : "47113"				,"signguNm" : "포항시 북구"				,"adongCd" : "4711368000"				,"adongNm" : "우창동"				,"stdrDt" : "2015-12-17"				}				,{				"ctprvnCd" : "47"				,"ctprvnNm" : "경상북도"				,"signguCd" : "47113"				,"signguNm" : "포항시 북구"				,"adongCd" : "4711370000"				,"adongNm" : "장량동"				,"stdrDt" : "2015-12-17"				}				,{				"ctprvnCd" : "47"				,"ctprvnNm" : "경상북도"				,"signguCd" : "47113"				,"signguNm" : "포항시 북구"				,"adongCd" : "4711365500"				,"adongNm" : "죽도동"				,"stdrDt" : "2015-12-17"				}				,{				"ctprvnCd" : "47"				,"ctprvnNm" : "경상북도"				,"signguCd" : "47113"				,"signguNm" : "포항시 북구"				,"adongCd" : "4711335000"				,"adongNm" : "죽장면"				,"stdrDt" : "2015-12-17"				}				,{				"ctprvnCd" : "47"				,"ctprvnNm" : "경상북도"				,"signguCd" : "47113"				,"signguNm" : "포항시 북구"				,"adongCd" : "4711352000"				,"adongNm" : "중앙동"				,"stdrDt" : "2015-12-17"				}				,{				"ctprvnCd" : "47"				,"ctprvnNm" : "경상북도"				,"signguCd" : "47113"				,"signguNm" : "포항시 북구"				,"adongCd" : "4711332000"				,"adongNm" : "청하면"				,"stdrDt" : "2015-12-17"				}				,{				"ctprvnCd" : "47"				,"ctprvnNm" : "경상북도"				,"signguCd" : "47113"				,"signguNm" : "포항시 북구"				,"adongCd" : "4711371000"				,"adongNm" : "환여동"				,"stdrDt" : "2015-12-17"				}				,{				"ctprvnCd" : "47"				,"ctprvnNm" : "경상북도"				,"signguCd" : "47113"				,"signguNm" : "포항시 북구"				,"adongCd" : "4711325000"				,"adongNm" : "흥해읍"				,"stdrDt" : "2015-12-17"				}			]	}}