{	"header" : {		"description" : "소상공인시장진흥공단 상권정보 행정동 코드"		,"columns" : ["시도코드","시도명","시군구코드","시군구명","행정동코드","행정동명","기준일자"]		,"resultCode" : "00"		,"resultMsg" : "NORMAL SERVICE"	},	"body" : {			"items" : [				{				"ctprvnCd" : "47"				,"ctprvnNm" : "경상북도"				,"signguCd" : "47130"				,"signguNm" : "경주시"				,"adongCd" : "4713025000"				,"adongNm" : "감포읍"				,"stdrDt" : "2015-12-17"				}				,{				"ctprvnCd" : "47"				,"ctprvnNm" : "경상북도"				,"signguCd" : "47130"				,"signguNm" : "경주시"				,"adongCd" : "4713037000"				,"adongNm" : "강동면"				,"stdrDt" : "2015-12-17"				}				,{				"ctprvnCd" : "47"				,"ctprvnNm" : "경상북도"				,"signguCd" : "47130"				,"signguNm" : "경주시"				,"adongCd" : "4713025600"				,"adongNm" : "건천읍"				,"stdrDt" : "2015-12-17"				}				,{				"ctprvnCd" : "47"				,"ctprvnNm" : "경상북도"				,"signguCd" : "47130"				,"signguNm" : "경주시"				,"adongCd" : "4713033000"				,"adongNm" : "내남면"				,"stdrDt" : "2015-12-17"				}				,{				"ctprvnCd" : "47"				,"ctprvnNm" : "경상북도"				,"signguCd" : "47130"				,"signguNm" : "경주시"				,"adongCd" : "4713063000"				,"adongNm" : "동천동"				,"stdrDt" : "2015-12-17"				}				,{				"ctprvnCd" : "47"				,"ctprvnNm" : "경상북도"				,"signguCd" : "47130"				,"signguNm" : "경주시"				,"adongCd" : "4713066000"				,"adongNm" : "보덕동"				,"stdrDt" : "2015-12-17"				}				,{				"ctprvnCd" : "47"				,"ctprvnNm" : "경상북도"				,"signguCd" : "47130"				,"signguNm" : "경주시"				,"adongCd" : "4713065000"				,"adongNm" : "불국동"				,"stdrDt" : "2015-12-17"				}				,{				"ctprvnCd" : "47"				,"ctprvnNm" : "경상북도"				,"signguCd" : "47130"				,"signguNm" : "경주시"				,"adongCd" : "4713034000"				,"adongNm" : "산내면"				,"stdrDt" : "2015-12-17"				}				,{				"ctprvnCd" : "47"				,"ctprvnNm" : "경상북도"				,"signguCd" : "47130"				,"signguNm" : "경주시"				,"adongCd" : "4713035000"				,"adongNm" : "서면"				,"stdrDt" : "2015-12-17"				}				,{				"ctprvnCd" : "47"				,"ctprvnNm" : "경상북도"				,"signguCd" : "47130"				,"signguNm" : "경주시"				,"adongCd" : "4713059000"				,"adongNm" : "선도동"				,"stdrDt" : "2015-12-17"				}				,{				"ctprvnCd" : "47"				,"ctprvnNm" : "경상북도"				,"signguCd" : "47130"				,"signguNm" : "경주시"				,"adongCd" : "4713055000"				,"adongNm" : "성건동"				,"stdrDt" : "2015-12-17"				}				,{				"ctprvnCd" : "47"				,"ctprvnNm" : "경상북도"				,"signguCd" : "47130"				,"signguNm" : "경주시"				,"adongCd" : "4713025300"				,"adongNm" : "안강읍"				,"stdrDt" : "2015-12-17"				}				,{				"ctprvnCd" : "47"				,"ctprvnNm" : "경상북도"				,"signguCd" : "47130"				,"signguNm" : "경주시"				,"adongCd" : "4713032000"				,"adongNm" : "양남면"				,"stdrDt" : "2015-12-17"				}				,{				"ctprvnCd" : "47"				,"ctprvnNm" : "경상북도"				,"signguCd" : "47130"				,"signguNm" : "경주시"				,"adongCd" : "4713031000"				,"adongNm" : "양북면"				,"stdrDt" : "2015-12-17"				}				,{				"ctprvnCd" : "47"				,"ctprvnNm" : "경상북도"				,"signguCd" : "47130"				,"signguNm" : "경주시"				,"adongCd" : "4713025900"				,"adongNm" : "외동읍"				,"stdrDt" : "2015-12-17"				}				,{				"ctprvnCd" : "47"				,"ctprvnNm" : "경상북도"				,"signguCd" : "47130"				,"signguNm" : "경주시"				,"adongCd" : "4713061500"				,"adongNm" : "용강동"				,"stdrDt" : "2015-12-17"				}				,{				"ctprvnCd" : "47"				,"ctprvnNm" : "경상북도"				,"signguCd" : "47130"				,"signguNm" : "경주시"				,"adongCd" : "4713060500"				,"adongNm" : "월성동"				,"stdrDt" : "2015-12-17"				}				,{				"ctprvnCd" : "47"				,"ctprvnNm" : "경상북도"				,"signguCd" : "47130"				,"signguNm" : "경주시"				,"adongCd" : "4713051500"				,"adongNm" : "중부동"				,"stdrDt" : "2015-12-17"				}				,{				"ctprvnCd" : "47"				,"ctprvnNm" : "경상북도"				,"signguCd" : "47130"				,"signguNm" : "경주시"				,"adongCd" : "4713038000"				,"adongNm" : "천북면"				,"stdrDt" : "2015-12-17"				}				,{				"ctprvnCd" : "47"				,"ctprvnNm" : "경상북도"				,"signguCd" : "47130"				,"signguNm" : "경주시"				,"adongCd" : "4713036000"				,"adongNm" : "현곡면"				,"stdrDt" : "2015-12-17"				}				,{				"ctprvnCd" : "47"				,"ctprvnNm" : "경상북도"				,"signguCd" : "47130"				,"signguNm" : "경주시"				,"adongCd" : "4713057000"				,"adongNm" : "황남동"				,"stdrDt" : "2015-12-17"				}				,{				"ctprvnCd" : "47"				,"ctprvnNm" : "경상북도"				,"signguCd" : "47130"				,"signguNm" : "경주시"				,"adongCd" : "4713062100"				,"adongNm" : "황성동"				,"stdrDt" : "2015-12-17"				}				,{				"ctprvnCd" : "47"				,"ctprvnNm" : "경상북도"				,"signguCd" : "47130"				,"signguNm" : "경주시"				,"adongCd" : "4713053000"				,"adongNm" : "황오동"				,"stdrDt" : "2015-12-17"				}			]	}}