{	"header" : {		"description" : "소상공인시장진흥공단 상권정보 행정동 코드"		,"columns" : ["시도코드","시도명","시군구코드","시군구명","행정동코드","행정동명","기준일자"]		,"resultCode" : "00"		,"resultMsg" : "NORMAL SERVICE"	},	"body" : {			"items" : [				{				"ctprvnCd" : "47"				,"ctprvnNm" : "경상북도"				,"signguCd" : "47150"				,"signguNm" : "김천시"				,"adongCd" : "4715035000"				,"adongNm" : "감문면"				,"stdrDt" : "2015-12-17"				}				,{				"ctprvnCd" : "47"				,"ctprvnNm" : "경상북도"				,"signguCd" : "47150"				,"signguNm" : "김천시"				,"adongCd" : "4715039000"				,"adongNm" : "감천면"				,"stdrDt" : "2015-12-17"				}				,{				"ctprvnCd" : "47"				,"ctprvnNm" : "경상북도"				,"signguCd" : "47150"				,"signguNm" : "김천시"				,"adongCd" : "4715034000"				,"adongNm" : "개령면"				,"stdrDt" : "2015-12-17"				}				,{				"ctprvnCd" : "47"				,"ctprvnNm" : "경상북도"				,"signguCd" : "47150"				,"signguNm" : "김천시"				,"adongCd" : "4715041000"				,"adongNm" : "구성면"				,"stdrDt" : "2015-12-17"				}				,{				"ctprvnCd" : "47"				,"ctprvnNm" : "경상북도"				,"signguCd" : "47150"				,"signguNm" : "김천시"				,"adongCd" : "4715032000"				,"adongNm" : "남면"				,"stdrDt" : "2015-12-17"				}				,{				"ctprvnCd" : "47"				,"ctprvnNm" : "경상북도"				,"signguCd" : "47150"				,"signguNm" : "김천시"				,"adongCd" : "4715031000"				,"adongNm" : "농소면"				,"stdrDt" : "2015-12-17"				}				,{				"ctprvnCd" : "47"				,"ctprvnNm" : "경상북도"				,"signguCd" : "47150"				,"signguNm" : "김천시"				,"adongCd" : "4715059500"				,"adongNm" : "대곡동"				,"stdrDt" : "2015-12-17"				}				,{				"ctprvnCd" : "47"				,"ctprvnNm" : "경상북도"				,"signguCd" : "47150"				,"signguNm" : "김천시"				,"adongCd" : "4715044000"				,"adongNm" : "대덕면"				,"stdrDt" : "2015-12-17"				}				,{				"ctprvnCd" : "47"				,"ctprvnNm" : "경상북도"				,"signguCd" : "47150"				,"signguNm" : "김천시"				,"adongCd" : "4715057500"				,"adongNm" : "대신동"				,"stdrDt" : "2015-12-17"				}				,{				"ctprvnCd" : "47"				,"ctprvnNm" : "경상북도"				,"signguCd" : "47150"				,"signguNm" : "김천시"				,"adongCd" : "4715038000"				,"adongNm" : "대항면"				,"stdrDt" : "2015-12-17"				}				,{				"ctprvnCd" : "47"				,"ctprvnNm" : "경상북도"				,"signguCd" : "47150"				,"signguNm" : "김천시"				,"adongCd" : "4715037000"				,"adongNm" : "봉산면"				,"stdrDt" : "2015-12-17"				}				,{				"ctprvnCd" : "47"				,"ctprvnNm" : "경상북도"				,"signguCd" : "47150"				,"signguNm" : "김천시"				,"adongCd" : "4715043000"				,"adongNm" : "부항면"				,"stdrDt" : "2015-12-17"				}				,{				"ctprvnCd" : "47"				,"ctprvnNm" : "경상북도"				,"signguCd" : "47150"				,"signguNm" : "김천시"				,"adongCd" : "4715025000"				,"adongNm" : "아포읍"				,"stdrDt" : "2015-12-17"				}				,{				"ctprvnCd" : "47"				,"ctprvnNm" : "경상북도"				,"signguCd" : "47150"				,"signguNm" : "김천시"				,"adongCd" : "4715056500"				,"adongNm" : "양금동"				,"stdrDt" : "2015-12-17"				}				,{				"ctprvnCd" : "47"				,"ctprvnNm" : "경상북도"				,"signguCd" : "47150"				,"signguNm" : "김천시"				,"adongCd" : "4715036000"				,"adongNm" : "어모면"				,"stdrDt" : "2015-12-17"				}				,{				"ctprvnCd" : "47"				,"ctprvnNm" : "경상북도"				,"signguCd" : "47150"				,"signguNm" : "김천시"				,"adongCd" : "4715064000"				,"adongNm" : "율곡동"				,"stdrDt" : "2015-12-17"				}				,{				"ctprvnCd" : "47"				,"ctprvnNm" : "경상북도"				,"signguCd" : "47150"				,"signguNm" : "김천시"				,"adongCd" : "4715051600"				,"adongNm" : "자산동"				,"stdrDt" : "2015-12-17"				}				,{				"ctprvnCd" : "47"				,"ctprvnNm" : "경상북도"				,"signguCd" : "47150"				,"signguNm" : "김천시"				,"adongCd" : "4715040000"				,"adongNm" : "조마면"				,"stdrDt" : "2015-12-17"				}				,{				"ctprvnCd" : "47"				,"ctprvnNm" : "경상북도"				,"signguCd" : "47150"				,"signguNm" : "김천시"				,"adongCd" : "4715045000"				,"adongNm" : "증산면"				,"stdrDt" : "2015-12-17"				}				,{				"ctprvnCd" : "47"				,"ctprvnNm" : "경상북도"				,"signguCd" : "47150"				,"signguNm" : "김천시"				,"adongCd" : "4715042000"				,"adongNm" : "지례면"				,"stdrDt" : "2015-12-17"				}				,{				"ctprvnCd" : "47"				,"ctprvnNm" : "경상북도"				,"signguCd" : "47150"				,"signguNm" : "김천시"				,"adongCd" : "4715061000"				,"adongNm" : "지좌동"				,"stdrDt" : "2015-12-17"				}				,{				"ctprvnCd" : "47"				,"ctprvnNm" : "경상북도"				,"signguCd" : "47150"				,"signguNm" : "김천시"				,"adongCd" : "4715053600"				,"adongNm" : "평화남산동"				,"stdrDt" : "2015-12-17"				}			]	}}