{	"header" : {		"description" : "소상공인시장진흥공단 상권정보 행정동 코드"		,"columns" : ["시도코드","시도명","시군구코드","시군구명","행정동코드","행정동명","기준일자"]		,"resultCode" : "00"		,"resultMsg" : "NORMAL SERVICE"	},	"body" : {			"items" : [				{				"ctprvnCd" : "47"				,"ctprvnNm" : "경상북도"				,"signguCd" : "47170"				,"signguNm" : "안동시"				,"adongCd" : "4717069000"				,"adongNm" : "강남동"				,"stdrDt" : "2015-12-17"				}				,{				"ctprvnCd" : "47"				,"ctprvnNm" : "경상북도"				,"signguCd" : "47170"				,"signguNm" : "안동시"				,"adongCd" : "4717039000"				,"adongNm" : "길안면"				,"stdrDt" : "2015-12-17"				}				,{				"ctprvnCd" : "47"				,"ctprvnNm" : "경상북도"				,"signguCd" : "47170"				,"signguNm" : "안동시"				,"adongCd" : "4717037000"				,"adongNm" : "남선면"				,"stdrDt" : "2015-12-17"				}				,{				"ctprvnCd" : "47"				,"ctprvnNm" : "경상북도"				,"signguCd" : "47170"				,"signguNm" : "안동시"				,"adongCd" : "4717036000"				,"adongNm" : "남후면"				,"stdrDt" : "2015-12-17"				}				,{				"ctprvnCd" : "47"				,"ctprvnNm" : "경상북도"				,"signguCd" : "47170"				,"signguNm" : "안동시"				,"adongCd" : "4717043000"				,"adongNm" : "녹전면"				,"stdrDt" : "2015-12-17"				}				,{				"ctprvnCd" : "47"				,"ctprvnNm" : "경상북도"				,"signguCd" : "47170"				,"signguNm" : "안동시"				,"adongCd" : "4717042000"				,"adongNm" : "도산면"				,"stdrDt" : "2015-12-17"				}				,{				"ctprvnCd" : "47"				,"ctprvnNm" : "경상북도"				,"signguCd" : "47170"				,"signguNm" : "안동시"				,"adongCd" : "4717052000"				,"adongNm" : "명륜동"				,"stdrDt" : "2015-12-17"				}				,{				"ctprvnCd" : "47"				,"ctprvnNm" : "경상북도"				,"signguCd" : "47170"				,"signguNm" : "안동시"				,"adongCd" : "4717032000"				,"adongNm" : "북후면"				,"stdrDt" : "2015-12-17"				}				,{				"ctprvnCd" : "47"				,"ctprvnNm" : "경상북도"				,"signguCd" : "47170"				,"signguNm" : "안동시"				,"adongCd" : "4717058500"				,"adongNm" : "서구동"				,"stdrDt" : "2015-12-17"				}				,{				"ctprvnCd" : "47"				,"ctprvnNm" : "경상북도"				,"signguCd" : "47170"				,"signguNm" : "안동시"				,"adongCd" : "4717033000"				,"adongNm" : "서후면"				,"stdrDt" : "2015-12-17"				}				,{				"ctprvnCd" : "47"				,"ctprvnNm" : "경상북도"				,"signguCd" : "47170"				,"signguNm" : "안동시"				,"adongCd" : "4717066000"				,"adongNm" : "송하동"				,"stdrDt" : "2015-12-17"				}				,{				"ctprvnCd" : "47"				,"ctprvnNm" : "경상북도"				,"signguCd" : "47170"				,"signguNm" : "안동시"				,"adongCd" : "4717063000"				,"adongNm" : "안기동"				,"stdrDt" : "2015-12-17"				}				,{				"ctprvnCd" : "47"				,"ctprvnNm" : "경상북도"				,"signguCd" : "47170"				,"signguNm" : "안동시"				,"adongCd" : "4717041000"				,"adongNm" : "예안면"				,"stdrDt" : "2015-12-17"				}				,{				"ctprvnCd" : "47"				,"ctprvnNm" : "경상북도"				,"signguCd" : "47170"				,"signguNm" : "안동시"				,"adongCd" : "4717065000"				,"adongNm" : "옥동"				,"stdrDt" : "2015-12-17"				}				,{				"ctprvnCd" : "47"				,"ctprvnNm" : "경상북도"				,"signguCd" : "47170"				,"signguNm" : "안동시"				,"adongCd" : "4717031000"				,"adongNm" : "와룡면"				,"stdrDt" : "2015-12-17"				}				,{				"ctprvnCd" : "47"				,"ctprvnNm" : "경상북도"				,"signguCd" : "47170"				,"signguNm" : "안동시"				,"adongCd" : "4717055500"				,"adongNm" : "용상동"				,"stdrDt" : "2015-12-17"				}				,{				"ctprvnCd" : "47"				,"ctprvnNm" : "경상북도"				,"signguCd" : "47170"				,"signguNm" : "안동시"				,"adongCd" : "4717035000"				,"adongNm" : "일직면"				,"stdrDt" : "2015-12-17"				}				,{				"ctprvnCd" : "47"				,"ctprvnNm" : "경상북도"				,"signguCd" : "47170"				,"signguNm" : "안동시"				,"adongCd" : "4717040000"				,"adongNm" : "임동면"				,"stdrDt" : "2015-12-17"				}				,{				"ctprvnCd" : "47"				,"ctprvnNm" : "경상북도"				,"signguCd" : "47170"				,"signguNm" : "안동시"				,"adongCd" : "4717038000"				,"adongNm" : "임하면"				,"stdrDt" : "2015-12-17"				}				,{				"ctprvnCd" : "47"				,"ctprvnNm" : "경상북도"				,"signguCd" : "47170"				,"signguNm" : "안동시"				,"adongCd" : "4717051000"				,"adongNm" : "중구동"				,"stdrDt" : "2015-12-17"				}				,{				"ctprvnCd" : "47"				,"ctprvnNm" : "경상북도"				,"signguCd" : "47170"				,"signguNm" : "안동시"				,"adongCd" : "4717060000"				,"adongNm" : "태화동"				,"stdrDt" : "2015-12-17"				}				,{				"ctprvnCd" : "47"				,"ctprvnNm" : "경상북도"				,"signguCd" : "47170"				,"signguNm" : "안동시"				,"adongCd" : "4717062000"				,"adongNm" : "평화동"				,"stdrDt" : "2015-12-17"				}				,{				"ctprvnCd" : "47"				,"ctprvnNm" : "경상북도"				,"signguCd" : "47170"				,"signguNm" : "안동시"				,"adongCd" : "4717025000"				,"adongNm" : "풍산읍"				,"stdrDt" : "2015-12-17"				}				,{				"ctprvnCd" : "47"				,"ctprvnNm" : "경상북도"				,"signguCd" : "47170"				,"signguNm" : "안동시"				,"adongCd" : "4717034000"				,"adongNm" : "풍천면"				,"stdrDt" : "2015-12-17"				}			]	}}