{	"header" : {		"description" : "소상공인시장진흥공단 상권정보 행정동 코드"		,"columns" : ["시도코드","시도명","시군구코드","시군구명","행정동코드","행정동명","기준일자"]		,"resultCode" : "00"		,"resultMsg" : "NORMAL SERVICE"	},	"body" : {			"items" : [				{				"ctprvnCd" : "47"				,"ctprvnNm" : "경상북도"				,"signguCd" : "47190"				,"signguNm" : "구미시"				,"adongCd" : "4719025300"				,"adongNm" : "고아읍"				,"stdrDt" : "2015-12-17"				}				,{				"ctprvnCd" : "47"				,"ctprvnNm" : "경상북도"				,"signguCd" : "47190"				,"signguNm" : "구미시"				,"adongCd" : "4719062100"				,"adongNm" : "공단1동"				,"stdrDt" : "2015-12-17"				}				,{				"ctprvnCd" : "47"				,"ctprvnNm" : "경상북도"				,"signguCd" : "47190"				,"signguNm" : "구미시"				,"adongCd" : "4719062200"				,"adongNm" : "공단2동"				,"stdrDt" : "2015-12-17"				}				,{				"ctprvnCd" : "47"				,"ctprvnNm" : "경상북도"				,"signguCd" : "47190"				,"signguNm" : "구미시"				,"adongCd" : "4719063000"				,"adongNm" : "광평동"				,"stdrDt" : "2015-12-17"				}				,{				"ctprvnCd" : "47"				,"ctprvnNm" : "경상북도"				,"signguCd" : "47190"				,"signguNm" : "구미시"				,"adongCd" : "4719033000"				,"adongNm" : "도개면"				,"stdrDt" : "2015-12-17"				}				,{				"ctprvnCd" : "47"				,"ctprvnNm" : "경상북도"				,"signguCd" : "47190"				,"signguNm" : "구미시"				,"adongCd" : "4719055100"				,"adongNm" : "도량동"				,"stdrDt" : "2015-12-17"				}				,{				"ctprvnCd" : "47"				,"ctprvnNm" : "경상북도"				,"signguCd" : "47190"				,"signguNm" : "구미시"				,"adongCd" : "4719031000"				,"adongNm" : "무을면"				,"stdrDt" : "2015-12-17"				}				,{				"ctprvnCd" : "47"				,"ctprvnNm" : "경상북도"				,"signguCd" : "47190"				,"signguNm" : "구미시"				,"adongCd" : "4719061000"				,"adongNm" : "비산동"				,"stdrDt" : "2015-12-17"				}				,{				"ctprvnCd" : "47"				,"ctprvnNm" : "경상북도"				,"signguCd" : "47190"				,"signguNm" : "구미시"				,"adongCd" : "4719035000"				,"adongNm" : "산동면"				,"stdrDt" : "2015-12-17"				}				,{				"ctprvnCd" : "47"				,"ctprvnNm" : "경상북도"				,"signguCd" : "47190"				,"signguNm" : "구미시"				,"adongCd" : "4719064500"				,"adongNm" : "상모사곡동"				,"stdrDt" : "2015-12-17"				}				,{				"ctprvnCd" : "47"				,"ctprvnNm" : "경상북도"				,"signguCd" : "47190"				,"signguNm" : "구미시"				,"adongCd" : "4719025000"				,"adongNm" : "선산읍"				,"stdrDt" : "2015-12-17"				}				,{				"ctprvnCd" : "47"				,"ctprvnNm" : "경상북도"				,"signguCd" : "47190"				,"signguNm" : "구미시"				,"adongCd" : "4719056500"				,"adongNm" : "선주원남동"				,"stdrDt" : "2015-12-17"				}				,{				"ctprvnCd" : "47"				,"ctprvnNm" : "경상북도"				,"signguCd" : "47190"				,"signguNm" : "구미시"				,"adongCd" : "4719051000"				,"adongNm" : "송정동"				,"stdrDt" : "2015-12-17"				}				,{				"ctprvnCd" : "47"				,"ctprvnNm" : "경상북도"				,"signguCd" : "47190"				,"signguNm" : "구미시"				,"adongCd" : "4719059000"				,"adongNm" : "신평1동"				,"stdrDt" : "2015-12-17"				}				,{				"ctprvnCd" : "47"				,"ctprvnNm" : "경상북도"				,"signguCd" : "47190"				,"signguNm" : "구미시"				,"adongCd" : "4719060000"				,"adongNm" : "신평2동"				,"stdrDt" : "2015-12-17"				}				,{				"ctprvnCd" : "47"				,"ctprvnNm" : "경상북도"				,"signguCd" : "47190"				,"signguNm" : "구미시"				,"adongCd" : "4719069000"				,"adongNm" : "양포동"				,"stdrDt" : "2015-12-17"				}				,{				"ctprvnCd" : "47"				,"ctprvnNm" : "경상북도"				,"signguCd" : "47190"				,"signguNm" : "구미시"				,"adongCd" : "4719032000"				,"adongNm" : "옥성면"				,"stdrDt" : "2015-12-17"				}				,{				"ctprvnCd" : "47"				,"ctprvnNm" : "경상북도"				,"signguCd" : "47190"				,"signguNm" : "구미시"				,"adongCd" : "4719052000"				,"adongNm" : "원평1동"				,"stdrDt" : "2015-12-17"				}				,{				"ctprvnCd" : "47"				,"ctprvnNm" : "경상북도"				,"signguCd" : "47190"				,"signguNm" : "구미시"				,"adongCd" : "4719053000"				,"adongNm" : "원평2동"				,"stdrDt" : "2015-12-17"				}				,{				"ctprvnCd" : "47"				,"ctprvnNm" : "경상북도"				,"signguCd" : "47190"				,"signguNm" : "구미시"				,"adongCd" : "4719067000"				,"adongNm" : "인동동"				,"stdrDt" : "2015-12-17"				}				,{				"ctprvnCd" : "47"				,"ctprvnNm" : "경상북도"				,"signguCd" : "47190"				,"signguNm" : "구미시"				,"adongCd" : "4719066000"				,"adongNm" : "임오동"				,"stdrDt" : "2015-12-17"				}				,{				"ctprvnCd" : "47"				,"ctprvnNm" : "경상북도"				,"signguCd" : "47190"				,"signguNm" : "구미시"				,"adongCd" : "4719036000"				,"adongNm" : "장천면"				,"stdrDt" : "2015-12-17"				}				,{				"ctprvnCd" : "47"				,"ctprvnNm" : "경상북도"				,"signguCd" : "47190"				,"signguNm" : "구미시"				,"adongCd" : "4719055500"				,"adongNm" : "지산동"				,"stdrDt" : "2015-12-17"				}				,{				"ctprvnCd" : "47"				,"ctprvnNm" : "경상북도"				,"signguCd" : "47190"				,"signguNm" : "구미시"				,"adongCd" : "4719068000"				,"adongNm" : "진미동"				,"stdrDt" : "2015-12-17"				}				,{				"ctprvnCd" : "47"				,"ctprvnNm" : "경상북도"				,"signguCd" : "47190"				,"signguNm" : "구미시"				,"adongCd" : "4719034000"				,"adongNm" : "해평면"				,"stdrDt" : "2015-12-17"				}				,{				"ctprvnCd" : "47"				,"ctprvnNm" : "경상북도"				,"signguCd" : "47190"				,"signguNm" : "구미시"				,"adongCd" : "4719058200"				,"adongNm" : "형곡1동"				,"stdrDt" : "2015-12-17"				}				,{				"ctprvnCd" : "47"				,"ctprvnNm" : "경상북도"				,"signguCd" : "47190"				,"signguNm" : "구미시"				,"adongCd" : "4719058300"				,"adongNm" : "형곡2동"				,"stdrDt" : "2015-12-17"				}			]	}}