{	"header" : {		"description" : "소상공인시장진흥공단 상권정보 행정동 코드"		,"columns" : ["시도코드","시도명","시군구코드","시군구명","행정동코드","행정동명","기준일자"]		,"resultCode" : "00"		,"resultMsg" : "NORMAL SERVICE"	},	"body" : {			"items" : [				{				"ctprvnCd" : "47"				,"ctprvnNm" : "경상북도"				,"signguCd" : "47210"				,"signguNm" : "영주시"				,"adongCd" : "4721062000"				,"adongNm" : "가흥1동"				,"stdrDt" : "2015-12-17"				}				,{				"ctprvnCd" : "47"				,"ctprvnNm" : "경상북도"				,"signguCd" : "47210"				,"signguNm" : "영주시"				,"adongCd" : "4721063000"				,"adongNm" : "가흥2동"				,"stdrDt" : "2015-12-17"				}				,{				"ctprvnCd" : "47"				,"ctprvnNm" : "경상북도"				,"signguCd" : "47210"				,"signguNm" : "영주시"				,"adongCd" : "4721038000"				,"adongNm" : "단산면"				,"stdrDt" : "2015-12-17"				}				,{				"ctprvnCd" : "47"				,"ctprvnNm" : "경상북도"				,"signguCd" : "47210"				,"signguNm" : "영주시"				,"adongCd" : "4721033000"				,"adongNm" : "문수면"				,"stdrDt" : "2015-12-17"				}				,{				"ctprvnCd" : "47"				,"ctprvnNm" : "경상북도"				,"signguCd" : "47210"				,"signguNm" : "영주시"				,"adongCd" : "4721036000"				,"adongNm" : "봉현면"				,"stdrDt" : "2015-12-17"				}				,{				"ctprvnCd" : "47"				,"ctprvnNm" : "경상북도"				,"signguCd" : "47210"				,"signguNm" : "영주시"				,"adongCd" : "4721039000"				,"adongNm" : "부석면"				,"stdrDt" : "2015-12-17"				}				,{				"ctprvnCd" : "47"				,"ctprvnNm" : "경상북도"				,"signguCd" : "47210"				,"signguNm" : "영주시"				,"adongCd" : "4721051000"				,"adongNm" : "상망동"				,"stdrDt" : "2015-12-17"				}				,{				"ctprvnCd" : "47"				,"ctprvnNm" : "경상북도"				,"signguCd" : "47210"				,"signguNm" : "영주시"				,"adongCd" : "4721037000"				,"adongNm" : "순흥면"				,"stdrDt" : "2015-12-17"				}				,{				"ctprvnCd" : "47"				,"ctprvnNm" : "경상북도"				,"signguCd" : "47210"				,"signguNm" : "영주시"				,"adongCd" : "4721035000"				,"adongNm" : "안정면"				,"stdrDt" : "2015-12-17"				}				,{				"ctprvnCd" : "47"				,"ctprvnNm" : "경상북도"				,"signguCd" : "47210"				,"signguNm" : "영주시"				,"adongCd" : "4721055000"				,"adongNm" : "영주1동"				,"stdrDt" : "2015-12-17"				}				,{				"ctprvnCd" : "47"				,"ctprvnNm" : "경상북도"				,"signguCd" : "47210"				,"signguNm" : "영주시"				,"adongCd" : "4721056000"				,"adongNm" : "영주2동"				,"stdrDt" : "2015-12-17"				}				,{				"ctprvnCd" : "47"				,"ctprvnNm" : "경상북도"				,"signguCd" : "47210"				,"signguNm" : "영주시"				,"adongCd" : "4721031000"				,"adongNm" : "이산면"				,"stdrDt" : "2015-12-17"				}				,{				"ctprvnCd" : "47"				,"ctprvnNm" : "경상북도"				,"signguCd" : "47210"				,"signguNm" : "영주시"				,"adongCd" : "4721034000"				,"adongNm" : "장수면"				,"stdrDt" : "2015-12-17"				}				,{				"ctprvnCd" : "47"				,"ctprvnNm" : "경상북도"				,"signguCd" : "47210"				,"signguNm" : "영주시"				,"adongCd" : "4721032000"				,"adongNm" : "평은면"				,"stdrDt" : "2015-12-17"				}				,{				"ctprvnCd" : "47"				,"ctprvnNm" : "경상북도"				,"signguCd" : "47210"				,"signguNm" : "영주시"				,"adongCd" : "4721025000"				,"adongNm" : "풍기읍"				,"stdrDt" : "2015-12-17"				}				,{				"ctprvnCd" : "47"				,"ctprvnNm" : "경상북도"				,"signguCd" : "47210"				,"signguNm" : "영주시"				,"adongCd" : "4721052500"				,"adongNm" : "하망동"				,"stdrDt" : "2015-12-17"				}				,{				"ctprvnCd" : "47"				,"ctprvnNm" : "경상북도"				,"signguCd" : "47210"				,"signguNm" : "영주시"				,"adongCd" : "4721059000"				,"adongNm" : "휴천1동"				,"stdrDt" : "2015-12-17"				}				,{				"ctprvnCd" : "47"				,"ctprvnNm" : "경상북도"				,"signguCd" : "47210"				,"signguNm" : "영주시"				,"adongCd" : "4721060000"				,"adongNm" : "휴천2동"				,"stdrDt" : "2015-12-17"				}				,{				"ctprvnCd" : "47"				,"ctprvnNm" : "경상북도"				,"signguCd" : "47210"				,"signguNm" : "영주시"				,"adongCd" : "4721061000"				,"adongNm" : "휴천3동"				,"stdrDt" : "2015-12-17"				}			]	}}