{	"header" : {		"description" : "소상공인시장진흥공단 상권정보 행정동 코드"		,"columns" : ["시도코드","시도명","시군구코드","시군구명","행정동코드","행정동명","기준일자"]		,"resultCode" : "00"		,"resultMsg" : "NORMAL SERVICE"	},	"body" : {			"items" : [				{				"ctprvnCd" : "47"				,"ctprvnNm" : "경상북도"				,"signguCd" : "47230"				,"signguNm" : "영천시"				,"adongCd" : "4723038000"				,"adongNm" : "고경면"				,"stdrDt" : "2015-12-17"				}				,{				"ctprvnCd" : "47"				,"ctprvnNm" : "경상북도"				,"signguCd" : "47230"				,"signguNm" : "영천시"				,"adongCd" : "4723025000"				,"adongNm" : "금호읍"				,"stdrDt" : "2015-12-17"				}				,{				"ctprvnCd" : "47"				,"ctprvnNm" : "경상북도"				,"signguCd" : "47230"				,"signguNm" : "영천시"				,"adongCd" : "4723055500"				,"adongNm" : "남부동"				,"stdrDt" : "2015-12-17"				}				,{				"ctprvnCd" : "47"				,"ctprvnNm" : "경상북도"				,"signguCd" : "47230"				,"signguNm" : "영천시"				,"adongCd" : "4723040000"				,"adongNm" : "대창면"				,"stdrDt" : "2015-12-17"				}				,{				"ctprvnCd" : "47"				,"ctprvnNm" : "경상북도"				,"signguCd" : "47230"				,"signguNm" : "영천시"				,"adongCd" : "4723051000"				,"adongNm" : "동부동"				,"stdrDt" : "2015-12-17"				}				,{				"ctprvnCd" : "47"				,"ctprvnNm" : "경상북도"				,"signguCd" : "47230"				,"signguNm" : "영천시"				,"adongCd" : "4723039000"				,"adongNm" : "북안면"				,"stdrDt" : "2015-12-17"				}				,{				"ctprvnCd" : "47"				,"ctprvnNm" : "경상북도"				,"signguCd" : "47230"				,"signguNm" : "영천시"				,"adongCd" : "4723053500"				,"adongNm" : "서부동"				,"stdrDt" : "2015-12-17"				}				,{				"ctprvnCd" : "47"				,"ctprvnNm" : "경상북도"				,"signguCd" : "47230"				,"signguNm" : "영천시"				,"adongCd" : "4723032000"				,"adongNm" : "신녕면"				,"stdrDt" : "2015-12-17"				}				,{				"ctprvnCd" : "47"				,"ctprvnNm" : "경상북도"				,"signguCd" : "47230"				,"signguNm" : "영천시"				,"adongCd" : "4723054000"				,"adongNm" : "완산동"				,"stdrDt" : "2015-12-17"				}				,{				"ctprvnCd" : "47"				,"ctprvnNm" : "경상북도"				,"signguCd" : "47230"				,"signguNm" : "영천시"				,"adongCd" : "4723037000"				,"adongNm" : "임고면"				,"stdrDt" : "2015-12-17"				}				,{				"ctprvnCd" : "47"				,"ctprvnNm" : "경상북도"				,"signguCd" : "47230"				,"signguNm" : "영천시"				,"adongCd" : "4723036000"				,"adongNm" : "자양면"				,"stdrDt" : "2015-12-17"				}				,{				"ctprvnCd" : "47"				,"ctprvnNm" : "경상북도"				,"signguCd" : "47230"				,"signguNm" : "영천시"				,"adongCd" : "4723052000"				,"adongNm" : "중앙동"				,"stdrDt" : "2015-12-17"				}				,{				"ctprvnCd" : "47"				,"ctprvnNm" : "경상북도"				,"signguCd" : "47230"				,"signguNm" : "영천시"				,"adongCd" : "4723031000"				,"adongNm" : "청통면"				,"stdrDt" : "2015-12-17"				}				,{				"ctprvnCd" : "47"				,"ctprvnNm" : "경상북도"				,"signguCd" : "47230"				,"signguNm" : "영천시"				,"adongCd" : "4723035000"				,"adongNm" : "화남면"				,"stdrDt" : "2015-12-17"				}				,{				"ctprvnCd" : "47"				,"ctprvnNm" : "경상북도"				,"signguCd" : "47230"				,"signguNm" : "영천시"				,"adongCd" : "4723034000"				,"adongNm" : "화북면"				,"stdrDt" : "2015-12-17"				}				,{				"ctprvnCd" : "47"				,"ctprvnNm" : "경상북도"				,"signguCd" : "47230"				,"signguNm" : "영천시"				,"adongCd" : "4723033000"				,"adongNm" : "화산면"				,"stdrDt" : "2015-12-17"				}			]	}}