{	"header" : {		"description" : "소상공인시장진흥공단 상권정보 행정동 코드"		,"columns" : ["시도코드","시도명","시군구코드","시군구명","행정동코드","행정동명","기준일자"]		,"resultCode" : "00"		,"resultMsg" : "NORMAL SERVICE"	},	"body" : {			"items" : [				{				"ctprvnCd" : "47"				,"ctprvnNm" : "경상북도"				,"signguCd" : "47250"				,"signguNm" : "상주시"				,"adongCd" : "4725054000"				,"adongNm" : "계림동"				,"stdrDt" : "2015-12-17"				}				,{				"ctprvnCd" : "47"				,"ctprvnNm" : "경상북도"				,"signguCd" : "47250"				,"signguNm" : "상주시"				,"adongCd" : "4725045000"				,"adongNm" : "공검면"				,"stdrDt" : "2015-12-17"				}				,{				"ctprvnCd" : "47"				,"ctprvnNm" : "경상북도"				,"signguCd" : "47250"				,"signguNm" : "상주시"				,"adongCd" : "4725035000"				,"adongNm" : "공성면"				,"stdrDt" : "2015-12-17"				}				,{				"ctprvnCd" : "47"				,"ctprvnNm" : "경상북도"				,"signguCd" : "47250"				,"signguNm" : "상주시"				,"adongCd" : "4725033000"				,"adongNm" : "낙동면"				,"stdrDt" : "2015-12-17"				}				,{				"ctprvnCd" : "47"				,"ctprvnNm" : "경상북도"				,"signguCd" : "47250"				,"signguNm" : "상주시"				,"adongCd" : "4725052000"				,"adongNm" : "남원동"				,"stdrDt" : "2015-12-17"				}				,{				"ctprvnCd" : "47"				,"ctprvnNm" : "경상북도"				,"signguCd" : "47250"				,"signguNm" : "상주시"				,"adongCd" : "4725037000"				,"adongNm" : "내서면"				,"stdrDt" : "2015-12-17"				}				,{				"ctprvnCd" : "47"				,"ctprvnNm" : "경상북도"				,"signguCd" : "47250"				,"signguNm" : "상주시"				,"adongCd" : "4725055000"				,"adongNm" : "동문동"				,"stdrDt" : "2015-12-17"				}				,{				"ctprvnCd" : "47"				,"ctprvnNm" : "경상북도"				,"signguCd" : "47250"				,"signguNm" : "상주시"				,"adongCd" : "4725056000"				,"adongNm" : "동성동"				,"stdrDt" : "2015-12-17"				}				,{				"ctprvnCd" : "47"				,"ctprvnNm" : "경상북도"				,"signguCd" : "47250"				,"signguNm" : "상주시"				,"adongCd" : "4725038000"				,"adongNm" : "모동면"				,"stdrDt" : "2015-12-17"				}				,{				"ctprvnCd" : "47"				,"ctprvnNm" : "경상북도"				,"signguCd" : "47250"				,"signguNm" : "상주시"				,"adongCd" : "4725039000"				,"adongNm" : "모서면"				,"stdrDt" : "2015-12-17"				}				,{				"ctprvnCd" : "47"				,"ctprvnNm" : "경상북도"				,"signguCd" : "47250"				,"signguNm" : "상주시"				,"adongCd" : "4725053000"				,"adongNm" : "북문동"				,"stdrDt" : "2015-12-17"				}				,{				"ctprvnCd" : "47"				,"ctprvnNm" : "경상북도"				,"signguCd" : "47250"				,"signguNm" : "상주시"				,"adongCd" : "4725032000"				,"adongNm" : "사벌면"				,"stdrDt" : "2015-12-17"				}				,{				"ctprvnCd" : "47"				,"ctprvnNm" : "경상북도"				,"signguCd" : "47250"				,"signguNm" : "상주시"				,"adongCd" : "4725057000"				,"adongNm" : "신흥동"				,"stdrDt" : "2015-12-17"				}				,{				"ctprvnCd" : "47"				,"ctprvnNm" : "경상북도"				,"signguCd" : "47250"				,"signguNm" : "상주시"				,"adongCd" : "4725036000"				,"adongNm" : "외남면"				,"stdrDt" : "2015-12-17"				}				,{				"ctprvnCd" : "47"				,"ctprvnNm" : "경상북도"				,"signguCd" : "47250"				,"signguNm" : "상주시"				,"adongCd" : "4725043000"				,"adongNm" : "외서면"				,"stdrDt" : "2015-12-17"				}				,{				"ctprvnCd" : "47"				,"ctprvnNm" : "경상북도"				,"signguCd" : "47250"				,"signguNm" : "상주시"				,"adongCd" : "4725044000"				,"adongNm" : "은척면"				,"stdrDt" : "2015-12-17"				}				,{				"ctprvnCd" : "47"				,"ctprvnNm" : "경상북도"				,"signguCd" : "47250"				,"signguNm" : "상주시"				,"adongCd" : "4725046000"				,"adongNm" : "이안면"				,"stdrDt" : "2015-12-17"				}				,{				"ctprvnCd" : "47"				,"ctprvnNm" : "경상북도"				,"signguCd" : "47250"				,"signguNm" : "상주시"				,"adongCd" : "4725031000"				,"adongNm" : "중동면"				,"stdrDt" : "2015-12-17"				}				,{				"ctprvnCd" : "47"				,"ctprvnNm" : "경상북도"				,"signguCd" : "47250"				,"signguNm" : "상주시"				,"adongCd" : "4725034000"				,"adongNm" : "청리면"				,"stdrDt" : "2015-12-17"				}				,{				"ctprvnCd" : "47"				,"ctprvnNm" : "경상북도"				,"signguCd" : "47250"				,"signguNm" : "상주시"				,"adongCd" : "4725025000"				,"adongNm" : "함창읍"				,"stdrDt" : "2015-12-17"				}				,{				"ctprvnCd" : "47"				,"ctprvnNm" : "경상북도"				,"signguCd" : "47250"				,"signguNm" : "상주시"				,"adongCd" : "4725047000"				,"adongNm" : "화남면"				,"stdrDt" : "2015-12-17"				}				,{				"ctprvnCd" : "47"				,"ctprvnNm" : "경상북도"				,"signguCd" : "47250"				,"signguNm" : "상주시"				,"adongCd" : "4725040000"				,"adongNm" : "화동면"				,"stdrDt" : "2015-12-17"				}				,{				"ctprvnCd" : "47"				,"ctprvnNm" : "경상북도"				,"signguCd" : "47250"				,"signguNm" : "상주시"				,"adongCd" : "4725042000"				,"adongNm" : "화북면"				,"stdrDt" : "2015-12-17"				}				,{				"ctprvnCd" : "47"				,"ctprvnNm" : "경상북도"				,"signguCd" : "47250"				,"signguNm" : "상주시"				,"adongCd" : "4725041000"				,"adongNm" : "화서면"				,"stdrDt" : "2015-12-17"				}			]	}}