{	"header" : {		"description" : "소상공인시장진흥공단 상권정보 행정동 코드"		,"columns" : ["시도코드","시도명","시군구코드","시군구명","행정동코드","행정동명","기준일자"]		,"resultCode" : "00"		,"resultMsg" : "NORMAL SERVICE"	},	"body" : {			"items" : [				{				"ctprvnCd" : "47"				,"ctprvnNm" : "경상북도"				,"signguCd" : "47280"				,"signguNm" : "문경시"				,"adongCd" : "4728025300"				,"adongNm" : "가은읍"				,"stdrDt" : "2015-12-17"				}				,{				"ctprvnCd" : "47"				,"ctprvnNm" : "경상북도"				,"signguCd" : "47280"				,"signguNm" : "문경시"				,"adongCd" : "4728037000"				,"adongNm" : "농암면"				,"stdrDt" : "2015-12-17"				}				,{				"ctprvnCd" : "47"				,"ctprvnNm" : "경상북도"				,"signguCd" : "47280"				,"signguNm" : "문경시"				,"adongCd" : "4728035000"				,"adongNm" : "동로면"				,"stdrDt" : "2015-12-17"				}				,{				"ctprvnCd" : "47"				,"ctprvnNm" : "경상북도"				,"signguCd" : "47280"				,"signguNm" : "문경시"				,"adongCd" : "4728036000"				,"adongNm" : "마성면"				,"stdrDt" : "2015-12-17"				}				,{				"ctprvnCd" : "47"				,"ctprvnNm" : "경상북도"				,"signguCd" : "47280"				,"signguNm" : "문경시"				,"adongCd" : "4728025000"				,"adongNm" : "문경읍"				,"stdrDt" : "2015-12-17"				}				,{				"ctprvnCd" : "47"				,"ctprvnNm" : "경상북도"				,"signguCd" : "47280"				,"signguNm" : "문경시"				,"adongCd" : "4728034000"				,"adongNm" : "산북면"				,"stdrDt" : "2015-12-17"				}				,{				"ctprvnCd" : "47"				,"ctprvnNm" : "경상북도"				,"signguCd" : "47280"				,"signguNm" : "문경시"				,"adongCd" : "4728032000"				,"adongNm" : "산양면"				,"stdrDt" : "2015-12-17"				}				,{				"ctprvnCd" : "47"				,"ctprvnNm" : "경상북도"				,"signguCd" : "47280"				,"signguNm" : "문경시"				,"adongCd" : "4728031000"				,"adongNm" : "영순면"				,"stdrDt" : "2015-12-17"				}				,{				"ctprvnCd" : "47"				,"ctprvnNm" : "경상북도"				,"signguCd" : "47280"				,"signguNm" : "문경시"				,"adongCd" : "4728057000"				,"adongNm" : "점촌1동"				,"stdrDt" : "2015-12-17"				}				,{				"ctprvnCd" : "47"				,"ctprvnNm" : "경상북도"				,"signguCd" : "47280"				,"signguNm" : "문경시"				,"adongCd" : "4728058000"				,"adongNm" : "점촌2동"				,"stdrDt" : "2015-12-17"				}				,{				"ctprvnCd" : "47"				,"ctprvnNm" : "경상북도"				,"signguCd" : "47280"				,"signguNm" : "문경시"				,"adongCd" : "4728059000"				,"adongNm" : "점촌3동"				,"stdrDt" : "2015-12-17"				}				,{				"ctprvnCd" : "47"				,"ctprvnNm" : "경상북도"				,"signguCd" : "47280"				,"signguNm" : "문경시"				,"adongCd" : "4728060000"				,"adongNm" : "점촌4동"				,"stdrDt" : "2015-12-17"				}				,{				"ctprvnCd" : "47"				,"ctprvnNm" : "경상북도"				,"signguCd" : "47280"				,"signguNm" : "문경시"				,"adongCd" : "4728061000"				,"adongNm" : "점촌5동"				,"stdrDt" : "2015-12-17"				}				,{				"ctprvnCd" : "47"				,"ctprvnNm" : "경상북도"				,"signguCd" : "47280"				,"signguNm" : "문경시"				,"adongCd" : "4728033000"				,"adongNm" : "호계면"				,"stdrDt" : "2015-12-17"				}			]	}}