{	"header" : {		"description" : "소상공인시장진흥공단 상권정보 행정동 코드"		,"columns" : ["시도코드","시도명","시군구코드","시군구명","행정동코드","행정동명","기준일자"]		,"resultCode" : "00"		,"resultMsg" : "NORMAL SERVICE"	},	"body" : {			"items" : [				{				"ctprvnCd" : "47"				,"ctprvnNm" : "경상북도"				,"signguCd" : "47290"				,"signguNm" : "경산시"				,"adongCd" : "4729053000"				,"adongNm" : "남부동"				,"stdrDt" : "2015-12-17"				}				,{				"ctprvnCd" : "47"				,"ctprvnNm" : "경상북도"				,"signguCd" : "47290"				,"signguNm" : "경산시"				,"adongCd" : "4729035000"				,"adongNm" : "남산면"				,"stdrDt" : "2015-12-17"				}				,{				"ctprvnCd" : "47"				,"ctprvnNm" : "경상북도"				,"signguCd" : "47290"				,"signguNm" : "경산시"				,"adongCd" : "4729037000"				,"adongNm" : "남천면"				,"stdrDt" : "2015-12-17"				}				,{				"ctprvnCd" : "47"				,"ctprvnNm" : "경상북도"				,"signguCd" : "47290"				,"signguNm" : "경산시"				,"adongCd" : "4729056000"				,"adongNm" : "동부동"				,"stdrDt" : "2015-12-17"				}				,{				"ctprvnCd" : "47"				,"ctprvnNm" : "경상북도"				,"signguCd" : "47290"				,"signguNm" : "경산시"				,"adongCd" : "4729055000"				,"adongNm" : "북부동"				,"stdrDt" : "2015-12-17"				}				,{				"ctprvnCd" : "47"				,"ctprvnNm" : "경상북도"				,"signguCd" : "47290"				,"signguNm" : "경산시"				,"adongCd" : "4729054100"				,"adongNm" : "서부1동"				,"stdrDt" : "2015-12-17"				}				,{				"ctprvnCd" : "47"				,"ctprvnNm" : "경상북도"				,"signguCd" : "47290"				,"signguNm" : "경산시"				,"adongCd" : "4729054200"				,"adongNm" : "서부2동"				,"stdrDt" : "2015-12-17"				}				,{				"ctprvnCd" : "47"				,"ctprvnNm" : "경상북도"				,"signguCd" : "47290"				,"signguNm" : "경산시"				,"adongCd" : "4729036000"				,"adongNm" : "압량면"				,"stdrDt" : "2015-12-17"				}				,{				"ctprvnCd" : "47"				,"ctprvnNm" : "경상북도"				,"signguCd" : "47290"				,"signguNm" : "경산시"				,"adongCd" : "4729031000"				,"adongNm" : "와촌면"				,"stdrDt" : "2015-12-17"				}				,{				"ctprvnCd" : "47"				,"ctprvnNm" : "경상북도"				,"signguCd" : "47290"				,"signguNm" : "경산시"				,"adongCd" : "4729034000"				,"adongNm" : "용성면"				,"stdrDt" : "2015-12-17"				}				,{				"ctprvnCd" : "47"				,"ctprvnNm" : "경상북도"				,"signguCd" : "47290"				,"signguNm" : "경산시"				,"adongCd" : "4729033000"				,"adongNm" : "자인면"				,"stdrDt" : "2015-12-17"				}				,{				"ctprvnCd" : "47"				,"ctprvnNm" : "경상북도"				,"signguCd" : "47290"				,"signguNm" : "경산시"				,"adongCd" : "4729051000"				,"adongNm" : "중방동"				,"stdrDt" : "2015-12-17"				}				,{				"ctprvnCd" : "47"				,"ctprvnNm" : "경상북도"				,"signguCd" : "47290"				,"signguNm" : "경산시"				,"adongCd" : "4729052000"				,"adongNm" : "중앙동"				,"stdrDt" : "2015-12-17"				}				,{				"ctprvnCd" : "47"				,"ctprvnNm" : "경상북도"				,"signguCd" : "47290"				,"signguNm" : "경산시"				,"adongCd" : "4729025300"				,"adongNm" : "진량읍"				,"stdrDt" : "2015-12-17"				}				,{				"ctprvnCd" : "47"				,"ctprvnNm" : "경상북도"				,"signguCd" : "47290"				,"signguNm" : "경산시"				,"adongCd" : "4729025000"				,"adongNm" : "하양읍"				,"stdrDt" : "2015-12-17"				}			]	}}