{	"header" : {		"description" : "소상공인시장진흥공단 상권정보 행정동 코드"		,"columns" : ["시도코드","시도명","시군구코드","시군구명","행정동코드","행정동명","기준일자"]		,"resultCode" : "00"		,"resultMsg" : "NORMAL SERVICE"	},	"body" : {			"items" : [				{				"ctprvnCd" : "47"				,"ctprvnNm" : "경상북도"				,"signguCd" : "47720"				,"signguNm" : "군위군"				,"adongCd" : "4772037000"				,"adongNm" : "고로면"				,"stdrDt" : "2015-12-17"				}				,{				"ctprvnCd" : "47"				,"ctprvnNm" : "경상북도"				,"signguCd" : "47720"				,"signguNm" : "군위군"				,"adongCd" : "4772025000"				,"adongNm" : "군위읍"				,"stdrDt" : "2015-12-17"				}				,{				"ctprvnCd" : "47"				,"ctprvnNm" : "경상북도"				,"signguCd" : "47720"				,"signguNm" : "군위군"				,"adongCd" : "4772033000"				,"adongNm" : "부계면"				,"stdrDt" : "2015-12-17"				}				,{				"ctprvnCd" : "47"				,"ctprvnNm" : "경상북도"				,"signguCd" : "47720"				,"signguNm" : "군위군"				,"adongCd" : "4772036000"				,"adongNm" : "산성면"				,"stdrDt" : "2015-12-17"				}				,{				"ctprvnCd" : "47"				,"ctprvnNm" : "경상북도"				,"signguCd" : "47720"				,"signguNm" : "군위군"				,"adongCd" : "4772031000"				,"adongNm" : "소보면"				,"stdrDt" : "2015-12-17"				}				,{				"ctprvnCd" : "47"				,"ctprvnNm" : "경상북도"				,"signguCd" : "47720"				,"signguNm" : "군위군"				,"adongCd" : "4772034000"				,"adongNm" : "우보면"				,"stdrDt" : "2015-12-17"				}				,{				"ctprvnCd" : "47"				,"ctprvnNm" : "경상북도"				,"signguCd" : "47720"				,"signguNm" : "군위군"				,"adongCd" : "4772035000"				,"adongNm" : "의흥면"				,"stdrDt" : "2015-12-17"				}				,{				"ctprvnCd" : "47"				,"ctprvnNm" : "경상북도"				,"signguCd" : "47720"				,"signguNm" : "군위군"				,"adongCd" : "4772032000"				,"adongNm" : "효령면"				,"stdrDt" : "2015-12-17"				}			]	}}