{	"header" : {		"description" : "소상공인시장진흥공단 상권정보 행정동 코드"		,"columns" : ["시도코드","시도명","시군구코드","시군구명","행정동코드","행정동명","기준일자"]		,"resultCode" : "00"		,"resultMsg" : "NORMAL SERVICE"	},	"body" : {			"items" : [				{				"ctprvnCd" : "47"				,"ctprvnNm" : "경상북도"				,"signguCd" : "47730"				,"signguNm" : "의성군"				,"adongCd" : "4773036000"				,"adongNm" : "가음면"				,"stdrDt" : "2015-12-17"				}				,{				"ctprvnCd" : "47"				,"ctprvnNm" : "경상북도"				,"signguCd" : "47730"				,"signguNm" : "의성군"				,"adongCd" : "4773040000"				,"adongNm" : "구천면"				,"stdrDt" : "2015-12-17"				}				,{				"ctprvnCd" : "47"				,"ctprvnNm" : "경상북도"				,"signguCd" : "47730"				,"signguNm" : "의성군"				,"adongCd" : "4773037000"				,"adongNm" : "금성면"				,"stdrDt" : "2015-12-17"				}				,{				"ctprvnCd" : "47"				,"ctprvnNm" : "경상북도"				,"signguCd" : "47730"				,"signguNm" : "의성군"				,"adongCd" : "4773044000"				,"adongNm" : "다인면"				,"stdrDt" : "2015-12-17"				}				,{				"ctprvnCd" : "47"				,"ctprvnNm" : "경상북도"				,"signguCd" : "47730"				,"signguNm" : "의성군"				,"adongCd" : "4773041000"				,"adongNm" : "단밀면"				,"stdrDt" : "2015-12-17"				}				,{				"ctprvnCd" : "47"				,"ctprvnNm" : "경상북도"				,"signguCd" : "47730"				,"signguNm" : "의성군"				,"adongCd" : "4773042000"				,"adongNm" : "단북면"				,"stdrDt" : "2015-12-17"				}				,{				"ctprvnCd" : "47"				,"ctprvnNm" : "경상북도"				,"signguCd" : "47730"				,"signguNm" : "의성군"				,"adongCd" : "4773031000"				,"adongNm" : "단촌면"				,"stdrDt" : "2015-12-17"				}				,{				"ctprvnCd" : "47"				,"ctprvnNm" : "경상북도"				,"signguCd" : "47730"				,"signguNm" : "의성군"				,"adongCd" : "4773038000"				,"adongNm" : "봉양면"				,"stdrDt" : "2015-12-17"				}				,{				"ctprvnCd" : "47"				,"ctprvnNm" : "경상북도"				,"signguCd" : "47730"				,"signguNm" : "의성군"				,"adongCd" : "4773039000"				,"adongNm" : "비안면"				,"stdrDt" : "2015-12-17"				}				,{				"ctprvnCd" : "47"				,"ctprvnNm" : "경상북도"				,"signguCd" : "47730"				,"signguNm" : "의성군"				,"adongCd" : "4773034000"				,"adongNm" : "사곡면"				,"stdrDt" : "2015-12-17"				}				,{				"ctprvnCd" : "47"				,"ctprvnNm" : "경상북도"				,"signguCd" : "47730"				,"signguNm" : "의성군"				,"adongCd" : "4773045000"				,"adongNm" : "신평면"				,"stdrDt" : "2015-12-17"				}				,{				"ctprvnCd" : "47"				,"ctprvnNm" : "경상북도"				,"signguCd" : "47730"				,"signguNm" : "의성군"				,"adongCd" : "4773043000"				,"adongNm" : "안계면"				,"stdrDt" : "2015-12-17"				}				,{				"ctprvnCd" : "47"				,"ctprvnNm" : "경상북도"				,"signguCd" : "47730"				,"signguNm" : "의성군"				,"adongCd" : "4773047000"				,"adongNm" : "안사면"				,"stdrDt" : "2015-12-17"				}				,{				"ctprvnCd" : "47"				,"ctprvnNm" : "경상북도"				,"signguCd" : "47730"				,"signguNm" : "의성군"				,"adongCd" : "4773046000"				,"adongNm" : "안평면"				,"stdrDt" : "2015-12-17"				}				,{				"ctprvnCd" : "47"				,"ctprvnNm" : "경상북도"				,"signguCd" : "47730"				,"signguNm" : "의성군"				,"adongCd" : "4773033000"				,"adongNm" : "옥산면"				,"stdrDt" : "2015-12-17"				}				,{				"ctprvnCd" : "47"				,"ctprvnNm" : "경상북도"				,"signguCd" : "47730"				,"signguNm" : "의성군"				,"adongCd" : "4773025000"				,"adongNm" : "의성읍"				,"stdrDt" : "2015-12-17"				}				,{				"ctprvnCd" : "47"				,"ctprvnNm" : "경상북도"				,"signguCd" : "47730"				,"signguNm" : "의성군"				,"adongCd" : "4773032000"				,"adongNm" : "점곡면"				,"stdrDt" : "2015-12-17"				}				,{				"ctprvnCd" : "47"				,"ctprvnNm" : "경상북도"				,"signguCd" : "47730"				,"signguNm" : "의성군"				,"adongCd" : "4773035000"				,"adongNm" : "춘산면"				,"stdrDt" : "2015-12-17"				}			]	}}