{	"header" : {		"description" : "소상공인시장진흥공단 상권정보 행정동 코드"		,"columns" : ["시도코드","시도명","시군구코드","시군구명","행정동코드","행정동명","기준일자"]		,"resultCode" : "00"		,"resultMsg" : "NORMAL SERVICE"	},	"body" : {			"items" : [				{				"ctprvnCd" : "47"				,"ctprvnNm" : "경상북도"				,"signguCd" : "47750"				,"signguNm" : "청송군"				,"adongCd" : "4775032000"				,"adongNm" : "부남면"				,"stdrDt" : "2015-12-17"				}				,{				"ctprvnCd" : "47"				,"ctprvnNm" : "경상북도"				,"signguCd" : "47750"				,"signguNm" : "청송군"				,"adongCd" : "4775035000"				,"adongNm" : "안덕면"				,"stdrDt" : "2015-12-17"				}				,{				"ctprvnCd" : "47"				,"ctprvnNm" : "경상북도"				,"signguCd" : "47750"				,"signguNm" : "청송군"				,"adongCd" : "4775031500"				,"adongNm" : "주왕산면"				,"stdrDt" : "2015-12-17"				}				,{				"ctprvnCd" : "47"				,"ctprvnNm" : "경상북도"				,"signguCd" : "47750"				,"signguNm" : "청송군"				,"adongCd" : "4775037000"				,"adongNm" : "진보면"				,"stdrDt" : "2015-12-17"				}				,{				"ctprvnCd" : "47"				,"ctprvnNm" : "경상북도"				,"signguCd" : "47750"				,"signguNm" : "청송군"				,"adongCd" : "4775025000"				,"adongNm" : "청송읍"				,"stdrDt" : "2015-12-17"				}				,{				"ctprvnCd" : "47"				,"ctprvnNm" : "경상북도"				,"signguCd" : "47750"				,"signguNm" : "청송군"				,"adongCd" : "4775036000"				,"adongNm" : "파천면"				,"stdrDt" : "2015-12-17"				}				,{				"ctprvnCd" : "47"				,"ctprvnNm" : "경상북도"				,"signguCd" : "47750"				,"signguNm" : "청송군"				,"adongCd" : "4775033000"				,"adongNm" : "현동면"				,"stdrDt" : "2015-12-17"				}				,{				"ctprvnCd" : "47"				,"ctprvnNm" : "경상북도"				,"signguCd" : "47750"				,"signguNm" : "청송군"				,"adongCd" : "4775034000"				,"adongNm" : "현서면"				,"stdrDt" : "2015-12-17"				}			]	}}