{	"header" : {		"description" : "소상공인시장진흥공단 상권정보 행정동 코드"		,"columns" : ["시도코드","시도명","시군구코드","시군구명","행정동코드","행정동명","기준일자"]		,"resultCode" : "00"		,"resultMsg" : "NORMAL SERVICE"	},	"body" : {			"items" : [				{				"ctprvnCd" : "47"				,"ctprvnNm" : "경상북도"				,"signguCd" : "47760"				,"signguNm" : "영양군"				,"adongCd" : "4776035000"				,"adongNm" : "석보면"				,"stdrDt" : "2015-12-17"				}				,{				"ctprvnCd" : "47"				,"ctprvnNm" : "경상북도"				,"signguCd" : "47760"				,"signguNm" : "영양군"				,"adongCd" : "4776034000"				,"adongNm" : "수비면"				,"stdrDt" : "2015-12-17"				}				,{				"ctprvnCd" : "47"				,"ctprvnNm" : "경상북도"				,"signguCd" : "47760"				,"signguNm" : "영양군"				,"adongCd" : "4776025000"				,"adongNm" : "영양읍"				,"stdrDt" : "2015-12-17"				}				,{				"ctprvnCd" : "47"				,"ctprvnNm" : "경상북도"				,"signguCd" : "47760"				,"signguNm" : "영양군"				,"adongCd" : "4776033000"				,"adongNm" : "일월면"				,"stdrDt" : "2015-12-17"				}				,{				"ctprvnCd" : "47"				,"ctprvnNm" : "경상북도"				,"signguCd" : "47760"				,"signguNm" : "영양군"				,"adongCd" : "4776031000"				,"adongNm" : "입암면"				,"stdrDt" : "2015-12-17"				}				,{				"ctprvnCd" : "47"				,"ctprvnNm" : "경상북도"				,"signguCd" : "47760"				,"signguNm" : "영양군"				,"adongCd" : "4776032000"				,"adongNm" : "청기면"				,"stdrDt" : "2015-12-17"				}			]	}}