{	"header" : {		"description" : "소상공인시장진흥공단 상권정보 행정동 코드"		,"columns" : ["시도코드","시도명","시군구코드","시군구명","행정동코드","행정동명","기준일자"]		,"resultCode" : "00"		,"resultMsg" : "NORMAL SERVICE"	},	"body" : {			"items" : [				{				"ctprvnCd" : "47"				,"ctprvnNm" : "경상북도"				,"signguCd" : "47770"				,"signguNm" : "영덕군"				,"adongCd" : "4777031000"				,"adongNm" : "강구면"				,"stdrDt" : "2015-12-17"				}				,{				"ctprvnCd" : "47"				,"ctprvnNm" : "경상북도"				,"signguCd" : "47770"				,"signguNm" : "영덕군"				,"adongCd" : "4777032000"				,"adongNm" : "남정면"				,"stdrDt" : "2015-12-17"				}				,{				"ctprvnCd" : "47"				,"ctprvnNm" : "경상북도"				,"signguCd" : "47770"				,"signguNm" : "영덕군"				,"adongCd" : "4777033000"				,"adongNm" : "달산면"				,"stdrDt" : "2015-12-17"				}				,{				"ctprvnCd" : "47"				,"ctprvnNm" : "경상북도"				,"signguCd" : "47770"				,"signguNm" : "영덕군"				,"adongCd" : "4777037000"				,"adongNm" : "병곡면"				,"stdrDt" : "2015-12-17"				}				,{				"ctprvnCd" : "47"				,"ctprvnNm" : "경상북도"				,"signguCd" : "47770"				,"signguNm" : "영덕군"				,"adongCd" : "4777025000"				,"adongNm" : "영덕읍"				,"stdrDt" : "2015-12-17"				}				,{				"ctprvnCd" : "47"				,"ctprvnNm" : "경상북도"				,"signguCd" : "47770"				,"signguNm" : "영덕군"				,"adongCd" : "4777036000"				,"adongNm" : "영해면"				,"stdrDt" : "2015-12-17"				}				,{				"ctprvnCd" : "47"				,"ctprvnNm" : "경상북도"				,"signguCd" : "47770"				,"signguNm" : "영덕군"				,"adongCd" : "4777034000"				,"adongNm" : "지품면"				,"stdrDt" : "2015-12-17"				}				,{				"ctprvnCd" : "47"				,"ctprvnNm" : "경상북도"				,"signguCd" : "47770"				,"signguNm" : "영덕군"				,"adongCd" : "4777038000"				,"adongNm" : "창수면"				,"stdrDt" : "2015-12-17"				}				,{				"ctprvnCd" : "47"				,"ctprvnNm" : "경상북도"				,"signguCd" : "47770"				,"signguNm" : "영덕군"				,"adongCd" : "4777035000"				,"adongNm" : "축산면"				,"stdrDt" : "2015-12-17"				}			]	}}