{	"header" : {		"description" : "소상공인시장진흥공단 상권정보 행정동 코드"		,"columns" : ["시도코드","시도명","시군구코드","시군구명","행정동코드","행정동명","기준일자"]		,"resultCode" : "00"		,"resultMsg" : "NORMAL SERVICE"	},	"body" : {			"items" : [				{				"ctprvnCd" : "47"				,"ctprvnNm" : "경상북도"				,"signguCd" : "47820"				,"signguNm" : "청도군"				,"adongCd" : "4782031000"				,"adongNm" : "각남면"				,"stdrDt" : "2015-12-17"				}				,{				"ctprvnCd" : "47"				,"ctprvnNm" : "경상북도"				,"signguCd" : "47820"				,"signguNm" : "청도군"				,"adongCd" : "4782033000"				,"adongNm" : "각북면"				,"stdrDt" : "2015-12-17"				}				,{				"ctprvnCd" : "47"				,"ctprvnNm" : "경상북도"				,"signguCd" : "47820"				,"signguNm" : "청도군"				,"adongCd" : "4782036000"				,"adongNm" : "금천면"				,"stdrDt" : "2015-12-17"				}				,{				"ctprvnCd" : "47"				,"ctprvnNm" : "경상북도"				,"signguCd" : "47820"				,"signguNm" : "청도군"				,"adongCd" : "4782037000"				,"adongNm" : "매전면"				,"stdrDt" : "2015-12-17"				}				,{				"ctprvnCd" : "47"				,"ctprvnNm" : "경상북도"				,"signguCd" : "47820"				,"signguNm" : "청도군"				,"adongCd" : "4782035000"				,"adongNm" : "운문면"				,"stdrDt" : "2015-12-17"				}				,{				"ctprvnCd" : "47"				,"ctprvnNm" : "경상북도"				,"signguCd" : "47820"				,"signguNm" : "청도군"				,"adongCd" : "4782034000"				,"adongNm" : "이서면"				,"stdrDt" : "2015-12-17"				}				,{				"ctprvnCd" : "47"				,"ctprvnNm" : "경상북도"				,"signguCd" : "47820"				,"signguNm" : "청도군"				,"adongCd" : "4782025300"				,"adongNm" : "청도읍"				,"stdrDt" : "2015-12-17"				}				,{				"ctprvnCd" : "47"				,"ctprvnNm" : "경상북도"				,"signguCd" : "47820"				,"signguNm" : "청도군"				,"adongCd" : "4782032000"				,"adongNm" : "풍각면"				,"stdrDt" : "2015-12-17"				}				,{				"ctprvnCd" : "47"				,"ctprvnNm" : "경상북도"				,"signguCd" : "47820"				,"signguNm" : "청도군"				,"adongCd" : "4782025000"				,"adongNm" : "화양읍"				,"stdrDt" : "2015-12-17"				}			]	}}