{	"header" : {		"description" : "소상공인시장진흥공단 상권정보 행정동 코드"		,"columns" : ["시도코드","시도명","시군구코드","시군구명","행정동코드","행정동명","기준일자"]		,"resultCode" : "00"		,"resultMsg" : "NORMAL SERVICE"	},	"body" : {			"items" : [				{				"ctprvnCd" : "47"				,"ctprvnNm" : "경상북도"				,"signguCd" : "47830"				,"signguNm" : "고령군"				,"adongCd" : "4783035000"				,"adongNm" : "개진면"				,"stdrDt" : "2015-12-17"				}				,{				"ctprvnCd" : "47"				,"ctprvnNm" : "경상북도"				,"signguCd" : "47830"				,"signguNm" : "고령군"				,"adongCd" : "4783034000"				,"adongNm" : "다산면"				,"stdrDt" : "2015-12-17"				}				,{				"ctprvnCd" : "47"				,"ctprvnNm" : "경상북도"				,"signguCd" : "47830"				,"signguNm" : "고령군"				,"adongCd" : "4783025300"				,"adongNm" : "대가야읍"				,"stdrDt" : "2015-12-17"				}				,{				"ctprvnCd" : "47"				,"ctprvnNm" : "경상북도"				,"signguCd" : "47830"				,"signguNm" : "고령군"				,"adongCd" : "4783031000"				,"adongNm" : "덕곡면"				,"stdrDt" : "2015-12-17"				}				,{				"ctprvnCd" : "47"				,"ctprvnNm" : "경상북도"				,"signguCd" : "47830"				,"signguNm" : "고령군"				,"adongCd" : "4783033000"				,"adongNm" : "성산면"				,"stdrDt" : "2015-12-17"				}				,{				"ctprvnCd" : "47"				,"ctprvnNm" : "경상북도"				,"signguCd" : "47830"				,"signguNm" : "고령군"				,"adongCd" : "4783037000"				,"adongNm" : "쌍림면"				,"stdrDt" : "2015-12-17"				}				,{				"ctprvnCd" : "47"				,"ctprvnNm" : "경상북도"				,"signguCd" : "47830"				,"signguNm" : "고령군"				,"adongCd" : "4783036000"				,"adongNm" : "우곡면"				,"stdrDt" : "2015-12-17"				}				,{				"ctprvnCd" : "47"				,"ctprvnNm" : "경상북도"				,"signguCd" : "47830"				,"signguNm" : "고령군"				,"adongCd" : "4783032000"				,"adongNm" : "운수면"				,"stdrDt" : "2015-12-17"				}			]	}}