{	"header" : {		"description" : "소상공인시장진흥공단 상권정보 행정동 코드"		,"columns" : ["시도코드","시도명","시군구코드","시군구명","행정동코드","행정동명","기준일자"]		,"resultCode" : "00"		,"resultMsg" : "NORMAL SERVICE"	},	"body" : {			"items" : [				{				"ctprvnCd" : "47"				,"ctprvnNm" : "경상북도"				,"signguCd" : "47840"				,"signguNm" : "성주군"				,"adongCd" : "4784034000"				,"adongNm" : "가천면"				,"stdrDt" : "2015-12-17"				}				,{				"ctprvnCd" : "47"				,"ctprvnNm" : "경상북도"				,"signguCd" : "47840"				,"signguNm" : "성주군"				,"adongCd" : "4784035000"				,"adongNm" : "금수면"				,"stdrDt" : "2015-12-17"				}				,{				"ctprvnCd" : "47"				,"ctprvnNm" : "경상북도"				,"signguCd" : "47840"				,"signguNm" : "성주군"				,"adongCd" : "4784036000"				,"adongNm" : "대가면"				,"stdrDt" : "2015-12-17"				}				,{				"ctprvnCd" : "47"				,"ctprvnNm" : "경상북도"				,"signguCd" : "47840"				,"signguNm" : "성주군"				,"adongCd" : "4784037000"				,"adongNm" : "벽진면"				,"stdrDt" : "2015-12-17"				}				,{				"ctprvnCd" : "47"				,"ctprvnNm" : "경상북도"				,"signguCd" : "47840"				,"signguNm" : "성주군"				,"adongCd" : "4784031000"				,"adongNm" : "선남면"				,"stdrDt" : "2015-12-17"				}				,{				"ctprvnCd" : "47"				,"ctprvnNm" : "경상북도"				,"signguCd" : "47840"				,"signguNm" : "성주군"				,"adongCd" : "4784025000"				,"adongNm" : "성주읍"				,"stdrDt" : "2015-12-17"				}				,{				"ctprvnCd" : "47"				,"ctprvnNm" : "경상북도"				,"signguCd" : "47840"				,"signguNm" : "성주군"				,"adongCd" : "4784033000"				,"adongNm" : "수륜면"				,"stdrDt" : "2015-12-17"				}				,{				"ctprvnCd" : "47"				,"ctprvnNm" : "경상북도"				,"signguCd" : "47840"				,"signguNm" : "성주군"				,"adongCd" : "4784032000"				,"adongNm" : "용암면"				,"stdrDt" : "2015-12-17"				}				,{				"ctprvnCd" : "47"				,"ctprvnNm" : "경상북도"				,"signguCd" : "47840"				,"signguNm" : "성주군"				,"adongCd" : "4784039000"				,"adongNm" : "월항면"				,"stdrDt" : "2015-12-17"				}				,{				"ctprvnCd" : "47"				,"ctprvnNm" : "경상북도"				,"signguCd" : "47840"				,"signguNm" : "성주군"				,"adongCd" : "4784038000"				,"adongNm" : "초전면"				,"stdrDt" : "2015-12-17"				}			]	}}