{	"header" : {		"description" : "소상공인시장진흥공단 상권정보 행정동 코드"		,"columns" : ["시도코드","시도명","시군구코드","시군구명","행정동코드","행정동명","기준일자"]		,"resultCode" : "00"		,"resultMsg" : "NORMAL SERVICE"	},	"body" : {			"items" : [				{				"ctprvnCd" : "47"				,"ctprvnNm" : "경상북도"				,"signguCd" : "47850"				,"signguNm" : "칠곡군"				,"adongCd" : "4785033000"				,"adongNm" : "가산면"				,"stdrDt" : "2015-12-17"				}				,{				"ctprvnCd" : "47"				,"ctprvnNm" : "경상북도"				,"signguCd" : "47850"				,"signguNm" : "칠곡군"				,"adongCd" : "4785037000"				,"adongNm" : "기산면"				,"stdrDt" : "2015-12-17"				}				,{				"ctprvnCd" : "47"				,"ctprvnNm" : "경상북도"				,"signguCd" : "47850"				,"signguNm" : "칠곡군"				,"adongCd" : "4785032000"				,"adongNm" : "동명면"				,"stdrDt" : "2015-12-17"				}				,{				"ctprvnCd" : "47"				,"ctprvnNm" : "경상북도"				,"signguCd" : "47850"				,"signguNm" : "칠곡군"				,"adongCd" : "4785025300"				,"adongNm" : "북삼읍"				,"stdrDt" : "2015-12-17"				}				,{				"ctprvnCd" : "47"				,"ctprvnNm" : "경상북도"				,"signguCd" : "47850"				,"signguNm" : "칠곡군"				,"adongCd" : "4785025600"				,"adongNm" : "석적읍"				,"stdrDt" : "2015-12-17"				}				,{				"ctprvnCd" : "47"				,"ctprvnNm" : "경상북도"				,"signguCd" : "47850"				,"signguNm" : "칠곡군"				,"adongCd" : "4785036000"				,"adongNm" : "약목면"				,"stdrDt" : "2015-12-17"				}				,{				"ctprvnCd" : "47"				,"ctprvnNm" : "경상북도"				,"signguCd" : "47850"				,"signguNm" : "칠곡군"				,"adongCd" : "4785025000"				,"adongNm" : "왜관읍"				,"stdrDt" : "2015-12-17"				}				,{				"ctprvnCd" : "47"				,"ctprvnNm" : "경상북도"				,"signguCd" : "47850"				,"signguNm" : "칠곡군"				,"adongCd" : "4785031000"				,"adongNm" : "지천면"				,"stdrDt" : "2015-12-17"				}			]	}}