{	"header" : {		"description" : "소상공인시장진흥공단 상권정보 행정동 코드"		,"columns" : ["시도코드","시도명","시군구코드","시군구명","행정동코드","행정동명","기준일자"]		,"resultCode" : "00"		,"resultMsg" : "NORMAL SERVICE"	},	"body" : {			"items" : [				{				"ctprvnCd" : "47"				,"ctprvnNm" : "경상북도"				,"signguCd" : "47900"				,"signguNm" : "예천군"				,"adongCd" : "4790034000"				,"adongNm" : "감천면"				,"stdrDt" : "2015-12-17"				}				,{				"ctprvnCd" : "47"				,"ctprvnNm" : "경상북도"				,"signguCd" : "47900"				,"signguNm" : "예천군"				,"adongCd" : "4790039000"				,"adongNm" : "개포면"				,"stdrDt" : "2015-12-17"				}				,{				"ctprvnCd" : "47"				,"ctprvnNm" : "경상북도"				,"signguCd" : "47900"				,"signguNm" : "예천군"				,"adongCd" : "4790035000"				,"adongNm" : "보문면"				,"stdrDt" : "2015-12-17"				}				,{				"ctprvnCd" : "47"				,"ctprvnNm" : "경상북도"				,"signguCd" : "47900"				,"signguNm" : "예천군"				,"adongCd" : "4790025000"				,"adongNm" : "예천읍"				,"stdrDt" : "2015-12-17"				}				,{				"ctprvnCd" : "47"				,"ctprvnNm" : "경상북도"				,"signguCd" : "47900"				,"signguNm" : "예천군"				,"adongCd" : "4790038000"				,"adongNm" : "용궁면"				,"stdrDt" : "2015-12-17"				}				,{				"ctprvnCd" : "47"				,"ctprvnNm" : "경상북도"				,"signguCd" : "47900"				,"signguNm" : "예천군"				,"adongCd" : "4790031000"				,"adongNm" : "용문면"				,"stdrDt" : "2015-12-17"				}				,{				"ctprvnCd" : "47"				,"ctprvnNm" : "경상북도"				,"signguCd" : "47900"				,"signguNm" : "예천군"				,"adongCd" : "4790037000"				,"adongNm" : "유천면"				,"stdrDt" : "2015-12-17"				}				,{				"ctprvnCd" : "47"				,"ctprvnNm" : "경상북도"				,"signguCd" : "47900"				,"signguNm" : "예천군"				,"adongCd" : "4790043000"				,"adongNm" : "은풍면"				,"stdrDt" : "2015-12-17"				}				,{				"ctprvnCd" : "47"				,"ctprvnNm" : "경상북도"				,"signguCd" : "47900"				,"signguNm" : "예천군"				,"adongCd" : "4790040000"				,"adongNm" : "지보면"				,"stdrDt" : "2015-12-17"				}				,{				"ctprvnCd" : "47"				,"ctprvnNm" : "경상북도"				,"signguCd" : "47900"				,"signguNm" : "예천군"				,"adongCd" : "4790041000"				,"adongNm" : "풍양면"				,"stdrDt" : "2015-12-17"				}				,{				"ctprvnCd" : "47"				,"ctprvnNm" : "경상북도"				,"signguCd" : "47900"				,"signguNm" : "예천군"				,"adongCd" : "4790036000"				,"adongNm" : "호명면"				,"stdrDt" : "2015-12-17"				}				,{				"ctprvnCd" : "47"				,"ctprvnNm" : "경상북도"				,"signguCd" : "47900"				,"signguNm" : "예천군"				,"adongCd" : "4790042000"				,"adongNm" : "효자면"				,"stdrDt" : "2015-12-17"				}			]	}}