{	"header" : {		"description" : "소상공인시장진흥공단 상권정보 행정동 코드"		,"columns" : ["시도코드","시도명","시군구코드","시군구명","행정동코드","행정동명","기준일자"]		,"resultCode" : "00"		,"resultMsg" : "NORMAL SERVICE"	},	"body" : {			"items" : [				{				"ctprvnCd" : "47"				,"ctprvnNm" : "경상북도"				,"signguCd" : "47920"				,"signguNm" : "봉화군"				,"adongCd" : "4792037000"				,"adongNm" : "명호면"				,"stdrDt" : "2015-12-17"				}				,{				"ctprvnCd" : "47"				,"ctprvnNm" : "경상북도"				,"signguCd" : "47920"				,"signguNm" : "봉화군"				,"adongCd" : "4792031000"				,"adongNm" : "물야면"				,"stdrDt" : "2015-12-17"				}				,{				"ctprvnCd" : "47"				,"ctprvnNm" : "경상북도"				,"signguCd" : "47920"				,"signguNm" : "봉화군"				,"adongCd" : "4792033000"				,"adongNm" : "법전면"				,"stdrDt" : "2015-12-17"				}				,{				"ctprvnCd" : "47"				,"ctprvnNm" : "경상북도"				,"signguCd" : "47920"				,"signguNm" : "봉화군"				,"adongCd" : "4792032000"				,"adongNm" : "봉성면"				,"stdrDt" : "2015-12-17"				}				,{				"ctprvnCd" : "47"				,"ctprvnNm" : "경상북도"				,"signguCd" : "47920"				,"signguNm" : "봉화군"				,"adongCd" : "4792025000"				,"adongNm" : "봉화읍"				,"stdrDt" : "2015-12-17"				}				,{				"ctprvnCd" : "47"				,"ctprvnNm" : "경상북도"				,"signguCd" : "47920"				,"signguNm" : "봉화군"				,"adongCd" : "4792038000"				,"adongNm" : "상운면"				,"stdrDt" : "2015-12-17"				}				,{				"ctprvnCd" : "47"				,"ctprvnNm" : "경상북도"				,"signguCd" : "47920"				,"signguNm" : "봉화군"				,"adongCd" : "4792039000"				,"adongNm" : "석포면"				,"stdrDt" : "2015-12-17"				}				,{				"ctprvnCd" : "47"				,"ctprvnNm" : "경상북도"				,"signguCd" : "47920"				,"signguNm" : "봉화군"				,"adongCd" : "4792035000"				,"adongNm" : "소천면"				,"stdrDt" : "2015-12-17"				}				,{				"ctprvnCd" : "47"				,"ctprvnNm" : "경상북도"				,"signguCd" : "47920"				,"signguNm" : "봉화군"				,"adongCd" : "4792036000"				,"adongNm" : "재산면"				,"stdrDt" : "2015-12-17"				}				,{				"ctprvnCd" : "47"				,"ctprvnNm" : "경상북도"				,"signguCd" : "47920"				,"signguNm" : "봉화군"				,"adongCd" : "4792034000"				,"adongNm" : "춘양면"				,"stdrDt" : "2015-12-17"				}			]	}}