{	"header" : {		"description" : "소상공인시장진흥공단 상권정보 행정동 코드"		,"columns" : ["시도코드","시도명","시군구코드","시군구명","행정동코드","행정동명","기준일자"]		,"resultCode" : "00"		,"resultMsg" : "NORMAL SERVICE"	},	"body" : {			"items" : [				{				"ctprvnCd" : "47"				,"ctprvnNm" : "경상북도"				,"signguCd" : "47930"				,"signguNm" : "울진군"				,"adongCd" : "4793033000"				,"adongNm" : "근남면"				,"stdrDt" : "2015-12-17"				}				,{				"ctprvnCd" : "47"				,"ctprvnNm" : "경상북도"				,"signguCd" : "47930"				,"signguNm" : "울진군"				,"adongCd" : "4793039000"				,"adongNm" : "금강송면"				,"stdrDt" : "2015-12-17"				}				,{				"ctprvnCd" : "47"				,"ctprvnNm" : "경상북도"				,"signguCd" : "47930"				,"signguNm" : "울진군"				,"adongCd" : "4793035000"				,"adongNm" : "기성면"				,"stdrDt" : "2015-12-17"				}				,{				"ctprvnCd" : "47"				,"ctprvnNm" : "경상북도"				,"signguCd" : "47930"				,"signguNm" : "울진군"				,"adongCd" : "4793040000"				,"adongNm" : "매화면"				,"stdrDt" : "2015-12-17"				}				,{				"ctprvnCd" : "47"				,"ctprvnNm" : "경상북도"				,"signguCd" : "47930"				,"signguNm" : "울진군"				,"adongCd" : "4793031000"				,"adongNm" : "북면"				,"stdrDt" : "2015-12-17"				}				,{				"ctprvnCd" : "47"				,"ctprvnNm" : "경상북도"				,"signguCd" : "47930"				,"signguNm" : "울진군"				,"adongCd" : "4793036000"				,"adongNm" : "온정면"				,"stdrDt" : "2015-12-17"				}				,{				"ctprvnCd" : "47"				,"ctprvnNm" : "경상북도"				,"signguCd" : "47930"				,"signguNm" : "울진군"				,"adongCd" : "4793025000"				,"adongNm" : "울진읍"				,"stdrDt" : "2015-12-17"				}				,{				"ctprvnCd" : "47"				,"ctprvnNm" : "경상북도"				,"signguCd" : "47930"				,"signguNm" : "울진군"				,"adongCd" : "4793037000"				,"adongNm" : "죽변면"				,"stdrDt" : "2015-12-17"				}				,{				"ctprvnCd" : "47"				,"ctprvnNm" : "경상북도"				,"signguCd" : "47930"				,"signguNm" : "울진군"				,"adongCd" : "4793025300"				,"adongNm" : "평해읍"				,"stdrDt" : "2015-12-17"				}				,{				"ctprvnCd" : "47"				,"ctprvnNm" : "경상북도"				,"signguCd" : "47930"				,"signguNm" : "울진군"				,"adongCd" : "4793038000"				,"adongNm" : "후포면"				,"stdrDt" : "2015-12-17"				}			]	}}