{	"header" : {		"description" : "소상공인시장진흥공단 상권정보 행정동 코드"		,"columns" : ["시도코드","시도명","시군구코드","시군구명","행정동코드","행정동명","기준일자"]		,"resultCode" : "00"		,"resultMsg" : "NORMAL SERVICE"	},	"body" : {			"items" : [				{				"ctprvnCd" : "48"				,"ctprvnNm" : "경상남도"				,"signguCd" : "48123"				,"signguNm" : "창원시 성산구"				,"adongCd" : "4812355000"				,"adongNm" : "가음정동"				,"stdrDt" : "2015-12-17"				}				,{				"ctprvnCd" : "48"				,"ctprvnNm" : "경상남도"				,"signguCd" : "48123"				,"signguNm" : "창원시 성산구"				,"adongCd" : "4812351000"				,"adongNm" : "반송동"				,"stdrDt" : "2015-12-17"				}				,{				"ctprvnCd" : "48"				,"ctprvnNm" : "경상남도"				,"signguCd" : "48123"				,"signguNm" : "창원시 성산구"				,"adongCd" : "4812354000"				,"adongNm" : "사파동"				,"stdrDt" : "2015-12-17"				}				,{				"ctprvnCd" : "48"				,"ctprvnNm" : "경상남도"				,"signguCd" : "48123"				,"signguNm" : "창원시 성산구"				,"adongCd" : "4812353000"				,"adongNm" : "상남동"				,"stdrDt" : "2015-12-17"				}				,{				"ctprvnCd" : "48"				,"ctprvnNm" : "경상남도"				,"signguCd" : "48123"				,"signguNm" : "창원시 성산구"				,"adongCd" : "4812356000"				,"adongNm" : "성주동"				,"stdrDt" : "2015-12-17"				}				,{				"ctprvnCd" : "48"				,"ctprvnNm" : "경상남도"				,"signguCd" : "48123"				,"signguNm" : "창원시 성산구"				,"adongCd" : "4812357000"				,"adongNm" : "웅남동"				,"stdrDt" : "2015-12-17"				}				,{				"ctprvnCd" : "48"				,"ctprvnNm" : "경상남도"				,"signguCd" : "48123"				,"signguNm" : "창원시 성산구"				,"adongCd" : "4812352000"				,"adongNm" : "중앙동"				,"stdrDt" : "2015-12-17"				}			]	}}