{	"header" : {		"description" : "소상공인시장진흥공단 상권정보 행정동 코드"		,"columns" : ["시도코드","시도명","시군구코드","시군구명","행정동코드","행정동명","기준일자"]		,"resultCode" : "00"		,"resultMsg" : "NORMAL SERVICE"	},	"body" : {			"items" : [				{				"ctprvnCd" : "48"				,"ctprvnNm" : "경상남도"				,"signguCd" : "48127"				,"signguNm" : "창원시 마산회원구"				,"adongCd" : "4812760000"				,"adongNm" : "구암1동"				,"stdrDt" : "2015-12-17"				}				,{				"ctprvnCd" : "48"				,"ctprvnNm" : "경상남도"				,"signguCd" : "48127"				,"signguNm" : "창원시 마산회원구"				,"adongCd" : "4812761000"				,"adongNm" : "구암2동"				,"stdrDt" : "2015-12-17"				}				,{				"ctprvnCd" : "48"				,"ctprvnNm" : "경상남도"				,"signguCd" : "48127"				,"signguNm" : "창원시 마산회원구"				,"adongCd" : "4812725000"				,"adongNm" : "내서읍"				,"stdrDt" : "2015-12-17"				}				,{				"ctprvnCd" : "48"				,"ctprvnNm" : "경상남도"				,"signguCd" : "48127"				,"signguNm" : "창원시 마산회원구"				,"adongCd" : "4812762000"				,"adongNm" : "봉암동"				,"stdrDt" : "2015-12-17"				}				,{				"ctprvnCd" : "48"				,"ctprvnNm" : "경상남도"				,"signguCd" : "48127"				,"signguNm" : "창원시 마산회원구"				,"adongCd" : "4812754500"				,"adongNm" : "석전동"				,"stdrDt" : "2015-12-17"				}				,{				"ctprvnCd" : "48"				,"ctprvnNm" : "경상남도"				,"signguCd" : "48127"				,"signguNm" : "창원시 마산회원구"				,"adongCd" : "4812756000"				,"adongNm" : "양덕1동"				,"stdrDt" : "2015-12-17"				}				,{				"ctprvnCd" : "48"				,"ctprvnNm" : "경상남도"				,"signguCd" : "48127"				,"signguNm" : "창원시 마산회원구"				,"adongCd" : "4812757000"				,"adongNm" : "양덕2동"				,"stdrDt" : "2015-12-17"				}				,{				"ctprvnCd" : "48"				,"ctprvnNm" : "경상남도"				,"signguCd" : "48127"				,"signguNm" : "창원시 마산회원구"				,"adongCd" : "4812758000"				,"adongNm" : "합성1동"				,"stdrDt" : "2015-12-17"				}				,{				"ctprvnCd" : "48"				,"ctprvnNm" : "경상남도"				,"signguCd" : "48127"				,"signguNm" : "창원시 마산회원구"				,"adongCd" : "4812759000"				,"adongNm" : "합성2동"				,"stdrDt" : "2015-12-17"				}				,{				"ctprvnCd" : "48"				,"ctprvnNm" : "경상남도"				,"signguCd" : "48127"				,"signguNm" : "창원시 마산회원구"				,"adongCd" : "4812755000"				,"adongNm" : "회성동"				,"stdrDt" : "2015-12-17"				}				,{				"ctprvnCd" : "48"				,"ctprvnNm" : "경상남도"				,"signguCd" : "48127"				,"signguNm" : "창원시 마산회원구"				,"adongCd" : "4812751000"				,"adongNm" : "회원1동"				,"stdrDt" : "2015-12-17"				}				,{				"ctprvnCd" : "48"				,"ctprvnNm" : "경상남도"				,"signguCd" : "48127"				,"signguNm" : "창원시 마산회원구"				,"adongCd" : "4812752000"				,"adongNm" : "회원2동"				,"stdrDt" : "2015-12-17"				}			]	}}