{	"header" : {		"description" : "소상공인시장진흥공단 상권정보 행정동 코드"		,"columns" : ["시도코드","시도명","시군구코드","시군구명","행정동코드","행정동명","기준일자"]		,"resultCode" : "00"		,"resultMsg" : "NORMAL SERVICE"	},	"body" : {			"items" : [				{				"ctprvnCd" : "48"				,"ctprvnNm" : "경상남도"				,"signguCd" : "48129"				,"signguNm" : "창원시 진해구"				,"adongCd" : "4812956000"				,"adongNm" : "경화동"				,"stdrDt" : "2015-12-17"				}				,{				"ctprvnCd" : "48"				,"ctprvnNm" : "경상남도"				,"signguCd" : "48129"				,"signguNm" : "창원시 진해구"				,"adongCd" : "4812961000"				,"adongNm" : "덕산동"				,"stdrDt" : "2015-12-17"				}				,{				"ctprvnCd" : "48"				,"ctprvnNm" : "경상남도"				,"signguCd" : "48129"				,"signguNm" : "창원시 진해구"				,"adongCd" : "4812957000"				,"adongNm" : "병암동"				,"stdrDt" : "2015-12-17"				}				,{				"ctprvnCd" : "48"				,"ctprvnNm" : "경상남도"				,"signguCd" : "48129"				,"signguNm" : "창원시 진해구"				,"adongCd" : "4812958000"				,"adongNm" : "석동"				,"stdrDt" : "2015-12-17"				}				,{				"ctprvnCd" : "48"				,"ctprvnNm" : "경상남도"				,"signguCd" : "48129"				,"signguNm" : "창원시 진해구"				,"adongCd" : "4812954000"				,"adongNm" : "여좌동"				,"stdrDt" : "2015-12-17"				}				,{				"ctprvnCd" : "48"				,"ctprvnNm" : "경상남도"				,"signguCd" : "48129"				,"signguNm" : "창원시 진해구"				,"adongCd" : "4812964000"				,"adongNm" : "웅동1동"				,"stdrDt" : "2015-12-17"				}				,{				"ctprvnCd" : "48"				,"ctprvnNm" : "경상남도"				,"signguCd" : "48129"				,"signguNm" : "창원시 진해구"				,"adongCd" : "4812965000"				,"adongNm" : "웅동2동"				,"stdrDt" : "2015-12-17"				}				,{				"ctprvnCd" : "48"				,"ctprvnNm" : "경상남도"				,"signguCd" : "48129"				,"signguNm" : "창원시 진해구"				,"adongCd" : "4812963000"				,"adongNm" : "웅천동"				,"stdrDt" : "2015-12-17"				}				,{				"ctprvnCd" : "48"				,"ctprvnNm" : "경상남도"				,"signguCd" : "48129"				,"signguNm" : "창원시 진해구"				,"adongCd" : "4812959000"				,"adongNm" : "이동"				,"stdrDt" : "2015-12-17"				}				,{				"ctprvnCd" : "48"				,"ctprvnNm" : "경상남도"				,"signguCd" : "48129"				,"signguNm" : "창원시 진해구"				,"adongCd" : "4812960000"				,"adongNm" : "자은동"				,"stdrDt" : "2015-12-17"				}				,{				"ctprvnCd" : "48"				,"ctprvnNm" : "경상남도"				,"signguCd" : "48129"				,"signguNm" : "창원시 진해구"				,"adongCd" : "4812951000"				,"adongNm" : "중앙동"				,"stdrDt" : "2015-12-17"				}				,{				"ctprvnCd" : "48"				,"ctprvnNm" : "경상남도"				,"signguCd" : "48129"				,"signguNm" : "창원시 진해구"				,"adongCd" : "4812953000"				,"adongNm" : "충무동"				,"stdrDt" : "2015-12-17"				}				,{				"ctprvnCd" : "48"				,"ctprvnNm" : "경상남도"				,"signguCd" : "48129"				,"signguNm" : "창원시 진해구"				,"adongCd" : "4812955000"				,"adongNm" : "태백동"				,"stdrDt" : "2015-12-17"				}				,{				"ctprvnCd" : "48"				,"ctprvnNm" : "경상남도"				,"signguCd" : "48129"				,"signguNm" : "창원시 진해구"				,"adongCd" : "4812952000"				,"adongNm" : "태평동"				,"stdrDt" : "2015-12-17"				}				,{				"ctprvnCd" : "48"				,"ctprvnNm" : "경상남도"				,"signguCd" : "48129"				,"signguNm" : "창원시 진해구"				,"adongCd" : "4812962000"				,"adongNm" : "풍호동"				,"stdrDt" : "2015-12-17"				}			]	}}