{	"header" : {		"description" : "소상공인시장진흥공단 상권정보 행정동 코드"		,"columns" : ["시도코드","시도명","시군구코드","시군구명","행정동코드","행정동명","기준일자"]		,"resultCode" : "00"		,"resultMsg" : "NORMAL SERVICE"	},	"body" : {			"items" : [				{				"ctprvnCd" : "48"				,"ctprvnNm" : "경상남도"				,"signguCd" : "48125"				,"signguNm" : "창원시 마산합포구"				,"adongCd" : "4812552000"				,"adongNm" : "가포동"				,"stdrDt" : "2015-12-17"				}				,{				"ctprvnCd" : "48"				,"ctprvnNm" : "경상남도"				,"signguCd" : "48125"				,"signguNm" : "창원시 마산합포구"				,"adongCd" : "4812561000"				,"adongNm" : "교방동"				,"stdrDt" : "2015-12-17"				}				,{				"ctprvnCd" : "48"				,"ctprvnNm" : "경상남도"				,"signguCd" : "48125"				,"signguNm" : "창원시 마산합포구"				,"adongCd" : "4812531000"				,"adongNm" : "구산면"				,"stdrDt" : "2015-12-17"				}				,{				"ctprvnCd" : "48"				,"ctprvnNm" : "경상남도"				,"signguCd" : "48125"				,"signguNm" : "창원시 마산합포구"				,"adongCd" : "4812562000"				,"adongNm" : "노산동"				,"stdrDt" : "2015-12-17"				}				,{				"ctprvnCd" : "48"				,"ctprvnNm" : "경상남도"				,"signguCd" : "48125"				,"signguNm" : "창원시 마산합포구"				,"adongCd" : "4812554000"				,"adongNm" : "문화동"				,"stdrDt" : "2015-12-17"				}				,{				"ctprvnCd" : "48"				,"ctprvnNm" : "경상남도"				,"signguCd" : "48125"				,"signguNm" : "창원시 마산합포구"				,"adongCd" : "4812556500"				,"adongNm" : "반월중앙동"				,"stdrDt" : "2015-12-17"				}				,{				"ctprvnCd" : "48"				,"ctprvnNm" : "경상남도"				,"signguCd" : "48125"				,"signguNm" : "창원시 마산합포구"				,"adongCd" : "4812565000"				,"adongNm" : "산호동"				,"stdrDt" : "2015-12-17"				}				,{				"ctprvnCd" : "48"				,"ctprvnNm" : "경상남도"				,"signguCd" : "48125"				,"signguNm" : "창원시 마산합포구"				,"adongCd" : "4812563000"				,"adongNm" : "오동동"				,"stdrDt" : "2015-12-17"				}				,{				"ctprvnCd" : "48"				,"ctprvnNm" : "경상남도"				,"signguCd" : "48125"				,"signguNm" : "창원시 마산합포구"				,"adongCd" : "4812557000"				,"adongNm" : "완월동"				,"stdrDt" : "2015-12-17"				}				,{				"ctprvnCd" : "48"				,"ctprvnNm" : "경상남도"				,"signguCd" : "48125"				,"signguNm" : "창원시 마산합포구"				,"adongCd" : "4812553000"				,"adongNm" : "월영동"				,"stdrDt" : "2015-12-17"				}				,{				"ctprvnCd" : "48"				,"ctprvnNm" : "경상남도"				,"signguCd" : "48125"				,"signguNm" : "창원시 마산합포구"				,"adongCd" : "4812558000"				,"adongNm" : "자산동"				,"stdrDt" : "2015-12-17"				}				,{				"ctprvnCd" : "48"				,"ctprvnNm" : "경상남도"				,"signguCd" : "48125"				,"signguNm" : "창원시 마산합포구"				,"adongCd" : "4812532000"				,"adongNm" : "진동면"				,"stdrDt" : "2015-12-17"				}				,{				"ctprvnCd" : "48"				,"ctprvnNm" : "경상남도"				,"signguCd" : "48125"				,"signguNm" : "창원시 마산합포구"				,"adongCd" : "4812533000"				,"adongNm" : "진북면"				,"stdrDt" : "2015-12-17"				}				,{				"ctprvnCd" : "48"				,"ctprvnNm" : "경상남도"				,"signguCd" : "48125"				,"signguNm" : "창원시 마산합포구"				,"adongCd" : "4812534000"				,"adongNm" : "진전면"				,"stdrDt" : "2015-12-17"				}				,{				"ctprvnCd" : "48"				,"ctprvnNm" : "경상남도"				,"signguCd" : "48125"				,"signguNm" : "창원시 마산합포구"				,"adongCd" : "4812564000"				,"adongNm" : "합포동"				,"stdrDt" : "2015-12-17"				}				,{				"ctprvnCd" : "48"				,"ctprvnNm" : "경상남도"				,"signguCd" : "48125"				,"signguNm" : "창원시 마산합포구"				,"adongCd" : "4812551000"				,"adongNm" : "현동"				,"stdrDt" : "2015-12-17"				}			]	}}