{	"header" : {		"description" : "소상공인시장진흥공단 상권정보 행정동 코드"		,"columns" : ["시도코드","시도명","시군구코드","시군구명","행정동코드","행정동명","기준일자"]		,"resultCode" : "00"		,"resultMsg" : "NORMAL SERVICE"	},	"body" : {			"items" : [				{				"ctprvnCd" : "48"				,"ctprvnNm" : "경상남도"				,"signguCd" : "48121"				,"signguNm" : "창원시 의창구"				,"adongCd" : "4812132000"				,"adongNm" : "대산면"				,"stdrDt" : "2015-12-17"				}				,{				"ctprvnCd" : "48"				,"ctprvnNm" : "경상남도"				,"signguCd" : "48121"				,"signguNm" : "창원시 의창구"				,"adongCd" : "4812125000"				,"adongNm" : "동읍"				,"stdrDt" : "2015-12-17"				}				,{				"ctprvnCd" : "48"				,"ctprvnNm" : "경상남도"				,"signguCd" : "48121"				,"signguNm" : "창원시 의창구"				,"adongCd" : "4812153000"				,"adongNm" : "명곡동"				,"stdrDt" : "2015-12-17"				}				,{				"ctprvnCd" : "48"				,"ctprvnNm" : "경상남도"				,"signguCd" : "48121"				,"signguNm" : "창원시 의창구"				,"adongCd" : "4812154000"				,"adongNm" : "봉림동"				,"stdrDt" : "2015-12-17"				}				,{				"ctprvnCd" : "48"				,"ctprvnNm" : "경상남도"				,"signguCd" : "48121"				,"signguNm" : "창원시 의창구"				,"adongCd" : "4812131000"				,"adongNm" : "북면"				,"stdrDt" : "2015-12-17"				}				,{				"ctprvnCd" : "48"				,"ctprvnNm" : "경상남도"				,"signguCd" : "48121"				,"signguNm" : "창원시 의창구"				,"adongCd" : "4812155000"				,"adongNm" : "용지동"				,"stdrDt" : "2015-12-17"				}				,{				"ctprvnCd" : "48"				,"ctprvnNm" : "경상남도"				,"signguCd" : "48121"				,"signguNm" : "창원시 의창구"				,"adongCd" : "4812151000"				,"adongNm" : "의창동"				,"stdrDt" : "2015-12-17"				}				,{				"ctprvnCd" : "48"				,"ctprvnNm" : "경상남도"				,"signguCd" : "48121"				,"signguNm" : "창원시 의창구"				,"adongCd" : "4812152000"				,"adongNm" : "팔룡동"				,"stdrDt" : "2015-12-17"				}			]	}}