{	"header" : {		"description" : "소상공인시장진흥공단 상권정보 행정동 코드"		,"columns" : ["시도코드","시도명","시군구코드","시군구명","행정동코드","행정동명","기준일자"]		,"resultCode" : "00"		,"resultMsg" : "NORMAL SERVICE"	},	"body" : {			"items" : [				{				"ctprvnCd" : "48"				,"ctprvnNm" : "경상남도"				,"signguCd" : "48170"				,"signguNm" : "진주시"				,"adongCd" : "4817074000"				,"adongNm" : "가호동"				,"stdrDt" : "2015-12-17"				}				,{				"ctprvnCd" : "48"				,"ctprvnNm" : "경상남도"				,"signguCd" : "48170"				,"signguNm" : "진주시"				,"adongCd" : "4817033000"				,"adongNm" : "금곡면"				,"stdrDt" : "2015-12-17"				}				,{				"ctprvnCd" : "48"				,"ctprvnNm" : "경상남도"				,"signguCd" : "48170"				,"signguNm" : "진주시"				,"adongCd" : "4817041000"				,"adongNm" : "금산면"				,"stdrDt" : "2015-12-17"				}				,{				"ctprvnCd" : "48"				,"ctprvnNm" : "경상남도"				,"signguCd" : "48170"				,"signguNm" : "진주시"				,"adongCd" : "4817031000"				,"adongNm" : "내동면"				,"stdrDt" : "2015-12-17"				}				,{				"ctprvnCd" : "48"				,"ctprvnNm" : "경상남도"				,"signguCd" : "48170"				,"signguNm" : "진주시"				,"adongCd" : "4817040000"				,"adongNm" : "대곡면"				,"stdrDt" : "2015-12-17"				}				,{				"ctprvnCd" : "48"				,"ctprvnNm" : "경상남도"				,"signguCd" : "48170"				,"signguNm" : "진주시"				,"adongCd" : "4817045000"				,"adongNm" : "대평면"				,"stdrDt" : "2015-12-17"				}				,{				"ctprvnCd" : "48"				,"ctprvnNm" : "경상남도"				,"signguCd" : "48170"				,"signguNm" : "진주시"				,"adongCd" : "4817044000"				,"adongNm" : "명석면"				,"stdrDt" : "2015-12-17"				}				,{				"ctprvnCd" : "48"				,"ctprvnNm" : "경상남도"				,"signguCd" : "48170"				,"signguNm" : "진주시"				,"adongCd" : "4817025000"				,"adongNm" : "문산읍"				,"stdrDt" : "2015-12-17"				}				,{				"ctprvnCd" : "48"				,"ctprvnNm" : "경상남도"				,"signguCd" : "48170"				,"signguNm" : "진주시"				,"adongCd" : "4817043000"				,"adongNm" : "미천면"				,"stdrDt" : "2015-12-17"				}				,{				"ctprvnCd" : "48"				,"ctprvnNm" : "경상남도"				,"signguCd" : "48170"				,"signguNm" : "진주시"				,"adongCd" : "4817038000"				,"adongNm" : "사봉면"				,"stdrDt" : "2015-12-17"				}				,{				"ctprvnCd" : "48"				,"ctprvnNm" : "경상남도"				,"signguCd" : "48170"				,"signguNm" : "진주시"				,"adongCd" : "4817067300"				,"adongNm" : "상대동"				,"stdrDt" : "2015-12-17"				}				,{				"ctprvnCd" : "48"				,"ctprvnNm" : "경상남도"				,"signguCd" : "48170"				,"signguNm" : "진주시"				,"adongCd" : "4817059500"				,"adongNm" : "상봉동"				,"stdrDt" : "2015-12-17"				}				,{				"ctprvnCd" : "48"				,"ctprvnNm" : "경상남도"				,"signguCd" : "48170"				,"signguNm" : "진주시"				,"adongCd" : "4817068000"				,"adongNm" : "상평동"				,"stdrDt" : "2015-12-17"				}				,{				"ctprvnCd" : "48"				,"ctprvnNm" : "경상남도"				,"signguCd" : "48170"				,"signguNm" : "진주시"				,"adongCd" : "4817055500"				,"adongNm" : "성북동"				,"stdrDt" : "2015-12-17"				}				,{				"ctprvnCd" : "48"				,"ctprvnNm" : "경상남도"				,"signguCd" : "48170"				,"signguNm" : "진주시"				,"adongCd" : "4817046000"				,"adongNm" : "수곡면"				,"stdrDt" : "2015-12-17"				}				,{				"ctprvnCd" : "48"				,"ctprvnNm" : "경상남도"				,"signguCd" : "48170"				,"signguNm" : "진주시"				,"adongCd" : "4817071500"				,"adongNm" : "신안동"				,"stdrDt" : "2015-12-17"				}				,{				"ctprvnCd" : "48"				,"ctprvnNm" : "경상남도"				,"signguCd" : "48170"				,"signguNm" : "진주시"				,"adongCd" : "4817037000"				,"adongNm" : "이반성면"				,"stdrDt" : "2015-12-17"				}				,{				"ctprvnCd" : "48"				,"ctprvnNm" : "경상남도"				,"signguCd" : "48170"				,"signguNm" : "진주시"				,"adongCd" : "4817072000"				,"adongNm" : "이현동"				,"stdrDt" : "2015-12-17"				}				,{				"ctprvnCd" : "48"				,"ctprvnNm" : "경상남도"				,"signguCd" : "48170"				,"signguNm" : "진주시"				,"adongCd" : "4817036000"				,"adongNm" : "일반성면"				,"stdrDt" : "2015-12-17"				}				,{				"ctprvnCd" : "48"				,"ctprvnNm" : "경상남도"				,"signguCd" : "48170"				,"signguNm" : "진주시"				,"adongCd" : "4817032000"				,"adongNm" : "정촌면"				,"stdrDt" : "2015-12-17"				}				,{				"ctprvnCd" : "48"				,"ctprvnNm" : "경상남도"				,"signguCd" : "48170"				,"signguNm" : "진주시"				,"adongCd" : "4817056500"				,"adongNm" : "중앙동"				,"stdrDt" : "2015-12-17"				}				,{				"ctprvnCd" : "48"				,"ctprvnNm" : "경상남도"				,"signguCd" : "48170"				,"signguNm" : "진주시"				,"adongCd" : "4817039000"				,"adongNm" : "지수면"				,"stdrDt" : "2015-12-17"				}				,{				"ctprvnCd" : "48"				,"ctprvnNm" : "경상남도"				,"signguCd" : "48170"				,"signguNm" : "진주시"				,"adongCd" : "4817035000"				,"adongNm" : "진성면"				,"stdrDt" : "2015-12-17"				}				,{				"ctprvnCd" : "48"				,"ctprvnNm" : "경상남도"				,"signguCd" : "48170"				,"signguNm" : "진주시"				,"adongCd" : "4817042000"				,"adongNm" : "집현면"				,"stdrDt" : "2015-12-17"				}				,{				"ctprvnCd" : "48"				,"ctprvnNm" : "경상남도"				,"signguCd" : "48170"				,"signguNm" : "진주시"				,"adongCd" : "4817051500"				,"adongNm" : "천전동"				,"stdrDt" : "2015-12-17"				}				,{				"ctprvnCd" : "48"				,"ctprvnNm" : "경상남도"				,"signguCd" : "48170"				,"signguNm" : "진주시"				,"adongCd" : "4817069500"				,"adongNm" : "초장동"				,"stdrDt" : "2015-12-17"				}				,{				"ctprvnCd" : "48"				,"ctprvnNm" : "경상남도"				,"signguCd" : "48170"				,"signguNm" : "진주시"				,"adongCd" : "4817075000"				,"adongNm" : "충무공동"				,"stdrDt" : "2015-12-17"				}				,{				"ctprvnCd" : "48"				,"ctprvnNm" : "경상남도"				,"signguCd" : "48170"				,"signguNm" : "진주시"				,"adongCd" : "4817073000"				,"adongNm" : "판문동"				,"stdrDt" : "2015-12-17"				}				,{				"ctprvnCd" : "48"				,"ctprvnNm" : "경상남도"				,"signguCd" : "48170"				,"signguNm" : "진주시"				,"adongCd" : "4817071000"				,"adongNm" : "평거동"				,"stdrDt" : "2015-12-17"				}				,{				"ctprvnCd" : "48"				,"ctprvnNm" : "경상남도"				,"signguCd" : "48170"				,"signguNm" : "진주시"				,"adongCd" : "4817067800"				,"adongNm" : "하대동"				,"stdrDt" : "2015-12-17"				}			]	}}