{	"header" : {		"description" : "소상공인시장진흥공단 상권정보 행정동 코드"		,"columns" : ["시도코드","시도명","시군구코드","시군구명","행정동코드","행정동명","기준일자"]		,"resultCode" : "00"		,"resultMsg" : "NORMAL SERVICE"	},	"body" : {			"items" : [				{				"ctprvnCd" : "48"				,"ctprvnNm" : "경상남도"				,"signguCd" : "48220"				,"signguNm" : "통영시"				,"adongCd" : "4822034000"				,"adongNm" : "광도면"				,"stdrDt" : "2015-12-17"				}				,{				"ctprvnCd" : "48"				,"ctprvnNm" : "경상남도"				,"signguCd" : "48220"				,"signguNm" : "통영시"				,"adongCd" : "4822033000"				,"adongNm" : "도산면"				,"stdrDt" : "2015-12-17"				}				,{				"ctprvnCd" : "48"				,"ctprvnNm" : "경상남도"				,"signguCd" : "48220"				,"signguNm" : "통영시"				,"adongCd" : "4822051000"				,"adongNm" : "도천동"				,"stdrDt" : "2015-12-17"				}				,{				"ctprvnCd" : "48"				,"ctprvnNm" : "경상남도"				,"signguCd" : "48220"				,"signguNm" : "통영시"				,"adongCd" : "4822053000"				,"adongNm" : "명정동"				,"stdrDt" : "2015-12-17"				}				,{				"ctprvnCd" : "48"				,"ctprvnNm" : "경상남도"				,"signguCd" : "48220"				,"signguNm" : "통영시"				,"adongCd" : "4822070000"				,"adongNm" : "무전동"				,"stdrDt" : "2015-12-17"				}				,{				"ctprvnCd" : "48"				,"ctprvnNm" : "경상남도"				,"signguCd" : "48220"				,"signguNm" : "통영시"				,"adongCd" : "4822066500"				,"adongNm" : "미수동"				,"stdrDt" : "2015-12-17"				}				,{				"ctprvnCd" : "48"				,"ctprvnNm" : "경상남도"				,"signguCd" : "48220"				,"signguNm" : "통영시"				,"adongCd" : "4822067000"				,"adongNm" : "봉평동"				,"stdrDt" : "2015-12-17"				}				,{				"ctprvnCd" : "48"				,"ctprvnNm" : "경상남도"				,"signguCd" : "48220"				,"signguNm" : "통영시"				,"adongCd" : "4822060000"				,"adongNm" : "북신동"				,"stdrDt" : "2015-12-17"				}				,{				"ctprvnCd" : "48"				,"ctprvnNm" : "경상남도"				,"signguCd" : "48220"				,"signguNm" : "통영시"				,"adongCd" : "4822037000"				,"adongNm" : "사량면"				,"stdrDt" : "2015-12-17"				}				,{				"ctprvnCd" : "48"				,"ctprvnNm" : "경상남도"				,"signguCd" : "48220"				,"signguNm" : "통영시"				,"adongCd" : "4822025000"				,"adongNm" : "산양읍"				,"stdrDt" : "2015-12-17"				}				,{				"ctprvnCd" : "48"				,"ctprvnNm" : "경상남도"				,"signguCd" : "48220"				,"signguNm" : "통영시"				,"adongCd" : "4822035000"				,"adongNm" : "욕지면"				,"stdrDt" : "2015-12-17"				}				,{				"ctprvnCd" : "48"				,"ctprvnNm" : "경상남도"				,"signguCd" : "48220"				,"signguNm" : "통영시"				,"adongCd" : "4822031000"				,"adongNm" : "용남면"				,"stdrDt" : "2015-12-17"				}				,{				"ctprvnCd" : "48"				,"ctprvnNm" : "경상남도"				,"signguCd" : "48220"				,"signguNm" : "통영시"				,"adongCd" : "4822059000"				,"adongNm" : "정량동"				,"stdrDt" : "2015-12-17"				}				,{				"ctprvnCd" : "48"				,"ctprvnNm" : "경상남도"				,"signguCd" : "48220"				,"signguNm" : "통영시"				,"adongCd" : "4822055000"				,"adongNm" : "중앙동"				,"stdrDt" : "2015-12-17"				}				,{				"ctprvnCd" : "48"				,"ctprvnNm" : "경상남도"				,"signguCd" : "48220"				,"signguNm" : "통영시"				,"adongCd" : "4822036000"				,"adongNm" : "한산면"				,"stdrDt" : "2015-12-17"				}			]	}}