{	"header" : {		"description" : "소상공인시장진흥공단 상권정보 행정동 코드"		,"columns" : ["시도코드","시도명","시군구코드","시군구명","행정동코드","행정동명","기준일자"]		,"resultCode" : "00"		,"resultMsg" : "NORMAL SERVICE"	},	"body" : {			"items" : [				{				"ctprvnCd" : "48"				,"ctprvnNm" : "경상남도"				,"signguCd" : "48240"				,"signguNm" : "사천시"				,"adongCd" : "4824036000"				,"adongNm" : "곤명면"				,"stdrDt" : "2015-12-17"				}				,{				"ctprvnCd" : "48"				,"ctprvnNm" : "경상남도"				,"signguCd" : "48240"				,"signguNm" : "사천시"				,"adongCd" : "4824035000"				,"adongNm" : "곤양면"				,"stdrDt" : "2015-12-17"				}				,{				"ctprvnCd" : "48"				,"ctprvnNm" : "경상남도"				,"signguCd" : "48240"				,"signguNm" : "사천시"				,"adongCd" : "4824059500"				,"adongNm" : "남양동"				,"stdrDt" : "2015-12-17"				}				,{				"ctprvnCd" : "48"				,"ctprvnNm" : "경상남도"				,"signguCd" : "48240"				,"signguNm" : "사천시"				,"adongCd" : "4824053000"				,"adongNm" : "동서금동"				,"stdrDt" : "2015-12-17"				}				,{				"ctprvnCd" : "48"				,"ctprvnNm" : "경상남도"				,"signguCd" : "48240"				,"signguNm" : "사천시"				,"adongCd" : "4824051000"				,"adongNm" : "동서동"				,"stdrDt" : "2015-12-17"				}				,{				"ctprvnCd" : "48"				,"ctprvnNm" : "경상남도"				,"signguCd" : "48240"				,"signguNm" : "사천시"				,"adongCd" : "4824055000"				,"adongNm" : "벌룡동"				,"stdrDt" : "2015-12-17"				}				,{				"ctprvnCd" : "48"				,"ctprvnNm" : "경상남도"				,"signguCd" : "48240"				,"signguNm" : "사천시"				,"adongCd" : "4824032000"				,"adongNm" : "사남면"				,"stdrDt" : "2015-12-17"				}				,{				"ctprvnCd" : "48"				,"ctprvnNm" : "경상남도"				,"signguCd" : "48240"				,"signguNm" : "사천시"				,"adongCd" : "4824025000"				,"adongNm" : "사천읍"				,"stdrDt" : "2015-12-17"				}				,{				"ctprvnCd" : "48"				,"ctprvnNm" : "경상남도"				,"signguCd" : "48240"				,"signguNm" : "사천시"				,"adongCd" : "4824037000"				,"adongNm" : "서포면"				,"stdrDt" : "2015-12-17"				}				,{				"ctprvnCd" : "48"				,"ctprvnNm" : "경상남도"				,"signguCd" : "48240"				,"signguNm" : "사천시"				,"adongCd" : "4824052000"				,"adongNm" : "선구동"				,"stdrDt" : "2015-12-17"				}				,{				"ctprvnCd" : "48"				,"ctprvnNm" : "경상남도"				,"signguCd" : "48240"				,"signguNm" : "사천시"				,"adongCd" : "4824033000"				,"adongNm" : "용현면"				,"stdrDt" : "2015-12-17"				}				,{				"ctprvnCd" : "48"				,"ctprvnNm" : "경상남도"				,"signguCd" : "48240"				,"signguNm" : "사천시"				,"adongCd" : "4824031000"				,"adongNm" : "정동면"				,"stdrDt" : "2015-12-17"				}				,{				"ctprvnCd" : "48"				,"ctprvnNm" : "경상남도"				,"signguCd" : "48240"				,"signguNm" : "사천시"				,"adongCd" : "4824034000"				,"adongNm" : "축동면"				,"stdrDt" : "2015-12-17"				}				,{				"ctprvnCd" : "48"				,"ctprvnNm" : "경상남도"				,"signguCd" : "48240"				,"signguNm" : "사천시"				,"adongCd" : "4824057000"				,"adongNm" : "향촌동"				,"stdrDt" : "2015-12-17"				}			]	}}