{	"header" : {		"description" : "소상공인시장진흥공단 상권정보 행정동 코드"		,"columns" : ["시도코드","시도명","시군구코드","시군구명","행정동코드","행정동명","기준일자"]		,"resultCode" : "00"		,"resultMsg" : "NORMAL SERVICE"	},	"body" : {			"items" : [				{				"ctprvnCd" : "48"				,"ctprvnNm" : "경상남도"				,"signguCd" : "48250"				,"signguNm" : "김해시"				,"adongCd" : "4825054000"				,"adongNm" : "내외동"				,"stdrDt" : "2015-12-17"				}				,{				"ctprvnCd" : "48"				,"ctprvnNm" : "경상남도"				,"signguCd" : "48250"				,"signguNm" : "김해시"				,"adongCd" : "4825037000"				,"adongNm" : "대동면"				,"stdrDt" : "2015-12-17"				}				,{				"ctprvnCd" : "48"				,"ctprvnNm" : "경상남도"				,"signguCd" : "48250"				,"signguNm" : "김해시"				,"adongCd" : "4825051000"				,"adongNm" : "동상동"				,"stdrDt" : "2015-12-17"				}				,{				"ctprvnCd" : "48"				,"ctprvnNm" : "경상남도"				,"signguCd" : "48250"				,"signguNm" : "김해시"				,"adongCd" : "4825053000"				,"adongNm" : "부원동"				,"stdrDt" : "2015-12-17"				}				,{				"ctprvnCd" : "48"				,"ctprvnNm" : "경상남도"				,"signguCd" : "48250"				,"signguNm" : "김해시"				,"adongCd" : "4825055000"				,"adongNm" : "북부동"				,"stdrDt" : "2015-12-17"				}				,{				"ctprvnCd" : "48"				,"ctprvnNm" : "경상남도"				,"signguCd" : "48250"				,"signguNm" : "김해시"				,"adongCd" : "4825060000"				,"adongNm" : "불암동"				,"stdrDt" : "2015-12-17"				}				,{				"ctprvnCd" : "48"				,"ctprvnNm" : "경상남도"				,"signguCd" : "48250"				,"signguNm" : "김해시"				,"adongCd" : "4825059000"				,"adongNm" : "삼안동"				,"stdrDt" : "2015-12-17"				}				,{				"ctprvnCd" : "48"				,"ctprvnNm" : "경상남도"				,"signguCd" : "48250"				,"signguNm" : "김해시"				,"adongCd" : "4825036000"				,"adongNm" : "상동면"				,"stdrDt" : "2015-12-17"				}				,{				"ctprvnCd" : "48"				,"ctprvnNm" : "경상남도"				,"signguCd" : "48250"				,"signguNm" : "김해시"				,"adongCd" : "4825035000"				,"adongNm" : "생림면"				,"stdrDt" : "2015-12-17"				}				,{				"ctprvnCd" : "48"				,"ctprvnNm" : "경상남도"				,"signguCd" : "48250"				,"signguNm" : "김해시"				,"adongCd" : "4825061000"				,"adongNm" : "장유1동"				,"stdrDt" : "2015-12-17"				}				,{				"ctprvnCd" : "48"				,"ctprvnNm" : "경상남도"				,"signguCd" : "48250"				,"signguNm" : "김해시"				,"adongCd" : "4825062000"				,"adongNm" : "장유2동"				,"stdrDt" : "2015-12-17"				}				,{				"ctprvnCd" : "48"				,"ctprvnNm" : "경상남도"				,"signguCd" : "48250"				,"signguNm" : "김해시"				,"adongCd" : "4825063000"				,"adongNm" : "장유3동"				,"stdrDt" : "2015-12-17"				}				,{				"ctprvnCd" : "48"				,"ctprvnNm" : "경상남도"				,"signguCd" : "48250"				,"signguNm" : "김해시"				,"adongCd" : "4825032000"				,"adongNm" : "주촌면"				,"stdrDt" : "2015-12-17"				}				,{				"ctprvnCd" : "48"				,"ctprvnNm" : "경상남도"				,"signguCd" : "48250"				,"signguNm" : "김해시"				,"adongCd" : "4825033000"				,"adongNm" : "진례면"				,"stdrDt" : "2015-12-17"				}				,{				"ctprvnCd" : "48"				,"ctprvnNm" : "경상남도"				,"signguCd" : "48250"				,"signguNm" : "김해시"				,"adongCd" : "4825025000"				,"adongNm" : "진영읍"				,"stdrDt" : "2015-12-17"				}				,{				"ctprvnCd" : "48"				,"ctprvnNm" : "경상남도"				,"signguCd" : "48250"				,"signguNm" : "김해시"				,"adongCd" : "4825056500"				,"adongNm" : "칠산서부동"				,"stdrDt" : "2015-12-17"				}				,{				"ctprvnCd" : "48"				,"ctprvnNm" : "경상남도"				,"signguCd" : "48250"				,"signguNm" : "김해시"				,"adongCd" : "4825034000"				,"adongNm" : "한림면"				,"stdrDt" : "2015-12-17"				}				,{				"ctprvnCd" : "48"				,"ctprvnNm" : "경상남도"				,"signguCd" : "48250"				,"signguNm" : "김해시"				,"adongCd" : "4825058000"				,"adongNm" : "활천동"				,"stdrDt" : "2015-12-17"				}				,{				"ctprvnCd" : "48"				,"ctprvnNm" : "경상남도"				,"signguCd" : "48250"				,"signguNm" : "김해시"				,"adongCd" : "4825052000"				,"adongNm" : "회현동"				,"stdrDt" : "2015-12-17"				}			]	}}