{	"header" : {		"description" : "소상공인시장진흥공단 상권정보 행정동 코드"		,"columns" : ["시도코드","시도명","시군구코드","시군구명","행정동코드","행정동명","기준일자"]		,"resultCode" : "00"		,"resultMsg" : "NORMAL SERVICE"	},	"body" : {			"items" : [				{				"ctprvnCd" : "48"				,"ctprvnNm" : "경상남도"				,"signguCd" : "48270"				,"signguNm" : "밀양시"				,"adongCd" : "4827054000"				,"adongNm" : "가곡동"				,"stdrDt" : "2015-12-17"				}				,{				"ctprvnCd" : "48"				,"ctprvnNm" : "경상남도"				,"signguCd" : "48270"				,"signguNm" : "밀양시"				,"adongCd" : "4827055000"				,"adongNm" : "교동"				,"stdrDt" : "2015-12-17"				}				,{				"ctprvnCd" : "48"				,"ctprvnNm" : "경상남도"				,"signguCd" : "48270"				,"signguNm" : "밀양시"				,"adongCd" : "4827052000"				,"adongNm" : "내이동"				,"stdrDt" : "2015-12-17"				}				,{				"ctprvnCd" : "48"				,"ctprvnNm" : "경상남도"				,"signguCd" : "48270"				,"signguNm" : "밀양시"				,"adongCd" : "4827051000"				,"adongNm" : "내일동"				,"stdrDt" : "2015-12-17"				}				,{				"ctprvnCd" : "48"				,"ctprvnNm" : "경상남도"				,"signguCd" : "48270"				,"signguNm" : "밀양시"				,"adongCd" : "4827035000"				,"adongNm" : "단장면"				,"stdrDt" : "2015-12-17"				}				,{				"ctprvnCd" : "48"				,"ctprvnNm" : "경상남도"				,"signguCd" : "48270"				,"signguNm" : "밀양시"				,"adongCd" : "4827038000"				,"adongNm" : "무안면"				,"stdrDt" : "2015-12-17"				}				,{				"ctprvnCd" : "48"				,"ctprvnNm" : "경상남도"				,"signguCd" : "48270"				,"signguNm" : "밀양시"				,"adongCd" : "4827031000"				,"adongNm" : "부북면"				,"stdrDt" : "2015-12-17"				}				,{				"ctprvnCd" : "48"				,"ctprvnNm" : "경상남도"				,"signguCd" : "48270"				,"signguNm" : "밀양시"				,"adongCd" : "4827034000"				,"adongNm" : "산내면"				,"stdrDt" : "2015-12-17"				}				,{				"ctprvnCd" : "48"				,"ctprvnNm" : "경상남도"				,"signguCd" : "48270"				,"signguNm" : "밀양시"				,"adongCd" : "4827033000"				,"adongNm" : "산외면"				,"stdrDt" : "2015-12-17"				}				,{				"ctprvnCd" : "48"				,"ctprvnNm" : "경상남도"				,"signguCd" : "48270"				,"signguNm" : "밀양시"				,"adongCd" : "4827025000"				,"adongNm" : "삼랑진읍"				,"stdrDt" : "2015-12-17"				}				,{				"ctprvnCd" : "48"				,"ctprvnNm" : "경상남도"				,"signguCd" : "48270"				,"signguNm" : "밀양시"				,"adongCd" : "4827053000"				,"adongNm" : "삼문동"				,"stdrDt" : "2015-12-17"				}				,{				"ctprvnCd" : "48"				,"ctprvnNm" : "경상남도"				,"signguCd" : "48270"				,"signguNm" : "밀양시"				,"adongCd" : "4827036000"				,"adongNm" : "상남면"				,"stdrDt" : "2015-12-17"				}				,{				"ctprvnCd" : "48"				,"ctprvnNm" : "경상남도"				,"signguCd" : "48270"				,"signguNm" : "밀양시"				,"adongCd" : "4827032000"				,"adongNm" : "상동면"				,"stdrDt" : "2015-12-17"				}				,{				"ctprvnCd" : "48"				,"ctprvnNm" : "경상남도"				,"signguCd" : "48270"				,"signguNm" : "밀양시"				,"adongCd" : "4827039000"				,"adongNm" : "청도면"				,"stdrDt" : "2015-12-17"				}				,{				"ctprvnCd" : "48"				,"ctprvnNm" : "경상남도"				,"signguCd" : "48270"				,"signguNm" : "밀양시"				,"adongCd" : "4827037000"				,"adongNm" : "초동면"				,"stdrDt" : "2015-12-17"				}				,{				"ctprvnCd" : "48"				,"ctprvnNm" : "경상남도"				,"signguCd" : "48270"				,"signguNm" : "밀양시"				,"adongCd" : "4827025300"				,"adongNm" : "하남읍"				,"stdrDt" : "2015-12-17"				}			]	}}