{	"header" : {		"description" : "소상공인시장진흥공단 상권정보 행정동 코드"		,"columns" : ["시도코드","시도명","시군구코드","시군구명","행정동코드","행정동명","기준일자"]		,"resultCode" : "00"		,"resultMsg" : "NORMAL SERVICE"	},	"body" : {			"items" : [				{				"ctprvnCd" : "48"				,"ctprvnNm" : "경상남도"				,"signguCd" : "48310"				,"signguNm" : "거제시"				,"adongCd" : "4831034000"				,"adongNm" : "거제면"				,"stdrDt" : "2015-12-17"				}				,{				"ctprvnCd" : "48"				,"ctprvnNm" : "경상남도"				,"signguCd" : "48310"				,"signguNm" : "거제시"				,"adongCd" : "4831058000"				,"adongNm" : "고현동"				,"stdrDt" : "2015-12-17"				}				,{				"ctprvnCd" : "48"				,"ctprvnNm" : "경상남도"				,"signguCd" : "48310"				,"signguNm" : "거제시"				,"adongCd" : "4831033000"				,"adongNm" : "남부면"				,"stdrDt" : "2015-12-17"				}				,{				"ctprvnCd" : "48"				,"ctprvnNm" : "경상남도"				,"signguCd" : "48310"				,"signguNm" : "거제시"				,"adongCd" : "4831053000"				,"adongNm" : "능포동"				,"stdrDt" : "2015-12-17"				}				,{				"ctprvnCd" : "48"				,"ctprvnNm" : "경상남도"				,"signguCd" : "48310"				,"signguNm" : "거제시"				,"adongCd" : "4831032000"				,"adongNm" : "동부면"				,"stdrDt" : "2015-12-17"				}				,{				"ctprvnCd" : "48"				,"ctprvnNm" : "경상남도"				,"signguCd" : "48310"				,"signguNm" : "거제시"				,"adongCd" : "4831035000"				,"adongNm" : "둔덕면"				,"stdrDt" : "2015-12-17"				}				,{				"ctprvnCd" : "48"				,"ctprvnNm" : "경상남도"				,"signguCd" : "48310"				,"signguNm" : "거제시"				,"adongCd" : "4831036000"				,"adongNm" : "사등면"				,"stdrDt" : "2015-12-17"				}				,{				"ctprvnCd" : "48"				,"ctprvnNm" : "경상남도"				,"signguCd" : "48310"				,"signguNm" : "거제시"				,"adongCd" : "4831059000"				,"adongNm" : "상문동"				,"stdrDt" : "2015-12-17"				}				,{				"ctprvnCd" : "48"				,"ctprvnNm" : "경상남도"				,"signguCd" : "48310"				,"signguNm" : "거제시"				,"adongCd" : "4831060000"				,"adongNm" : "수양동"				,"stdrDt" : "2015-12-17"				}				,{				"ctprvnCd" : "48"				,"ctprvnNm" : "경상남도"				,"signguCd" : "48310"				,"signguNm" : "거제시"				,"adongCd" : "4831054000"				,"adongNm" : "아주동"				,"stdrDt" : "2015-12-17"				}				,{				"ctprvnCd" : "48"				,"ctprvnNm" : "경상남도"				,"signguCd" : "48310"				,"signguNm" : "거제시"				,"adongCd" : "4831037000"				,"adongNm" : "연초면"				,"stdrDt" : "2015-12-17"				}				,{				"ctprvnCd" : "48"				,"ctprvnNm" : "경상남도"				,"signguCd" : "48310"				,"signguNm" : "거제시"				,"adongCd" : "4831055000"				,"adongNm" : "옥포1동"				,"stdrDt" : "2015-12-17"				}				,{				"ctprvnCd" : "48"				,"ctprvnNm" : "경상남도"				,"signguCd" : "48310"				,"signguNm" : "거제시"				,"adongCd" : "4831056000"				,"adongNm" : "옥포2동"				,"stdrDt" : "2015-12-17"				}				,{				"ctprvnCd" : "48"				,"ctprvnNm" : "경상남도"				,"signguCd" : "48310"				,"signguNm" : "거제시"				,"adongCd" : "4831031000"				,"adongNm" : "일운면"				,"stdrDt" : "2015-12-17"				}				,{				"ctprvnCd" : "48"				,"ctprvnNm" : "경상남도"				,"signguCd" : "48310"				,"signguNm" : "거제시"				,"adongCd" : "4831039000"				,"adongNm" : "장목면"				,"stdrDt" : "2015-12-17"				}				,{				"ctprvnCd" : "48"				,"ctprvnNm" : "경상남도"				,"signguCd" : "48310"				,"signguNm" : "거제시"				,"adongCd" : "4831051000"				,"adongNm" : "장승포동"				,"stdrDt" : "2015-12-17"				}				,{				"ctprvnCd" : "48"				,"ctprvnNm" : "경상남도"				,"signguCd" : "48310"				,"signguNm" : "거제시"				,"adongCd" : "4831057000"				,"adongNm" : "장평동"				,"stdrDt" : "2015-12-17"				}				,{				"ctprvnCd" : "48"				,"ctprvnNm" : "경상남도"				,"signguCd" : "48310"				,"signguNm" : "거제시"				,"adongCd" : "4831038000"				,"adongNm" : "하청면"				,"stdrDt" : "2015-12-17"				}			]	}}