{	"header" : {		"description" : "소상공인시장진흥공단 상권정보 행정동 코드"		,"columns" : ["시도코드","시도명","시군구코드","시군구명","행정동코드","행정동명","기준일자"]		,"resultCode" : "00"		,"resultMsg" : "NORMAL SERVICE"	},	"body" : {			"items" : [				{				"ctprvnCd" : "48"				,"ctprvnNm" : "경상남도"				,"signguCd" : "48330"				,"signguNm" : "양산시"				,"adongCd" : "4833053000"				,"adongNm" : "강서동"				,"stdrDt" : "2015-12-17"				}				,{				"ctprvnCd" : "48"				,"ctprvnNm" : "경상남도"				,"signguCd" : "48330"				,"signguNm" : "양산시"				,"adongCd" : "4833057000"				,"adongNm" : "덕계동"				,"stdrDt" : "2015-12-17"				}				,{				"ctprvnCd" : "48"				,"ctprvnNm" : "경상남도"				,"signguCd" : "48330"				,"signguNm" : "양산시"				,"adongCd" : "4833031000"				,"adongNm" : "동면"				,"stdrDt" : "2015-12-17"				}				,{				"ctprvnCd" : "48"				,"ctprvnNm" : "경상남도"				,"signguCd" : "48330"				,"signguNm" : "양산시"				,"adongCd" : "4833025300"				,"adongNm" : "물금읍"				,"stdrDt" : "2015-12-17"				}				,{				"ctprvnCd" : "48"				,"ctprvnNm" : "경상남도"				,"signguCd" : "48330"				,"signguNm" : "양산시"				,"adongCd" : "4833052000"				,"adongNm" : "삼성동"				,"stdrDt" : "2015-12-17"				}				,{				"ctprvnCd" : "48"				,"ctprvnNm" : "경상남도"				,"signguCd" : "48330"				,"signguNm" : "양산시"				,"adongCd" : "4833033000"				,"adongNm" : "상북면"				,"stdrDt" : "2015-12-17"				}				,{				"ctprvnCd" : "48"				,"ctprvnNm" : "경상남도"				,"signguCd" : "48330"				,"signguNm" : "양산시"				,"adongCd" : "4833054000"				,"adongNm" : "서창동"				,"stdrDt" : "2015-12-17"				}				,{				"ctprvnCd" : "48"				,"ctprvnNm" : "경상남도"				,"signguCd" : "48330"				,"signguNm" : "양산시"				,"adongCd" : "4833055000"				,"adongNm" : "소주동"				,"stdrDt" : "2015-12-17"				}				,{				"ctprvnCd" : "48"				,"ctprvnNm" : "경상남도"				,"signguCd" : "48330"				,"signguNm" : "양산시"				,"adongCd" : "4833051500"				,"adongNm" : "양주동"				,"stdrDt" : "2015-12-17"				}				,{				"ctprvnCd" : "48"				,"ctprvnNm" : "경상남도"				,"signguCd" : "48330"				,"signguNm" : "양산시"				,"adongCd" : "4833032000"				,"adongNm" : "원동면"				,"stdrDt" : "2015-12-17"				}				,{				"ctprvnCd" : "48"				,"ctprvnNm" : "경상남도"				,"signguCd" : "48330"				,"signguNm" : "양산시"				,"adongCd" : "4833051000"				,"adongNm" : "중앙동"				,"stdrDt" : "2015-12-17"				}				,{				"ctprvnCd" : "48"				,"ctprvnNm" : "경상남도"				,"signguCd" : "48330"				,"signguNm" : "양산시"				,"adongCd" : "4833056000"				,"adongNm" : "평산동"				,"stdrDt" : "2015-12-17"				}				,{				"ctprvnCd" : "48"				,"ctprvnNm" : "경상남도"				,"signguCd" : "48330"				,"signguNm" : "양산시"				,"adongCd" : "4833034000"				,"adongNm" : "하북면"				,"stdrDt" : "2015-12-17"				}			]	}}