{	"header" : {		"description" : "소상공인시장진흥공단 상권정보 행정동 코드"		,"columns" : ["시도코드","시도명","시군구코드","시군구명","행정동코드","행정동명","기준일자"]		,"resultCode" : "00"		,"resultMsg" : "NORMAL SERVICE"	},	"body" : {			"items" : [				{				"ctprvnCd" : "48"				,"ctprvnNm" : "경상남도"				,"signguCd" : "48720"				,"signguNm" : "의령군"				,"adongCd" : "4872031000"				,"adongNm" : "가례면"				,"stdrDt" : "2015-12-17"				}				,{				"ctprvnCd" : "48"				,"ctprvnNm" : "경상남도"				,"signguCd" : "48720"				,"signguNm" : "의령군"				,"adongCd" : "4872041500"				,"adongNm" : "궁류면"				,"stdrDt" : "2015-12-17"				}				,{				"ctprvnCd" : "48"				,"ctprvnNm" : "경상남도"				,"signguCd" : "48720"				,"signguNm" : "의령군"				,"adongCd" : "4872038000"				,"adongNm" : "낙서면"				,"stdrDt" : "2015-12-17"				}				,{				"ctprvnCd" : "48"				,"ctprvnNm" : "경상남도"				,"signguCd" : "48720"				,"signguNm" : "의령군"				,"adongCd" : "4872033000"				,"adongNm" : "대의면"				,"stdrDt" : "2015-12-17"				}				,{				"ctprvnCd" : "48"				,"ctprvnNm" : "경상남도"				,"signguCd" : "48720"				,"signguNm" : "의령군"				,"adongCd" : "4872040000"				,"adongNm" : "봉수면"				,"stdrDt" : "2015-12-17"				}				,{				"ctprvnCd" : "48"				,"ctprvnNm" : "경상남도"				,"signguCd" : "48720"				,"signguNm" : "의령군"				,"adongCd" : "4872039000"				,"adongNm" : "부림면"				,"stdrDt" : "2015-12-17"				}				,{				"ctprvnCd" : "48"				,"ctprvnNm" : "경상남도"				,"signguCd" : "48720"				,"signguNm" : "의령군"				,"adongCd" : "4872035000"				,"adongNm" : "용덕면"				,"stdrDt" : "2015-12-17"				}				,{				"ctprvnCd" : "48"				,"ctprvnNm" : "경상남도"				,"signguCd" : "48720"				,"signguNm" : "의령군"				,"adongCd" : "4872042000"				,"adongNm" : "유곡면"				,"stdrDt" : "2015-12-17"				}				,{				"ctprvnCd" : "48"				,"ctprvnNm" : "경상남도"				,"signguCd" : "48720"				,"signguNm" : "의령군"				,"adongCd" : "4872025000"				,"adongNm" : "의령읍"				,"stdrDt" : "2015-12-17"				}				,{				"ctprvnCd" : "48"				,"ctprvnNm" : "경상남도"				,"signguCd" : "48720"				,"signguNm" : "의령군"				,"adongCd" : "4872036000"				,"adongNm" : "정곡면"				,"stdrDt" : "2015-12-17"				}				,{				"ctprvnCd" : "48"				,"ctprvnNm" : "경상남도"				,"signguCd" : "48720"				,"signguNm" : "의령군"				,"adongCd" : "4872037000"				,"adongNm" : "지정면"				,"stdrDt" : "2015-12-17"				}				,{				"ctprvnCd" : "48"				,"ctprvnNm" : "경상남도"				,"signguCd" : "48720"				,"signguNm" : "의령군"				,"adongCd" : "4872032000"				,"adongNm" : "칠곡면"				,"stdrDt" : "2015-12-17"				}				,{				"ctprvnCd" : "48"				,"ctprvnNm" : "경상남도"				,"signguCd" : "48720"				,"signguNm" : "의령군"				,"adongCd" : "4872034000"				,"adongNm" : "화정면"				,"stdrDt" : "2015-12-17"				}			]	}}