{	"header" : {		"description" : "소상공인시장진흥공단 상권정보 행정동 코드"		,"columns" : ["시도코드","시도명","시군구코드","시군구명","행정동코드","행정동명","기준일자"]		,"resultCode" : "00"		,"resultMsg" : "NORMAL SERVICE"	},	"body" : {			"items" : [				{				"ctprvnCd" : "48"				,"ctprvnNm" : "경상남도"				,"signguCd" : "48730"				,"signguNm" : "함안군"				,"adongCd" : "4873025000"				,"adongNm" : "가야읍"				,"stdrDt" : "2015-12-17"				}				,{				"ctprvnCd" : "48"				,"ctprvnNm" : "경상남도"				,"signguCd" : "48730"				,"signguNm" : "함안군"				,"adongCd" : "4873032000"				,"adongNm" : "군북면"				,"stdrDt" : "2015-12-17"				}				,{				"ctprvnCd" : "48"				,"ctprvnNm" : "경상남도"				,"signguCd" : "48730"				,"signguNm" : "함안군"				,"adongCd" : "4873034000"				,"adongNm" : "대산면"				,"stdrDt" : "2015-12-17"				}				,{				"ctprvnCd" : "48"				,"ctprvnNm" : "경상남도"				,"signguCd" : "48730"				,"signguNm" : "함안군"				,"adongCd" : "4873033000"				,"adongNm" : "법수면"				,"stdrDt" : "2015-12-17"				}				,{				"ctprvnCd" : "48"				,"ctprvnNm" : "경상남도"				,"signguCd" : "48730"				,"signguNm" : "함안군"				,"adongCd" : "4873038000"				,"adongNm" : "산인면"				,"stdrDt" : "2015-12-17"				}				,{				"ctprvnCd" : "48"				,"ctprvnNm" : "경상남도"				,"signguCd" : "48730"				,"signguNm" : "함안군"				,"adongCd" : "4873039000"				,"adongNm" : "여항면"				,"stdrDt" : "2015-12-17"				}				,{				"ctprvnCd" : "48"				,"ctprvnNm" : "경상남도"				,"signguCd" : "48730"				,"signguNm" : "함안군"				,"adongCd" : "4873036000"				,"adongNm" : "칠북면"				,"stdrDt" : "2015-12-17"				}				,{				"ctprvnCd" : "48"				,"ctprvnNm" : "경상남도"				,"signguCd" : "48730"				,"signguNm" : "함안군"				,"adongCd" : "4873035000"				,"adongNm" : "칠서면"				,"stdrDt" : "2015-12-17"				}				,{				"ctprvnCd" : "48"				,"ctprvnNm" : "경상남도"				,"signguCd" : "48730"				,"signguNm" : "함안군"				,"adongCd" : "4873025300"				,"adongNm" : "칠원읍"				,"stdrDt" : "2015-12-17"				}				,{				"ctprvnCd" : "48"				,"ctprvnNm" : "경상남도"				,"signguCd" : "48730"				,"signguNm" : "함안군"				,"adongCd" : "4873031000"				,"adongNm" : "함안면"				,"stdrDt" : "2015-12-17"				}			]	}}