{	"header" : {		"description" : "소상공인시장진흥공단 상권정보 행정동 코드"		,"columns" : ["시도코드","시도명","시군구코드","시군구명","행정동코드","행정동명","기준일자"]		,"resultCode" : "00"		,"resultMsg" : "NORMAL SERVICE"	},	"body" : {			"items" : [				{				"ctprvnCd" : "48"				,"ctprvnNm" : "경상남도"				,"signguCd" : "48740"				,"signguNm" : "창녕군"				,"adongCd" : "4874037000"				,"adongNm" : "계성면"				,"stdrDt" : "2015-12-17"				}				,{				"ctprvnCd" : "48"				,"ctprvnNm" : "경상남도"				,"signguCd" : "48740"				,"signguNm" : "창녕군"				,"adongCd" : "4874031000"				,"adongNm" : "고암면"				,"stdrDt" : "2015-12-17"				}				,{				"ctprvnCd" : "48"				,"ctprvnNm" : "경상남도"				,"signguCd" : "48740"				,"signguNm" : "창녕군"				,"adongCd" : "4874041000"				,"adongNm" : "길곡면"				,"stdrDt" : "2015-12-17"				}				,{				"ctprvnCd" : "48"				,"ctprvnNm" : "경상남도"				,"signguCd" : "48740"				,"signguNm" : "창녕군"				,"adongCd" : "4874025300"				,"adongNm" : "남지읍"				,"stdrDt" : "2015-12-17"				}				,{				"ctprvnCd" : "48"				,"ctprvnNm" : "경상남도"				,"signguCd" : "48740"				,"signguNm" : "창녕군"				,"adongCd" : "4874036000"				,"adongNm" : "대지면"				,"stdrDt" : "2015-12-17"				}				,{				"ctprvnCd" : "48"				,"ctprvnNm" : "경상남도"				,"signguCd" : "48740"				,"signguNm" : "창녕군"				,"adongCd" : "4874033000"				,"adongNm" : "대합면"				,"stdrDt" : "2015-12-17"				}				,{				"ctprvnCd" : "48"				,"ctprvnNm" : "경상남도"				,"signguCd" : "48740"				,"signguNm" : "창녕군"				,"adongCd" : "4874040000"				,"adongNm" : "도천면"				,"stdrDt" : "2015-12-17"				}				,{				"ctprvnCd" : "48"				,"ctprvnNm" : "경상남도"				,"signguCd" : "48740"				,"signguNm" : "창녕군"				,"adongCd" : "4874042000"				,"adongNm" : "부곡면"				,"stdrDt" : "2015-12-17"				}				,{				"ctprvnCd" : "48"				,"ctprvnNm" : "경상남도"				,"signguCd" : "48740"				,"signguNm" : "창녕군"				,"adongCd" : "4874032000"				,"adongNm" : "성산면"				,"stdrDt" : "2015-12-17"				}				,{				"ctprvnCd" : "48"				,"ctprvnNm" : "경상남도"				,"signguCd" : "48740"				,"signguNm" : "창녕군"				,"adongCd" : "4874038000"				,"adongNm" : "영산면"				,"stdrDt" : "2015-12-17"				}				,{				"ctprvnCd" : "48"				,"ctprvnNm" : "경상남도"				,"signguCd" : "48740"				,"signguNm" : "창녕군"				,"adongCd" : "4874035000"				,"adongNm" : "유어면"				,"stdrDt" : "2015-12-17"				}				,{				"ctprvnCd" : "48"				,"ctprvnNm" : "경상남도"				,"signguCd" : "48740"				,"signguNm" : "창녕군"				,"adongCd" : "4874034000"				,"adongNm" : "이방면"				,"stdrDt" : "2015-12-17"				}				,{				"ctprvnCd" : "48"				,"ctprvnNm" : "경상남도"				,"signguCd" : "48740"				,"signguNm" : "창녕군"				,"adongCd" : "4874039000"				,"adongNm" : "장마면"				,"stdrDt" : "2015-12-17"				}				,{				"ctprvnCd" : "48"				,"ctprvnNm" : "경상남도"				,"signguCd" : "48740"				,"signguNm" : "창녕군"				,"adongCd" : "4874025000"				,"adongNm" : "창녕읍"				,"stdrDt" : "2015-12-17"				}			]	}}