{	"header" : {		"description" : "소상공인시장진흥공단 상권정보 행정동 코드"		,"columns" : ["시도코드","시도명","시군구코드","시군구명","행정동코드","행정동명","기준일자"]		,"resultCode" : "00"		,"resultMsg" : "NORMAL SERVICE"	},	"body" : {			"items" : [				{				"ctprvnCd" : "48"				,"ctprvnNm" : "경상남도"				,"signguCd" : "48820"				,"signguNm" : "고성군"				,"adongCd" : "4882038000"				,"adongNm" : "개천면"				,"stdrDt" : "2015-12-17"				}				,{				"ctprvnCd" : "48"				,"ctprvnNm" : "경상남도"				,"signguCd" : "48820"				,"signguNm" : "고성군"				,"adongCd" : "4882043000"				,"adongNm" : "거류면"				,"stdrDt" : "2015-12-17"				}				,{				"ctprvnCd" : "48"				,"ctprvnNm" : "경상남도"				,"signguCd" : "48820"				,"signguNm" : "고성군"				,"adongCd" : "4882025000"				,"adongNm" : "고성읍"				,"stdrDt" : "2015-12-17"				}				,{				"ctprvnCd" : "48"				,"ctprvnNm" : "경상남도"				,"signguCd" : "48820"				,"signguNm" : "고성군"				,"adongCd" : "4882039000"				,"adongNm" : "구만면"				,"stdrDt" : "2015-12-17"				}				,{				"ctprvnCd" : "48"				,"ctprvnNm" : "경상남도"				,"signguCd" : "48820"				,"signguNm" : "고성군"				,"adongCd" : "4882035000"				,"adongNm" : "대가면"				,"stdrDt" : "2015-12-17"				}				,{				"ctprvnCd" : "48"				,"ctprvnNm" : "경상남도"				,"signguCd" : "48820"				,"signguNm" : "고성군"				,"adongCd" : "4882042000"				,"adongNm" : "동해면"				,"stdrDt" : "2015-12-17"				}				,{				"ctprvnCd" : "48"				,"ctprvnNm" : "경상남도"				,"signguCd" : "48820"				,"signguNm" : "고성군"				,"adongCd" : "4882041000"				,"adongNm" : "마암면"				,"stdrDt" : "2015-12-17"				}				,{				"ctprvnCd" : "48"				,"ctprvnNm" : "경상남도"				,"signguCd" : "48820"				,"signguNm" : "고성군"				,"adongCd" : "4882031000"				,"adongNm" : "삼산면"				,"stdrDt" : "2015-12-17"				}				,{				"ctprvnCd" : "48"				,"ctprvnNm" : "경상남도"				,"signguCd" : "48820"				,"signguNm" : "고성군"				,"adongCd" : "4882034000"				,"adongNm" : "상리면"				,"stdrDt" : "2015-12-17"				}				,{				"ctprvnCd" : "48"				,"ctprvnNm" : "경상남도"				,"signguCd" : "48820"				,"signguNm" : "고성군"				,"adongCd" : "4882037000"				,"adongNm" : "영오면"				,"stdrDt" : "2015-12-17"				}				,{				"ctprvnCd" : "48"				,"ctprvnNm" : "경상남도"				,"signguCd" : "48820"				,"signguNm" : "고성군"				,"adongCd" : "4882036000"				,"adongNm" : "영현면"				,"stdrDt" : "2015-12-17"				}				,{				"ctprvnCd" : "48"				,"ctprvnNm" : "경상남도"				,"signguCd" : "48820"				,"signguNm" : "고성군"				,"adongCd" : "4882033000"				,"adongNm" : "하이면"				,"stdrDt" : "2015-12-17"				}				,{				"ctprvnCd" : "48"				,"ctprvnNm" : "경상남도"				,"signguCd" : "48820"				,"signguNm" : "고성군"				,"adongCd" : "4882032000"				,"adongNm" : "하일면"				,"stdrDt" : "2015-12-17"				}				,{				"ctprvnCd" : "48"				,"ctprvnNm" : "경상남도"				,"signguCd" : "48820"				,"signguNm" : "고성군"				,"adongCd" : "4882040000"				,"adongNm" : "회화면"				,"stdrDt" : "2015-12-17"				}			]	}}