{	"header" : {		"description" : "소상공인시장진흥공단 상권정보 행정동 코드"		,"columns" : ["시도코드","시도명","시군구코드","시군구명","행정동코드","행정동명","기준일자"]		,"resultCode" : "00"		,"resultMsg" : "NORMAL SERVICE"	},	"body" : {			"items" : [				{				"ctprvnCd" : "48"				,"ctprvnNm" : "경상남도"				,"signguCd" : "48840"				,"signguNm" : "남해군"				,"adongCd" : "4884037000"				,"adongNm" : "고현면"				,"stdrDt" : "2015-12-17"				}				,{				"ctprvnCd" : "48"				,"ctprvnNm" : "경상남도"				,"signguCd" : "48840"				,"signguNm" : "남해군"				,"adongCd" : "4884035000"				,"adongNm" : "남면"				,"stdrDt" : "2015-12-17"				}				,{				"ctprvnCd" : "48"				,"ctprvnNm" : "경상남도"				,"signguCd" : "48840"				,"signguNm" : "남해군"				,"adongCd" : "4884025000"				,"adongNm" : "남해읍"				,"stdrDt" : "2015-12-17"				}				,{				"ctprvnCd" : "48"				,"ctprvnNm" : "경상남도"				,"signguCd" : "48840"				,"signguNm" : "남해군"				,"adongCd" : "4884034000"				,"adongNm" : "미조면"				,"stdrDt" : "2015-12-17"				}				,{				"ctprvnCd" : "48"				,"ctprvnNm" : "경상남도"				,"signguCd" : "48840"				,"signguNm" : "남해군"				,"adongCd" : "4884033000"				,"adongNm" : "삼동면"				,"stdrDt" : "2015-12-17"				}				,{				"ctprvnCd" : "48"				,"ctprvnNm" : "경상남도"				,"signguCd" : "48840"				,"signguNm" : "남해군"				,"adongCd" : "4884032000"				,"adongNm" : "상주면"				,"stdrDt" : "2015-12-17"				}				,{				"ctprvnCd" : "48"				,"ctprvnNm" : "경상남도"				,"signguCd" : "48840"				,"signguNm" : "남해군"				,"adongCd" : "4884036000"				,"adongNm" : "서면"				,"stdrDt" : "2015-12-17"				}				,{				"ctprvnCd" : "48"				,"ctprvnNm" : "경상남도"				,"signguCd" : "48840"				,"signguNm" : "남해군"				,"adongCd" : "4884038000"				,"adongNm" : "설천면"				,"stdrDt" : "2015-12-17"				}				,{				"ctprvnCd" : "48"				,"ctprvnNm" : "경상남도"				,"signguCd" : "48840"				,"signguNm" : "남해군"				,"adongCd" : "4884031000"				,"adongNm" : "이동면"				,"stdrDt" : "2015-12-17"				}				,{				"ctprvnCd" : "48"				,"ctprvnNm" : "경상남도"				,"signguCd" : "48840"				,"signguNm" : "남해군"				,"adongCd" : "4884039000"				,"adongNm" : "창선면"				,"stdrDt" : "2015-12-17"				}			]	}}