{	"header" : {		"description" : "소상공인시장진흥공단 상권정보 행정동 코드"		,"columns" : ["시도코드","시도명","시군구코드","시군구명","행정동코드","행정동명","기준일자"]		,"resultCode" : "00"		,"resultMsg" : "NORMAL SERVICE"	},	"body" : {			"items" : [				{				"ctprvnCd" : "48"				,"ctprvnNm" : "경상남도"				,"signguCd" : "48850"				,"signguNm" : "하동군"				,"adongCd" : "4885035000"				,"adongNm" : "고전면"				,"stdrDt" : "2015-12-17"				}				,{				"ctprvnCd" : "48"				,"ctprvnNm" : "경상남도"				,"signguCd" : "48850"				,"signguNm" : "하동군"				,"adongCd" : "4885036000"				,"adongNm" : "금남면"				,"stdrDt" : "2015-12-17"				}				,{				"ctprvnCd" : "48"				,"ctprvnNm" : "경상남도"				,"signguCd" : "48850"				,"signguNm" : "하동군"				,"adongCd" : "4885042000"				,"adongNm" : "금성면"				,"stdrDt" : "2015-12-17"				}				,{				"ctprvnCd" : "48"				,"ctprvnNm" : "경상남도"				,"signguCd" : "48850"				,"signguNm" : "하동군"				,"adongCd" : "4885039000"				,"adongNm" : "북천면"				,"stdrDt" : "2015-12-17"				}				,{				"ctprvnCd" : "48"				,"ctprvnNm" : "경상남도"				,"signguCd" : "48850"				,"signguNm" : "하동군"				,"adongCd" : "4885032000"				,"adongNm" : "악양면"				,"stdrDt" : "2015-12-17"				}				,{				"ctprvnCd" : "48"				,"ctprvnNm" : "경상남도"				,"signguCd" : "48850"				,"signguNm" : "하동군"				,"adongCd" : "4885038000"				,"adongNm" : "양보면"				,"stdrDt" : "2015-12-17"				}				,{				"ctprvnCd" : "48"				,"ctprvnNm" : "경상남도"				,"signguCd" : "48850"				,"signguNm" : "하동군"				,"adongCd" : "4885041000"				,"adongNm" : "옥종면"				,"stdrDt" : "2015-12-17"				}				,{				"ctprvnCd" : "48"				,"ctprvnNm" : "경상남도"				,"signguCd" : "48850"				,"signguNm" : "하동군"				,"adongCd" : "4885033000"				,"adongNm" : "적량면"				,"stdrDt" : "2015-12-17"				}				,{				"ctprvnCd" : "48"				,"ctprvnNm" : "경상남도"				,"signguCd" : "48850"				,"signguNm" : "하동군"				,"adongCd" : "4885037000"				,"adongNm" : "진교면"				,"stdrDt" : "2015-12-17"				}				,{				"ctprvnCd" : "48"				,"ctprvnNm" : "경상남도"				,"signguCd" : "48850"				,"signguNm" : "하동군"				,"adongCd" : "4885040000"				,"adongNm" : "청암면"				,"stdrDt" : "2015-12-17"				}				,{				"ctprvnCd" : "48"				,"ctprvnNm" : "경상남도"				,"signguCd" : "48850"				,"signguNm" : "하동군"				,"adongCd" : "4885025000"				,"adongNm" : "하동읍"				,"stdrDt" : "2015-12-17"				}				,{				"ctprvnCd" : "48"				,"ctprvnNm" : "경상남도"				,"signguCd" : "48850"				,"signguNm" : "하동군"				,"adongCd" : "4885031000"				,"adongNm" : "화개면"				,"stdrDt" : "2015-12-17"				}				,{				"ctprvnCd" : "48"				,"ctprvnNm" : "경상남도"				,"signguCd" : "48850"				,"signguNm" : "하동군"				,"adongCd" : "4885034000"				,"adongNm" : "횡천면"				,"stdrDt" : "2015-12-17"				}			]	}}