{	"header" : {		"description" : "소상공인시장진흥공단 상권정보 행정동 코드"		,"columns" : ["시도코드","시도명","시군구코드","시군구명","행정동코드","행정동명","기준일자"]		,"resultCode" : "00"		,"resultMsg" : "NORMAL SERVICE"	},	"body" : {			"items" : [				{				"ctprvnCd" : "48"				,"ctprvnNm" : "경상남도"				,"signguCd" : "48860"				,"signguNm" : "산청군"				,"adongCd" : "4886034000"				,"adongNm" : "금서면"				,"stdrDt" : "2015-12-17"				}				,{				"ctprvnCd" : "48"				,"ctprvnNm" : "경상남도"				,"signguCd" : "48860"				,"signguNm" : "산청군"				,"adongCd" : "4886037000"				,"adongNm" : "단성면"				,"stdrDt" : "2015-12-17"				}				,{				"ctprvnCd" : "48"				,"ctprvnNm" : "경상남도"				,"signguCd" : "48860"				,"signguNm" : "산청군"				,"adongCd" : "4886025000"				,"adongNm" : "산청읍"				,"stdrDt" : "2015-12-17"				}				,{				"ctprvnCd" : "48"				,"ctprvnNm" : "경상남도"				,"signguCd" : "48860"				,"signguNm" : "산청군"				,"adongCd" : "4886035000"				,"adongNm" : "삼장면"				,"stdrDt" : "2015-12-17"				}				,{				"ctprvnCd" : "48"				,"ctprvnNm" : "경상남도"				,"signguCd" : "48860"				,"signguNm" : "산청군"				,"adongCd" : "4886039000"				,"adongNm" : "생비량면"				,"stdrDt" : "2015-12-17"				}				,{				"ctprvnCd" : "48"				,"ctprvnNm" : "경상남도"				,"signguCd" : "48860"				,"signguNm" : "산청군"				,"adongCd" : "4886033000"				,"adongNm" : "생초면"				,"stdrDt" : "2015-12-17"				}				,{				"ctprvnCd" : "48"				,"ctprvnNm" : "경상남도"				,"signguCd" : "48860"				,"signguNm" : "산청군"				,"adongCd" : "4886036000"				,"adongNm" : "시천면"				,"stdrDt" : "2015-12-17"				}				,{				"ctprvnCd" : "48"				,"ctprvnNm" : "경상남도"				,"signguCd" : "48860"				,"signguNm" : "산청군"				,"adongCd" : "4886040000"				,"adongNm" : "신등면"				,"stdrDt" : "2015-12-17"				}				,{				"ctprvnCd" : "48"				,"ctprvnNm" : "경상남도"				,"signguCd" : "48860"				,"signguNm" : "산청군"				,"adongCd" : "4886038000"				,"adongNm" : "신안면"				,"stdrDt" : "2015-12-17"				}				,{				"ctprvnCd" : "48"				,"ctprvnNm" : "경상남도"				,"signguCd" : "48860"				,"signguNm" : "산청군"				,"adongCd" : "4886032000"				,"adongNm" : "오부면"				,"stdrDt" : "2015-12-17"				}				,{				"ctprvnCd" : "48"				,"ctprvnNm" : "경상남도"				,"signguCd" : "48860"				,"signguNm" : "산청군"				,"adongCd" : "4886031000"				,"adongNm" : "차황면"				,"stdrDt" : "2015-12-17"				}			]	}}