{	"header" : {		"description" : "소상공인시장진흥공단 상권정보 행정동 코드"		,"columns" : ["시도코드","시도명","시군구코드","시군구명","행정동코드","행정동명","기준일자"]		,"resultCode" : "00"		,"resultMsg" : "NORMAL SERVICE"	},	"body" : {			"items" : [				{				"ctprvnCd" : "48"				,"ctprvnNm" : "경상남도"				,"signguCd" : "48870"				,"signguNm" : "함양군"				,"adongCd" : "4887031000"				,"adongNm" : "마천면"				,"stdrDt" : "2015-12-17"				}				,{				"ctprvnCd" : "48"				,"ctprvnNm" : "경상남도"				,"signguCd" : "48870"				,"signguNm" : "함양군"				,"adongCd" : "4887039000"				,"adongNm" : "백전면"				,"stdrDt" : "2015-12-17"				}				,{				"ctprvnCd" : "48"				,"ctprvnNm" : "경상남도"				,"signguCd" : "48870"				,"signguNm" : "함양군"				,"adongCd" : "4887040000"				,"adongNm" : "병곡면"				,"stdrDt" : "2015-12-17"				}				,{				"ctprvnCd" : "48"				,"ctprvnNm" : "경상남도"				,"signguCd" : "48870"				,"signguNm" : "함양군"				,"adongCd" : "4887038000"				,"adongNm" : "서상면"				,"stdrDt" : "2015-12-17"				}				,{				"ctprvnCd" : "48"				,"ctprvnNm" : "경상남도"				,"signguCd" : "48870"				,"signguNm" : "함양군"				,"adongCd" : "4887037000"				,"adongNm" : "서하면"				,"stdrDt" : "2015-12-17"				}				,{				"ctprvnCd" : "48"				,"ctprvnNm" : "경상남도"				,"signguCd" : "48870"				,"signguNm" : "함양군"				,"adongCd" : "4887034000"				,"adongNm" : "수동면"				,"stdrDt" : "2015-12-17"				}				,{				"ctprvnCd" : "48"				,"ctprvnNm" : "경상남도"				,"signguCd" : "48870"				,"signguNm" : "함양군"				,"adongCd" : "4887036000"				,"adongNm" : "안의면"				,"stdrDt" : "2015-12-17"				}				,{				"ctprvnCd" : "48"				,"ctprvnNm" : "경상남도"				,"signguCd" : "48870"				,"signguNm" : "함양군"				,"adongCd" : "4887033000"				,"adongNm" : "유림면"				,"stdrDt" : "2015-12-17"				}				,{				"ctprvnCd" : "48"				,"ctprvnNm" : "경상남도"				,"signguCd" : "48870"				,"signguNm" : "함양군"				,"adongCd" : "4887035000"				,"adongNm" : "지곡면"				,"stdrDt" : "2015-12-17"				}				,{				"ctprvnCd" : "48"				,"ctprvnNm" : "경상남도"				,"signguCd" : "48870"				,"signguNm" : "함양군"				,"adongCd" : "4887025000"				,"adongNm" : "함양읍"				,"stdrDt" : "2015-12-17"				}				,{				"ctprvnCd" : "48"				,"ctprvnNm" : "경상남도"				,"signguCd" : "48870"				,"signguNm" : "함양군"				,"adongCd" : "4887032000"				,"adongNm" : "휴천면"				,"stdrDt" : "2015-12-17"				}			]	}}