{	"header" : {		"description" : "소상공인시장진흥공단 상권정보 행정동 코드"		,"columns" : ["시도코드","시도명","시군구코드","시군구명","행정동코드","행정동명","기준일자"]		,"resultCode" : "00"		,"resultMsg" : "NORMAL SERVICE"	},	"body" : {			"items" : [				{				"ctprvnCd" : "48"				,"ctprvnNm" : "경상남도"				,"signguCd" : "48880"				,"signguNm" : "거창군"				,"adongCd" : "4888041000"				,"adongNm" : "가북면"				,"stdrDt" : "2015-12-17"				}				,{				"ctprvnCd" : "48"				,"ctprvnNm" : "경상남도"				,"signguCd" : "48880"				,"signguNm" : "거창군"				,"adongCd" : "4888040000"				,"adongNm" : "가조면"				,"stdrDt" : "2015-12-17"				}				,{				"ctprvnCd" : "48"				,"ctprvnNm" : "경상남도"				,"signguCd" : "48880"				,"signguNm" : "거창군"				,"adongCd" : "4888025000"				,"adongNm" : "거창읍"				,"stdrDt" : "2015-12-17"				}				,{				"ctprvnCd" : "48"				,"ctprvnNm" : "경상남도"				,"signguCd" : "48880"				,"signguNm" : "거창군"				,"adongCd" : "4888033000"				,"adongNm" : "고제면"				,"stdrDt" : "2015-12-17"				}				,{				"ctprvnCd" : "48"				,"ctprvnNm" : "경상남도"				,"signguCd" : "48880"				,"signguNm" : "거창군"				,"adongCd" : "4888037000"				,"adongNm" : "남상면"				,"stdrDt" : "2015-12-17"				}				,{				"ctprvnCd" : "48"				,"ctprvnNm" : "경상남도"				,"signguCd" : "48880"				,"signguNm" : "거창군"				,"adongCd" : "4888038000"				,"adongNm" : "남하면"				,"stdrDt" : "2015-12-17"				}				,{				"ctprvnCd" : "48"				,"ctprvnNm" : "경상남도"				,"signguCd" : "48880"				,"signguNm" : "거창군"				,"adongCd" : "4888036000"				,"adongNm" : "마리면"				,"stdrDt" : "2015-12-17"				}				,{				"ctprvnCd" : "48"				,"ctprvnNm" : "경상남도"				,"signguCd" : "48880"				,"signguNm" : "거창군"				,"adongCd" : "4888034000"				,"adongNm" : "북상면"				,"stdrDt" : "2015-12-17"				}				,{				"ctprvnCd" : "48"				,"ctprvnNm" : "경상남도"				,"signguCd" : "48880"				,"signguNm" : "거창군"				,"adongCd" : "4888039000"				,"adongNm" : "신원면"				,"stdrDt" : "2015-12-17"				}				,{				"ctprvnCd" : "48"				,"ctprvnNm" : "경상남도"				,"signguCd" : "48880"				,"signguNm" : "거창군"				,"adongCd" : "4888032000"				,"adongNm" : "웅양면"				,"stdrDt" : "2015-12-17"				}				,{				"ctprvnCd" : "48"				,"ctprvnNm" : "경상남도"				,"signguCd" : "48880"				,"signguNm" : "거창군"				,"adongCd" : "4888035000"				,"adongNm" : "위천면"				,"stdrDt" : "2015-12-17"				}				,{				"ctprvnCd" : "48"				,"ctprvnNm" : "경상남도"				,"signguCd" : "48880"				,"signguNm" : "거창군"				,"adongCd" : "4888031000"				,"adongNm" : "주상면"				,"stdrDt" : "2015-12-17"				}			]	}}