{	"header" : {		"description" : "소상공인시장진흥공단 상권정보 행정동 코드"		,"columns" : ["시도코드","시도명","시군구코드","시군구명","행정동코드","행정동명","기준일자"]		,"resultCode" : "00"		,"resultMsg" : "NORMAL SERVICE"	},	"body" : {			"items" : [				{				"ctprvnCd" : "48"				,"ctprvnNm" : "경상남도"				,"signguCd" : "48890"				,"signguNm" : "합천군"				,"adongCd" : "4889033000"				,"adongNm" : "가야면"				,"stdrDt" : "2015-12-17"				}				,{				"ctprvnCd" : "48"				,"ctprvnNm" : "경상남도"				,"signguCd" : "48890"				,"signguNm" : "합천군"				,"adongCd" : "4889044000"				,"adongNm" : "가회면"				,"stdrDt" : "2015-12-17"				}				,{				"ctprvnCd" : "48"				,"ctprvnNm" : "경상남도"				,"signguCd" : "48890"				,"signguNm" : "합천군"				,"adongCd" : "4889045000"				,"adongNm" : "대병면"				,"stdrDt" : "2015-12-17"				}				,{				"ctprvnCd" : "48"				,"ctprvnNm" : "경상남도"				,"signguCd" : "48890"				,"signguNm" : "합천군"				,"adongCd" : "4889041000"				,"adongNm" : "대양면"				,"stdrDt" : "2015-12-17"				}				,{				"ctprvnCd" : "48"				,"ctprvnNm" : "경상남도"				,"signguCd" : "48890"				,"signguNm" : "합천군"				,"adongCd" : "4889038000"				,"adongNm" : "덕곡면"				,"stdrDt" : "2015-12-17"				}				,{				"ctprvnCd" : "48"				,"ctprvnNm" : "경상남도"				,"signguCd" : "48890"				,"signguNm" : "합천군"				,"adongCd" : "4889032000"				,"adongNm" : "묘산면"				,"stdrDt" : "2015-12-17"				}				,{				"ctprvnCd" : "48"				,"ctprvnNm" : "경상남도"				,"signguCd" : "48890"				,"signguNm" : "합천군"				,"adongCd" : "4889031000"				,"adongNm" : "봉산면"				,"stdrDt" : "2015-12-17"				}				,{				"ctprvnCd" : "48"				,"ctprvnNm" : "경상남도"				,"signguCd" : "48890"				,"signguNm" : "합천군"				,"adongCd" : "4889043000"				,"adongNm" : "삼가면"				,"stdrDt" : "2015-12-17"				}				,{				"ctprvnCd" : "48"				,"ctprvnNm" : "경상남도"				,"signguCd" : "48890"				,"signguNm" : "합천군"				,"adongCd" : "4889042000"				,"adongNm" : "쌍백면"				,"stdrDt" : "2015-12-17"				}				,{				"ctprvnCd" : "48"				,"ctprvnNm" : "경상남도"				,"signguCd" : "48890"				,"signguNm" : "합천군"				,"adongCd" : "4889037000"				,"adongNm" : "쌍책면"				,"stdrDt" : "2015-12-17"				}				,{				"ctprvnCd" : "48"				,"ctprvnNm" : "경상남도"				,"signguCd" : "48890"				,"signguNm" : "합천군"				,"adongCd" : "4889034000"				,"adongNm" : "야로면"				,"stdrDt" : "2015-12-17"				}				,{				"ctprvnCd" : "48"				,"ctprvnNm" : "경상남도"				,"signguCd" : "48890"				,"signguNm" : "합천군"				,"adongCd" : "4889046000"				,"adongNm" : "용주면"				,"stdrDt" : "2015-12-17"				}				,{				"ctprvnCd" : "48"				,"ctprvnNm" : "경상남도"				,"signguCd" : "48890"				,"signguNm" : "합천군"				,"adongCd" : "4889035000"				,"adongNm" : "율곡면"				,"stdrDt" : "2015-12-17"				}				,{				"ctprvnCd" : "48"				,"ctprvnNm" : "경상남도"				,"signguCd" : "48890"				,"signguNm" : "합천군"				,"adongCd" : "4889040000"				,"adongNm" : "적중면"				,"stdrDt" : "2015-12-17"				}				,{				"ctprvnCd" : "48"				,"ctprvnNm" : "경상남도"				,"signguCd" : "48890"				,"signguNm" : "합천군"				,"adongCd" : "4889039000"				,"adongNm" : "청덕면"				,"stdrDt" : "2015-12-17"				}				,{				"ctprvnCd" : "48"				,"ctprvnNm" : "경상남도"				,"signguCd" : "48890"				,"signguNm" : "합천군"				,"adongCd" : "4889036000"				,"adongNm" : "초계면"				,"stdrDt" : "2015-12-17"				}				,{				"ctprvnCd" : "48"				,"ctprvnNm" : "경상남도"				,"signguCd" : "48890"				,"signguNm" : "합천군"				,"adongCd" : "4889025000"				,"adongNm" : "합천읍"				,"stdrDt" : "2015-12-17"				}			]	}}