{	"header" : {		"description" : "소상공인시장진흥공단 상권정보 시군구 코드"		,"columns" : ["시도코드","시도명","시군구코드","시군구명","기준일자"]		,"resultCode" : "00"		,"resultMsg" : "NORMAL SERVICE"	},	"body" : {			"items" : [				{				"ctprvnCd" : "50"				,"ctprvnNm" : "제주특별자치도"				,"signguCd" : "50130"				,"signguNm" : "서귀포시"				,"stdrDt" : "2015-12-17"				}				,{				"ctprvnCd" : "50"				,"ctprvnNm" : "제주특별자치도"				,"signguCd" : "50110"				,"signguNm" : "제주시"				,"stdrDt" : "2015-12-17"				}			]	}}