{	"header" : {		"description" : "소상공인시장진흥공단 상권정보 행정동 코드"		,"columns" : ["시도코드","시도명","시군구코드","시군구명","행정동코드","행정동명","기준일자"]		,"resultCode" : "00"		,"resultMsg" : "NORMAL SERVICE"	},	"body" : {			"items" : [				{				"ctprvnCd" : "50"				,"ctprvnNm" : "제주특별자치도"				,"signguCd" : "50110"				,"signguNm" : "제주시"				,"adongCd" : "5011059000"				,"adongNm" : "건입동"				,"stdrDt" : "2015-12-17"				}				,{				"ctprvnCd" : "50"				,"ctprvnNm" : "제주특별자치도"				,"signguCd" : "50110"				,"signguNm" : "제주시"				,"adongCd" : "5011025600"				,"adongNm" : "구좌읍"				,"stdrDt" : "2015-12-17"				}				,{				"ctprvnCd" : "50"				,"ctprvnNm" : "제주특별자치도"				,"signguCd" : "50110"				,"signguNm" : "제주시"				,"adongCd" : "5011066000"				,"adongNm" : "노형동"				,"stdrDt" : "2015-12-17"				}				,{				"ctprvnCd" : "50"				,"ctprvnNm" : "제주특별자치도"				,"signguCd" : "50110"				,"signguNm" : "제주시"				,"adongCd" : "5011069000"				,"adongNm" : "도두동"				,"stdrDt" : "2015-12-17"				}				,{				"ctprvnCd" : "50"				,"ctprvnNm" : "제주특별자치도"				,"signguCd" : "50110"				,"signguNm" : "제주시"				,"adongCd" : "5011062000"				,"adongNm" : "봉개동"				,"stdrDt" : "2015-12-17"				}				,{				"ctprvnCd" : "50"				,"ctprvnNm" : "제주특별자치도"				,"signguCd" : "50110"				,"signguNm" : "제주시"				,"adongCd" : "5011055000"				,"adongNm" : "삼도1동"				,"stdrDt" : "2015-12-17"				}				,{				"ctprvnCd" : "50"				,"ctprvnNm" : "제주특별자치도"				,"signguCd" : "50110"				,"signguNm" : "제주시"				,"adongCd" : "5011056000"				,"adongNm" : "삼도2동"				,"stdrDt" : "2015-12-17"				}				,{				"ctprvnCd" : "50"				,"ctprvnNm" : "제주특별자치도"				,"signguCd" : "50110"				,"signguNm" : "제주시"				,"adongCd" : "5011061000"				,"adongNm" : "삼양동"				,"stdrDt" : "2015-12-17"				}				,{				"ctprvnCd" : "50"				,"ctprvnNm" : "제주특별자치도"				,"signguCd" : "50110"				,"signguNm" : "제주시"				,"adongCd" : "5011063000"				,"adongNm" : "아라동"				,"stdrDt" : "2015-12-17"				}				,{				"ctprvnCd" : "50"				,"ctprvnNm" : "제주특별자치도"				,"signguCd" : "50110"				,"signguNm" : "제주시"				,"adongCd" : "5011025300"				,"adongNm" : "애월읍"				,"stdrDt" : "2015-12-17"				}				,{				"ctprvnCd" : "50"				,"ctprvnNm" : "제주특별자치도"				,"signguCd" : "50110"				,"signguNm" : "제주시"				,"adongCd" : "5011065000"				,"adongNm" : "연동"				,"stdrDt" : "2015-12-17"				}				,{				"ctprvnCd" : "50"				,"ctprvnNm" : "제주특별자치도"				,"signguCd" : "50110"				,"signguNm" : "제주시"				,"adongCd" : "5011064000"				,"adongNm" : "오라동"				,"stdrDt" : "2015-12-17"				}				,{				"ctprvnCd" : "50"				,"ctprvnNm" : "제주특별자치도"				,"signguCd" : "50110"				,"signguNm" : "제주시"				,"adongCd" : "5011067000"				,"adongNm" : "외도동"				,"stdrDt" : "2015-12-17"				}				,{				"ctprvnCd" : "50"				,"ctprvnNm" : "제주특별자치도"				,"signguCd" : "50110"				,"signguNm" : "제주시"				,"adongCd" : "5011057000"				,"adongNm" : "용담1동"				,"stdrDt" : "2015-12-17"				}				,{				"ctprvnCd" : "50"				,"ctprvnNm" : "제주특별자치도"				,"signguCd" : "50110"				,"signguNm" : "제주시"				,"adongCd" : "5011058000"				,"adongNm" : "용담2동"				,"stdrDt" : "2015-12-17"				}				,{				"ctprvnCd" : "50"				,"ctprvnNm" : "제주특별자치도"				,"signguCd" : "50110"				,"signguNm" : "제주시"				,"adongCd" : "5011033000"				,"adongNm" : "우도면"				,"stdrDt" : "2015-12-17"				}				,{				"ctprvnCd" : "50"				,"ctprvnNm" : "제주특별자치도"				,"signguCd" : "50110"				,"signguNm" : "제주시"				,"adongCd" : "5011053000"				,"adongNm" : "이도1동"				,"stdrDt" : "2015-12-17"				}				,{				"ctprvnCd" : "50"				,"ctprvnNm" : "제주특별자치도"				,"signguCd" : "50110"				,"signguNm" : "제주시"				,"adongCd" : "5011054000"				,"adongNm" : "이도2동"				,"stdrDt" : "2015-12-17"				}				,{				"ctprvnCd" : "50"				,"ctprvnNm" : "제주특별자치도"				,"signguCd" : "50110"				,"signguNm" : "제주시"				,"adongCd" : "5011068000"				,"adongNm" : "이호동"				,"stdrDt" : "2015-12-17"				}				,{				"ctprvnCd" : "50"				,"ctprvnNm" : "제주특별자치도"				,"signguCd" : "50110"				,"signguNm" : "제주시"				,"adongCd" : "5011051000"				,"adongNm" : "일도1동"				,"stdrDt" : "2015-12-17"				}				,{				"ctprvnCd" : "50"				,"ctprvnNm" : "제주특별자치도"				,"signguCd" : "50110"				,"signguNm" : "제주시"				,"adongCd" : "5011052000"				,"adongNm" : "일도2동"				,"stdrDt" : "2015-12-17"				}				,{				"ctprvnCd" : "50"				,"ctprvnNm" : "제주특별자치도"				,"signguCd" : "50110"				,"signguNm" : "제주시"				,"adongCd" : "5011025900"				,"adongNm" : "조천읍"				,"stdrDt" : "2015-12-17"				}				,{				"ctprvnCd" : "50"				,"ctprvnNm" : "제주특별자치도"				,"signguCd" : "50110"				,"signguNm" : "제주시"				,"adongCd" : "5011032000"				,"adongNm" : "추자면"				,"stdrDt" : "2015-12-17"				}				,{				"ctprvnCd" : "50"				,"ctprvnNm" : "제주특별자치도"				,"signguCd" : "50110"				,"signguNm" : "제주시"				,"adongCd" : "5011031000"				,"adongNm" : "한경면"				,"stdrDt" : "2015-12-17"				}				,{				"ctprvnCd" : "50"				,"ctprvnNm" : "제주특별자치도"				,"signguCd" : "50110"				,"signguNm" : "제주시"				,"adongCd" : "5011025000"				,"adongNm" : "한림읍"				,"stdrDt" : "2015-12-17"				}				,{				"ctprvnCd" : "50"				,"ctprvnNm" : "제주특별자치도"				,"signguCd" : "50110"				,"signguNm" : "제주시"				,"adongCd" : "5011060000"				,"adongNm" : "화북동"				,"stdrDt" : "2015-12-17"				}			]	}}