{	"header" : {		"description" : "소상공인시장진흥공단 상권정보 행정동 코드"		,"columns" : ["시도코드","시도명","시군구코드","시군구명","행정동코드","행정동명","기준일자"]		,"resultCode" : "00"		,"resultMsg" : "NORMAL SERVICE"	},	"body" : {			"items" : [				{				"ctprvnCd" : "50"				,"ctprvnNm" : "제주특별자치도"				,"signguCd" : "50130"				,"signguNm" : "서귀포시"				,"adongCd" : "5013025300"				,"adongNm" : "남원읍"				,"stdrDt" : "2015-12-17"				}				,{				"ctprvnCd" : "50"				,"ctprvnNm" : "제주특별자치도"				,"signguCd" : "50130"				,"signguNm" : "서귀포시"				,"adongCd" : "5013059000"				,"adongNm" : "대륜동"				,"stdrDt" : "2015-12-17"				}				,{				"ctprvnCd" : "50"				,"ctprvnNm" : "제주특별자치도"				,"signguCd" : "50130"				,"signguNm" : "서귀포시"				,"adongCd" : "5013025000"				,"adongNm" : "대정읍"				,"stdrDt" : "2015-12-17"				}				,{				"ctprvnCd" : "50"				,"ctprvnNm" : "제주특별자치도"				,"signguCd" : "50130"				,"signguNm" : "서귀포시"				,"adongCd" : "5013060000"				,"adongNm" : "대천동"				,"stdrDt" : "2015-12-17"				}				,{				"ctprvnCd" : "50"				,"ctprvnNm" : "제주특별자치도"				,"signguCd" : "50130"				,"signguNm" : "서귀포시"				,"adongCd" : "5013057000"				,"adongNm" : "동홍동"				,"stdrDt" : "2015-12-17"				}				,{				"ctprvnCd" : "50"				,"ctprvnNm" : "제주특별자치도"				,"signguCd" : "50130"				,"signguNm" : "서귀포시"				,"adongCd" : "5013058000"				,"adongNm" : "서홍동"				,"stdrDt" : "2015-12-17"				}				,{				"ctprvnCd" : "50"				,"ctprvnNm" : "제주특별자치도"				,"signguCd" : "50130"				,"signguNm" : "서귀포시"				,"adongCd" : "5013025900"				,"adongNm" : "성산읍"				,"stdrDt" : "2015-12-17"				}				,{				"ctprvnCd" : "50"				,"ctprvnNm" : "제주특별자치도"				,"signguCd" : "50130"				,"signguNm" : "서귀포시"				,"adongCd" : "5013051000"				,"adongNm" : "송산동"				,"stdrDt" : "2015-12-17"				}				,{				"ctprvnCd" : "50"				,"ctprvnNm" : "제주특별자치도"				,"signguCd" : "50130"				,"signguNm" : "서귀포시"				,"adongCd" : "5013031000"				,"adongNm" : "안덕면"				,"stdrDt" : "2015-12-17"				}				,{				"ctprvnCd" : "50"				,"ctprvnNm" : "제주특별자치도"				,"signguCd" : "50130"				,"signguNm" : "서귀포시"				,"adongCd" : "5013056000"				,"adongNm" : "영천동"				,"stdrDt" : "2015-12-17"				}				,{				"ctprvnCd" : "50"				,"ctprvnNm" : "제주특별자치도"				,"signguCd" : "50130"				,"signguNm" : "서귀포시"				,"adongCd" : "5013062000"				,"adongNm" : "예래동"				,"stdrDt" : "2015-12-17"				}				,{				"ctprvnCd" : "50"				,"ctprvnNm" : "제주특별자치도"				,"signguCd" : "50130"				,"signguNm" : "서귀포시"				,"adongCd" : "5013052000"				,"adongNm" : "정방동"				,"stdrDt" : "2015-12-17"				}				,{				"ctprvnCd" : "50"				,"ctprvnNm" : "제주특별자치도"				,"signguCd" : "50130"				,"signguNm" : "서귀포시"				,"adongCd" : "5013061000"				,"adongNm" : "중문동"				,"stdrDt" : "2015-12-17"				}				,{				"ctprvnCd" : "50"				,"ctprvnNm" : "제주특별자치도"				,"signguCd" : "50130"				,"signguNm" : "서귀포시"				,"adongCd" : "5013053000"				,"adongNm" : "중앙동"				,"stdrDt" : "2015-12-17"				}				,{				"ctprvnCd" : "50"				,"ctprvnNm" : "제주특별자치도"				,"signguCd" : "50130"				,"signguNm" : "서귀포시"				,"adongCd" : "5013054000"				,"adongNm" : "천지동"				,"stdrDt" : "2015-12-17"				}				,{				"ctprvnCd" : "50"				,"ctprvnNm" : "제주특별자치도"				,"signguCd" : "50130"				,"signguNm" : "서귀포시"				,"adongCd" : "5013032000"				,"adongNm" : "표선면"				,"stdrDt" : "2015-12-17"				}				,{				"ctprvnCd" : "50"				,"ctprvnNm" : "제주특별자치도"				,"signguCd" : "50130"				,"signguNm" : "서귀포시"				,"adongCd" : "5013055000"				,"adongNm" : "효돈동"				,"stdrDt" : "2015-12-17"				}			]	}}